filename,slide_id,patient_id,x,y
normal_001_31168_86336.jpg,normal_001,normal_001,31168,86336
normal_001_57152_100032.jpg,normal_001,normal_001,57152,100032
normal_002_51264_139200.jpg,normal_002,normal_002,51264,139200
normal_002_67648_139200.jpg,normal_002,normal_002,67648,139200
normal_003_17344_50176.jpg,normal_003,normal_003,17344,50176
normal_003_17344_66560.jpg,normal_003,normal_003,17344,66560
normal_003_27712_95296.jpg,normal_003,normal_003,27712,95296
normal_003_39040_58368.jpg,normal_003,normal_003,39040,58368
normal_003_44096_95296.jpg,normal_003,normal_003,44096,95296
normal_003_53760_63552.jpg,normal_003,normal_003,53760,63552
normal_003_53760_79936.jpg,normal_003,normal_003,53760,79936
normal_004_19200_65600.jpg,normal_004,normal_004,19200,65600
normal_006_53376_23040.jpg,normal_006,normal_006,53376,23040
normal_007_33024_103872.jpg,normal_007,normal_007,33024,103872
normal_007_33024_120256.jpg,normal_007,normal_007,33024,120256
normal_007_49408_103872.jpg,normal_007,normal_007,49408,103872
normal_008_25792_121344.jpg,normal_008,normal_008,25792,121344
normal_009_21952_155904.jpg,normal_009,normal_009,21952,155904
normal_009_38336_139520.jpg,normal_009,normal_009,38336,139520
normal_009_38336_155904.jpg,normal_009,normal_009,38336,155904
normal_009_57152_119040.jpg,normal_009,normal_009,57152,119040
normal_009_57152_135424.jpg,normal_009,normal_009,57152,135424
normal_009_73536_119040.jpg,normal_009,normal_009,73536,119040
normal_009_73536_135424.jpg,normal_009,normal_009,73536,135424
normal_009_73536_151808.jpg,normal_009,normal_009,73536,151808
normal_010_36608_134592.jpg,normal_010,normal_010,36608,134592
normal_010_64576_141120.jpg,normal_010,normal_010,64576,141120
normal_011_19456_142336.jpg,normal_011,normal_011,19456,142336
normal_011_21632_142464.jpg,normal_011,normal_011,21632,142464
normal_011_38016_142464.jpg,normal_011,normal_011,38016,142464
normal_011_38016_158848.jpg,normal_011,normal_011,38016,158848
normal_011_40960_65792.jpg,normal_011,normal_011,40960,65792
normal_011_54400_142464.jpg,normal_011,normal_011,54400,142464
normal_011_54400_158848.jpg,normal_011,normal_011,54400,158848
normal_011_54400_175232.jpg,normal_011,normal_011,54400,175232
normal_011_54528_88768.jpg,normal_011,normal_011,54528,88768
normal_011_57344_65792.jpg,normal_011,normal_011,57344,65792
normal_011_70784_142464.jpg,normal_011,normal_011,70784,142464
normal_011_70784_158848.jpg,normal_011,normal_011,70784,158848
normal_011_70784_175232.jpg,normal_011,normal_011,70784,175232
normal_011_7680_127232.jpg,normal_011,normal_011,7680,127232
normal_012_16000_146432.jpg,normal_012,normal_012,16000,146432
normal_012_16000_162816.jpg,normal_012,normal_012,16000,162816
normal_012_32384_162816.jpg,normal_012,normal_012,32384,162816
normal_013_47936_128064.jpg,normal_013,normal_013,47936,128064
normal_014_25792_159808.jpg,normal_014,normal_014,25792,159808
normal_014_67072_143872.jpg,normal_014,normal_014,67072,143872
normal_015_20992_127040.jpg,normal_015,normal_015,20992,127040
normal_015_37376_127040.jpg,normal_015,normal_015,37376,127040
normal_015_46656_96640.jpg,normal_015,normal_015,46656,96640
normal_015_63040_113024.jpg,normal_015,normal_015,63040,113024
normal_015_63040_96640.jpg,normal_015,normal_015,63040,96640
normal_018_16256_120960.jpg,normal_018,normal_018,16256,120960
normal_018_57728_90432.jpg,normal_018,normal_018,57728,90432
normal_018_74112_106816.jpg,normal_018,normal_018,74112,106816
normal_020_33216_75648.jpg,normal_020,normal_020,33216,75648
normal_022_20160_78400.jpg,normal_022,normal_022,20160,78400
normal_022_20160_94784.jpg,normal_022,normal_022,20160,94784
normal_022_44224_101312.jpg,normal_022,normal_022,44224,101312
normal_022_54528_131840.jpg,normal_022,normal_022,54528,131840
normal_022_70912_148224.jpg,normal_022,normal_022,70912,148224
normal_022_70912_164608.jpg,normal_022,normal_022,70912,164608
normal_023_31488_156672.jpg,normal_023,normal_023,31488,156672
normal_023_35328_69184.jpg,normal_023,normal_023,35328,69184
normal_024_24320_174016.jpg,normal_024,normal_024,24320,174016
normal_024_24576_85888.jpg,normal_024,normal_024,24576,85888
normal_024_40704_174016.jpg,normal_024,normal_024,40704,174016
normal_024_40960_85888.jpg,normal_024,normal_024,40960,85888
normal_024_7936_174016.jpg,normal_024,normal_024,7936,174016
normal_024_8192_85888.jpg,normal_024,normal_024,8192,85888
normal_025_13888_123264.jpg,normal_025,normal_025,13888,123264
normal_025_13888_139648.jpg,normal_025,normal_025,13888,139648
normal_025_13888_156032.jpg,normal_025,normal_025,13888,156032
normal_025_28800_99648.jpg,normal_025,normal_025,28800,99648
normal_025_30272_139648.jpg,normal_025,normal_025,30272,139648
normal_025_46144_94848.jpg,normal_025,normal_025,46144,94848
normal_026_11776_143360.jpg,normal_026,normal_026,11776,143360
normal_026_28160_143360.jpg,normal_026,normal_026,28160,143360
normal_026_46528_142848.jpg,normal_026,normal_026,46528,142848
normal_026_46528_159232.jpg,normal_026,normal_026,46528,159232
normal_026_7936_115328.jpg,normal_026,normal_026,7936,115328
normal_028_17408_135872.jpg,normal_028,normal_028,17408,135872
normal_028_31168_89600.jpg,normal_028,normal_028,31168,89600
normal_028_47552_105984.jpg,normal_028,normal_028,47552,105984
normal_028_50944_141824.jpg,normal_028,normal_028,50944,141824
normal_028_63936_105984.jpg,normal_028,normal_028,63936,105984
normal_029_37824_115200.jpg,normal_029,normal_029,37824,115200
normal_030_16832_105792.jpg,normal_030,normal_030,16832,105792
normal_031_20992_97408.jpg,normal_031,normal_031,20992,97408
normal_031_4608_97408.jpg,normal_031,normal_031,4608,97408
normal_031_62848_74624.jpg,normal_031,normal_031,62848,74624
normal_031_62848_91008.jpg,normal_031,normal_031,62848,91008
normal_031_63168_131776.jpg,normal_031,normal_031,63168,131776
normal_031_79232_91008.jpg,normal_031,normal_031,79232,91008
normal_032_10112_124992.jpg,normal_032,normal_032,10112,124992
normal_032_16576_116352.jpg,normal_032,normal_032,16576,116352
normal_032_26496_141376.jpg,normal_032,normal_032,26496,141376
normal_032_32960_116352.jpg,normal_032,normal_032,32960,116352
normal_032_32960_132736.jpg,normal_032,normal_032,32960,132736
normal_032_52096_109440.jpg,normal_032,normal_032,52096,109440
normal_032_52096_125824.jpg,normal_032,normal_032,52096,125824
normal_032_68480_109440.jpg,normal_032,normal_032,68480,109440
normal_032_68480_125824.jpg,normal_032,normal_032,68480,125824
normal_033_11136_53184.jpg,normal_033,normal_033,11136,53184
normal_033_14208_148416.jpg,normal_033,normal_033,14208,148416
normal_033_30528_84416.jpg,normal_033,normal_033,30528,84416
normal_033_33856_46976.jpg,normal_033,normal_033,33856,46976
normal_033_34432_178560.jpg,normal_033,normal_033,34432,178560
normal_033_36928_141376.jpg,normal_033,normal_033,36928,141376
normal_033_46912_84416.jpg,normal_033,normal_033,46912,84416
normal_033_50816_178560.jpg,normal_033,normal_033,50816,178560
normal_034_22400_84928.jpg,normal_034,normal_034,22400,84928
normal_034_38784_52160.jpg,normal_034,normal_034,38784,52160
normal_034_38784_84928.jpg,normal_034,normal_034,38784,84928
normal_034_50880_127872.jpg,normal_034,normal_034,50880,127872
normal_034_55168_68544.jpg,normal_034,normal_034,55168,68544
normal_034_55168_84928.jpg,normal_034,normal_034,55168,84928
normal_034_6016_68544.jpg,normal_034,normal_034,6016,68544
normal_034_6016_84928.jpg,normal_034,normal_034,6016,84928
normal_034_67264_111488.jpg,normal_034,normal_034,67264,111488
normal_034_67264_127872.jpg,normal_034,normal_034,67264,127872
normal_034_71552_101312.jpg,normal_034,normal_034,71552,101312
normal_034_71552_68544.jpg,normal_034,normal_034,71552,68544
normal_034_71552_84928.jpg,normal_034,normal_034,71552,84928
normal_035_42112_113088.jpg,normal_035,normal_035,42112,113088
normal_036_15744_155776.jpg,normal_036,normal_036,15744,155776
normal_036_28736_109184.jpg,normal_036,normal_036,28736,109184
normal_036_28736_125568.jpg,normal_036,normal_036,28736,125568
normal_036_32128_155776.jpg,normal_036,normal_036,32128,155776
normal_036_45120_109184.jpg,normal_036,normal_036,45120,109184
normal_036_45120_125568.jpg,normal_036,normal_036,45120,125568
normal_036_48512_155776.jpg,normal_036,normal_036,48512,155776
normal_037_19776_154240.jpg,normal_037,normal_037,19776,154240
normal_037_19776_170624.jpg,normal_037,normal_037,19776,170624
normal_037_25600_67968.jpg,normal_037,normal_037,25600,67968
normal_037_25600_84352.jpg,normal_037,normal_037,25600,84352
normal_037_36160_154240.jpg,normal_037,normal_037,36160,154240
normal_037_41984_67968.jpg,normal_037,normal_037,41984,67968
normal_037_43520_171584.jpg,normal_037,normal_037,43520,171584
normal_037_50112_84672.jpg,normal_037,normal_037,50112,84672
normal_038_18752_133824.jpg,normal_038,normal_038,18752,133824
normal_039_23616_86912.jpg,normal_039,normal_039,23616,86912
normal_039_30848_65152.jpg,normal_039,normal_039,30848,65152
normal_039_31104_172160.jpg,normal_039,normal_039,31104,172160
normal_039_33664_42112.jpg,normal_039,normal_039,33664,42112
normal_039_33664_58496.jpg,normal_039,normal_039,33664,58496
normal_039_38208_150400.jpg,normal_039,normal_039,38208,150400
normal_039_41792_127296.jpg,normal_039,normal_039,41792,127296
normal_039_41792_143680.jpg,normal_039,normal_039,41792,143680
normal_039_50048_58496.jpg,normal_039,normal_039,50048,58496
normal_040_17152_126336.jpg,normal_040,normal_040,17152,126336
normal_040_17152_142720.jpg,normal_040,normal_040,17152,142720
normal_040_17152_159104.jpg,normal_040,normal_040,17152,159104
normal_040_17152_93568.jpg,normal_040,normal_040,17152,93568
normal_040_22080_94848.jpg,normal_040,normal_040,22080,94848
normal_040_33536_109952.jpg,normal_040,normal_040,33536,109952
normal_040_33536_126336.jpg,normal_040,normal_040,33536,126336
normal_040_33536_142720.jpg,normal_040,normal_040,33536,142720
normal_040_33536_159104.jpg,normal_040,normal_040,33536,159104
normal_040_33536_93568.jpg,normal_040,normal_040,33536,93568
normal_040_49920_126336.jpg,normal_040,normal_040,49920,126336
normal_040_49920_159104.jpg,normal_040,normal_040,49920,159104
normal_040_49920_77184.jpg,normal_040,normal_040,49920,77184
normal_040_66304_109952.jpg,normal_040,normal_040,66304,109952
normal_040_66304_126336.jpg,normal_040,normal_040,66304,126336
normal_040_66304_93568.jpg,normal_040,normal_040,66304,93568
normal_041_24576_123840.jpg,normal_041,normal_041,24576,123840
normal_041_40960_123840.jpg,normal_041,normal_041,40960,123840
normal_041_44992_110400.jpg,normal_041,normal_041,44992,110400
normal_041_44992_94016.jpg,normal_041,normal_041,44992,94016
normal_041_57344_140224.jpg,normal_041,normal_041,57344,140224
normal_041_61376_110400.jpg,normal_041,normal_041,61376,110400
normal_041_61376_94016.jpg,normal_041,normal_041,61376,94016
normal_043_38976_145920.jpg,normal_043,normal_043,38976,145920
normal_044_14080_140096.jpg,normal_044,normal_044,14080,140096
normal_044_24000_95104.jpg,normal_044,normal_044,24000,95104
normal_044_73344_149440.jpg,normal_044,normal_044,73344,149440
normal_044_73344_165824.jpg,normal_044,normal_044,73344,165824
normal_046_33536_114880.jpg,normal_046,normal_046,33536,114880
normal_046_57600_136192.jpg,normal_046,normal_046,57600,136192
normal_047_17024_152320.jpg,normal_047,normal_047,17024,152320
normal_047_17024_168704.jpg,normal_047,normal_047,17024,168704
normal_047_17664_125824.jpg,normal_047,normal_047,17664,125824
normal_047_33408_152320.jpg,normal_047,normal_047,33408,152320
normal_047_33408_168704.jpg,normal_047,normal_047,33408,168704
normal_048_22144_115776.jpg,normal_048,normal_048,22144,115776
normal_048_22144_132160.jpg,normal_048,normal_048,22144,132160
normal_048_36608_133696.jpg,normal_048,normal_048,36608,133696
normal_049_31680_133376.jpg,normal_049,normal_049,31680,133376
normal_049_48064_133376.jpg,normal_049,normal_049,48064,133376
normal_050_14720_97024.jpg,normal_050,normal_050,14720,97024
normal_050_18944_142016.jpg,normal_050,normal_050,18944,142016
normal_050_18944_158400.jpg,normal_050,normal_050,18944,158400
normal_050_29376_110720.jpg,normal_050,normal_050,29376,110720
normal_050_29376_127104.jpg,normal_050,normal_050,29376,127104
normal_050_31104_80640.jpg,normal_050,normal_050,31104,80640
normal_050_31104_97024.jpg,normal_050,normal_050,31104,97024
normal_050_35328_158400.jpg,normal_050,normal_050,35328,158400
normal_050_45760_110720.jpg,normal_050,normal_050,45760,110720
normal_050_45760_127104.jpg,normal_050,normal_050,45760,127104
normal_050_45760_143488.jpg,normal_050,normal_050,45760,143488
normal_050_47296_153856.jpg,normal_050,normal_050,47296,153856
normal_050_62144_127104.jpg,normal_050,normal_050,62144,127104
normal_051_13056_55488.jpg,normal_051,normal_051,13056,55488
normal_051_704_106624.jpg,normal_051,normal_051,704,106624
normal_051_704_123008.jpg,normal_051,normal_051,704,123008
normal_052_23488_118272.jpg,normal_052,normal_052,23488,118272
normal_052_23488_134656.jpg,normal_052,normal_052,23488,134656
normal_052_29440_66752.jpg,normal_052,normal_052,29440,66752
normal_052_29440_83136.jpg,normal_052,normal_052,29440,83136
normal_052_39872_118272.jpg,normal_052,normal_052,39872,118272
normal_052_39872_134656.jpg,normal_052,normal_052,39872,134656
normal_052_39872_151040.jpg,normal_052,normal_052,39872,151040
normal_052_45824_83136.jpg,normal_052,normal_052,45824,83136
normal_052_45824_99520.jpg,normal_052,normal_052,45824,99520
normal_052_56256_134656.jpg,normal_052,normal_052,56256,134656
normal_052_58560_62784.jpg,normal_052,normal_052,58560,62784
normal_052_58560_79168.jpg,normal_052,normal_052,58560,79168
normal_052_74944_62784.jpg,normal_052,normal_052,74944,62784
normal_052_74944_79168.jpg,normal_052,normal_052,74944,79168
normal_052_74944_95552.jpg,normal_052,normal_052,74944,95552
normal_053_17344_144256.jpg,normal_053,normal_053,17344,144256
normal_053_17344_160640.jpg,normal_053,normal_053,17344,160640
normal_053_17344_177024.jpg,normal_053,normal_053,17344,177024
normal_053_33728_160640.jpg,normal_053,normal_053,33728,160640
normal_053_43264_117568.jpg,normal_053,normal_053,43264,117568
normal_053_43264_133952.jpg,normal_053,normal_053,43264,133952
normal_053_43968_116608.jpg,normal_053,normal_053,43968,116608
normal_053_58496_169472.jpg,normal_053,normal_053,58496,169472
normal_053_59648_117568.jpg,normal_053,normal_053,59648,117568
normal_053_59648_133952.jpg,normal_053,normal_053,59648,133952
normal_053_61120_157184.jpg,normal_053,normal_053,61120,157184
normal_053_61120_173568.jpg,normal_053,normal_053,61120,173568
normal_053_72384_148608.jpg,normal_053,normal_053,72384,148608
normal_053_77504_157184.jpg,normal_053,normal_053,77504,157184
normal_053_77504_173568.jpg,normal_053,normal_053,77504,173568
normal_053_960_127872.jpg,normal_053,normal_053,960,127872
normal_053_960_144256.jpg,normal_053,normal_053,960,144256
normal_053_960_160640.jpg,normal_053,normal_053,960,160640
normal_054_14400_122304.jpg,normal_054,normal_054,14400,122304
normal_055_28352_150144.jpg,normal_055,normal_055,28352,150144
normal_055_44736_150144.jpg,normal_055,normal_055,44736,150144
normal_055_44736_166528.jpg,normal_055,normal_055,44736,166528
normal_055_51136_123584.jpg,normal_055,normal_055,51136,123584
normal_055_61120_150144.jpg,normal_055,normal_055,61120,150144
normal_055_67520_123584.jpg,normal_055,normal_055,67520,123584
normal_056_10752_115520.jpg,normal_056,normal_056,10752,115520
normal_056_27136_115520.jpg,normal_056,normal_056,27136,115520
normal_056_52672_95104.jpg,normal_056,normal_056,52672,95104
normal_056_59072_127232.jpg,normal_056,normal_056,59072,127232
normal_057_25216_120576.jpg,normal_057,normal_057,25216,120576
normal_057_54592_115328.jpg,normal_057,normal_057,54592,115328
normal_057_54592_98944.jpg,normal_057,normal_057,54592,98944
normal_057_70976_115328.jpg,normal_057,normal_057,70976,115328
normal_058_21568_130176.jpg,normal_058,normal_058,21568,130176
normal_058_21568_146560.jpg,normal_058,normal_058,21568,146560
normal_058_21568_162944.jpg,normal_058,normal_058,21568,162944
normal_058_37952_146560.jpg,normal_058,normal_058,37952,146560
normal_058_37952_162944.jpg,normal_058,normal_058,37952,162944
normal_058_47232_125056.jpg,normal_058,normal_058,47232,125056
normal_058_50880_164928.jpg,normal_058,normal_058,50880,164928
normal_059_55552_55808.jpg,normal_059,normal_059,55552,55808
normal_059_55936_130176.jpg,normal_059,normal_059,55936,130176
normal_060_29824_52160.jpg,normal_060,normal_060,29824,52160
normal_060_41920_102336.jpg,normal_060,normal_060,41920,102336
normal_061_17280_69184.jpg,normal_061,normal_061,17280,69184
normal_061_17280_85568.jpg,normal_061,normal_061,17280,85568
normal_061_24768_153408.jpg,normal_061,normal_061,24768,153408
normal_061_24768_169792.jpg,normal_061,normal_061,24768,169792
normal_061_30656_114240.jpg,normal_061,normal_061,30656,114240
normal_061_33664_69184.jpg,normal_061,normal_061,33664,69184
normal_061_33664_85568.jpg,normal_061,normal_061,33664,85568
normal_061_36672_198848.jpg,normal_061,normal_061,36672,198848
normal_061_41152_153408.jpg,normal_061,normal_061,41152,153408
normal_061_41152_169792.jpg,normal_061,normal_061,41152,169792
normal_061_54976_60288.jpg,normal_061,normal_061,54976,60288
normal_061_62656_146240.jpg,normal_061,normal_061,62656,146240
normal_062_18368_123584.jpg,normal_062,normal_062,18368,123584
normal_062_18368_139968.jpg,normal_062,normal_062,18368,139968
normal_063_10432_103040.jpg,normal_063,normal_063,10432,103040
normal_063_11136_127488.jpg,normal_063,normal_063,11136,127488
normal_063_39488_112192.jpg,normal_063,normal_063,39488,112192
normal_063_39488_128576.jpg,normal_063,normal_063,39488,128576
normal_063_39488_95808.jpg,normal_063,normal_063,39488,95808
normal_063_55872_128576.jpg,normal_063,normal_063,55872,128576
normal_063_55872_95808.jpg,normal_063,normal_063,55872,95808
normal_064_1280_92544.jpg,normal_064,normal_064,1280,92544
normal_064_27200_73728.jpg,normal_064,normal_064,27200,73728
normal_064_43584_57344.jpg,normal_064,normal_064,43584,57344
normal_064_43584_73728.jpg,normal_064,normal_064,43584,73728
normal_064_53888_160256.jpg,normal_064,normal_064,53888,160256
normal_064_59968_57344.jpg,normal_064,normal_064,59968,57344
normal_064_60608_51392.jpg,normal_064,normal_064,60608,51392
normal_064_70272_111104.jpg,normal_064,normal_064,70272,111104
normal_064_70272_143872.jpg,normal_064,normal_064,70272,143872
normal_065_22720_124288.jpg,normal_065,normal_065,22720,124288
normal_065_22720_140672.jpg,normal_065,normal_065,22720,140672
normal_065_22720_157056.jpg,normal_065,normal_065,22720,157056
normal_065_39104_124288.jpg,normal_065,normal_065,39104,124288
normal_065_45632_162880.jpg,normal_065,normal_065,45632,162880
normal_065_58112_144640.jpg,normal_065,normal_065,58112,144640
normal_066_17216_110528.jpg,normal_066,normal_066,17216,110528
normal_066_17216_126912.jpg,normal_066,normal_066,17216,126912
normal_066_17216_143296.jpg,normal_066,normal_066,17216,143296
normal_066_17216_159680.jpg,normal_066,normal_066,17216,159680
normal_066_17216_77760.jpg,normal_066,normal_066,17216,77760
normal_066_17216_94144.jpg,normal_066,normal_066,17216,94144
normal_066_33600_110528.jpg,normal_066,normal_066,33600,110528
normal_066_33600_126912.jpg,normal_066,normal_066,33600,126912
normal_066_33600_61376.jpg,normal_066,normal_066,33600,61376
normal_066_33600_77760.jpg,normal_066,normal_066,33600,77760
normal_066_33600_94144.jpg,normal_066,normal_066,33600,94144
normal_066_49984_110528.jpg,normal_066,normal_066,49984,110528
normal_066_49984_77760.jpg,normal_066,normal_066,49984,77760
normal_066_58944_107712.jpg,normal_066,normal_066,58944,107712
normal_066_58944_124096.jpg,normal_066,normal_066,58944,124096
normal_066_58944_74944.jpg,normal_066,normal_066,58944,74944
normal_066_58944_91328.jpg,normal_066,normal_066,58944,91328
normal_066_66880_166144.jpg,normal_066,normal_066,66880,166144
normal_066_70144_161600.jpg,normal_066,normal_066,70144,161600
normal_066_75328_107712.jpg,normal_066,normal_066,75328,107712
normal_066_75328_124096.jpg,normal_066,normal_066,75328,124096
normal_066_75328_140480.jpg,normal_066,normal_066,75328,140480
normal_066_75328_156864.jpg,normal_066,normal_066,75328,156864
normal_066_832_110528.jpg,normal_066,normal_066,832,110528
normal_066_832_126912.jpg,normal_066,normal_066,832,126912
normal_066_832_94144.jpg,normal_066,normal_066,832,94144
normal_067_14272_135872.jpg,normal_067,normal_067,14272,135872
normal_067_15488_151296.jpg,normal_067,normal_067,15488,151296
normal_067_28160_113088.jpg,normal_067,normal_067,28160,113088
normal_067_29120_108288.jpg,normal_067,normal_067,29120,108288
normal_067_31488_93568.jpg,normal_067,normal_067,31488,93568
normal_067_31872_167680.jpg,normal_067,normal_067,31872,167680
normal_067_43648_153856.jpg,normal_067,normal_067,43648,153856
normal_067_55232_116352.jpg,normal_067,normal_067,55232,116352
normal_067_56448_93312.jpg,normal_067,normal_067,56448,93312
normal_067_56512_123520.jpg,normal_067,normal_067,56512,123520
normal_067_56512_139904.jpg,normal_067,normal_067,56512,139904
normal_067_8576_115456.jpg,normal_067,normal_067,8576,115456
normal_068_59776_102848.jpg,normal_068,normal_068,59776,102848
normal_068_59776_119232.jpg,normal_068,normal_068,59776,119232
normal_068_59776_86464.jpg,normal_068,normal_068,59776,86464
normal_068_76160_102848.jpg,normal_068,normal_068,76160,102848
normal_068_76160_119232.jpg,normal_068,normal_068,76160,119232
normal_068_76160_86464.jpg,normal_068,normal_068,76160,86464
normal_069_24384_157824.jpg,normal_069,normal_069,24384,157824
normal_069_35456_189952.jpg,normal_069,normal_069,35456,189952
normal_069_51840_173568.jpg,normal_069,normal_069,51840,173568
normal_069_67264_127104.jpg,normal_069,normal_069,67264,127104
normal_069_67264_143488.jpg,normal_069,normal_069,67264,143488
normal_069_67264_159872.jpg,normal_069,normal_069,67264,159872
normal_069_8000_141440.jpg,normal_069,normal_069,8000,141440
normal_069_83648_143488.jpg,normal_069,normal_069,83648,143488
normal_070_10368_138240.jpg,normal_070,normal_070,10368,138240
normal_070_26752_105472.jpg,normal_070,normal_070,26752,105472
normal_070_26752_121856.jpg,normal_070,normal_070,26752,121856
normal_070_26752_138240.jpg,normal_070,normal_070,26752,138240
normal_070_26752_154624.jpg,normal_070,normal_070,26752,154624
normal_070_31360_178752.jpg,normal_070,normal_070,31360,178752
normal_070_43136_121856.jpg,normal_070,normal_070,43136,121856
normal_070_43136_138240.jpg,normal_070,normal_070,43136,138240
normal_070_47744_178752.jpg,normal_070,normal_070,47744,178752
normal_070_59520_105472.jpg,normal_070,normal_070,59520,105472
normal_070_59520_121856.jpg,normal_070,normal_070,59520,121856
normal_070_59520_138240.jpg,normal_070,normal_070,59520,138240
normal_070_59520_154624.jpg,normal_070,normal_070,59520,154624
normal_070_75904_105472.jpg,normal_070,normal_070,75904,105472
normal_070_75904_121856.jpg,normal_070,normal_070,75904,121856
normal_070_75904_138240.jpg,normal_070,normal_070,75904,138240
normal_071_10240_90432.jpg,normal_071,normal_071,10240,90432
normal_071_26624_90432.jpg,normal_071,normal_071,26624,90432
normal_071_46848_105280.jpg,normal_071,normal_071,46848,105280
normal_071_46848_88896.jpg,normal_071,normal_071,46848,88896
normal_071_63232_88896.jpg,normal_071,normal_071,63232,88896
normal_072_23936_155328.jpg,normal_072,normal_072,23936,155328
normal_072_23936_171712.jpg,normal_072,normal_072,23936,171712
normal_072_29120_74752.jpg,normal_072,normal_072,29120,74752
normal_072_40320_155328.jpg,normal_072,normal_072,40320,155328
normal_072_40320_171712.jpg,normal_072,normal_072,40320,171712
normal_072_61888_107520.jpg,normal_072,normal_072,61888,107520
normal_072_61888_91136.jpg,normal_072,normal_072,61888,91136
normal_073_29120_165312.jpg,normal_073,normal_073,29120,165312
normal_073_29568_103872.jpg,normal_073,normal_073,29568,103872
normal_073_29568_87488.jpg,normal_073,normal_073,29568,87488
normal_073_45504_165312.jpg,normal_073,normal_073,45504,165312
normal_073_45952_87488.jpg,normal_073,normal_073,45952,87488
normal_073_50688_154816.jpg,normal_073,normal_073,50688,154816
normal_073_51648_77376.jpg,normal_073,normal_073,51648,77376
normal_074_16576_117376.jpg,normal_074,normal_074,16576,117376
normal_074_20544_76992.jpg,normal_074,normal_074,20544,76992
normal_074_22272_161920.jpg,normal_074,normal_074,22272,161920
normal_074_22272_178304.jpg,normal_074,normal_074,22272,178304
normal_074_32960_117376.jpg,normal_074,normal_074,32960,117376
normal_074_36928_76992.jpg,normal_074,normal_074,36928,76992
normal_074_38656_161920.jpg,normal_074,normal_074,38656,161920
normal_074_38656_178304.jpg,normal_074,normal_074,38656,178304
normal_074_38656_194688.jpg,normal_074,normal_074,38656,194688
normal_074_49344_117376.jpg,normal_074,normal_074,49344,117376
normal_074_49344_133760.jpg,normal_074,normal_074,49344,133760
normal_074_55040_161920.jpg,normal_074,normal_074,55040,161920
normal_074_65728_117376.jpg,normal_074,normal_074,65728,117376
normal_074_65728_133760.jpg,normal_074,normal_074,65728,133760
normal_075_12544_123328.jpg,normal_075,normal_075,12544,123328
normal_075_12544_139712.jpg,normal_075,normal_075,12544,139712
normal_075_24512_154496.jpg,normal_075,normal_075,24512,154496
normal_075_24512_170880.jpg,normal_075,normal_075,24512,170880
normal_075_28928_123328.jpg,normal_075,normal_075,28928,123328
normal_075_28928_139712.jpg,normal_075,normal_075,28928,139712
normal_075_40896_154496.jpg,normal_075,normal_075,40896,154496
normal_075_47616_135552.jpg,normal_075,normal_075,47616,135552
normal_075_47616_151936.jpg,normal_075,normal_075,47616,151936
normal_075_52800_171264.jpg,normal_075,normal_075,52800,171264
normal_075_64000_135552.jpg,normal_075,normal_075,64000,135552
normal_075_80960_153536.jpg,normal_075,normal_075,80960,153536
normal_076_17216_113856.jpg,normal_076,normal_076,17216,113856
normal_076_17216_130240.jpg,normal_076,normal_076,17216,130240
normal_076_17216_146624.jpg,normal_076,normal_076,17216,146624
normal_076_17216_97472.jpg,normal_076,normal_076,17216,97472
normal_076_33600_113856.jpg,normal_076,normal_076,33600,113856
normal_076_33600_146624.jpg,normal_076,normal_076,33600,146624
normal_076_33600_97472.jpg,normal_076,normal_076,33600,97472
normal_076_4416_167488.jpg,normal_076,normal_076,4416,167488
normal_076_46976_103360.jpg,normal_076,normal_076,46976,103360
normal_076_48320_143232.jpg,normal_076,normal_076,48320,143232
normal_076_48320_159616.jpg,normal_076,normal_076,48320,159616
normal_076_48320_176000.jpg,normal_076,normal_076,48320,176000
normal_076_51712_71488.jpg,normal_076,normal_076,51712,71488
normal_076_63360_103360.jpg,normal_076,normal_076,63360,103360
normal_076_63360_119744.jpg,normal_076,normal_076,63360,119744
normal_076_63360_136128.jpg,normal_076,normal_076,63360,136128
normal_076_64704_143232.jpg,normal_076,normal_076,64704,143232
normal_076_64704_159616.jpg,normal_076,normal_076,64704,159616
normal_076_64704_176000.jpg,normal_076,normal_076,64704,176000
normal_076_68096_87872.jpg,normal_076,normal_076,68096,87872
normal_076_79744_119744.jpg,normal_076,normal_076,79744,119744
normal_076_832_113856.jpg,normal_076,normal_076,832,113856
normal_076_832_130240.jpg,normal_076,normal_076,832,130240
normal_076_832_146624.jpg,normal_076,normal_076,832,146624
normal_077_23488_148416.jpg,normal_077,normal_077,23488,148416
normal_077_23488_164800.jpg,normal_077,normal_077,23488,164800
normal_077_34880_120640.jpg,normal_077,normal_077,34880,120640
normal_077_51264_120640.jpg,normal_077,normal_077,51264,120640
normal_077_51264_137024.jpg,normal_077,normal_077,51264,137024
normal_078_37632_112384.jpg,normal_078,normal_078,37632,112384
normal_078_37632_128768.jpg,normal_078,normal_078,37632,128768
normal_078_37632_145152.jpg,normal_078,normal_078,37632,145152
normal_078_54016_112384.jpg,normal_078,normal_078,54016,112384
normal_078_54016_128768.jpg,normal_078,normal_078,54016,128768
normal_078_54016_96000.jpg,normal_078,normal_078,54016,96000
normal_079_28288_153344.jpg,normal_079,normal_079,28288,153344
normal_079_39808_88576.jpg,normal_079,normal_079,39808,88576
normal_079_44672_136960.jpg,normal_079,normal_079,44672,136960
normal_079_44672_153344.jpg,normal_079,normal_079,44672,153344
normal_079_44672_169728.jpg,normal_079,normal_079,44672,169728
normal_079_61056_136960.jpg,normal_079,normal_079,61056,136960
normal_079_61056_153344.jpg,normal_079,normal_079,61056,153344
normal_079_61056_169728.jpg,normal_079,normal_079,61056,169728
normal_080_21120_189120.jpg,normal_080,normal_080,21120,189120
normal_080_33472_118976.jpg,normal_080,normal_080,33472,118976
normal_080_33472_135360.jpg,normal_080,normal_080,33472,135360
normal_080_4736_156352.jpg,normal_080,normal_080,4736,156352
normal_080_4736_172736.jpg,normal_080,normal_080,4736,172736
normal_080_4736_189120.jpg,normal_080,normal_080,4736,189120
normal_080_54656_131776.jpg,normal_080,normal_080,54656,131776
normal_080_54656_148160.jpg,normal_080,normal_080,54656,148160
normal_080_55872_188288.jpg,normal_080,normal_080,55872,188288
normal_080_61312_109760.jpg,normal_080,normal_080,61312,109760
normal_080_71040_131776.jpg,normal_080,normal_080,71040,131776
normal_080_71040_148160.jpg,normal_080,normal_080,71040,148160
normal_080_71040_164544.jpg,normal_080,normal_080,71040,164544
normal_080_72256_171904.jpg,normal_080,normal_080,72256,171904
normal_080_72256_188288.jpg,normal_080,normal_080,72256,188288
normal_081_40512_145280.jpg,normal_081,normal_081,40512,145280
normal_081_50496_107200.jpg,normal_081,normal_081,50496,107200
normal_081_50496_90816.jpg,normal_081,normal_081,50496,90816
normal_081_56896_128896.jpg,normal_081,normal_081,56896,128896
normal_081_66880_107200.jpg,normal_081,normal_081,66880,107200
normal_081_66880_90816.jpg,normal_081,normal_081,66880,90816
normal_082_22080_109952.jpg,normal_082,normal_082,22080,109952
normal_082_22080_126336.jpg,normal_082,normal_082,22080,126336
normal_082_22080_93568.jpg,normal_082,normal_082,22080,93568
normal_082_28416_146624.jpg,normal_082,normal_082,28416,146624
normal_082_56832_78336.jpg,normal_082,normal_082,56832,78336
normal_082_5696_109952.jpg,normal_082,normal_082,5696,109952
normal_082_5696_126336.jpg,normal_082,normal_082,5696,126336
normal_082_5696_93568.jpg,normal_082,normal_082,5696,93568
normal_082_57152_119616.jpg,normal_082,normal_082,57152,119616
normal_082_60160_139136.jpg,normal_082,normal_082,60160,139136
normal_082_73536_136000.jpg,normal_082,normal_082,73536,136000
normal_083_40640_149568.jpg,normal_083,normal_083,40640,149568
normal_083_48448_137728.jpg,normal_083,normal_083,48448,137728
normal_083_50240_105664.jpg,normal_083,normal_083,50240,105664
normal_084_40128_84032.jpg,normal_084,normal_084,40128,84032
normal_085_34624_75136.jpg,normal_085,normal_085,34624,75136
normal_085_34624_91520.jpg,normal_085,normal_085,34624,91520
normal_085_36096_122624.jpg,normal_085,normal_085,36096,122624
normal_085_52480_139008.jpg,normal_085,normal_085,52480,139008
normal_085_60096_90944.jpg,normal_085,normal_085,60096,90944
normal_087_10048_110016.jpg,normal_087,normal_087,10048,110016
normal_087_26432_110016.jpg,normal_087,normal_087,26432,110016
normal_087_28352_75840.jpg,normal_087,normal_087,28352,75840
normal_087_41152_142080.jpg,normal_087,normal_087,41152,142080
normal_087_49024_108224.jpg,normal_087,normal_087,49024,108224
normal_087_53888_110208.jpg,normal_087,normal_087,53888,110208
normal_087_57536_142080.jpg,normal_087,normal_087,57536,142080
normal_087_62720_126528.jpg,normal_087,normal_087,62720,126528
normal_087_70272_110208.jpg,normal_087,normal_087,70272,110208
normal_087_70272_93824.jpg,normal_087,normal_087,70272,93824
normal_087_79104_126528.jpg,normal_087,normal_087,79104,126528
normal_088_13248_121664.jpg,normal_088,normal_088,13248,121664
normal_088_18176_134080.jpg,normal_088,normal_088,18176,134080
normal_088_18176_150464.jpg,normal_088,normal_088,18176,150464
normal_088_21696_171072.jpg,normal_088,normal_088,21696,171072
normal_088_29632_105280.jpg,normal_088,normal_088,29632,105280
normal_088_29632_121664.jpg,normal_088,normal_088,29632,121664
normal_088_34560_134080.jpg,normal_088,normal_088,34560,134080
normal_088_38080_171072.jpg,normal_088,normal_088,38080,171072
normal_088_50944_134080.jpg,normal_088,normal_088,50944,134080
normal_088_50944_150464.jpg,normal_088,normal_088,50944,150464
normal_088_50944_166848.jpg,normal_088,normal_088,50944,166848
normal_088_51456_119360.jpg,normal_088,normal_088,51456,119360
normal_088_67328_150464.jpg,normal_088,normal_088,67328,150464
normal_088_67840_119360.jpg,normal_088,normal_088,67840,119360
normal_089_11200_156096.jpg,normal_089,normal_089,11200,156096
normal_089_11648_37120.jpg,normal_089,normal_089,11648,37120
normal_089_11648_53504.jpg,normal_089,normal_089,11648,53504
normal_089_14528_123904.jpg,normal_089,normal_089,14528,123904
normal_089_14528_140288.jpg,normal_089,normal_089,14528,140288
normal_089_36416_36352.jpg,normal_089,normal_089,36416,36352
normal_089_36416_52736.jpg,normal_089,normal_089,36416,52736
normal_089_36416_69952.jpg,normal_089,normal_089,36416,69952
normal_089_36416_86336.jpg,normal_089,normal_089,36416,86336
normal_089_37632_157824.jpg,normal_089,normal_089,37632,157824
normal_089_37632_174208.jpg,normal_089,normal_089,37632,174208
normal_089_39488_124416.jpg,normal_089,normal_089,39488,124416
normal_089_39488_140800.jpg,normal_089,normal_089,39488,140800
normal_089_59456_40384.jpg,normal_089,normal_089,59456,40384
normal_089_59584_73664.jpg,normal_089,normal_089,59584,73664
normal_089_59584_90048.jpg,normal_089,normal_089,59584,90048
normal_089_61184_162560.jpg,normal_089,normal_089,61184,162560
normal_089_61184_178944.jpg,normal_089,normal_089,61184,178944
normal_089_62656_129792.jpg,normal_089,normal_089,62656,129792
normal_089_9856_70144.jpg,normal_089,normal_089,9856,70144
normal_090_12096_106816.jpg,normal_090,normal_090,12096,106816
normal_090_12096_90432.jpg,normal_090,normal_090,12096,90432
normal_090_22848_131328.jpg,normal_090,normal_090,22848,131328
normal_090_22848_147712.jpg,normal_090,normal_090,22848,147712
normal_090_28480_90432.jpg,normal_090,normal_090,28480,90432
normal_090_39232_147712.jpg,normal_090,normal_090,39232,147712
normal_090_39232_164096.jpg,normal_090,normal_090,39232,164096
normal_090_39680_118528.jpg,normal_090,normal_090,39680,118528
normal_090_39680_134912.jpg,normal_090,normal_090,39680,134912
normal_090_48128_85504.jpg,normal_090,normal_090,48128,85504
normal_090_56064_118528.jpg,normal_090,normal_090,56064,118528
normal_090_56064_134912.jpg,normal_090,normal_090,56064,134912
normal_090_58368_140224.jpg,normal_090,normal_090,58368,140224
normal_090_58368_156608.jpg,normal_090,normal_090,58368,156608
normal_090_64512_85504.jpg,normal_090,normal_090,64512,85504
normal_090_74752_156608.jpg,normal_090,normal_090,74752,156608
normal_091_17408_101952.jpg,normal_091,normal_091,17408,101952
normal_091_17408_85568.jpg,normal_091,normal_091,17408,85568
normal_091_19392_130240.jpg,normal_091,normal_091,19392,130240
normal_091_19392_146624.jpg,normal_091,normal_091,19392,146624
normal_091_28608_149952.jpg,normal_091,normal_091,28608,149952
normal_091_3008_130240.jpg,normal_091,normal_091,3008,130240
normal_091_3008_146624.jpg,normal_091,normal_091,3008,146624
normal_091_33792_101952.jpg,normal_091,normal_091,33792,101952
normal_091_33792_118336.jpg,normal_091,normal_091,33792,118336
normal_091_35776_163008.jpg,normal_091,normal_091,35776,163008
normal_091_35776_179392.jpg,normal_091,normal_091,35776,179392
normal_091_50176_101952.jpg,normal_091,normal_091,50176,101952
normal_091_50176_118336.jpg,normal_091,normal_091,50176,118336
normal_091_50176_134720.jpg,normal_091,normal_091,50176,134720
normal_091_52160_163008.jpg,normal_091,normal_091,52160,163008
normal_091_52160_179392.jpg,normal_091,normal_091,52160,179392
normal_091_66560_101952.jpg,normal_091,normal_091,66560,101952
normal_091_66560_118336.jpg,normal_091,normal_091,66560,118336
normal_091_66560_134720.jpg,normal_091,normal_091,66560,134720
normal_091_66560_69184.jpg,normal_091,normal_091,66560,69184
normal_091_66560_85568.jpg,normal_091,normal_091,66560,85568
normal_091_66752_92800.jpg,normal_091,normal_091,66752,92800
normal_091_68544_146624.jpg,normal_091,normal_091,68544,146624
normal_091_68544_163008.jpg,normal_091,normal_091,68544,163008
normal_091_68544_179392.jpg,normal_091,normal_091,68544,179392
normal_091_82944_101952.jpg,normal_091,normal_091,82944,101952
normal_091_82944_85568.jpg,normal_091,normal_091,82944,85568
normal_091_85376_132864.jpg,normal_091,normal_091,85376,132864
normal_092_49984_67776.jpg,normal_092,normal_092,49984,67776
normal_092_49984_84160.jpg,normal_092,normal_092,49984,84160
normal_092_66368_84160.jpg,normal_092,normal_092,66368,84160
normal_093_15744_112128.jpg,normal_093,normal_093,15744,112128
normal_093_23616_157440.jpg,normal_093,normal_093,23616,157440
normal_093_45312_125184.jpg,normal_093,normal_093,45312,125184
normal_093_45312_141568.jpg,normal_093,normal_093,45312,141568
normal_093_48256_98752.jpg,normal_093,normal_093,48256,98752
normal_093_61696_125184.jpg,normal_093,normal_093,61696,125184
normal_093_61696_141568.jpg,normal_093,normal_093,61696,141568
normal_093_78080_141568.jpg,normal_093,normal_093,78080,141568
normal_094_45376_70272.jpg,normal_094,normal_094,45376,70272
normal_094_51520_180544.jpg,normal_094,normal_094,51520,180544
normal_095_10944_115712.jpg,normal_095,normal_095,10944,115712
normal_095_10944_99328.jpg,normal_095,normal_095,10944,99328
normal_095_19136_182208.jpg,normal_095,normal_095,19136,182208
normal_095_27328_115712.jpg,normal_095,normal_095,27328,115712
normal_095_27328_99328.jpg,normal_095,normal_095,27328,99328
normal_095_2752_165824.jpg,normal_095,normal_095,2752,165824
normal_095_32000_159872.jpg,normal_095,normal_095,32000,159872
normal_095_35520_182208.jpg,normal_095,normal_095,35520,182208
normal_095_35520_198592.jpg,normal_095,normal_095,35520,198592
normal_095_46400_105920.jpg,normal_095,normal_095,46400,105920
normal_095_46400_122304.jpg,normal_095,normal_095,46400,122304
normal_095_48384_159872.jpg,normal_095,normal_095,48384,159872
normal_095_51904_182208.jpg,normal_095,normal_095,51904,182208
normal_095_63232_180800.jpg,normal_095,normal_095,63232,180800
normal_096_19776_160064.jpg,normal_096,normal_096,19776,160064
normal_096_19904_105728.jpg,normal_096,normal_096,19904,105728
normal_096_36160_160064.jpg,normal_096,normal_096,36160,160064
normal_096_52672_89344.jpg,normal_096,normal_096,52672,89344
normal_096_59008_129856.jpg,normal_096,normal_096,59008,129856
normal_096_60160_159744.jpg,normal_096,normal_096,60160,159744
normal_096_69056_89344.jpg,normal_096,normal_096,69056,89344
normal_097_20672_124992.jpg,normal_097,normal_097,20672,124992
normal_097_20672_141376.jpg,normal_097,normal_097,20672,141376
normal_097_22528_67776.jpg,normal_097,normal_097,22528,67776
normal_097_22528_84160.jpg,normal_097,normal_097,22528,84160
normal_097_37056_108608.jpg,normal_097,normal_097,37056,108608
normal_097_37056_124992.jpg,normal_097,normal_097,37056,124992
normal_097_37056_141376.jpg,normal_097,normal_097,37056,141376
normal_097_43456_77376.jpg,normal_097,normal_097,43456,77376
normal_097_43968_73728.jpg,normal_097,normal_097,43968,73728
normal_097_53952_122432.jpg,normal_097,normal_097,53952,122432
normal_097_53952_138816.jpg,normal_097,normal_097,53952,138816
normal_097_53952_155200.jpg,normal_097,normal_097,53952,155200
normal_097_70336_138816.jpg,normal_097,normal_097,70336,138816
normal_097_70336_155200.jpg,normal_097,normal_097,70336,155200
normal_097_70336_171584.jpg,normal_097,normal_097,70336,171584
normal_097_71360_109312.jpg,normal_097,normal_097,71360,109312
normal_097_71360_92928.jpg,normal_097,normal_097,71360,92928
normal_098_24128_135232.jpg,normal_098,normal_098,24128,135232
normal_098_37504_104448.jpg,normal_098,normal_098,37504,104448
normal_098_37504_120832.jpg,normal_098,normal_098,37504,120832
normal_098_53888_120832.jpg,normal_098,normal_098,53888,120832
normal_098_72448_93376.jpg,normal_098,normal_098,72448,93376
normal_099_16960_83584.jpg,normal_099,normal_099,16960,83584
normal_099_16960_99968.jpg,normal_099,normal_099,16960,99968
normal_099_25920_151296.jpg,normal_099,normal_099,25920,151296
normal_099_30272_165312.jpg,normal_099,normal_099,30272,165312
normal_099_33344_99968.jpg,normal_099,normal_099,33344,99968
normal_099_50112_103168.jpg,normal_099,normal_099,50112,103168
normal_099_50112_86784.jpg,normal_099,normal_099,50112,86784
normal_099_52672_131392.jpg,normal_099,normal_099,52672,131392
normal_099_52672_147776.jpg,normal_099,normal_099,52672,147776
normal_099_66496_103168.jpg,normal_099,normal_099,66496,103168
normal_099_66496_86784.jpg,normal_099,normal_099,66496,86784
normal_099_69056_131392.jpg,normal_099,normal_099,69056,131392
normal_099_69056_147776.jpg,normal_099,normal_099,69056,147776
normal_099_69056_164160.jpg,normal_099,normal_099,69056,164160
normal_099_82880_103168.jpg,normal_099,normal_099,82880,103168
normal_099_85440_147776.jpg,normal_099,normal_099,85440,147776
normal_099_9536_151296.jpg,normal_099,normal_099,9536,151296
normal_100_33984_149248.jpg,normal_100,normal_100,33984,149248
normal_100_35584_121216.jpg,normal_100,normal_100,35584,121216
normal_100_35584_137600.jpg,normal_100,normal_100,35584,137600
normal_100_50368_149248.jpg,normal_100,normal_100,50368,149248
normal_100_50368_165632.jpg,normal_100,normal_100,50368,165632
normal_100_51968_121216.jpg,normal_100,normal_100,51968,121216
normal_100_51968_137600.jpg,normal_100,normal_100,51968,137600
normal_100_66752_165632.jpg,normal_100,normal_100,66752,165632
normal_101_10368_23808.jpg,normal_101,normal_101,10368,23808
normal_101_10368_40192.jpg,normal_101,normal_101,10368,40192
normal_101_26752_23808.jpg,normal_101,normal_101,26752,23808
normal_101_26752_40192.jpg,normal_101,normal_101,26752,40192
normal_101_26752_7424.jpg,normal_101,normal_101,26752,7424
normal_101_28928_56960.jpg,normal_101,normal_101,28928,56960
normal_101_28928_73344.jpg,normal_101,normal_101,28928,73344
normal_101_28928_89728.jpg,normal_101,normal_101,28928,89728
normal_101_43136_23808.jpg,normal_101,normal_101,43136,23808
normal_101_43136_40192.jpg,normal_101,normal_101,43136,40192
normal_101_43136_7424.jpg,normal_101,normal_101,43136,7424
normal_101_45312_56960.jpg,normal_101,normal_101,45312,56960
normal_101_45312_73344.jpg,normal_101,normal_101,45312,73344
normal_102_25024_46208.jpg,normal_102,normal_102,25024,46208
normal_102_25024_62592.jpg,normal_102,normal_102,25024,62592
normal_102_41408_62592.jpg,normal_102,normal_102,41408,62592
normal_102_59264_31168.jpg,normal_102,normal_102,59264,31168
normal_102_59264_47552.jpg,normal_102,normal_102,59264,47552
normal_102_64640_22656.jpg,normal_102,normal_102,64640,22656
normal_102_64640_6272.jpg,normal_102,normal_102,64640,6272
normal_102_75648_31168.jpg,normal_102,normal_102,75648,31168
normal_102_75648_47552.jpg,normal_102,normal_102,75648,47552
normal_102_8640_29824.jpg,normal_102,normal_102,8640,29824
normal_102_8640_46208.jpg,normal_102,normal_102,8640,46208
normal_103_24768_8768.jpg,normal_103,normal_103,24768,8768
normal_103_41152_8768.jpg,normal_103,normal_103,41152,8768
normal_103_65024_22592.jpg,normal_103,normal_103,65024,22592
normal_103_65024_6208.jpg,normal_103,normal_103,65024,6208
normal_103_81408_22592.jpg,normal_103,normal_103,81408,22592
normal_103_81408_6208.jpg,normal_103,normal_103,81408,6208
normal_103_8384_25152.jpg,normal_103,normal_103,8384,25152
normal_103_8384_8768.jpg,normal_103,normal_103,8384,8768
normal_104_100800_54336.jpg,normal_104,normal_104,100800,54336
normal_104_100800_70720.jpg,normal_104,normal_104,100800,70720
normal_104_10304_14272.jpg,normal_104,normal_104,10304,14272
normal_104_10304_30656.jpg,normal_104,normal_104,10304,30656
normal_104_10304_47040.jpg,normal_104,normal_104,10304,47040
normal_104_26688_14272.jpg,normal_104,normal_104,26688,14272
normal_104_26688_30656.jpg,normal_104,normal_104,26688,30656
normal_104_32768_59840.jpg,normal_104,normal_104,32768,59840
normal_104_35968_81664.jpg,normal_104,normal_104,35968,81664
normal_104_42624_27648.jpg,normal_104,normal_104,42624,27648
normal_104_42624_44032.jpg,normal_104,normal_104,42624,44032
normal_104_59008_44032.jpg,normal_104,normal_104,59008,44032
normal_104_68160_2240.jpg,normal_104,normal_104,68160,2240
normal_104_79040_27904.jpg,normal_104,normal_104,79040,27904
normal_104_79040_44288.jpg,normal_104,normal_104,79040,44288
normal_104_84416_70720.jpg,normal_104,normal_104,84416,70720
normal_104_84544_2240.jpg,normal_104,normal_104,84544,2240
normal_104_92224_18688.jpg,normal_104,normal_104,92224,18688
normal_104_95424_27904.jpg,normal_104,normal_104,95424,27904
normal_105_16704_48448.jpg,normal_105,normal_105,16704,48448
normal_105_24960_19712.jpg,normal_105,normal_105,24960,19712
normal_105_24960_36096.jpg,normal_105,normal_105,24960,36096
normal_105_41344_19712.jpg,normal_105,normal_105,41344,19712
normal_105_41344_36096.jpg,normal_105,normal_105,41344,36096
normal_105_47424_30336.jpg,normal_105,normal_105,47424,30336
normal_105_47424_46720.jpg,normal_105,normal_105,47424,46720
normal_105_47424_63104.jpg,normal_105,normal_105,47424,63104
normal_105_63808_13952.jpg,normal_105,normal_105,63808,13952
normal_105_63808_30336.jpg,normal_105,normal_105,63808,30336
normal_105_63808_46720.jpg,normal_105,normal_105,63808,46720
normal_105_8576_36096.jpg,normal_105,normal_105,8576,36096
normal_106_101120_21632.jpg,normal_106,normal_106,101120,21632
normal_106_25664_51520.jpg,normal_106,normal_106,25664,51520
normal_106_25664_67904.jpg,normal_106,normal_106,25664,67904
normal_106_42048_51520.jpg,normal_106,normal_106,42048,51520
normal_106_42048_67904.jpg,normal_106,normal_106,42048,67904
normal_106_51968_38016.jpg,normal_106,normal_106,51968,38016
normal_106_51968_5248.jpg,normal_106,normal_106,51968,5248
normal_106_58432_67904.jpg,normal_106,normal_106,58432,67904
normal_106_68352_38016.jpg,normal_106,normal_106,68352,38016
normal_106_68352_5248.jpg,normal_106,normal_106,68352,5248
normal_106_68352_54400.jpg,normal_106,normal_106,68352,54400
normal_106_84736_21632.jpg,normal_106,normal_106,84736,21632
normal_106_84736_38016.jpg,normal_106,normal_106,84736,38016
normal_106_84736_54400.jpg,normal_106,normal_106,84736,54400
normal_106_9280_51520.jpg,normal_106,normal_106,9280,51520
normal_107_16384_59456.jpg,normal_107,normal_107,16384,59456
normal_107_16384_75840.jpg,normal_107,normal_107,16384,75840
normal_107_25984_10048.jpg,normal_107,normal_107,25984,10048
normal_107_25984_26432.jpg,normal_107,normal_107,25984,26432
normal_107_32768_59456.jpg,normal_107,normal_107,32768,59456
normal_107_32768_75840.jpg,normal_107,normal_107,32768,75840
normal_107_42368_26432.jpg,normal_107,normal_107,42368,26432
normal_107_49152_43072.jpg,normal_107,normal_107,49152,43072
normal_107_49152_59456.jpg,normal_107,normal_107,49152,59456
normal_107_65536_26688.jpg,normal_107,normal_107,65536,26688
normal_107_65536_43072.jpg,normal_107,normal_107,65536,43072
normal_107_81920_10304.jpg,normal_107,normal_107,81920,10304
normal_107_81920_26688.jpg,normal_107,normal_107,81920,26688
normal_107_9600_10048.jpg,normal_107,normal_107,9600,10048
normal_107_9600_26432.jpg,normal_107,normal_107,9600,26432
normal_107_98304_10304.jpg,normal_107,normal_107,98304,10304
normal_108_26048_7488.jpg,normal_108,normal_108,26048,7488
normal_108_9664_7488.jpg,normal_108,normal_108,9664,7488
normal_109_25472_22848.jpg,normal_109,normal_109,25472,22848
normal_109_25472_39232.jpg,normal_109,normal_109,25472,39232
normal_109_25472_6464.jpg,normal_109,normal_109,25472,6464
normal_109_41856_39232.jpg,normal_109,normal_109,41856,39232
normal_109_41856_6464.jpg,normal_109,normal_109,41856,6464
normal_109_50752_43264.jpg,normal_109,normal_109,50752,43264
normal_109_58240_6464.jpg,normal_109,normal_109,58240,6464
normal_109_67136_43264.jpg,normal_109,normal_109,67136,43264
normal_109_83520_43264.jpg,normal_109,normal_109,83520,43264
normal_109_9088_39232.jpg,normal_109,normal_109,9088,39232
normal_110_33600_34688.jpg,normal_110,normal_110,33600,34688
normal_110_33600_51072.jpg,normal_110,normal_110,33600,51072
normal_110_40320_6144.jpg,normal_110,normal_110,40320,6144
normal_110_49984_34688.jpg,normal_110,normal_110,49984,34688
normal_110_49984_51072.jpg,normal_110,normal_110,49984,51072
normal_110_56704_6144.jpg,normal_110,normal_110,56704,6144
normal_110_73088_22528.jpg,normal_110,normal_110,73088,22528
normal_110_73088_6144.jpg,normal_110,normal_110,73088,6144
normal_110_89472_22528.jpg,normal_110,normal_110,89472,22528
normal_111_111488_16384.jpg,normal_111,normal_111,111488,16384
normal_111_111488_32768.jpg,normal_111,normal_111,111488,32768
normal_111_111488_49152.jpg,normal_111,normal_111,111488,49152
normal_111_111488_65536.jpg,normal_111,normal_111,111488,65536
normal_111_127872_0.jpg,normal_111,normal_111,127872,0
normal_111_127872_16384.jpg,normal_111,normal_111,127872,16384
normal_111_127872_32768.jpg,normal_111,normal_111,127872,32768
normal_111_127872_49152.jpg,normal_111,normal_111,127872,49152
normal_111_25600_19456.jpg,normal_111,normal_111,25600,19456
normal_111_25600_35840.jpg,normal_111,normal_111,25600,35840
normal_111_25600_52224.jpg,normal_111,normal_111,25600,52224
normal_111_25600_68608.jpg,normal_111,normal_111,25600,68608
normal_111_25600_84992.jpg,normal_111,normal_111,25600,84992
normal_111_41984_19456.jpg,normal_111,normal_111,41984,19456
normal_111_41984_3072.jpg,normal_111,normal_111,41984,3072
normal_111_41984_35840.jpg,normal_111,normal_111,41984,35840
normal_111_41984_52224.jpg,normal_111,normal_111,41984,52224
normal_111_41984_68608.jpg,normal_111,normal_111,41984,68608
normal_111_58368_19456.jpg,normal_111,normal_111,58368,19456
normal_111_58368_35840.jpg,normal_111,normal_111,58368,35840
normal_111_58368_52224.jpg,normal_111,normal_111,58368,52224
normal_111_78720_49152.jpg,normal_111,normal_111,78720,49152
normal_111_78720_65536.jpg,normal_111,normal_111,78720,65536
normal_111_78720_81920.jpg,normal_111,normal_111,78720,81920
normal_111_9216_52224.jpg,normal_111,normal_111,9216,52224
normal_111_9216_68608.jpg,normal_111,normal_111,9216,68608
normal_111_9216_84992.jpg,normal_111,normal_111,9216,84992
normal_111_95104_32768.jpg,normal_111,normal_111,95104,32768
normal_111_95104_49152.jpg,normal_111,normal_111,95104,49152
normal_111_95104_65536.jpg,normal_111,normal_111,95104,65536
normal_111_95104_81920.jpg,normal_111,normal_111,95104,81920
normal_112_11392_58688.jpg,normal_112,normal_112,11392,58688
normal_112_11392_75072.jpg,normal_112,normal_112,11392,75072
normal_112_27776_42304.jpg,normal_112,normal_112,27776,42304
normal_112_27776_58688.jpg,normal_112,normal_112,27776,58688
normal_112_27776_75072.jpg,normal_112,normal_112,27776,75072
normal_112_44160_42304.jpg,normal_112,normal_112,44160,42304
normal_112_44160_58688.jpg,normal_112,normal_112,44160,58688
normal_112_44160_75072.jpg,normal_112,normal_112,44160,75072
normal_112_49024_25472.jpg,normal_112,normal_112,49024,25472
normal_112_49024_41856.jpg,normal_112,normal_112,49024,41856
normal_112_49024_9088.jpg,normal_112,normal_112,49024,9088
normal_112_65408_25472.jpg,normal_112,normal_112,65408,25472
normal_112_65408_41856.jpg,normal_112,normal_112,65408,41856
normal_112_65408_58240.jpg,normal_112,normal_112,65408,58240
normal_112_65408_9088.jpg,normal_112,normal_112,65408,9088
normal_112_81792_25472.jpg,normal_112,normal_112,81792,25472
normal_112_81792_41856.jpg,normal_112,normal_112,81792,41856
normal_112_81792_58240.jpg,normal_112,normal_112,81792,58240
normal_112_81792_9088.jpg,normal_112,normal_112,81792,9088
normal_112_98176_25472.jpg,normal_112,normal_112,98176,25472
normal_112_98176_41856.jpg,normal_112,normal_112,98176,41856
normal_112_98176_58240.jpg,normal_112,normal_112,98176,58240
normal_113_106368_23552.jpg,normal_113,normal_113,106368,23552
normal_113_106368_7168.jpg,normal_113,normal_113,106368,7168
normal_113_124096_36032.jpg,normal_113,normal_113,124096,36032
normal_113_128448_23808.jpg,normal_113,normal_113,128448,23808
normal_113_128448_7424.jpg,normal_113,normal_113,128448,7424
normal_113_144832_23808.jpg,normal_113,normal_113,144832,23808
normal_113_144832_7424.jpg,normal_113,normal_113,144832,7424
normal_113_16000_13568.jpg,normal_113,normal_113,16000,13568
normal_113_16000_29952.jpg,normal_113,normal_113,16000,29952
normal_113_16000_46336.jpg,normal_113,normal_113,16000,46336
normal_113_44224_42304.jpg,normal_113,normal_113,44224,42304
normal_113_50368_13760.jpg,normal_113,normal_113,50368,13760
normal_113_50368_30144.jpg,normal_113,normal_113,50368,30144
normal_113_66752_13760.jpg,normal_113,normal_113,66752,13760
normal_113_66752_30144.jpg,normal_113,normal_113,66752,30144
normal_113_89984_23552.jpg,normal_113,normal_113,89984,23552
normal_113_89984_39936.jpg,normal_113,normal_113,89984,39936
normal_113_89984_7168.jpg,normal_113,normal_113,89984,7168
normal_113_90048_12800.jpg,normal_113,normal_113,90048,12800
normal_114_10560_18880.jpg,normal_114,normal_114,10560,18880
normal_114_10560_35264.jpg,normal_114,normal_114,10560,35264
normal_114_10560_51648.jpg,normal_114,normal_114,10560,51648
normal_114_108864_18880.jpg,normal_114,normal_114,108864,18880
normal_114_108864_35264.jpg,normal_114,normal_114,108864,35264
normal_114_26944_18880.jpg,normal_114,normal_114,26944,18880
normal_114_26944_68032.jpg,normal_114,normal_114,26944,68032
normal_114_43328_18880.jpg,normal_114,normal_114,43328,18880
normal_114_43328_2496.jpg,normal_114,normal_114,43328,2496
normal_114_43328_35264.jpg,normal_114,normal_114,43328,35264
normal_114_43328_51648.jpg,normal_114,normal_114,43328,51648
normal_114_43328_68032.jpg,normal_114,normal_114,43328,68032
normal_114_59712_18880.jpg,normal_114,normal_114,59712,18880
normal_114_59712_35264.jpg,normal_114,normal_114,59712,35264
normal_114_59712_51648.jpg,normal_114,normal_114,59712,51648
normal_114_59712_68032.jpg,normal_114,normal_114,59712,68032
normal_114_76096_18880.jpg,normal_114,normal_114,76096,18880
normal_114_76096_2496.jpg,normal_114,normal_114,76096,2496
normal_114_76096_35264.jpg,normal_114,normal_114,76096,35264
normal_114_76096_51648.jpg,normal_114,normal_114,76096,51648
normal_114_76096_68032.jpg,normal_114,normal_114,76096,68032
normal_114_92480_35264.jpg,normal_114,normal_114,92480,35264
normal_114_92480_51648.jpg,normal_114,normal_114,92480,51648
normal_114_92480_68032.jpg,normal_114,normal_114,92480,68032
normal_115_10368_12928.jpg,normal_115,normal_115,10368,12928
normal_115_22912_17984.jpg,normal_115,normal_115,22912,17984
normal_115_22912_34368.jpg,normal_115,normal_115,22912,34368
normal_115_39296_17984.jpg,normal_115,normal_115,39296,17984
normal_115_44480_36608.jpg,normal_115,normal_115,44480,36608
normal_116_106368_4736.jpg,normal_116,normal_116,106368,4736
normal_116_26240_6400.jpg,normal_116,normal_116,26240,6400
normal_116_73600_21120.jpg,normal_116,normal_116,73600,21120
normal_116_73600_4736.jpg,normal_116,normal_116,73600,4736
normal_116_89984_21120.jpg,normal_116,normal_116,89984,21120
normal_116_89984_4736.jpg,normal_116,normal_116,89984,4736
normal_116_9856_22784.jpg,normal_116,normal_116,9856,22784
normal_116_9856_6400.jpg,normal_116,normal_116,9856,6400
normal_117_10112_40128.jpg,normal_117,normal_117,10112,40128
normal_117_107072_24256.jpg,normal_117,normal_117,107072,24256
normal_117_117248_40512.jpg,normal_117,normal_117,117248,40512
normal_117_133632_24128.jpg,normal_117,normal_117,133632,24128
normal_117_26496_40128.jpg,normal_117,normal_117,26496,40128
normal_117_50880_41856.jpg,normal_117,normal_117,50880,41856
normal_117_90688_24256.jpg,normal_117,normal_117,90688,24256
normal_117_90688_40640.jpg,normal_117,normal_117,90688,40640
normal_117_97344_19456.jpg,normal_117,normal_117,97344,19456
normal_118_25792_11584.jpg,normal_118,normal_118,25792,11584
normal_118_25792_27968.jpg,normal_118,normal_118,25792,27968
normal_118_42176_11584.jpg,normal_118,normal_118,42176,11584
normal_118_42176_27968.jpg,normal_118,normal_118,42176,27968
normal_118_57088_35968.jpg,normal_118,normal_118,57088,35968
normal_118_57088_52352.jpg,normal_118,normal_118,57088,52352
normal_118_73472_35968.jpg,normal_118,normal_118,73472,35968
normal_118_73472_52352.jpg,normal_118,normal_118,73472,52352
normal_118_89856_35968.jpg,normal_118,normal_118,89856,35968
normal_118_9408_11584.jpg,normal_118,normal_118,9408,11584
normal_118_9408_27968.jpg,normal_118,normal_118,9408,27968
normal_118_97664_6784.jpg,normal_118,normal_118,97664,6784
normal_119_16768_28288.jpg,normal_119,normal_119,16768,28288
normal_119_22400_22080.jpg,normal_119,normal_119,22400,22080
normal_119_26112_52800.jpg,normal_119,normal_119,26112,52800
normal_119_26112_69184.jpg,normal_119,normal_119,26112,69184
normal_119_38784_22080.jpg,normal_119,normal_119,38784,22080
normal_119_38784_38464.jpg,normal_119,normal_119,38784,38464
normal_119_42496_52800.jpg,normal_119,normal_119,42496,52800
normal_119_42496_69184.jpg,normal_119,normal_119,42496,69184
normal_119_55168_22080.jpg,normal_119,normal_119,55168,22080
normal_119_55168_5696.jpg,normal_119,normal_119,55168,5696
normal_119_58880_52800.jpg,normal_119,normal_119,58880,52800
normal_119_58880_69184.jpg,normal_119,normal_119,58880,69184
normal_119_71552_22080.jpg,normal_119,normal_119,71552,22080
normal_119_9728_69184.jpg,normal_119,normal_119,9728,69184
normal_120_113728_24576.jpg,normal_120,normal_120,113728,24576
normal_120_130112_8192.jpg,normal_120,normal_120,130112,8192
normal_120_133568_55232.jpg,normal_120,normal_120,133568,55232
normal_120_133568_71616.jpg,normal_120,normal_120,133568,71616
normal_120_149952_55232.jpg,normal_120,normal_120,149952,55232
normal_120_25408_25280.jpg,normal_120,normal_120,25408,25280
normal_120_25408_8896.jpg,normal_120,normal_120,25408,8896
normal_120_30720_56256.jpg,normal_120,normal_120,30720,56256
normal_120_47104_56256.jpg,normal_120,normal_120,47104,56256
normal_120_9024_25280.jpg,normal_120,normal_120,9024,25280
normal_121_104768_61120.jpg,normal_121,normal_121,104768,61120
normal_121_116224_29504.jpg,normal_121,normal_121,116224,29504
normal_121_116224_45888.jpg,normal_121,normal_121,116224,45888
normal_121_116224_62272.jpg,normal_121,normal_121,116224,62272
normal_121_132608_29504.jpg,normal_121,normal_121,132608,29504
normal_121_132608_45888.jpg,normal_121,normal_121,132608,45888
normal_121_132608_62272.jpg,normal_121,normal_121,132608,62272
normal_121_33792_26880.jpg,normal_121,normal_121,33792,26880
normal_121_33792_43264.jpg,normal_121,normal_121,33792,43264
normal_121_50176_26880.jpg,normal_121,normal_121,50176,26880
normal_121_66560_59648.jpg,normal_121,normal_121,66560,59648
normal_121_72000_44736.jpg,normal_121,normal_121,72000,44736
normal_121_72000_61120.jpg,normal_121,normal_121,72000,61120
normal_122_11008_34368.jpg,normal_122,normal_122,11008,34368
normal_122_11008_50752.jpg,normal_122,normal_122,11008,50752
normal_122_27392_1600.jpg,normal_122,normal_122,27392,1600
normal_122_27392_17984.jpg,normal_122,normal_122,27392,17984
normal_122_27392_34368.jpg,normal_122,normal_122,27392,34368
normal_122_27392_50752.jpg,normal_122,normal_122,27392,50752
normal_122_27392_67136.jpg,normal_122,normal_122,27392,67136
normal_122_27392_83520.jpg,normal_122,normal_122,27392,83520
normal_122_43776_1600.jpg,normal_122,normal_122,43776,1600
normal_122_43776_17984.jpg,normal_122,normal_122,43776,17984
normal_122_43776_34368.jpg,normal_122,normal_122,43776,34368
normal_122_43776_50752.jpg,normal_122,normal_122,43776,50752
normal_122_43776_67136.jpg,normal_122,normal_122,43776,67136
normal_122_60160_1600.jpg,normal_122,normal_122,60160,1600
normal_122_60160_17984.jpg,normal_122,normal_122,60160,17984
normal_122_60160_34368.jpg,normal_122,normal_122,60160,34368
normal_122_60160_50752.jpg,normal_122,normal_122,60160,50752
normal_122_76544_17984.jpg,normal_122,normal_122,76544,17984
normal_122_76544_34368.jpg,normal_122,normal_122,76544,34368
normal_123_22592_19840.jpg,normal_123,normal_123,22592,19840
normal_123_22592_3456.jpg,normal_123,normal_123,22592,3456
normal_123_38976_19840.jpg,normal_123,normal_123,38976,19840
normal_123_38976_3456.jpg,normal_123,normal_123,38976,3456
normal_123_38976_36224.jpg,normal_123,normal_123,38976,36224
normal_123_55360_19840.jpg,normal_123,normal_123,55360,19840
normal_123_55360_3456.jpg,normal_123,normal_123,55360,3456
normal_123_55360_36224.jpg,normal_123,normal_123,55360,36224
normal_123_6208_19840.jpg,normal_123,normal_123,6208,19840
normal_123_6208_3456.jpg,normal_123,normal_123,6208,3456
normal_123_71744_19840.jpg,normal_123,normal_123,71744,19840
normal_124_108736_23232.jpg,normal_124,normal_124,108736,23232
normal_124_108736_39616.jpg,normal_124,normal_124,108736,39616
normal_124_110720_14208.jpg,normal_124,normal_124,110720,14208
normal_124_24640_22720.jpg,normal_124,normal_124,24640,22720
normal_124_26432_60480.jpg,normal_124,normal_124,26432,60480
normal_124_39936_33536.jpg,normal_124,normal_124,39936,33536
normal_124_39936_49920.jpg,normal_124,normal_124,39936,49920
normal_124_41024_22720.jpg,normal_124,normal_124,41024,22720
normal_124_41024_6336.jpg,normal_124,normal_124,41024,6336
normal_124_42816_60480.jpg,normal_124,normal_124,42816,60480
normal_124_56320_33536.jpg,normal_124,normal_124,56320,33536
normal_124_56320_49920.jpg,normal_124,normal_124,56320,49920
normal_124_57408_22720.jpg,normal_124,normal_124,57408,22720
normal_124_57408_6336.jpg,normal_124,normal_124,57408,6336
normal_124_59200_60480.jpg,normal_124,normal_124,59200,60480
normal_124_77632_57472.jpg,normal_124,normal_124,77632,57472
normal_124_8256_22720.jpg,normal_124,normal_124,8256,22720
normal_124_89984_16384.jpg,normal_124,normal_124,89984,16384
normal_124_94016_57472.jpg,normal_124,normal_124,94016,57472
normal_125_15168_21888.jpg,normal_125,normal_125,15168,21888
normal_125_15168_38272.jpg,normal_125,normal_125,15168,38272
normal_125_15168_54656.jpg,normal_125,normal_125,15168,54656
normal_125_18048_16576.jpg,normal_125,normal_125,18048,16576
normal_125_31552_38272.jpg,normal_125,normal_125,31552,38272
normal_125_31552_54656.jpg,normal_125,normal_125,31552,54656
normal_125_31552_5504.jpg,normal_125,normal_125,31552,5504
normal_125_31552_71040.jpg,normal_125,normal_125,31552,71040
normal_125_4288_72512.jpg,normal_125,normal_125,4288,72512
normal_125_47936_21888.jpg,normal_125,normal_125,47936,21888
normal_125_47936_38272.jpg,normal_125,normal_125,47936,38272
normal_125_47936_71040.jpg,normal_125,normal_125,47936,71040
normal_125_60608_31104.jpg,normal_125,normal_125,60608,31104
normal_125_64320_38272.jpg,normal_125,normal_125,64320,38272
normal_125_64320_54656.jpg,normal_125,normal_125,64320,54656
normal_125_64320_71040.jpg,normal_125,normal_125,64320,71040
normal_125_70784_87040.jpg,normal_125,normal_125,70784,87040
normal_125_80704_38272.jpg,normal_125,normal_125,80704,38272
normal_125_87168_70656.jpg,normal_125,normal_125,87168,70656
normal_125_97088_38272.jpg,normal_125,normal_125,97088,38272
normal_125_97088_54656.jpg,normal_125,normal_125,97088,54656
normal_125_97088_71040.jpg,normal_125,normal_125,97088,71040
normal_126_108032_27456.jpg,normal_126,normal_126,108032,27456
normal_126_108032_43840.jpg,normal_126,normal_126,108032,43840
normal_126_108032_60224.jpg,normal_126,normal_126,108032,60224
normal_126_25664_22784.jpg,normal_126,normal_126,25664,22784
normal_126_25664_39168.jpg,normal_126,normal_126,25664,39168
normal_126_25664_55552.jpg,normal_126,normal_126,25664,55552
normal_126_25664_6400.jpg,normal_126,normal_126,25664,6400
normal_126_42048_22784.jpg,normal_126,normal_126,42048,22784
normal_126_42048_39168.jpg,normal_126,normal_126,42048,39168
normal_126_75264_11072.jpg,normal_126,normal_126,75264,11072
normal_126_75264_27456.jpg,normal_126,normal_126,75264,27456
normal_126_91648_11072.jpg,normal_126,normal_126,91648,11072
normal_126_91648_27456.jpg,normal_126,normal_126,91648,27456
normal_126_91648_43840.jpg,normal_126,normal_126,91648,43840
normal_126_91648_60224.jpg,normal_126,normal_126,91648,60224
normal_126_9280_22784.jpg,normal_126,normal_126,9280,22784
normal_126_9280_6400.jpg,normal_126,normal_126,9280,6400
normal_127_14272_21952.jpg,normal_127,normal_127,14272,21952
normal_127_14272_38336.jpg,normal_127,normal_127,14272,38336
normal_127_30656_21952.jpg,normal_127,normal_127,30656,21952
normal_127_30656_38336.jpg,normal_127,normal_127,30656,38336
normal_127_42880_46144.jpg,normal_127,normal_127,42880,46144
normal_127_42880_62528.jpg,normal_127,normal_127,42880,62528
normal_127_42880_78912.jpg,normal_127,normal_127,42880,78912
normal_127_57280_896.jpg,normal_127,normal_127,57280,896
normal_127_59264_46144.jpg,normal_127,normal_127,59264,46144
normal_127_59264_62528.jpg,normal_127,normal_127,59264,62528
normal_127_59264_78912.jpg,normal_127,normal_127,59264,78912
normal_127_73664_896.jpg,normal_127,normal_127,73664,896
normal_127_75648_62528.jpg,normal_127,normal_127,75648,62528
normal_128_10368_7936.jpg,normal_128,normal_128,10368,7936
normal_128_11072_57088.jpg,normal_128,normal_128,11072,57088
normal_128_130624_14848.jpg,normal_128,normal_128,130624,14848
normal_128_130624_31232.jpg,normal_128,normal_128,130624,31232
normal_128_13248_29248.jpg,normal_128,normal_128,13248,29248
normal_128_13248_45632.jpg,normal_128,normal_128,13248,45632
normal_128_134912_35968.jpg,normal_128,normal_128,134912,35968
normal_128_134912_52352.jpg,normal_128,normal_128,134912,52352
normal_128_135552_63680.jpg,normal_128,normal_128,135552,63680
normal_128_147008_14848.jpg,normal_128,normal_128,147008,14848
normal_128_26752_7936.jpg,normal_128,normal_128,26752,7936
normal_129_10816_23744.jpg,normal_129,normal_129,10816,23744
normal_129_10816_40128.jpg,normal_129,normal_129,10816,40128
normal_129_110464_27072.jpg,normal_129,normal_129,110464,27072
normal_129_110464_43456.jpg,normal_129,normal_129,110464,43456
normal_129_126848_10688.jpg,normal_129,normal_129,126848,10688
normal_129_126848_43456.jpg,normal_129,normal_129,126848,43456
normal_129_143232_10688.jpg,normal_129,normal_129,143232,10688
normal_129_143232_43456.jpg,normal_129,normal_129,143232,43456
normal_129_143232_59840.jpg,normal_129,normal_129,143232,59840
normal_129_159616_43456.jpg,normal_129,normal_129,159616,43456
normal_129_159616_59840.jpg,normal_129,normal_129,159616,59840
normal_129_176000_43456.jpg,normal_129,normal_129,176000,43456
normal_129_176000_59840.jpg,normal_129,normal_129,176000,59840
normal_129_27200_40128.jpg,normal_129,normal_129,27200,40128
normal_129_27200_7360.jpg,normal_129,normal_129,27200,7360
normal_129_47680_37120.jpg,normal_129,normal_129,47680,37120
normal_129_47680_53504.jpg,normal_129,normal_129,47680,53504
normal_129_64064_37120.jpg,normal_129,normal_129,64064,37120
normal_129_64064_53504.jpg,normal_129,normal_129,64064,53504
normal_130_24960_24960.jpg,normal_130,normal_130,24960,24960
normal_130_24960_41344.jpg,normal_130,normal_130,24960,41344
normal_130_24960_57728.jpg,normal_130,normal_130,24960,57728
normal_130_24960_8576.jpg,normal_130,normal_130,24960,8576
normal_130_41344_24960.jpg,normal_130,normal_130,41344,24960
normal_130_41344_41344.jpg,normal_130,normal_130,41344,41344
normal_130_41344_57728.jpg,normal_130,normal_130,41344,57728
normal_130_57728_24960.jpg,normal_130,normal_130,57728,24960
normal_130_57728_41344.jpg,normal_130,normal_130,57728,41344
normal_130_57728_57728.jpg,normal_130,normal_130,57728,57728
normal_130_57728_74112.jpg,normal_130,normal_130,57728,74112
normal_130_8576_24960.jpg,normal_130,normal_130,8576,24960
normal_130_8576_41344.jpg,normal_130,normal_130,8576,41344
normal_130_8576_57728.jpg,normal_130,normal_130,8576,57728
normal_130_8576_8576.jpg,normal_130,normal_130,8576,8576
normal_130_9472_64768.jpg,normal_130,normal_130,9472,64768
normal_131_25664_19264.jpg,normal_131,normal_131,25664,19264
normal_131_25664_35648.jpg,normal_131,normal_131,25664,35648
normal_131_25664_52032.jpg,normal_131,normal_131,25664,52032
normal_131_25664_68416.jpg,normal_131,normal_131,25664,68416
normal_131_27264_41472.jpg,normal_131,normal_131,27264,41472
normal_131_42048_19264.jpg,normal_131,normal_131,42048,19264
normal_131_42048_35648.jpg,normal_131,normal_131,42048,35648
normal_131_42048_52032.jpg,normal_131,normal_131,42048,52032
normal_131_42048_68416.jpg,normal_131,normal_131,42048,68416
normal_131_63168_23552.jpg,normal_131,normal_131,63168,23552
normal_131_63168_39936.jpg,normal_131,normal_131,63168,39936
normal_131_63168_7168.jpg,normal_131,normal_131,63168,7168
normal_131_79552_56320.jpg,normal_131,normal_131,79552,56320
normal_131_79552_7168.jpg,normal_131,normal_131,79552,7168
normal_131_9280_35648.jpg,normal_131,normal_131,9280,35648
normal_131_95936_23552.jpg,normal_131,normal_131,95936,23552
normal_131_95936_39936.jpg,normal_131,normal_131,95936,39936
normal_131_95936_56320.jpg,normal_131,normal_131,95936,56320
normal_132_102784_38656.jpg,normal_132,normal_132,102784,38656
normal_132_102784_55040.jpg,normal_132,normal_132,102784,55040
normal_132_25536_50048.jpg,normal_132,normal_132,25536,50048
normal_132_41920_17280.jpg,normal_132,normal_132,41920,17280
normal_132_41920_33664.jpg,normal_132,normal_132,41920,33664
normal_132_41920_50048.jpg,normal_132,normal_132,41920,50048
normal_132_58304_17280.jpg,normal_132,normal_132,58304,17280
normal_132_58304_33664.jpg,normal_132,normal_132,58304,33664
normal_132_58304_50048.jpg,normal_132,normal_132,58304,50048
normal_132_74688_17280.jpg,normal_132,normal_132,74688,17280
normal_132_74688_33664.jpg,normal_132,normal_132,74688,33664
normal_132_80384_47744.jpg,normal_132,normal_132,80384,47744
normal_132_80384_64128.jpg,normal_132,normal_132,80384,64128
normal_132_86400_38656.jpg,normal_132,normal_132,86400,38656
normal_132_86400_55040.jpg,normal_132,normal_132,86400,55040
normal_132_86400_71424.jpg,normal_132,normal_132,86400,71424
normal_133_115968_48000.jpg,normal_133,normal_133,115968,48000
normal_133_24448_23744.jpg,normal_133,normal_133,24448,23744
normal_133_24448_7360.jpg,normal_133,normal_133,24448,7360
normal_133_38080_38400.jpg,normal_133,normal_133,38080,38400
normal_133_8064_23744.jpg,normal_133,normal_133,8064,23744
normal_133_8064_7360.jpg,normal_133,normal_133,8064,7360
normal_133_83008_23040.jpg,normal_133,normal_133,83008,23040
normal_133_83008_6656.jpg,normal_133,normal_133,83008,6656
normal_133_99392_23040.jpg,normal_133,normal_133,99392,23040
normal_133_99392_6656.jpg,normal_133,normal_133,99392,6656
normal_134_38400_38912.jpg,normal_134,normal_134,38400,38912
normal_134_47744_34560.jpg,normal_134,normal_134,47744,34560
normal_134_73344_53120.jpg,normal_134,normal_134,73344,53120
normal_135_10368_58112.jpg,normal_135,normal_135,10368,58112
normal_135_10368_74496.jpg,normal_135,normal_135,10368,74496
normal_135_10496_23936.jpg,normal_135,normal_135,10496,23936
normal_135_26752_58112.jpg,normal_135,normal_135,26752,58112
normal_135_26752_74496.jpg,normal_135,normal_135,26752,74496
normal_135_43264_23936.jpg,normal_135,normal_135,43264,23936
normal_135_43264_7552.jpg,normal_135,normal_135,43264,7552
normal_135_54528_55744.jpg,normal_135,normal_135,54528,55744
normal_135_59648_23936.jpg,normal_135,normal_135,59648,23936
normal_135_59648_7552.jpg,normal_135,normal_135,59648,7552
normal_135_70912_55744.jpg,normal_135,normal_135,70912,55744
normal_135_76032_23936.jpg,normal_135,normal_135,76032,23936
normal_135_76032_7552.jpg,normal_135,normal_135,76032,7552
normal_136_12288_22080.jpg,normal_136,normal_136,12288,22080
normal_136_25984_23424.jpg,normal_136,normal_136,25984,23424
normal_136_25984_39808.jpg,normal_136,normal_136,25984,39808
normal_136_25984_7040.jpg,normal_136,normal_136,25984,7040
normal_136_42368_23424.jpg,normal_136,normal_136,42368,23424
normal_136_42368_39808.jpg,normal_136,normal_136,42368,39808
normal_136_42368_56192.jpg,normal_136,normal_136,42368,56192
normal_136_42368_7040.jpg,normal_136,normal_136,42368,7040
normal_136_58752_23424.jpg,normal_136,normal_136,58752,23424
normal_136_58752_39808.jpg,normal_136,normal_136,58752,39808
normal_136_58752_56192.jpg,normal_136,normal_136,58752,56192
normal_136_58752_7040.jpg,normal_136,normal_136,58752,7040
normal_136_75136_56192.jpg,normal_136,normal_136,75136,56192
normal_136_9600_23424.jpg,normal_136,normal_136,9600,23424
normal_136_9600_39808.jpg,normal_136,normal_136,9600,39808
normal_137_104512_23872.jpg,normal_137,normal_137,104512,23872
normal_137_104512_40256.jpg,normal_137,normal_137,104512,40256
normal_137_104512_56640.jpg,normal_137,normal_137,104512,56640
normal_137_104512_73024.jpg,normal_137,normal_137,104512,73024
normal_137_120896_23872.jpg,normal_137,normal_137,120896,23872
normal_137_120896_56640.jpg,normal_137,normal_137,120896,56640
normal_137_13312_35648.jpg,normal_137,normal_137,13312,35648
normal_137_137280_23872.jpg,normal_137,normal_137,137280,23872
normal_137_137280_40256.jpg,normal_137,normal_137,137280,40256
normal_137_17024_37632.jpg,normal_137,normal_137,17024,37632
normal_137_23040_26112.jpg,normal_137,normal_137,23040,26112
normal_137_23040_42496.jpg,normal_137,normal_137,23040,42496
normal_137_23040_58880.jpg,normal_137,normal_137,23040,58880
normal_137_39424_42496.jpg,normal_137,normal_137,39424,42496
normal_137_39424_58880.jpg,normal_137,normal_137,39424,58880
normal_137_39424_9728.jpg,normal_137,normal_137,39424,9728
normal_137_46208_7424.jpg,normal_137,normal_137,46208,7424
normal_137_55808_26112.jpg,normal_137,normal_137,55808,26112
normal_137_55808_42496.jpg,normal_137,normal_137,55808,42496
normal_137_55808_9728.jpg,normal_137,normal_137,55808,9728
normal_137_6656_58880.jpg,normal_137,normal_137,6656,58880
normal_137_88128_56640.jpg,normal_137,normal_137,88128,56640
normal_138_110656_51520.jpg,normal_138,normal_138,110656,51520
normal_138_116352_34048.jpg,normal_138,normal_138,116352,34048
normal_138_17664_54848.jpg,normal_138,normal_138,17664,54848
normal_138_17664_71232.jpg,normal_138,normal_138,17664,71232
normal_138_27264_53632.jpg,normal_138,normal_138,27264,53632
normal_138_34048_54848.jpg,normal_138,normal_138,34048,54848
normal_138_43648_37248.jpg,normal_138,normal_138,43648,37248
normal_138_94272_51520.jpg,normal_138,normal_138,94272,51520
normal_138_94272_67904.jpg,normal_138,normal_138,94272,67904
normal_138_99968_50432.jpg,normal_138,normal_138,99968,50432
normal_139_111680_16448.jpg,normal_139,normal_139,111680,16448
normal_139_11264_11136.jpg,normal_139,normal_139,11264,11136
normal_139_115584_67520.jpg,normal_139,normal_139,115584,67520
normal_139_121664_58560.jpg,normal_139,normal_139,121664,58560
normal_139_131968_51136.jpg,normal_139,normal_139,131968,51136
normal_139_148352_51136.jpg,normal_139,normal_139,148352,51136
normal_139_23488_51072.jpg,normal_139,normal_139,23488,51072
normal_139_23488_67456.jpg,normal_139,normal_139,23488,67456
normal_139_27648_51904.jpg,normal_139,normal_139,27648,51904
normal_139_39872_51072.jpg,normal_139,normal_139,39872,51072
normal_139_42176_25792.jpg,normal_139,normal_139,42176,25792
normal_139_56256_34688.jpg,normal_139,normal_139,56256,34688
normal_140_15488_51584.jpg,normal_140,normal_140,15488,51584
normal_140_15488_67968.jpg,normal_140,normal_140,15488,67968
normal_140_15488_84352.jpg,normal_140,normal_140,15488,84352
normal_140_23232_26240.jpg,normal_140,normal_140,23232,26240
normal_140_23232_42624.jpg,normal_140,normal_140,23232,42624
normal_140_23232_9856.jpg,normal_140,normal_140,23232,9856
normal_140_31872_51584.jpg,normal_140,normal_140,31872,51584
normal_140_31872_67968.jpg,normal_140,normal_140,31872,67968
normal_140_45184_25152.jpg,normal_140,normal_140,45184,25152
normal_140_45184_41536.jpg,normal_140,normal_140,45184,41536
normal_140_58048_55680.jpg,normal_140,normal_140,58048,55680
normal_140_6848_26240.jpg,normal_140,normal_140,6848,26240
normal_140_6848_9856.jpg,normal_140,normal_140,6848,9856
normal_141_109440_11584.jpg,normal_141,normal_141,109440,11584
normal_141_25920_7744.jpg,normal_141,normal_141,25920,7744
normal_141_82880_21504.jpg,normal_141,normal_141,82880,21504
normal_141_93056_11584.jpg,normal_141,normal_141,93056,11584
normal_141_93056_27968.jpg,normal_141,normal_141,93056,27968
normal_141_9536_24128.jpg,normal_141,normal_141,9536,24128
normal_141_9536_7744.jpg,normal_141,normal_141,9536,7744
normal_142_111872_68096.jpg,normal_142,normal_142,111872,68096
normal_142_111872_84480.jpg,normal_142,normal_142,111872,84480
normal_142_120704_35136.jpg,normal_142,normal_142,120704,35136
normal_142_128256_100864.jpg,normal_142,normal_142,128256,100864
normal_142_128256_68096.jpg,normal_142,normal_142,128256,68096
normal_142_128256_84480.jpg,normal_142,normal_142,128256,84480
normal_142_137088_18752.jpg,normal_142,normal_142,137088,18752
normal_142_137088_35136.jpg,normal_142,normal_142,137088,35136
normal_142_144640_68096.jpg,normal_142,normal_142,144640,68096
normal_142_144640_84480.jpg,normal_142,normal_142,144640,84480
normal_142_16960_32832.jpg,normal_142,normal_142,16960,32832
normal_142_25920_66176.jpg,normal_142,normal_142,25920,66176
normal_142_25920_82560.jpg,normal_142,normal_142,25920,82560
normal_142_25920_98944.jpg,normal_142,normal_142,25920,98944
normal_142_33344_16448.jpg,normal_142,normal_142,33344,16448
normal_142_33344_32832.jpg,normal_142,normal_142,33344,32832
normal_142_42304_66176.jpg,normal_142,normal_142,42304,66176
normal_142_42304_82560.jpg,normal_142,normal_142,42304,82560
normal_142_9536_66176.jpg,normal_142,normal_142,9536,66176
normal_142_9536_82560.jpg,normal_142,normal_142,9536,82560
normal_143_101568_11648.jpg,normal_143,normal_143,101568,11648
normal_143_101568_28032.jpg,normal_143,normal_143,101568,28032
normal_143_26240_38848.jpg,normal_143,normal_143,26240,38848
normal_143_26240_55232.jpg,normal_143,normal_143,26240,55232
normal_143_40768_8960.jpg,normal_143,normal_143,40768,8960
normal_143_42624_38848.jpg,normal_143,normal_143,42624,38848
normal_143_42624_55232.jpg,normal_143,normal_143,42624,55232
normal_143_57152_8960.jpg,normal_143,normal_143,57152,8960
normal_143_59008_38848.jpg,normal_143,normal_143,59008,38848
normal_143_60352_34752.jpg,normal_143,normal_143,60352,34752
normal_143_68800_28032.jpg,normal_143,normal_143,68800,28032
normal_143_68800_44416.jpg,normal_143,normal_143,68800,44416
normal_143_68800_60800.jpg,normal_143,normal_143,68800,60800
normal_143_77504_10304.jpg,normal_143,normal_143,77504,10304
normal_143_85184_11648.jpg,normal_143,normal_143,85184,11648
normal_143_85184_28032.jpg,normal_143,normal_143,85184,28032
normal_143_85184_44416.jpg,normal_143,normal_143,85184,44416
normal_143_9856_55232.jpg,normal_143,normal_143,9856,55232
normal_144_20901_103529.jpg,normal_144,normal_144,20901,103529
normal_144_20901_119913.jpg,normal_144,normal_144,20901,119913
normal_144_21825_161838.jpg,normal_144,normal_144,21825,161838
normal_144_37285_103529.jpg,normal_144,normal_144,37285,103529
normal_144_37285_119913.jpg,normal_144,normal_144,37285,119913
normal_144_41162_158574.jpg,normal_144,normal_144,41162,158574
normal_144_42346_107241.jpg,normal_144,normal_144,42346,107241
normal_144_53669_119913.jpg,normal_144,normal_144,53669,119913
normal_144_53669_136297.jpg,normal_144,normal_144,53669,136297
normal_144_53669_152681.jpg,normal_144,normal_144,53669,152681
normal_144_5441_161838.jpg,normal_144,normal_144,5441,161838
normal_144_70053_136297.jpg,normal_144,normal_144,70053,136297
normal_145_106432_0.jpg,normal_145,normal_145,106432,0
normal_145_108160_88832.jpg,normal_145,normal_145,108160,88832
normal_145_117120_80128.jpg,normal_145,normal_145,117120,80128
normal_145_34176_84800.jpg,normal_145,normal_145,34176,84800
normal_145_40896_0.jpg,normal_145,normal_145,40896,0
normal_145_42624_72448.jpg,normal_145,normal_145,42624,72448
normal_145_42624_88832.jpg,normal_145,normal_145,42624,88832
normal_145_50944_57600.jpg,normal_145,normal_145,50944,57600
normal_145_57280_0.jpg,normal_145,normal_145,57280,0
normal_145_57280_16384.jpg,normal_145,normal_145,57280,16384
normal_145_59008_56064.jpg,normal_145,normal_145,59008,56064
normal_145_59008_72448.jpg,normal_145,normal_145,59008,72448
normal_145_59008_88832.jpg,normal_145,normal_145,59008,88832
normal_145_73664_0.jpg,normal_145,normal_145,73664,0
normal_145_73664_16384.jpg,normal_145,normal_145,73664,16384
normal_145_75392_56064.jpg,normal_145,normal_145,75392,56064
normal_145_90048_0.jpg,normal_145,normal_145,90048,0
normal_145_90048_16384.jpg,normal_145,normal_145,90048,16384
normal_145_91776_56064.jpg,normal_145,normal_145,91776,56064
normal_145_91776_88832.jpg,normal_145,normal_145,91776,88832
normal_146_10304_19584.jpg,normal_146,normal_146,10304,19584
normal_146_103360_26112.jpg,normal_146,normal_146,103360,26112
normal_146_109888_10304.jpg,normal_146,normal_146,109888,10304
normal_146_112320_41472.jpg,normal_146,normal_146,112320,41472
normal_146_112320_57856.jpg,normal_146,normal_146,112320,57856
normal_146_128704_41472.jpg,normal_146,normal_146,128704,41472
normal_146_128704_57856.jpg,normal_146,normal_146,128704,57856
normal_146_16960_46976.jpg,normal_146,normal_146,16960,46976
normal_146_26688_19584.jpg,normal_146,normal_146,26688,19584
normal_146_38976_36224.jpg,normal_146,normal_146,38976,36224
normal_146_38976_52608.jpg,normal_146,normal_146,38976,52608
normal_146_41920_6144.jpg,normal_146,normal_146,41920,6144
normal_146_43072_19584.jpg,normal_146,normal_146,43072,19584
normal_146_55360_36224.jpg,normal_146,normal_146,55360,36224
normal_146_55360_52608.jpg,normal_146,normal_146,55360,52608
normal_146_86976_26112.jpg,normal_146,normal_146,86976,26112
normal_146_90688_54592.jpg,normal_146,normal_146,90688,54592
normal_147_100416_56576.jpg,normal_147,normal_147,100416,56576
normal_147_10112_46848.jpg,normal_147,normal_147,10112,46848
normal_147_102784_28032.jpg,normal_147,normal_147,102784,28032
normal_147_102784_44416.jpg,normal_147,normal_147,102784,44416
normal_147_118976_25984.jpg,normal_147,normal_147,118976,25984
normal_147_118976_42368.jpg,normal_147,normal_147,118976,42368
normal_147_119040_20608.jpg,normal_147,normal_147,119040,20608
normal_147_12224_36032.jpg,normal_147,normal_147,12224,36032
normal_147_135360_25984.jpg,normal_147,normal_147,135360,25984
normal_147_135360_42368.jpg,normal_147,normal_147,135360,42368
normal_147_135360_9600.jpg,normal_147,normal_147,135360,9600
normal_147_24768_57664.jpg,normal_147,normal_147,24768,57664
normal_147_26496_30464.jpg,normal_147,normal_147,26496,30464
normal_147_41728_24064.jpg,normal_147,normal_147,41728,24064
normal_147_41728_40448.jpg,normal_147,normal_147,41728,40448
normal_147_41728_7680.jpg,normal_147,normal_147,41728,7680
normal_147_52480_58368.jpg,normal_147,normal_147,52480,58368
normal_147_58112_24064.jpg,normal_147,normal_147,58112,24064
normal_147_86400_44416.jpg,normal_147,normal_147,86400,44416
normal_147_89280_32000.jpg,normal_147,normal_147,89280,32000
normal_148_100800_35328.jpg,normal_148,normal_148,100800,35328
normal_148_19648_21376.jpg,normal_148,normal_148,19648,21376
normal_148_82176_34432.jpg,normal_148,normal_148,82176,34432
normal_148_83264_38336.jpg,normal_148,normal_148,83264,38336
normal_148_9216_23040.jpg,normal_148,normal_148,9216,23040
normal_149_104192_25472.jpg,normal_149,normal_149,104192,25472
normal_149_104192_41856.jpg,normal_149,normal_149,104192,41856
normal_149_104192_9088.jpg,normal_149,normal_149,104192,9088
normal_149_24256_21504.jpg,normal_149,normal_149,24256,21504
normal_149_24256_37888.jpg,normal_149,normal_149,24256,37888
normal_149_24256_54272.jpg,normal_149,normal_149,24256,54272
normal_149_40640_21504.jpg,normal_149,normal_149,40640,21504
normal_149_40640_37888.jpg,normal_149,normal_149,40640,37888
normal_149_40640_5120.jpg,normal_149,normal_149,40640,5120
normal_149_40640_70656.jpg,normal_149,normal_149,40640,70656
normal_149_55040_58240.jpg,normal_149,normal_149,55040,58240
normal_149_71424_25472.jpg,normal_149,normal_149,71424,25472
normal_149_71424_41856.jpg,normal_149,normal_149,71424,41856
normal_149_71424_58240.jpg,normal_149,normal_149,71424,58240
normal_149_87808_25472.jpg,normal_149,normal_149,87808,25472
normal_149_87808_41856.jpg,normal_149,normal_149,87808,41856
normal_149_87808_58240.jpg,normal_149,normal_149,87808,58240
normal_149_87808_9088.jpg,normal_149,normal_149,87808,9088
normal_150_10752_19648.jpg,normal_150,normal_150,10752,19648
normal_150_10752_36032.jpg,normal_150,normal_150,10752,36032
normal_150_27136_36032.jpg,normal_150,normal_150,27136,36032
normal_150_30592_23168.jpg,normal_150,normal_150,30592,23168
normal_150_30592_39552.jpg,normal_150,normal_150,30592,39552
normal_150_30592_6784.jpg,normal_150,normal_150,30592,6784
normal_150_46976_23168.jpg,normal_150,normal_150,46976,23168
normal_151_20416_24000.jpg,normal_151,normal_151,20416,24000
normal_151_20416_40384.jpg,normal_151,normal_151,20416,40384
normal_151_20416_7616.jpg,normal_151,normal_151,20416,7616
normal_151_20672_54400.jpg,normal_151,normal_151,20672,54400
normal_151_20672_70784.jpg,normal_151,normal_151,20672,70784
normal_151_36800_24000.jpg,normal_151,normal_151,36800,24000
normal_151_36800_40384.jpg,normal_151,normal_151,36800,40384
normal_151_36800_7616.jpg,normal_151,normal_151,36800,7616
normal_151_37056_38016.jpg,normal_151,normal_151,37056,38016
normal_151_37056_54400.jpg,normal_151,normal_151,37056,54400
normal_151_37056_70784.jpg,normal_151,normal_151,37056,70784
normal_151_37056_87168.jpg,normal_151,normal_151,37056,87168
normal_151_53440_38016.jpg,normal_151,normal_151,53440,38016
normal_151_53440_54400.jpg,normal_151,normal_151,53440,54400
normal_151_53440_70784.jpg,normal_151,normal_151,53440,70784
normal_151_54528_41664.jpg,normal_151,normal_151,54528,41664
normal_152_42560_45952.jpg,normal_152,normal_152,42560,45952
normal_152_54400_21888.jpg,normal_152,normal_152,54400,21888
normal_152_70784_5504.jpg,normal_152,normal_152,70784,5504
normal_152_87168_21888.jpg,normal_152,normal_152,87168,21888
normal_152_9792_13184.jpg,normal_152,normal_152,9792,13184
normal_153_15040_39616.jpg,normal_153,normal_153,15040,39616
normal_153_25600_7296.jpg,normal_153,normal_153,25600,7296
normal_153_31424_39616.jpg,normal_153,normal_153,31424,39616
normal_153_41984_23680.jpg,normal_153,normal_153,41984,23680
normal_153_52416_24960.jpg,normal_153,normal_153,52416,24960
normal_153_52416_41344.jpg,normal_153,normal_153,52416,41344
normal_153_52416_8576.jpg,normal_153,normal_153,52416,8576
normal_153_68800_24960.jpg,normal_153,normal_153,68800,24960
normal_153_68800_41344.jpg,normal_153,normal_153,68800,41344
normal_153_68800_8576.jpg,normal_153,normal_153,68800,8576
normal_153_9216_23680.jpg,normal_153,normal_153,9216,23680
normal_153_9216_7296.jpg,normal_153,normal_153,9216,7296
normal_154_10624_24704.jpg,normal_154,normal_154,10624,24704
normal_154_10624_41088.jpg,normal_154,normal_154,10624,41088
normal_154_107456_22656.jpg,normal_154,normal_154,107456,22656
normal_154_107456_39040.jpg,normal_154,normal_154,107456,39040
normal_154_107456_55424.jpg,normal_154,normal_154,107456,55424
normal_154_123840_22656.jpg,normal_154,normal_154,123840,22656
normal_154_123840_39040.jpg,normal_154,normal_154,123840,39040
normal_154_18112_39360.jpg,normal_154,normal_154,18112,39360
normal_154_27008_24704.jpg,normal_154,normal_154,27008,24704
normal_154_27008_8320.jpg,normal_154,normal_154,27008,8320
normal_154_34496_22976.jpg,normal_154,normal_154,34496,22976
normal_154_34496_39360.jpg,normal_154,normal_154,34496,39360
normal_154_34496_55744.jpg,normal_154,normal_154,34496,55744
normal_154_50880_22976.jpg,normal_154,normal_154,50880,22976
normal_154_50880_39360.jpg,normal_154,normal_154,50880,39360
normal_154_82432_25600.jpg,normal_154,normal_154,82432,25600
normal_154_82432_41984.jpg,normal_154,normal_154,82432,41984
normal_154_91072_39040.jpg,normal_154,normal_154,91072,39040
normal_154_98816_25600.jpg,normal_154,normal_154,98816,25600
normal_154_98816_9216.jpg,normal_154,normal_154,98816,9216
normal_155_10048_11456.jpg,normal_155,normal_155,10048,11456
normal_155_10048_27840.jpg,normal_155,normal_155,10048,27840
normal_155_18048_33024.jpg,normal_155,normal_155,18048,33024
normal_155_26432_11456.jpg,normal_155,normal_155,26432,11456
normal_155_32192_52800.jpg,normal_155,normal_155,32192,52800
normal_155_64896_24064.jpg,normal_155,normal_155,64896,24064
normal_155_64896_7680.jpg,normal_155,normal_155,64896,7680
normal_155_74432_27904.jpg,normal_155,normal_155,74432,27904
normal_155_81280_7680.jpg,normal_155,normal_155,81280,7680
normal_155_89344_48768.jpg,normal_155,normal_155,89344,48768
normal_155_90816_27904.jpg,normal_155,normal_155,90816,27904
normal_156_10240_40128.jpg,normal_156,normal_156,10240,40128
normal_156_26624_23744.jpg,normal_156,normal_156,26624,23744
normal_156_26624_40128.jpg,normal_156,normal_156,26624,40128
normal_156_26624_7360.jpg,normal_156,normal_156,26624,7360
normal_156_48640_10560.jpg,normal_156,normal_156,48640,10560
normal_156_48640_26944.jpg,normal_156,normal_156,48640,26944
normal_156_48640_43328.jpg,normal_156,normal_156,48640,43328
normal_156_64064_26304.jpg,normal_156,normal_156,64064,26304
normal_156_64064_42688.jpg,normal_156,normal_156,64064,42688
normal_156_64064_59072.jpg,normal_156,normal_156,64064,59072
normal_156_65024_26944.jpg,normal_156,normal_156,65024,26944
normal_156_80448_26304.jpg,normal_156,normal_156,80448,26304
normal_156_80448_42688.jpg,normal_156,normal_156,80448,42688
normal_157_25664_19584.jpg,normal_157,normal_157,25664,19584
normal_157_25664_35968.jpg,normal_157,normal_157,25664,35968
normal_157_25664_52352.jpg,normal_157,normal_157,25664,52352
normal_157_25664_68736.jpg,normal_157,normal_157,25664,68736
normal_157_42048_19584.jpg,normal_157,normal_157,42048,19584
normal_157_42048_35968.jpg,normal_157,normal_157,42048,35968
normal_157_64576_24064.jpg,normal_157,normal_157,64576,24064
normal_157_64576_40448.jpg,normal_157,normal_157,64576,40448
normal_157_64576_7680.jpg,normal_157,normal_157,64576,7680
normal_157_80960_24064.jpg,normal_157,normal_157,80960,24064
normal_157_80960_40448.jpg,normal_157,normal_157,80960,40448
normal_157_80960_7680.jpg,normal_157,normal_157,80960,7680
normal_157_9280_35968.jpg,normal_157,normal_157,9280,35968
normal_157_9280_52352.jpg,normal_157,normal_157,9280,52352
normal_157_9280_68736.jpg,normal_157,normal_157,9280,68736
normal_157_97344_40448.jpg,normal_157,normal_157,97344,40448
normal_158_10752_24896.jpg,normal_158,normal_158,10752,24896
normal_158_107968_35712.jpg,normal_158,normal_158,107968,35712
normal_158_107968_52096.jpg,normal_158,normal_158,107968,52096
normal_158_113408_25792.jpg,normal_158,normal_158,113408,25792
normal_158_113408_9408.jpg,normal_158,normal_158,113408,9408
normal_158_124352_35712.jpg,normal_158,normal_158,124352,35712
normal_158_22976_50240.jpg,normal_158,normal_158,22976,50240
normal_158_27136_24896.jpg,normal_158,normal_158,27136,24896
normal_158_27136_8512.jpg,normal_158,normal_158,27136,8512
normal_158_39360_33856.jpg,normal_158,normal_158,39360,33856
normal_158_39360_50240.jpg,normal_158,normal_158,39360,50240
normal_158_43520_24896.jpg,normal_158,normal_158,43520,24896
normal_158_43520_8512.jpg,normal_158,normal_158,43520,8512
normal_158_55744_33856.jpg,normal_158,normal_158,55744,33856
normal_158_80640_25792.jpg,normal_158,normal_158,80640,25792
normal_158_91584_52096.jpg,normal_158,normal_158,91584,52096
normal_158_97024_25792.jpg,normal_158,normal_158,97024,25792
normal_158_97024_9408.jpg,normal_158,normal_158,97024,9408
normal_159_25664_24960.jpg,normal_159,normal_159,25664,24960
normal_159_25664_41344.jpg,normal_159,normal_159,25664,41344
normal_159_25664_57728.jpg,normal_159,normal_159,25664,57728
normal_159_42048_24960.jpg,normal_159,normal_159,42048,24960
normal_159_42048_57728.jpg,normal_159,normal_159,42048,57728
normal_159_63104_23488.jpg,normal_159,normal_159,63104,23488
normal_159_63104_39872.jpg,normal_159,normal_159,63104,39872
normal_159_63104_56256.jpg,normal_159,normal_159,63104,56256
normal_159_79488_39872.jpg,normal_159,normal_159,79488,39872
normal_159_79488_56256.jpg,normal_159,normal_159,79488,56256
normal_159_82816_31296.jpg,normal_159,normal_159,82816,31296
normal_159_9280_24960.jpg,normal_159,normal_159,9280,24960
normal_159_9280_41344.jpg,normal_159,normal_159,9280,41344
normal_159_95872_39872.jpg,normal_159,normal_159,95872,39872
normal_160_102272_26240.jpg,normal_160,normal_160,102272,26240
normal_160_102272_42624.jpg,normal_160,normal_160,102272,42624
normal_160_109248_50048.jpg,normal_160,normal_160,109248,50048
normal_160_109248_66432.jpg,normal_160,normal_160,109248,66432
normal_160_11968_25408.jpg,normal_160,normal_160,11968,25408
normal_160_11968_41792.jpg,normal_160,normal_160,11968,41792
normal_160_125632_66432.jpg,normal_160,normal_160,125632,66432
normal_160_28352_25408.jpg,normal_160,normal_160,28352,25408
normal_160_28352_41792.jpg,normal_160,normal_160,28352,41792
normal_160_30144_49536.jpg,normal_160,normal_160,30144,49536
normal_160_30144_65920.jpg,normal_160,normal_160,30144,65920
normal_160_46528_65920.jpg,normal_160,normal_160,46528,65920
normal_160_85888_26240.jpg,normal_160,normal_160,85888,26240
normal_160_85888_42624.jpg,normal_160,normal_160,85888,42624
tumor_001_24896_59712.jpg,tumor_001,tumor_001,24896,59712
tumor_001_24896_76096.jpg,tumor_001,tumor_001,24896,76096
tumor_001_41280_76096.jpg,tumor_001,tumor_001,41280,76096
tumor_001_47552_125760.jpg,tumor_001,tumor_001,47552,125760
tumor_001_48000_112512.jpg,tumor_001,tumor_001,48000,112512
tumor_001_768_121024.jpg,tumor_001,tumor_001,768,121024
tumor_001_8512_76096.jpg,tumor_001,tumor_001,8512,76096
tumor_002_18112_89600.jpg,tumor_002,tumor_002,18112,89600
tumor_002_34496_105984.jpg,tumor_002,tumor_002,34496,105984
tumor_002_34496_89600.jpg,tumor_002,tumor_002,34496,89600
tumor_002_35456_138688.jpg,tumor_002,tumor_002,35456,138688
tumor_002_58304_110144.jpg,tumor_002,tumor_002,58304,110144
tumor_003_26432_141056.jpg,tumor_003,tumor_003,26432,141056
tumor_003_35072_106944.jpg,tumor_003,tumor_003,35072,106944
tumor_003_51456_106944.jpg,tumor_003,tumor_003,51456,106944
tumor_003_59968_128832.jpg,tumor_003,tumor_003,59968,128832
tumor_003_59968_145216.jpg,tumor_003,tumor_003,59968,145216
tumor_003_76352_128832.jpg,tumor_003,tumor_003,76352,128832
tumor_003_76352_145216.jpg,tumor_003,tumor_003,76352,145216
tumor_004_24576_116224.jpg,tumor_004,tumor_004,24576,116224
tumor_004_24576_83456.jpg,tumor_004,tumor_004,24576,83456
tumor_004_24576_99840.jpg,tumor_004,tumor_004,24576,99840
tumor_004_25024_145472.jpg,tumor_004,tumor_004,25024,145472
tumor_004_25024_161856.jpg,tumor_004,tumor_004,25024,161856
tumor_004_25024_178240.jpg,tumor_004,tumor_004,25024,178240
tumor_004_41408_145472.jpg,tumor_004,tumor_004,41408,145472
tumor_004_41408_161856.jpg,tumor_004,tumor_004,41408,161856
tumor_004_41408_178240.jpg,tumor_004,tumor_004,41408,178240
tumor_004_60096_134528.jpg,tumor_004,tumor_004,60096,134528
tumor_004_60096_150912.jpg,tumor_004,tumor_004,60096,150912
tumor_004_60096_167296.jpg,tumor_004,tumor_004,60096,167296
tumor_004_65088_93888.jpg,tumor_004,tumor_004,65088,93888
tumor_004_76480_150912.jpg,tumor_004,tumor_004,76480,150912
tumor_004_76480_167296.jpg,tumor_004,tumor_004,76480,167296
tumor_005_18752_159232.jpg,tumor_005,tumor_005,18752,159232
tumor_005_32000_144512.jpg,tumor_005,tumor_005,32000,144512
tumor_005_35136_159232.jpg,tumor_005,tumor_005,35136,159232
tumor_005_48384_144512.jpg,tumor_005,tumor_005,48384,144512
tumor_006_23936_106240.jpg,tumor_006,tumor_006,23936,106240
tumor_006_23936_73472.jpg,tumor_006,tumor_006,23936,73472
tumor_006_23936_89856.jpg,tumor_006,tumor_006,23936,89856
tumor_006_32832_107776.jpg,tumor_006,tumor_006,32832,107776
tumor_006_40320_73472.jpg,tumor_006,tumor_006,40320,73472
tumor_006_40320_89856.jpg,tumor_006,tumor_006,40320,89856
tumor_006_49600_157632.jpg,tumor_006,tumor_006,49600,157632
tumor_006_52416_76736.jpg,tumor_006,tumor_006,52416,76736
tumor_006_52416_93120.jpg,tumor_006,tumor_006,52416,93120
tumor_006_65984_157632.jpg,tumor_006,tumor_006,65984,157632
tumor_006_68800_109504.jpg,tumor_006,tumor_006,68800,109504
tumor_006_68800_76736.jpg,tumor_006,tumor_006,68800,76736
tumor_006_68800_93120.jpg,tumor_006,tumor_006,68800,93120
tumor_006_74240_125504.jpg,tumor_006,tumor_006,74240,125504
tumor_006_74240_141888.jpg,tumor_006,tumor_006,74240,141888
tumor_006_74240_158272.jpg,tumor_006,tumor_006,74240,158272
tumor_006_7552_89856.jpg,tumor_006,tumor_006,7552,89856
tumor_006_78656_117312.jpg,tumor_006,tumor_006,78656,117312
tumor_007_10432_101440.jpg,tumor_007,tumor_007,10432,101440
tumor_007_10432_117824.jpg,tumor_007,tumor_007,10432,117824
tumor_007_11840_138752.jpg,tumor_007,tumor_007,11840,138752
tumor_007_11840_155136.jpg,tumor_007,tumor_007,11840,155136
tumor_007_26816_101440.jpg,tumor_007,tumor_007,26816,101440
tumor_007_26816_117824.jpg,tumor_007,tumor_007,26816,117824
tumor_007_28224_138752.jpg,tumor_007,tumor_007,28224,138752
tumor_007_28224_155136.jpg,tumor_007,tumor_007,28224,155136
tumor_007_36224_114816.jpg,tumor_007,tumor_007,36224,114816
tumor_007_36224_131200.jpg,tumor_007,tumor_007,36224,131200
tumor_007_52608_114816.jpg,tumor_007,tumor_007,52608,114816
tumor_007_52608_131200.jpg,tumor_007,tumor_007,52608,131200
tumor_008_1536_103168.jpg,tumor_008,tumor_008,1536,103168
tumor_008_1536_119552.jpg,tumor_008,tumor_008,1536,119552
tumor_008_1536_135936.jpg,tumor_008,tumor_008,1536,135936
tumor_008_1536_152320.jpg,tumor_008,tumor_008,1536,152320
tumor_008_17920_103168.jpg,tumor_008,tumor_008,17920,103168
tumor_008_34304_103168.jpg,tumor_008,tumor_008,34304,103168
tumor_008_36928_104704.jpg,tumor_008,tumor_008,36928,104704
tumor_008_36928_71936.jpg,tumor_008,tumor_008,36928,71936
tumor_008_36928_88320.jpg,tumor_008,tumor_008,36928,88320
tumor_008_53312_104704.jpg,tumor_008,tumor_008,53312,104704
tumor_008_53312_71936.jpg,tumor_008,tumor_008,53312,71936
tumor_008_53312_88320.jpg,tumor_008,tumor_008,53312,88320
tumor_008_69696_88320.jpg,tumor_008,tumor_008,69696,88320
tumor_008_86080_104704.jpg,tumor_008,tumor_008,86080,104704
tumor_009_11456_136512.jpg,tumor_009,tumor_009,11456,136512
tumor_009_11456_152896.jpg,tumor_009,tumor_009,11456,152896
tumor_009_23808_104512.jpg,tumor_009,tumor_009,23808,104512
tumor_009_27840_152896.jpg,tumor_009,tumor_009,27840,152896
tumor_009_27840_169280.jpg,tumor_009,tumor_009,27840,169280
tumor_009_40192_104512.jpg,tumor_009,tumor_009,40192,104512
tumor_009_43904_103552.jpg,tumor_009,tumor_009,43904,103552
tumor_009_45504_67200.jpg,tumor_009,tumor_009,45504,67200
tumor_009_56576_120896.jpg,tumor_009,tumor_009,56576,120896
tumor_009_61888_67200.jpg,tumor_009,tumor_009,61888,67200
tumor_009_72960_120896.jpg,tumor_009,tumor_009,72960,120896
tumor_009_78272_83584.jpg,tumor_009,tumor_009,78272,83584
tumor_010_15680_153600.jpg,tumor_010,tumor_010,15680,153600
tumor_010_24832_110848.jpg,tumor_010,tumor_010,24832,110848
tumor_010_24832_94464.jpg,tumor_010,tumor_010,24832,94464
tumor_010_32064_137216.jpg,tumor_010,tumor_010,32064,137216
tumor_010_32064_153600.jpg,tumor_010,tumor_010,32064,153600
tumor_010_41216_94464.jpg,tumor_010,tumor_010,41216,94464
tumor_010_48448_153600.jpg,tumor_010,tumor_010,48448,153600
tumor_010_57600_110848.jpg,tumor_010,tumor_010,57600,110848
tumor_010_57600_94464.jpg,tumor_010,tumor_010,57600,94464
tumor_010_64832_153600.jpg,tumor_010,tumor_010,64832,153600
tumor_010_73984_110848.jpg,tumor_010,tumor_010,73984,110848
tumor_011_32640_100160.jpg,tumor_011,tumor_011,32640,100160
tumor_011_33216_88448.jpg,tumor_011,tumor_011,33216,88448
tumor_011_49024_100160.jpg,tumor_011,tumor_011,49024,100160
tumor_011_52032_143424.jpg,tumor_011,tumor_011,52032,143424
tumor_011_65408_100160.jpg,tumor_011,tumor_011,65408,100160
tumor_011_68416_143424.jpg,tumor_011,tumor_011,68416,143424
tumor_012_38336_52096.jpg,tumor_012,tumor_012,38336,52096
tumor_012_38336_68480.jpg,tumor_012,tumor_012,38336,68480
tumor_012_39168_110528.jpg,tumor_012,tumor_012,39168,110528
tumor_012_39168_126912.jpg,tumor_012,tumor_012,39168,126912
tumor_012_46208_89152.jpg,tumor_012,tumor_012,46208,89152
tumor_012_54720_52096.jpg,tumor_012,tumor_012,54720,52096
tumor_012_55552_110528.jpg,tumor_012,tumor_012,55552,110528
tumor_013_22400_161984.jpg,tumor_013,tumor_013,22400,161984
tumor_013_38784_161984.jpg,tumor_013,tumor_013,38784,161984
tumor_013_51520_140160.jpg,tumor_013,tumor_013,51520,140160
tumor_013_51520_156544.jpg,tumor_013,tumor_013,51520,156544
tumor_013_62592_103232.jpg,tumor_013,tumor_013,62592,103232
tumor_013_67904_140160.jpg,tumor_013,tumor_013,67904,140160
tumor_013_67904_156544.jpg,tumor_013,tumor_013,67904,156544
tumor_013_70656_101440.jpg,tumor_013,tumor_013,70656,101440
tumor_014_18560_70976.jpg,tumor_014,tumor_014,18560,70976
tumor_014_18560_87360.jpg,tumor_014,tumor_014,18560,87360
tumor_014_31872_106880.jpg,tumor_014,tumor_014,31872,106880
tumor_014_34944_54592.jpg,tumor_014,tumor_014,34944,54592
tumor_014_34944_70976.jpg,tumor_014,tumor_014,34944,70976
tumor_014_34944_87360.jpg,tumor_014,tumor_014,34944,87360
tumor_014_48256_106880.jpg,tumor_014,tumor_014,48256,106880
tumor_014_51328_54592.jpg,tumor_014,tumor_014,51328,54592
tumor_014_51328_70976.jpg,tumor_014,tumor_014,51328,70976
tumor_014_52864_119808.jpg,tumor_014,tumor_014,52864,119808
tumor_014_61696_34176.jpg,tumor_014,tumor_014,61696,34176
tumor_015_17024_102976.jpg,tumor_015,tumor_015,17024,102976
tumor_015_17024_119360.jpg,tumor_015,tumor_015,17024,119360
tumor_015_17024_135744.jpg,tumor_015,tumor_015,17024,135744
tumor_015_17024_152128.jpg,tumor_015,tumor_015,17024,152128
tumor_015_17024_168512.jpg,tumor_015,tumor_015,17024,168512
tumor_015_17024_70208.jpg,tumor_015,tumor_015,17024,70208
tumor_015_17024_86592.jpg,tumor_015,tumor_015,17024,86592
tumor_015_33408_102976.jpg,tumor_015,tumor_015,33408,102976
tumor_015_33408_119360.jpg,tumor_015,tumor_015,33408,119360
tumor_015_33408_135744.jpg,tumor_015,tumor_015,33408,135744
tumor_015_33408_152128.jpg,tumor_015,tumor_015,33408,152128
tumor_015_33408_168512.jpg,tumor_015,tumor_015,33408,168512
tumor_015_33408_86592.jpg,tumor_015,tumor_015,33408,86592
tumor_015_54208_105408.jpg,tumor_015,tumor_015,54208,105408
tumor_015_54208_72640.jpg,tumor_015,tumor_015,54208,72640
tumor_015_54208_89024.jpg,tumor_015,tumor_015,54208,89024
tumor_015_61504_113664.jpg,tumor_015,tumor_015,61504,113664
tumor_015_61504_130048.jpg,tumor_015,tumor_015,61504,130048
tumor_015_640_102976.jpg,tumor_015,tumor_015,640,102976
tumor_015_640_119360.jpg,tumor_015,tumor_015,640,119360
tumor_015_640_135744.jpg,tumor_015,tumor_015,640,135744
tumor_015_640_152128.jpg,tumor_015,tumor_015,640,152128
tumor_015_640_86592.jpg,tumor_015,tumor_015,640,86592
tumor_015_70592_72640.jpg,tumor_015,tumor_015,70592,72640
tumor_015_70592_89024.jpg,tumor_015,tumor_015,70592,89024
tumor_015_77888_113664.jpg,tumor_015,tumor_015,77888,113664
tumor_015_77888_130048.jpg,tumor_015,tumor_015,77888,130048
tumor_016_24512_131264.jpg,tumor_016,tumor_016,24512,131264
tumor_016_24512_147648.jpg,tumor_016,tumor_016,24512,147648
tumor_016_40896_131264.jpg,tumor_016,tumor_016,40896,131264
tumor_016_40896_147648.jpg,tumor_016,tumor_016,40896,147648
tumor_016_45056_94528.jpg,tumor_016,tumor_016,45056,94528
tumor_017_10880_88768.jpg,tumor_017,tumor_017,10880,88768
tumor_017_27264_72384.jpg,tumor_017,tumor_017,27264,72384
tumor_017_43648_72384.jpg,tumor_017,tumor_017,43648,72384
tumor_017_59840_115648.jpg,tumor_017,tumor_017,59840,115648
tumor_017_59840_132032.jpg,tumor_017,tumor_017,59840,132032
tumor_017_60032_72384.jpg,tumor_017,tumor_017,60032,72384
tumor_017_76224_132032.jpg,tumor_017,tumor_017,76224,132032
tumor_017_76224_148416.jpg,tumor_017,tumor_017,76224,148416
tumor_017_9216_116608.jpg,tumor_017,tumor_017,9216,116608
tumor_018_15232_158080.jpg,tumor_018,tumor_018,15232,158080
tumor_018_17728_66880.jpg,tumor_018,tumor_018,17728,66880
tumor_018_31616_158080.jpg,tumor_018,tumor_018,31616,158080
tumor_018_34112_66880.jpg,tumor_018,tumor_018,34112,66880
tumor_018_44864_154560.jpg,tumor_018,tumor_018,44864,154560
tumor_018_45120_131520.jpg,tumor_018,tumor_018,45120,131520
tumor_018_46592_38720.jpg,tumor_018,tumor_018,46592,38720
tumor_018_47168_61888.jpg,tumor_018,tumor_018,47168,61888
tumor_018_51584_122368.jpg,tumor_018,tumor_018,51584,122368
tumor_018_51584_138752.jpg,tumor_018,tumor_018,51584,138752
tumor_018_53440_28480.jpg,tumor_018,tumor_018,53440,28480
tumor_018_53440_44864.jpg,tumor_018,tumor_018,53440,44864
tumor_018_67968_122368.jpg,tumor_018,tumor_018,67968,122368
tumor_018_67968_138752.jpg,tumor_018,tumor_018,67968,138752
tumor_018_69824_28480.jpg,tumor_018,tumor_018,69824,28480
tumor_018_69824_44864.jpg,tumor_018,tumor_018,69824,44864
tumor_019_49024_68928.jpg,tumor_019,tumor_019,49024,68928
tumor_019_49024_85312.jpg,tumor_019,tumor_019,49024,85312
tumor_020_12608_104128.jpg,tumor_020,tumor_020,12608,104128
tumor_020_25344_153920.jpg,tumor_020,tumor_020,25344,153920
tumor_020_28992_120512.jpg,tumor_020,tumor_020,28992,120512
tumor_020_41728_153920.jpg,tumor_020,tumor_020,41728,153920
tumor_020_63040_110592.jpg,tumor_020,tumor_020,63040,110592
tumor_020_66240_145600.jpg,tumor_020,tumor_020,66240,145600
tumor_020_82624_161984.jpg,tumor_020,tumor_020,82624,161984
tumor_021_20096_100928.jpg,tumor_021,tumor_021,20096,100928
tumor_021_20096_117312.jpg,tumor_021,tumor_021,20096,117312
tumor_021_20096_133696.jpg,tumor_021,tumor_021,20096,133696
tumor_021_20096_51776.jpg,tumor_021,tumor_021,20096,51776
tumor_021_20096_68160.jpg,tumor_021,tumor_021,20096,68160
tumor_021_20096_84544.jpg,tumor_021,tumor_021,20096,84544
tumor_021_36480_100928.jpg,tumor_021,tumor_021,36480,100928
tumor_021_36480_117312.jpg,tumor_021,tumor_021,36480,117312
tumor_021_36480_133696.jpg,tumor_021,tumor_021,36480,133696
tumor_021_36480_68160.jpg,tumor_021,tumor_021,36480,68160
tumor_021_36480_84544.jpg,tumor_021,tumor_021,36480,84544
tumor_021_3712_117312.jpg,tumor_021,tumor_021,3712,117312
tumor_021_52864_117312.jpg,tumor_021,tumor_021,52864,117312
tumor_021_52864_133696.jpg,tumor_021,tumor_021,52864,133696
tumor_021_52864_51776.jpg,tumor_021,tumor_021,52864,51776
tumor_021_52864_68160.jpg,tumor_021,tumor_021,52864,68160
tumor_022_32704_121856.jpg,tumor_022,tumor_022,32704,121856
tumor_022_44608_180800.jpg,tumor_022,tumor_022,44608,180800
tumor_022_49088_105472.jpg,tumor_022,tumor_022,49088,105472
tumor_022_49088_121856.jpg,tumor_022,tumor_022,49088,121856
tumor_022_49088_138240.jpg,tumor_022,tumor_022,49088,138240
tumor_022_49088_154624.jpg,tumor_022,tumor_022,49088,154624
tumor_022_52992_179648.jpg,tumor_022,tumor_022,52992,179648
tumor_023_20800_135680.jpg,tumor_023,tumor_023,20800,135680
tumor_023_37184_119296.jpg,tumor_023,tumor_023,37184,119296
tumor_023_37184_135680.jpg,tumor_023,tumor_023,37184,135680
tumor_023_72448_144832.jpg,tumor_023,tumor_023,72448,144832
tumor_024_15104_116160.jpg,tumor_024,tumor_024,15104,116160
tumor_024_15104_99776.jpg,tumor_024,tumor_024,15104,99776
tumor_024_31488_116160.jpg,tumor_024,tumor_024,31488,116160
tumor_024_31488_83392.jpg,tumor_024,tumor_024,31488,83392
tumor_024_31488_99776.jpg,tumor_024,tumor_024,31488,99776
tumor_024_47872_116160.jpg,tumor_024,tumor_024,47872,116160
tumor_024_47872_132544.jpg,tumor_024,tumor_024,47872,132544
tumor_024_47872_83392.jpg,tumor_024,tumor_024,47872,83392
tumor_024_47872_99776.jpg,tumor_024,tumor_024,47872,99776
tumor_024_58944_156992.jpg,tumor_024,tumor_024,58944,156992
tumor_024_60352_177216.jpg,tumor_024,tumor_024,60352,177216
tumor_024_64256_116160.jpg,tumor_024,tumor_024,64256,116160
tumor_024_64256_132544.jpg,tumor_024,tumor_024,64256,132544
tumor_024_64256_99776.jpg,tumor_024,tumor_024,64256,99776
tumor_024_80640_116160.jpg,tumor_024,tumor_024,80640,116160
tumor_024_80640_132544.jpg,tumor_024,tumor_024,80640,132544
tumor_025_29568_148800.jpg,tumor_025,tumor_025,29568,148800
tumor_025_33984_106112.jpg,tumor_025,tumor_025,33984,106112
tumor_025_41536_129728.jpg,tumor_025,tumor_025,41536,129728
tumor_025_45952_148800.jpg,tumor_025,tumor_025,45952,148800
tumor_025_50368_122496.jpg,tumor_025,tumor_025,50368,122496
tumor_025_57920_129728.jpg,tumor_025,tumor_025,57920,129728
tumor_025_62336_148800.jpg,tumor_025,tumor_025,62336,148800
tumor_025_66752_106112.jpg,tumor_025,tumor_025,66752,106112
tumor_025_66752_122496.jpg,tumor_025,tumor_025,66752,122496
tumor_026_11840_100672.jpg,tumor_026,tumor_026,11840,100672
tumor_026_11840_117056.jpg,tumor_026,tumor_026,11840,117056
tumor_026_11840_84288.jpg,tumor_026,tumor_026,11840,84288
tumor_026_25856_146112.jpg,tumor_026,tumor_026,25856,146112
tumor_026_42240_162496.jpg,tumor_026,tumor_026,42240,162496
tumor_026_42240_178880.jpg,tumor_026,tumor_026,42240,178880
tumor_026_43840_189376.jpg,tumor_026,tumor_026,43840,189376
tumor_026_48000_102208.jpg,tumor_026,tumor_026,48000,102208
tumor_026_50496_90432.jpg,tumor_026,tumor_026,50496,90432
tumor_026_55616_106176.jpg,tumor_026,tumor_026,55616,106176
tumor_026_55616_122560.jpg,tumor_026,tumor_026,55616,122560
tumor_026_55616_89792.jpg,tumor_026,tumor_026,55616,89792
tumor_026_57472_155136.jpg,tumor_026,tumor_026,57472,155136
tumor_026_57472_171520.jpg,tumor_026,tumor_026,57472,171520
tumor_026_72000_106176.jpg,tumor_026,tumor_026,72000,106176
tumor_026_72000_122560.jpg,tumor_026,tumor_026,72000,122560
tumor_026_72000_89792.jpg,tumor_026,tumor_026,72000,89792
tumor_026_73856_155136.jpg,tumor_026,tumor_026,73856,155136
tumor_026_9472_162496.jpg,tumor_026,tumor_026,9472,162496
tumor_026_9472_178880.jpg,tumor_026,tumor_026,9472,178880
tumor_027_12544_124992.jpg,tumor_027,tumor_027,12544,124992
tumor_027_18048_56384.jpg,tumor_027,tumor_027,18048,56384
tumor_027_18048_72768.jpg,tumor_027,tumor_027,18048,72768
tumor_027_28928_108608.jpg,tumor_027,tumor_027,28928,108608
tumor_027_34432_56384.jpg,tumor_027,tumor_027,34432,56384
tumor_027_34432_72768.jpg,tumor_027,tumor_027,34432,72768
tumor_027_34432_89152.jpg,tumor_027,tumor_027,34432,89152
tumor_027_50816_72768.jpg,tumor_027,tumor_027,50816,72768
tumor_027_63232_145216.jpg,tumor_027,tumor_027,63232,145216
tumor_027_67264_121472.jpg,tumor_027,tumor_027,67264,121472
tumor_027_70208_78400.jpg,tumor_027,tumor_027,70208,78400
tumor_027_70208_94784.jpg,tumor_027,tumor_027,70208,94784
tumor_027_79552_75392.jpg,tumor_027,tumor_027,79552,75392
tumor_028_18496_100096.jpg,tumor_028,tumor_028,18496,100096
tumor_028_18496_83712.jpg,tumor_028,tumor_028,18496,83712
tumor_028_34880_100096.jpg,tumor_028,tumor_028,34880,100096
tumor_028_34880_83712.jpg,tumor_028,tumor_028,34880,83712
tumor_028_37632_122240.jpg,tumor_028,tumor_028,37632,122240
tumor_028_37696_144512.jpg,tumor_028,tumor_028,37696,144512
tumor_028_37696_160896.jpg,tumor_028,tumor_028,37696,160896
tumor_028_40640_42176.jpg,tumor_028,tumor_028,40640,42176
tumor_028_40640_58560.jpg,tumor_028,tumor_028,40640,58560
tumor_028_51264_100096.jpg,tumor_028,tumor_028,51264,100096
tumor_028_51264_83712.jpg,tumor_028,tumor_028,51264,83712
tumor_028_54016_122240.jpg,tumor_028,tumor_028,54016,122240
tumor_028_54080_144512.jpg,tumor_028,tumor_028,54080,144512
tumor_028_54080_160896.jpg,tumor_028,tumor_028,54080,160896
tumor_028_57024_42176.jpg,tumor_028,tumor_028,57024,42176
tumor_028_57024_58560.jpg,tumor_028,tumor_028,57024,58560
tumor_028_70464_144512.jpg,tumor_028,tumor_028,70464,144512
tumor_029_16768_142848.jpg,tumor_029,tumor_029,16768,142848
tumor_029_33152_175616.jpg,tumor_029,tumor_029,33152,175616
tumor_029_49536_159232.jpg,tumor_029,tumor_029,49536,159232
tumor_029_66112_76736.jpg,tumor_029,tumor_029,66112,76736
tumor_029_66112_93120.jpg,tumor_029,tumor_029,66112,93120
tumor_029_82496_93120.jpg,tumor_029,tumor_029,82496,93120
tumor_030_17280_74816.jpg,tumor_030,tumor_030,17280,74816
tumor_030_17280_91200.jpg,tumor_030,tumor_030,17280,91200
tumor_030_20416_120704.jpg,tumor_030,tumor_030,20416,120704
tumor_030_20416_137088.jpg,tumor_030,tumor_030,20416,137088
tumor_030_33664_91200.jpg,tumor_030,tumor_030,33664,91200
tumor_030_36800_137088.jpg,tumor_030,tumor_030,36800,137088
tumor_030_46400_108032.jpg,tumor_030,tumor_030,46400,108032
tumor_030_46400_75264.jpg,tumor_030,tumor_030,46400,75264
tumor_030_46400_91648.jpg,tumor_030,tumor_030,46400,91648
tumor_030_49728_122304.jpg,tumor_030,tumor_030,49728,122304
tumor_030_49728_138688.jpg,tumor_030,tumor_030,49728,138688
tumor_030_49728_155072.jpg,tumor_030,tumor_030,49728,155072
tumor_030_62784_91648.jpg,tumor_030,tumor_030,62784,91648
tumor_030_66112_122304.jpg,tumor_030,tumor_030,66112,122304
tumor_030_66112_138688.jpg,tumor_030,tumor_030,66112,138688
tumor_030_66112_155072.jpg,tumor_030,tumor_030,66112,155072
tumor_031_44032_139904.jpg,tumor_031,tumor_031,44032,139904
tumor_031_44032_156288.jpg,tumor_031,tumor_031,44032,156288
tumor_031_57216_91200.jpg,tumor_031,tumor_031,57216,91200
tumor_032_10880_139776.jpg,tumor_032,tumor_032,10880,139776
tumor_032_13184_150912.jpg,tumor_032,tumor_032,13184,150912
tumor_032_14528_80704.jpg,tumor_032,tumor_032,14528,80704
tumor_032_14528_97088.jpg,tumor_032,tumor_032,14528,97088
tumor_032_29568_150912.jpg,tumor_032,tumor_032,29568,150912
tumor_032_30912_113472.jpg,tumor_032,tumor_032,30912,113472
tumor_032_30912_97088.jpg,tumor_032,tumor_032,30912,97088
tumor_032_40256_131456.jpg,tumor_032,tumor_032,40256,131456
tumor_032_40256_147840.jpg,tumor_032,tumor_032,40256,147840
tumor_032_47296_97088.jpg,tumor_032,tumor_032,47296,97088
tumor_032_52160_102016.jpg,tumor_032,tumor_032,52160,102016
tumor_032_52160_85632.jpg,tumor_032,tumor_032,52160,85632
tumor_032_56640_147840.jpg,tumor_032,tumor_032,56640,147840
tumor_032_68544_102016.jpg,tumor_032,tumor_032,68544,102016
tumor_032_68544_118400.jpg,tumor_032,tumor_032,68544,118400
tumor_032_68544_85632.jpg,tumor_032,tumor_032,68544,85632
tumor_032_73024_131456.jpg,tumor_032,tumor_032,73024,131456
tumor_032_73024_147840.jpg,tumor_032,tumor_032,73024,147840
tumor_033_10176_108672.jpg,tumor_033,tumor_033,10176,108672
tumor_033_26560_108672.jpg,tumor_033,tumor_033,26560,108672
tumor_033_42944_108672.jpg,tumor_033,tumor_033,42944,108672
tumor_033_52480_61248.jpg,tumor_033,tumor_033,52480,61248
tumor_033_52480_77632.jpg,tumor_033,tumor_033,52480,77632
tumor_033_57984_139584.jpg,tumor_033,tumor_033,57984,139584
tumor_033_68864_61248.jpg,tumor_033,tumor_033,68864,61248
tumor_033_68864_77632.jpg,tumor_033,tumor_033,68864,77632
tumor_034_24064_112640.jpg,tumor_034,tumor_034,24064,112640
tumor_034_24064_96256.jpg,tumor_034,tumor_034,24064,96256
tumor_034_43520_130752.jpg,tumor_034,tumor_034,43520,130752
tumor_034_43520_147136.jpg,tumor_034,tumor_034,43520,147136
tumor_034_576_93248.jpg,tumor_034,tumor_034,576,93248
tumor_034_7680_96256.jpg,tumor_034,tumor_034,7680,96256
tumor_035_23936_66560.jpg,tumor_035,tumor_035,23936,66560
tumor_035_23936_82944.jpg,tumor_035,tumor_035,23936,82944
tumor_035_23936_99328.jpg,tumor_035,tumor_035,23936,99328
tumor_035_54720_84032.jpg,tumor_035,tumor_035,54720,84032
tumor_036_15488_85056.jpg,tumor_036,tumor_036,15488,85056
tumor_036_26368_120000.jpg,tumor_036,tumor_036,26368,120000
tumor_036_26368_136384.jpg,tumor_036,tumor_036,26368,136384
tumor_036_26368_152768.jpg,tumor_036,tumor_036,26368,152768
tumor_036_26368_169152.jpg,tumor_036,tumor_036,26368,169152
tumor_036_31872_101440.jpg,tumor_036,tumor_036,31872,101440
tumor_036_31872_68672.jpg,tumor_036,tumor_036,31872,68672
tumor_036_31872_85056.jpg,tumor_036,tumor_036,31872,85056
tumor_036_41024_114624.jpg,tumor_036,tumor_036,41024,114624
tumor_036_51840_70720.jpg,tumor_036,tumor_036,51840,70720
tumor_036_51840_87104.jpg,tumor_036,tumor_036,51840,87104
tumor_036_68224_70720.jpg,tumor_036,tumor_036,68224,70720
tumor_036_68224_87104.jpg,tumor_036,tumor_036,68224,87104
tumor_036_9984_120000.jpg,tumor_036,tumor_036,9984,120000
tumor_036_9984_152768.jpg,tumor_036,tumor_036,9984,152768
tumor_037_11840_117184.jpg,tumor_037,tumor_037,11840,117184
tumor_037_28224_117184.jpg,tumor_037,tumor_037,28224,117184
tumor_037_28224_133568.jpg,tumor_037,tumor_037,28224,133568
tumor_037_44608_100800.jpg,tumor_037,tumor_037,44608,100800
tumor_037_44608_117184.jpg,tumor_037,tumor_037,44608,117184
tumor_037_60992_100800.jpg,tumor_037,tumor_037,60992,100800
tumor_037_60992_117184.jpg,tumor_037,tumor_037,60992,117184
tumor_037_60992_84416.jpg,tumor_037,tumor_037,60992,84416
tumor_037_77376_100800.jpg,tumor_037,tumor_037,77376,100800
tumor_037_77376_117184.jpg,tumor_037,tumor_037,77376,117184
tumor_038_25792_131904.jpg,tumor_038,tumor_038,25792,131904
tumor_038_40640_156480.jpg,tumor_038,tumor_038,40640,156480
tumor_039_19456_98368.jpg,tumor_039,tumor_039,19456,98368
tumor_039_35840_114752.jpg,tumor_039,tumor_039,35840,114752
tumor_039_35840_98368.jpg,tumor_039,tumor_039,35840,98368
tumor_039_52224_98368.jpg,tumor_039,tumor_039,52224,98368
tumor_040_11840_89280.jpg,tumor_040,tumor_040,11840,89280
tumor_040_27008_142784.jpg,tumor_040,tumor_040,27008,142784
tumor_040_28224_89280.jpg,tumor_040,tumor_040,28224,89280
tumor_040_33984_126912.jpg,tumor_040,tumor_040,33984,126912
tumor_040_43392_142784.jpg,tumor_040,tumor_040,43392,142784
tumor_040_45952_153408.jpg,tumor_040,tumor_040,45952,153408
tumor_040_50368_110528.jpg,tumor_040,tumor_040,50368,110528
tumor_040_50368_126912.jpg,tumor_040,tumor_040,50368,126912
tumor_040_66752_110528.jpg,tumor_040,tumor_040,66752,110528
tumor_040_66752_126912.jpg,tumor_040,tumor_040,66752,126912
tumor_041_14912_76352.jpg,tumor_041,tumor_041,14912,76352
tumor_041_31296_59968.jpg,tumor_041,tumor_041,31296,59968
tumor_041_57408_78464.jpg,tumor_041,tumor_041,57408,78464
tumor_041_58496_174784.jpg,tumor_041,tumor_041,58496,174784
tumor_041_73792_94848.jpg,tumor_041,tumor_041,73792,94848
tumor_042_18368_139840.jpg,tumor_042,tumor_042,18368,139840
tumor_042_23040_108160.jpg,tumor_042,tumor_042,23040,108160
tumor_042_3008_84800.jpg,tumor_042,tumor_042,3008,84800
tumor_042_52352_165056.jpg,tumor_042,tumor_042,52352,165056
tumor_043_30144_106368.jpg,tumor_043,tumor_043,30144,106368
tumor_043_36160_74368.jpg,tumor_043,tumor_043,36160,74368
tumor_043_36160_90752.jpg,tumor_043,tumor_043,36160,90752
tumor_043_46528_106368.jpg,tumor_043,tumor_043,46528,106368
tumor_044_15360_109248.jpg,tumor_044,tumor_044,15360,109248
tumor_044_15360_125632.jpg,tumor_044,tumor_044,15360,125632
tumor_044_15360_142016.jpg,tumor_044,tumor_044,15360,142016
tumor_044_31744_142016.jpg,tumor_044,tumor_044,31744,142016
tumor_044_31744_158400.jpg,tumor_044,tumor_044,31744,158400
tumor_044_35136_131968.jpg,tumor_044,tumor_044,35136,131968
tumor_044_48128_158400.jpg,tumor_044,tumor_044,48128,158400
tumor_044_48128_174784.jpg,tumor_044,tumor_044,48128,174784
tumor_044_49344_109696.jpg,tumor_044,tumor_044,49344,109696
tumor_044_49344_126080.jpg,tumor_044,tumor_044,49344,126080
tumor_044_64512_158400.jpg,tumor_044,tumor_044,64512,158400
tumor_044_64512_174784.jpg,tumor_044,tumor_044,64512,174784
tumor_045_34112_72768.jpg,tumor_045,tumor_045,34112,72768
tumor_045_34112_89152.jpg,tumor_045,tumor_045,34112,89152
tumor_045_36736_153408.jpg,tumor_045,tumor_045,36736,153408
tumor_045_36736_169792.jpg,tumor_045,tumor_045,36736,169792
tumor_045_47296_102336.jpg,tumor_045,tumor_045,47296,102336
tumor_045_49408_182912.jpg,tumor_045,tumor_045,49408,182912
tumor_045_50496_72768.jpg,tumor_045,tumor_045,50496,72768
tumor_045_50496_89152.jpg,tumor_045,tumor_045,50496,89152
tumor_045_53120_153408.jpg,tumor_045,tumor_045,53120,153408
tumor_045_53120_169792.jpg,tumor_045,tumor_045,53120,169792
tumor_046_11136_89280.jpg,tumor_046,tumor_046,11136,89280
tumor_046_11840_59904.jpg,tumor_046,tumor_046,11840,59904
tumor_046_11840_76288.jpg,tumor_046,tumor_046,11840,76288
tumor_046_15296_147840.jpg,tumor_046,tumor_046,15296,147840
tumor_046_15296_164224.jpg,tumor_046,tumor_046,15296,164224
tumor_046_15552_177344.jpg,tumor_046,tumor_046,15552,177344
tumor_046_28224_59904.jpg,tumor_046,tumor_046,28224,59904
tumor_046_28224_76288.jpg,tumor_046,tumor_046,28224,76288
tumor_046_31680_147840.jpg,tumor_046,tumor_046,31680,147840
tumor_046_31680_164224.jpg,tumor_046,tumor_046,31680,164224
tumor_046_33792_45568.jpg,tumor_046,tumor_046,33792,45568
tumor_046_34944_87104.jpg,tumor_046,tumor_046,34944,87104
tumor_046_40448_174720.jpg,tumor_046,tumor_046,40448,174720
tumor_046_44608_59904.jpg,tumor_046,tumor_046,44608,59904
tumor_046_44608_76288.jpg,tumor_046,tumor_046,44608,76288
tumor_046_48064_147840.jpg,tumor_046,tumor_046,48064,147840
tumor_046_48064_164224.jpg,tumor_046,tumor_046,48064,164224
tumor_046_51328_87104.jpg,tumor_046,tumor_046,51328,87104
tumor_046_56832_174720.jpg,tumor_046,tumor_046,56832,174720
tumor_047_14720_112000.jpg,tumor_047,tumor_047,14720,112000
tumor_047_14720_79232.jpg,tumor_047,tumor_047,14720,79232
tumor_047_14720_95616.jpg,tumor_047,tumor_047,14720,95616
tumor_047_23552_144320.jpg,tumor_047,tumor_047,23552,144320
tumor_047_31104_112000.jpg,tumor_047,tumor_047,31104,112000
tumor_047_31104_79232.jpg,tumor_047,tumor_047,31104,79232
tumor_047_31104_95616.jpg,tumor_047,tumor_047,31104,95616
tumor_047_54336_110912.jpg,tumor_047,tumor_047,54336,110912
tumor_047_54336_78144.jpg,tumor_047,tumor_047,54336,78144
tumor_047_54336_94528.jpg,tumor_047,tumor_047,54336,94528
tumor_047_66496_151168.jpg,tumor_047,tumor_047,66496,151168
tumor_047_70720_110912.jpg,tumor_047,tumor_047,70720,110912
tumor_047_70720_127296.jpg,tumor_047,tumor_047,70720,127296
tumor_047_70720_78144.jpg,tumor_047,tumor_047,70720,78144
tumor_047_70720_94528.jpg,tumor_047,tumor_047,70720,94528
tumor_048_17216_89344.jpg,tumor_048,tumor_048,17216,89344
tumor_048_23744_149312.jpg,tumor_048,tumor_048,23744,149312
tumor_048_24000_170688.jpg,tumor_048,tumor_048,24000,170688
tumor_048_24000_187072.jpg,tumor_048,tumor_048,24000,187072
tumor_048_32064_123008.jpg,tumor_048,tumor_048,32064,123008
tumor_048_40128_149312.jpg,tumor_048,tumor_048,40128,149312
tumor_048_44416_120064.jpg,tumor_048,tumor_048,44416,120064
tumor_048_48064_152768.jpg,tumor_048,tumor_048,48064,152768
tumor_048_48064_169152.jpg,tumor_048,tumor_048,48064,169152
tumor_048_60800_120064.jpg,tumor_048,tumor_048,60800,120064
tumor_048_64448_152768.jpg,tumor_048,tumor_048,64448,152768
tumor_048_64448_169152.jpg,tumor_048,tumor_048,64448,169152
tumor_048_7616_154304.jpg,tumor_048,tumor_048,7616,154304
tumor_048_7616_170688.jpg,tumor_048,tumor_048,7616,170688
tumor_048_7616_187072.jpg,tumor_048,tumor_048,7616,187072
tumor_049_24768_121344.jpg,tumor_049,tumor_049,24768,121344
tumor_049_76800_105728.jpg,tumor_049,tumor_049,76800,105728
tumor_049_8384_121344.jpg,tumor_049,tumor_049,8384,121344
tumor_050_11392_86912.jpg,tumor_050,tumor_050,11392,86912
tumor_050_13952_134080.jpg,tumor_050,tumor_050,13952,134080
tumor_050_13952_150464.jpg,tumor_050,tumor_050,13952,150464
tumor_050_30336_134080.jpg,tumor_050,tumor_050,30336,134080
tumor_050_30336_150464.jpg,tumor_050,tumor_050,30336,150464
tumor_050_46720_150464.jpg,tumor_050,tumor_050,46720,150464
tumor_050_50752_87744.jpg,tumor_050,tumor_050,50752,87744
tumor_050_66560_127360.jpg,tumor_050,tumor_050,66560,127360
tumor_050_66560_143744.jpg,tumor_050,tumor_050,66560,143744
tumor_050_82944_143744.jpg,tumor_050,tumor_050,82944,143744
tumor_051_13504_107584.jpg,tumor_051,tumor_051,13504,107584
tumor_051_13504_91200.jpg,tumor_051,tumor_051,13504,91200
tumor_051_24384_117952.jpg,tumor_051,tumor_051,24384,117952
tumor_051_40768_117952.jpg,tumor_051,tumor_051,40768,117952
tumor_051_40768_134336.jpg,tumor_051,tumor_051,40768,134336
tumor_051_55936_78720.jpg,tumor_051,tumor_051,55936,78720
tumor_051_59072_111616.jpg,tumor_051,tumor_051,59072,111616
tumor_051_59072_144384.jpg,tumor_051,tumor_051,59072,144384
tumor_051_75456_111616.jpg,tumor_051,tumor_051,75456,111616
tumor_051_75456_128000.jpg,tumor_051,tumor_051,75456,128000
tumor_051_75456_144384.jpg,tumor_051,tumor_051,75456,144384
tumor_051_8000_117952.jpg,tumor_051,tumor_051,8000,117952
tumor_051_8000_134336.jpg,tumor_051,tumor_051,8000,134336
tumor_052_23232_53376.jpg,tumor_052,tumor_052,23232,53376
tumor_052_23232_69760.jpg,tumor_052,tumor_052,23232,69760
tumor_052_23232_86144.jpg,tumor_052,tumor_052,23232,86144
tumor_052_36992_104064.jpg,tumor_052,tumor_052,36992,104064
tumor_052_39616_53376.jpg,tumor_052,tumor_052,39616,53376
tumor_052_39616_69760.jpg,tumor_052,tumor_052,39616,69760
tumor_052_39616_86144.jpg,tumor_052,tumor_052,39616,86144
tumor_052_53376_104064.jpg,tumor_052,tumor_052,53376,104064
tumor_052_57280_76096.jpg,tumor_052,tumor_052,57280,76096
tumor_052_57280_92480.jpg,tumor_052,tumor_052,57280,92480
tumor_052_61952_113472.jpg,tumor_052,tumor_052,61952,113472
tumor_052_73664_59712.jpg,tumor_052,tumor_052,73664,59712
tumor_052_73664_76096.jpg,tumor_052,tumor_052,73664,76096
tumor_052_73664_92480.jpg,tumor_052,tumor_052,73664,92480
tumor_052_9856_47744.jpg,tumor_052,tumor_052,9856,47744
tumor_053_15040_73600.jpg,tumor_053,tumor_053,15040,73600
tumor_053_15040_89984.jpg,tumor_053,tumor_053,15040,89984
tumor_053_31424_73600.jpg,tumor_053,tumor_053,31424,73600
tumor_053_31424_89984.jpg,tumor_053,tumor_053,31424,89984
tumor_053_42240_124864.jpg,tumor_053,tumor_053,42240,124864
tumor_053_42240_141248.jpg,tumor_053,tumor_053,42240,141248
tumor_053_42240_157632.jpg,tumor_053,tumor_053,42240,157632
tumor_053_57664_68544.jpg,tumor_053,tumor_053,57664,68544
tumor_053_57664_84928.jpg,tumor_053,tumor_053,57664,84928
tumor_053_58624_141248.jpg,tumor_053,tumor_053,58624,141248
tumor_053_6720_122816.jpg,tumor_053,tumor_053,6720,122816
tumor_053_6720_139200.jpg,tumor_053,tumor_053,6720,139200
tumor_053_6720_155584.jpg,tumor_053,tumor_053,6720,155584
tumor_054_17472_186816.jpg,tumor_054,tumor_054,17472,186816
tumor_054_28928_54528.jpg,tumor_054,tumor_054,28928,54528
tumor_054_28928_70912.jpg,tumor_054,tumor_054,28928,70912
tumor_054_37056_141120.jpg,tumor_054,tumor_054,37056,141120
tumor_054_37056_157504.jpg,tumor_054,tumor_054,37056,157504
tumor_054_45312_54528.jpg,tumor_054,tumor_054,45312,54528
tumor_054_45312_70912.jpg,tumor_054,tumor_054,45312,70912
tumor_054_48000_101632.jpg,tumor_054,tumor_054,48000,101632
tumor_054_48000_85248.jpg,tumor_054,tumor_054,48000,85248
tumor_054_53440_141120.jpg,tumor_054,tumor_054,53440,141120
tumor_054_53440_157504.jpg,tumor_054,tumor_054,53440,157504
tumor_054_56320_172608.jpg,tumor_054,tumor_054,56320,172608
tumor_054_56320_188992.jpg,tumor_054,tumor_054,56320,188992
tumor_054_64384_101632.jpg,tumor_054,tumor_054,64384,101632
tumor_054_72704_188992.jpg,tumor_054,tumor_054,72704,188992
tumor_054_9600_101120.jpg,tumor_054,tumor_054,9600,101120
tumor_054_9600_117504.jpg,tumor_054,tumor_054,9600,117504
tumor_055_22720_137344.jpg,tumor_055,tumor_055,22720,137344
tumor_055_22720_153728.jpg,tumor_055,tumor_055,22720,153728
tumor_055_39104_153728.jpg,tumor_055,tumor_055,39104,153728
tumor_055_47104_126464.jpg,tumor_055,tumor_055,47104,126464
tumor_055_47104_142848.jpg,tumor_055,tumor_055,47104,142848
tumor_055_51648_169792.jpg,tumor_055,tumor_055,51648,169792
tumor_055_63488_126464.jpg,tumor_055,tumor_055,63488,126464
tumor_055_68032_153408.jpg,tumor_055,tumor_055,68032,153408
tumor_055_68032_169792.jpg,tumor_055,tumor_055,68032,169792
tumor_056_23424_139776.jpg,tumor_056,tumor_056,23424,139776
tumor_056_23424_156160.jpg,tumor_056,tumor_056,23424,156160
tumor_056_36992_112576.jpg,tumor_056,tumor_056,36992,112576
tumor_056_39808_139776.jpg,tumor_056,tumor_056,39808,139776
tumor_056_39808_156160.jpg,tumor_056,tumor_056,39808,156160
tumor_056_41024_109952.jpg,tumor_056,tumor_056,41024,109952
tumor_056_46208_82176.jpg,tumor_056,tumor_056,46208,82176
tumor_056_72768_121216.jpg,tumor_056,tumor_056,72768,121216
tumor_056_80384_137216.jpg,tumor_056,tumor_056,80384,137216
tumor_057_10432_142592.jpg,tumor_057,tumor_057,10432,142592
tumor_057_10432_158976.jpg,tumor_057,tumor_057,10432,158976
tumor_057_27776_123392.jpg,tumor_057,tumor_057,27776,123392
tumor_057_50368_145280.jpg,tumor_057,tumor_057,50368,145280
tumor_058_21952_166272.jpg,tumor_058,tumor_058,21952,166272
tumor_058_31552_133312.jpg,tumor_058,tumor_058,31552,133312
tumor_058_31552_149696.jpg,tumor_058,tumor_058,31552,149696
tumor_058_40384_113152.jpg,tumor_058,tumor_058,40384,113152
tumor_058_40384_96768.jpg,tumor_058,tumor_058,40384,96768
tumor_059_30848_117120.jpg,tumor_059,tumor_059,30848,117120
tumor_059_43328_150336.jpg,tumor_059,tumor_059,43328,150336
tumor_059_47232_117120.jpg,tumor_059,tumor_059,47232,117120
tumor_059_51264_146368.jpg,tumor_059,tumor_059,51264,146368
tumor_060_19648_103424.jpg,tumor_060,tumor_060,19648,103424
tumor_060_3264_103424.jpg,tumor_060,tumor_060,3264,103424
tumor_060_3264_119808.jpg,tumor_060,tumor_060,3264,119808
tumor_060_40896_121856.jpg,tumor_060,tumor_060,40896,121856
tumor_060_46336_106944.jpg,tumor_060,tumor_060,46336,106944
tumor_060_46336_123328.jpg,tumor_060,tumor_060,46336,123328
tumor_061_14528_122880.jpg,tumor_061,tumor_061,14528,122880
tumor_061_14528_139264.jpg,tumor_061,tumor_061,14528,139264
tumor_061_16000_115456.jpg,tumor_061,tumor_061,16000,115456
tumor_061_16000_99072.jpg,tumor_061,tumor_061,16000,99072
tumor_061_17600_76096.jpg,tumor_061,tumor_061,17600,76096
tumor_061_21760_163648.jpg,tumor_061,tumor_061,21760,163648
tumor_061_30912_122880.jpg,tumor_061,tumor_061,30912,122880
tumor_061_30912_139264.jpg,tumor_061,tumor_061,30912,139264
tumor_061_38144_163648.jpg,tumor_061,tumor_061,38144,163648
tumor_061_38144_180032.jpg,tumor_061,tumor_061,38144,180032
tumor_061_49472_133184.jpg,tumor_061,tumor_061,49472,133184
tumor_061_49664_80768.jpg,tumor_061,tumor_061,49664,80768
tumor_061_65856_133184.jpg,tumor_061,tumor_061,65856,133184
tumor_062_21504_115904.jpg,tumor_062,tumor_062,21504,115904
tumor_062_21504_132288.jpg,tumor_062,tumor_062,21504,132288
tumor_062_21504_148672.jpg,tumor_062,tumor_062,21504,148672
tumor_062_47808_97536.jpg,tumor_062,tumor_062,47808,97536
tumor_062_5120_132288.jpg,tumor_062,tumor_062,5120,132288
tumor_062_61184_117760.jpg,tumor_062,tumor_062,61184,117760
tumor_062_77568_101376.jpg,tumor_062,tumor_062,77568,101376
tumor_062_77568_117760.jpg,tumor_062,tumor_062,77568,117760
tumor_063_10368_137856.jpg,tumor_063,tumor_063,10368,137856
tumor_063_10368_154240.jpg,tumor_063,tumor_063,10368,154240
tumor_063_10368_170624.jpg,tumor_063,tumor_063,10368,170624
tumor_063_20928_75712.jpg,tumor_063,tumor_063,20928,75712
tumor_063_20928_92096.jpg,tumor_063,tumor_063,20928,92096
tumor_063_26752_121472.jpg,tumor_063,tumor_063,26752,121472
tumor_063_26752_170624.jpg,tumor_063,tumor_063,26752,170624
tumor_063_37312_59328.jpg,tumor_063,tumor_063,37312,59328
tumor_063_37312_75712.jpg,tumor_063,tumor_063,37312,75712
tumor_063_53696_59328.jpg,tumor_063,tumor_063,53696,59328
tumor_063_53696_75712.jpg,tumor_063,tumor_063,53696,75712
tumor_063_70080_59328.jpg,tumor_063,tumor_063,70080,59328
tumor_063_70080_75712.jpg,tumor_063,tumor_063,70080,75712
tumor_063_70080_92096.jpg,tumor_063,tumor_063,70080,92096
tumor_064_10816_149440.jpg,tumor_064,tumor_064,10816,149440
tumor_064_51648_132864.jpg,tumor_064,tumor_064,51648,132864
tumor_064_68032_132864.jpg,tumor_064,tumor_064,68032,132864
tumor_065_36416_78464.jpg,tumor_065,tumor_065,36416,78464
tumor_065_36416_94848.jpg,tumor_065,tumor_065,36416,94848
tumor_065_52800_78464.jpg,tumor_065,tumor_065,52800,78464
tumor_065_52800_94848.jpg,tumor_065,tumor_065,52800,94848
tumor_065_60416_114944.jpg,tumor_065,tumor_065,60416,114944
tumor_066_37312_139712.jpg,tumor_066,tumor_066,37312,139712
tumor_066_37312_90560.jpg,tumor_066,tumor_066,37312,90560
tumor_066_53696_106944.jpg,tumor_066,tumor_066,53696,106944
tumor_066_53696_123328.jpg,tumor_066,tumor_066,53696,123328
tumor_066_53696_139712.jpg,tumor_066,tumor_066,53696,139712
tumor_066_70080_123328.jpg,tumor_066,tumor_066,70080,123328
tumor_066_70080_139712.jpg,tumor_066,tumor_066,70080,139712
tumor_067_43520_72576.jpg,tumor_067,tumor_067,43520,72576
tumor_067_43520_88960.jpg,tumor_067,tumor_067,43520,88960
tumor_067_44096_63296.jpg,tumor_067,tumor_067,44096,63296
tumor_067_49536_48192.jpg,tumor_067,tumor_067,49536,48192
tumor_067_53376_152192.jpg,tumor_067,tumor_067,53376,152192
tumor_067_53376_168576.jpg,tumor_067,tumor_067,53376,168576
tumor_067_53952_142784.jpg,tumor_067,tumor_067,53952,142784
tumor_067_58944_127424.jpg,tumor_067,tumor_067,58944,127424
tumor_068_24704_172736.jpg,tumor_068,tumor_068,24704,172736
tumor_068_24704_189120.jpg,tumor_068,tumor_068,24704,189120
tumor_068_30080_114880.jpg,tumor_068,tumor_068,30080,114880
tumor_068_30080_131264.jpg,tumor_068,tumor_068,30080,131264
tumor_068_41088_156352.jpg,tumor_068,tumor_068,41088,156352
tumor_068_41088_172736.jpg,tumor_068,tumor_068,41088,172736
tumor_068_41088_189120.jpg,tumor_068,tumor_068,41088,189120
tumor_068_46464_114880.jpg,tumor_068,tumor_068,46464,114880
tumor_068_46464_131264.jpg,tumor_068,tumor_068,46464,131264
tumor_068_57472_156352.jpg,tumor_068,tumor_068,57472,156352
tumor_068_57472_172736.jpg,tumor_068,tumor_068,57472,172736
tumor_068_57472_189120.jpg,tumor_068,tumor_068,57472,189120
tumor_068_62848_114880.jpg,tumor_068,tumor_068,62848,114880
tumor_068_62848_131264.jpg,tumor_068,tumor_068,62848,131264
tumor_068_73856_172736.jpg,tumor_068,tumor_068,73856,172736
tumor_069_31680_66816.jpg,tumor_069,tumor_069,31680,66816
tumor_069_47936_59200.jpg,tumor_069,tumor_069,47936,59200
tumor_069_47936_75584.jpg,tumor_069,tumor_069,47936,75584
tumor_069_61184_95552.jpg,tumor_069,tumor_069,61184,95552
tumor_070_11456_151680.jpg,tumor_070,tumor_070,11456,151680
tumor_070_23744_115648.jpg,tumor_070,tumor_070,23744,115648
tumor_070_45184_153344.jpg,tumor_070,tumor_070,45184,153344
tumor_070_45184_169728.jpg,tumor_070,tumor_070,45184,169728
tumor_070_61568_153344.jpg,tumor_070,tumor_070,61568,153344
tumor_070_67392_119104.jpg,tumor_070,tumor_070,67392,119104
tumor_070_7360_115648.jpg,tumor_070,tumor_070,7360,115648
tumor_071_11456_33408.jpg,tumor_071,tumor_071,11456,33408
tumor_071_114880_33472.jpg,tumor_071,tumor_071,114880,33472
tumor_071_138048_51584.jpg,tumor_071,tumor_071,138048,51584
tumor_071_152256_23552.jpg,tumor_071,tumor_071,152256,23552
tumor_071_152256_7168.jpg,tumor_071,tumor_071,152256,7168
tumor_071_154432_51584.jpg,tumor_071,tumor_071,154432,51584
tumor_071_27840_33408.jpg,tumor_071,tumor_071,27840,33408
tumor_071_50304_52928.jpg,tumor_071,tumor_071,50304,52928
tumor_071_66688_52928.jpg,tumor_071,tumor_071,66688,52928
tumor_071_67264_24704.jpg,tumor_071,tumor_071,67264,24704
tumor_071_67264_8320.jpg,tumor_071,tumor_071,67264,8320
tumor_071_98496_33472.jpg,tumor_071,tumor_071,98496,33472
tumor_072_108480_46656.jpg,tumor_072,tumor_072,108480,46656
tumor_072_124864_13888.jpg,tumor_072,tumor_072,124864,13888
tumor_072_124864_30272.jpg,tumor_072,tumor_072,124864,30272
tumor_072_25216_24256.jpg,tumor_072,tumor_072,25216,24256
tumor_072_25216_40640.jpg,tumor_072,tumor_072,25216,40640
tumor_072_34816_45440.jpg,tumor_072,tumor_072,34816,45440
tumor_072_42240_32256.jpg,tumor_072,tumor_072,42240,32256
tumor_072_51200_12672.jpg,tumor_072,tumor_072,51200,12672
tumor_072_51200_29056.jpg,tumor_072,tumor_072,51200,29056
tumor_072_81216_26368.jpg,tumor_072,tumor_072,81216,26368
tumor_072_81216_42752.jpg,tumor_072,tumor_072,81216,42752
tumor_072_81216_59136.jpg,tumor_072,tumor_072,81216,59136
tumor_072_81216_9984.jpg,tumor_072,tumor_072,81216,9984
tumor_072_8832_24256.jpg,tumor_072,tumor_072,8832,24256
tumor_072_8832_40640.jpg,tumor_072,tumor_072,8832,40640
tumor_072_8832_57024.jpg,tumor_072,tumor_072,8832,57024
tumor_072_8832_7872.jpg,tumor_072,tumor_072,8832,7872
tumor_072_97600_26368.jpg,tumor_072,tumor_072,97600,26368
tumor_072_97600_42752.jpg,tumor_072,tumor_072,97600,42752
tumor_072_97600_59136.jpg,tumor_072,tumor_072,97600,59136
tumor_073_106944_44224.jpg,tumor_073,tumor_073,106944,44224
tumor_073_106944_60608.jpg,tumor_073,tumor_073,106944,60608
tumor_073_25472_23168.jpg,tumor_073,tumor_073,25472,23168
tumor_073_25472_39552.jpg,tumor_073,tumor_073,25472,39552
tumor_073_25472_55936.jpg,tumor_073,tumor_073,25472,55936
tumor_073_25472_72320.jpg,tumor_073,tumor_073,25472,72320
tumor_073_41856_23168.jpg,tumor_073,tumor_073,41856,23168
tumor_073_41856_39552.jpg,tumor_073,tumor_073,41856,39552
tumor_073_41856_55936.jpg,tumor_073,tumor_073,41856,55936
tumor_073_41856_6784.jpg,tumor_073,tumor_073,41856,6784
tumor_073_41856_72320.jpg,tumor_073,tumor_073,41856,72320
tumor_073_43264_34112.jpg,tumor_073,tumor_073,43264,34112
tumor_073_58688_63296.jpg,tumor_073,tumor_073,58688,63296
tumor_073_69312_20800.jpg,tumor_073,tumor_073,69312,20800
tumor_073_75072_63296.jpg,tumor_073,tumor_073,75072,63296
tumor_073_85696_20800.jpg,tumor_073,tumor_073,85696,20800
tumor_073_85696_37184.jpg,tumor_073,tumor_073,85696,37184
tumor_073_9088_55936.jpg,tumor_073,tumor_073,9088,55936
tumor_073_9088_72320.jpg,tumor_073,tumor_073,9088,72320
tumor_074_26304_6912.jpg,tumor_074,tumor_074,26304,6912
tumor_074_42688_6912.jpg,tumor_074,tumor_074,42688,6912
tumor_074_76800_59520.jpg,tumor_074,tumor_074,76800,59520
tumor_074_9920_23296.jpg,tumor_074,tumor_074,9920,23296
tumor_074_9920_56064.jpg,tumor_074,tumor_074,9920,56064
tumor_075_11328_36160.jpg,tumor_075,tumor_075,11328,36160
tumor_075_11328_52544.jpg,tumor_075,tumor_075,11328,52544
tumor_075_50176_10304.jpg,tumor_075,tumor_075,50176,10304
tumor_075_50176_26688.jpg,tumor_075,tumor_075,50176,26688
tumor_076_25408_22528.jpg,tumor_076,tumor_076,25408,22528
tumor_076_25408_38912.jpg,tumor_076,tumor_076,25408,38912
tumor_076_25408_55296.jpg,tumor_076,tumor_076,25408,55296
tumor_076_25408_6144.jpg,tumor_076,tumor_076,25408,6144
tumor_076_41792_22528.jpg,tumor_076,tumor_076,41792,22528
tumor_076_41792_38912.jpg,tumor_076,tumor_076,41792,38912
tumor_076_53888_57792.jpg,tumor_076,tumor_076,53888,57792
tumor_076_59456_3072.jpg,tumor_076,tumor_076,59456,3072
tumor_076_75840_19456.jpg,tumor_076,tumor_076,75840,19456
tumor_076_75840_3072.jpg,tumor_076,tumor_076,75840,3072
tumor_076_75840_35840.jpg,tumor_076,tumor_076,75840,35840
tumor_076_80192_48384.jpg,tumor_076,tumor_076,80192,48384
tumor_076_9024_22528.jpg,tumor_076,tumor_076,9024,22528
tumor_076_9024_38912.jpg,tumor_076,tumor_076,9024,38912
tumor_076_92224_19456.jpg,tumor_076,tumor_076,92224,19456
tumor_076_92224_3072.jpg,tumor_076,tumor_076,92224,3072
tumor_077_100736_24960.jpg,tumor_077,tumor_077,100736,24960
tumor_077_100736_8576.jpg,tumor_077,tumor_077,100736,8576
tumor_077_115904_40256.jpg,tumor_077,tumor_077,115904,40256
tumor_077_26752_46080.jpg,tumor_077,tumor_077,26752,46080
tumor_077_26752_62464.jpg,tumor_077,tumor_077,26752,62464
tumor_077_43136_46080.jpg,tumor_077,tumor_077,43136,46080
tumor_077_43136_62464.jpg,tumor_077,tumor_077,43136,62464
tumor_077_84352_24960.jpg,tumor_077,tumor_077,84352,24960
tumor_077_84352_41344.jpg,tumor_077,tumor_077,84352,41344
tumor_077_99520_40256.jpg,tumor_077,tumor_077,99520,40256
tumor_077_99520_56640.jpg,tumor_077,tumor_077,99520,56640
tumor_077_9984_13312.jpg,tumor_077,tumor_077,9984,13312
tumor_077_9984_29696.jpg,tumor_077,tumor_077,9984,29696
tumor_077_9984_46080.jpg,tumor_077,tumor_077,9984,46080
tumor_078_12224_45824.jpg,tumor_078,tumor_078,12224,45824
tumor_078_12224_62208.jpg,tumor_078,tumor_078,12224,62208
tumor_078_26112_20224.jpg,tumor_078,tumor_078,26112,20224
tumor_078_26112_36608.jpg,tumor_078,tumor_078,26112,36608
tumor_078_26112_3840.jpg,tumor_078,tumor_078,26112,3840
tumor_078_28608_62208.jpg,tumor_078,tumor_078,28608,62208
tumor_078_28608_78592.jpg,tumor_078,tumor_078,28608,78592
tumor_078_44992_62208.jpg,tumor_078,tumor_078,44992,62208
tumor_078_44992_78592.jpg,tumor_078,tumor_078,44992,78592
tumor_078_61376_13056.jpg,tumor_078,tumor_078,61376,13056
tumor_078_61376_29440.jpg,tumor_078,tumor_078,61376,29440
tumor_078_61376_45824.jpg,tumor_078,tumor_078,61376,45824
tumor_078_61376_62208.jpg,tumor_078,tumor_078,61376,62208
tumor_078_9728_20224.jpg,tumor_078,tumor_078,9728,20224
tumor_078_9728_36608.jpg,tumor_078,tumor_078,9728,36608
tumor_079_104384_29568.jpg,tumor_079,tumor_079,104384,29568
tumor_079_104384_45952.jpg,tumor_079,tumor_079,104384,45952
tumor_079_104960_84224.jpg,tumor_079,tumor_079,104960,84224
tumor_079_111296_53440.jpg,tumor_079,tumor_079,111296,53440
tumor_079_126720_22656.jpg,tumor_079,tumor_079,126720,22656
tumor_079_127680_53440.jpg,tumor_079,tumor_079,127680,53440
tumor_079_144064_53440.jpg,tumor_079,tumor_079,144064,53440
tumor_079_71616_29568.jpg,tumor_079,tumor_079,71616,29568
tumor_079_78528_53440.jpg,tumor_079,tumor_079,78528,53440
tumor_079_88000_13184.jpg,tumor_079,tumor_079,88000,13184
tumor_079_88000_29568.jpg,tumor_079,tumor_079,88000,29568
tumor_079_88000_45952.jpg,tumor_079,tumor_079,88000,45952
tumor_079_94912_53440.jpg,tumor_079,tumor_079,94912,53440
tumor_079_94912_69824.jpg,tumor_079,tumor_079,94912,69824
tumor_080_12928_13952.jpg,tumor_080,tumor_080,12928,13952
tumor_080_12928_30336.jpg,tumor_080,tumor_080,12928,30336
tumor_080_30784_39168.jpg,tumor_080,tumor_080,30784,39168
tumor_080_55744_69504.jpg,tumor_080,tumor_080,55744,69504
tumor_080_77376_48768.jpg,tumor_080,tumor_080,77376,48768
tumor_080_77376_65152.jpg,tumor_080,tumor_080,77376,65152
tumor_081_10112_6976.jpg,tumor_081,tumor_081,10112,6976
tumor_081_10752_55552.jpg,tumor_081,tumor_081,10752,55552
tumor_081_26496_6976.jpg,tumor_081,tumor_081,26496,6976
tumor_081_27136_39168.jpg,tumor_081,tumor_081,27136,39168
tumor_081_43520_39168.jpg,tumor_081,tumor_081,43520,39168
tumor_081_54464_47424.jpg,tumor_081,tumor_081,54464,47424
tumor_082_127360_10560.jpg,tumor_082,tumor_082,127360,10560
tumor_082_161088_32896.jpg,tumor_082,tumor_082,161088,32896
tumor_082_52608_30848.jpg,tumor_082,tumor_082,52608,30848
tumor_083_102528_45248.jpg,tumor_083,tumor_083,102528,45248
tumor_083_112064_8512.jpg,tumor_083,tumor_083,112064,8512
tumor_083_118912_45248.jpg,tumor_083,tumor_083,118912,45248
tumor_083_35392_14016.jpg,tumor_083,tumor_083,35392,14016
tumor_083_40256_16640.jpg,tumor_083,tumor_083,40256,16640
tumor_083_40256_256.jpg,tumor_083,tumor_083,40256,256
tumor_083_53376_45248.jpg,tumor_083,tumor_083,53376,45248
tumor_083_53376_61632.jpg,tumor_083,tumor_083,53376,61632
tumor_083_53376_78016.jpg,tumor_083,tumor_083,53376,78016
tumor_083_56640_256.jpg,tumor_083,tumor_083,56640,256
tumor_083_69760_78016.jpg,tumor_083,tumor_083,69760,78016
tumor_083_73024_16640.jpg,tumor_083,tumor_083,73024,16640
tumor_083_73024_256.jpg,tumor_083,tumor_083,73024,256
tumor_083_86144_61632.jpg,tumor_083,tumor_083,86144,61632
tumor_084_11264_22016.jpg,tumor_084,tumor_084,11264,22016
tumor_084_11264_38400.jpg,tumor_084,tumor_084,11264,38400
tumor_084_11264_54784.jpg,tumor_084,tumor_084,11264,54784
tumor_084_27648_38400.jpg,tumor_084,tumor_084,27648,38400
tumor_084_27648_54784.jpg,tumor_084,tumor_084,27648,54784
tumor_084_27648_5632.jpg,tumor_084,tumor_084,27648,5632
tumor_084_31616_24320.jpg,tumor_084,tumor_084,31616,24320
tumor_084_44032_22016.jpg,tumor_084,tumor_084,44032,22016
tumor_084_44032_5632.jpg,tumor_084,tumor_084,44032,5632
tumor_085_26368_22656.jpg,tumor_085,tumor_085,26368,22656
tumor_085_26368_39040.jpg,tumor_085,tumor_085,26368,39040
tumor_085_26368_55424.jpg,tumor_085,tumor_085,26368,55424
tumor_085_26368_6272.jpg,tumor_085,tumor_085,26368,6272
tumor_085_42752_22656.jpg,tumor_085,tumor_085,42752,22656
tumor_085_54208_29952.jpg,tumor_085,tumor_085,54208,29952
tumor_085_54208_46336.jpg,tumor_085,tumor_085,54208,46336
tumor_085_70592_13568.jpg,tumor_085,tumor_085,70592,13568
tumor_085_70592_29952.jpg,tumor_085,tumor_085,70592,29952
tumor_085_70592_46336.jpg,tumor_085,tumor_085,70592,46336
tumor_085_86976_29952.jpg,tumor_085,tumor_085,86976,29952
tumor_085_9984_22656.jpg,tumor_085,tumor_085,9984,22656
tumor_085_9984_39040.jpg,tumor_085,tumor_085,9984,39040
tumor_086_105152_53248.jpg,tumor_086,tumor_086,105152,53248
tumor_086_105152_69632.jpg,tumor_086,tumor_086,105152,69632
tumor_086_116864_22144.jpg,tumor_086,tumor_086,116864,22144
tumor_086_116864_38528.jpg,tumor_086,tumor_086,116864,38528
tumor_086_116864_71296.jpg,tumor_086,tumor_086,116864,71296
tumor_086_129536_18560.jpg,tumor_086,tumor_086,129536,18560
tumor_086_133248_22144.jpg,tumor_086,tumor_086,133248,22144
tumor_086_133248_38528.jpg,tumor_086,tumor_086,133248,38528
tumor_086_133248_54912.jpg,tumor_086,tumor_086,133248,54912
tumor_086_133248_71296.jpg,tumor_086,tumor_086,133248,71296
tumor_086_20544_49536.jpg,tumor_086,tumor_086,20544,49536
tumor_086_23936_33984.jpg,tumor_086,tumor_086,23936,33984
tumor_086_27264_54144.jpg,tumor_086,tumor_086,27264,54144
tumor_086_27264_70528.jpg,tumor_086,tumor_086,27264,70528
tumor_086_38080_24256.jpg,tumor_086,tumor_086,38080,24256
tumor_086_38080_73408.jpg,tumor_086,tumor_086,38080,73408
tumor_086_43648_54144.jpg,tumor_086,tumor_086,43648,54144
tumor_086_54464_24256.jpg,tumor_086,tumor_086,54464,24256
tumor_086_54464_40640.jpg,tumor_086,tumor_086,54464,40640
tumor_086_54464_57024.jpg,tumor_086,tumor_086,54464,57024
tumor_086_54464_73408.jpg,tumor_086,tumor_086,54464,73408
tumor_086_58048_20672.jpg,tumor_086,tumor_086,58048,20672
tumor_086_97024_33344.jpg,tumor_086,tumor_086,97024,33344
tumor_087_10368_27968.jpg,tumor_087,tumor_087,10368,27968
tumor_087_19136_3392.jpg,tumor_087,tumor_087,19136,3392
tumor_087_20992_42176.jpg,tumor_087,tumor_087,20992,42176
tumor_087_4608_58560.jpg,tumor_087,tumor_087,4608,58560
tumor_087_57152_42112.jpg,tumor_087,tumor_087,57152,42112
tumor_087_73536_58496.jpg,tumor_087,tumor_087,73536,58496
tumor_087_73536_74880.jpg,tumor_087,tumor_087,73536,74880
tumor_087_77312_10368.jpg,tumor_087,tumor_087,77312,10368
tumor_087_77312_26752.jpg,tumor_087,tumor_087,77312,26752
tumor_087_93696_10368.jpg,tumor_087,tumor_087,93696,10368
tumor_088_103872_43520.jpg,tumor_088,tumor_088,103872,43520
tumor_088_10944_35200.jpg,tumor_088,tumor_088,10944,35200
tumor_088_120256_43520.jpg,tumor_088,tumor_088,120256,43520
tumor_088_120256_59904.jpg,tumor_088,tumor_088,120256,59904
tumor_088_123072_8384.jpg,tumor_088,tumor_088,123072,8384
tumor_088_12736_52672.jpg,tumor_088,tumor_088,12736,52672
tumor_088_144320_12608.jpg,tumor_088,tumor_088,144320,12608
tumor_088_160704_12608.jpg,tumor_088,tumor_088,160704,12608
tumor_088_27328_18816.jpg,tumor_088,tumor_088,27328,18816
tumor_088_29120_52672.jpg,tumor_088,tumor_088,29120,52672
tumor_088_44992_14912.jpg,tumor_088,tumor_088,44992,14912
tumor_088_61376_14912.jpg,tumor_088,tumor_088,61376,14912
tumor_089_24064_10432.jpg,tumor_089,tumor_089,24064,10432
tumor_089_24064_26816.jpg,tumor_089,tumor_089,24064,26816
tumor_089_24064_43200.jpg,tumor_089,tumor_089,24064,43200
tumor_089_24064_59584.jpg,tumor_089,tumor_089,24064,59584
tumor_089_24064_75968.jpg,tumor_089,tumor_089,24064,75968
tumor_089_24064_92352.jpg,tumor_089,tumor_089,24064,92352
tumor_089_40448_10432.jpg,tumor_089,tumor_089,40448,10432
tumor_089_40448_26816.jpg,tumor_089,tumor_089,40448,26816
tumor_089_56832_10432.jpg,tumor_089,tumor_089,56832,10432
tumor_089_56832_26816.jpg,tumor_089,tumor_089,56832,26816
tumor_089_56832_43200.jpg,tumor_089,tumor_089,56832,43200
tumor_089_56832_59584.jpg,tumor_089,tumor_089,56832,59584
tumor_089_57152_9088.jpg,tumor_089,tumor_089,57152,9088
tumor_089_62656_79360.jpg,tumor_089,tumor_089,62656,79360
tumor_089_73216_26816.jpg,tumor_089,tumor_089,73216,26816
tumor_089_73216_43200.jpg,tumor_089,tumor_089,73216,43200
tumor_089_73216_59584.jpg,tumor_089,tumor_089,73216,59584
tumor_089_73216_75968.jpg,tumor_089,tumor_089,73216,75968
tumor_089_73216_92352.jpg,tumor_089,tumor_089,73216,92352
tumor_089_7680_43200.jpg,tumor_089,tumor_089,7680,43200
tumor_089_7680_59584.jpg,tumor_089,tumor_089,7680,59584
tumor_089_7680_75968.jpg,tumor_089,tumor_089,7680,75968
tumor_089_89600_43200.jpg,tumor_089,tumor_089,89600,43200
tumor_089_89600_59584.jpg,tumor_089,tumor_089,89600,59584
tumor_089_89600_75968.jpg,tumor_089,tumor_089,89600,75968
tumor_089_89600_92352.jpg,tumor_089,tumor_089,89600,92352
tumor_090_26048_15808.jpg,tumor_090,tumor_090,26048,15808
tumor_090_26048_32192.jpg,tumor_090,tumor_090,26048,32192
tumor_090_42432_15808.jpg,tumor_090,tumor_090,42432,15808
tumor_090_42432_48576.jpg,tumor_090,tumor_090,42432,48576
tumor_090_50496_13504.jpg,tumor_090,tumor_090,50496,13504
tumor_090_61568_41216.jpg,tumor_090,tumor_090,61568,41216
tumor_090_61568_57600.jpg,tumor_090,tumor_090,61568,57600
tumor_090_76928_54080.jpg,tumor_090,tumor_090,76928,54080
tumor_090_85184_56640.jpg,tumor_090,tumor_090,85184,56640
tumor_090_88448_27136.jpg,tumor_090,tumor_090,88448,27136
tumor_090_9664_15808.jpg,tumor_090,tumor_090,9664,15808
tumor_090_9664_32192.jpg,tumor_090,tumor_090,9664,32192
tumor_091_25728_23040.jpg,tumor_091,tumor_091,25728,23040
tumor_091_25728_6656.jpg,tumor_091,tumor_091,25728,6656
tumor_091_42112_23040.jpg,tumor_091,tumor_091,42112,23040
tumor_091_9344_23040.jpg,tumor_091,tumor_091,9344,23040
tumor_091_9344_6656.jpg,tumor_091,tumor_091,9344,6656
tumor_092_108672_38016.jpg,tumor_092,tumor_092,108672,38016
tumor_092_108672_54400.jpg,tumor_092,tumor_092,108672,54400
tumor_092_125056_21632.jpg,tumor_092,tumor_092,125056,21632
tumor_092_125056_38016.jpg,tumor_092,tumor_092,125056,38016
tumor_092_125056_54400.jpg,tumor_092,tumor_092,125056,54400
tumor_092_125056_70784.jpg,tumor_092,tumor_092,125056,70784
tumor_092_141440_21632.jpg,tumor_092,tumor_092,141440,21632
tumor_092_141440_38016.jpg,tumor_092,tumor_092,141440,38016
tumor_092_141440_5248.jpg,tumor_092,tumor_092,141440,5248
tumor_092_141440_54400.jpg,tumor_092,tumor_092,141440,54400
tumor_092_141440_70784.jpg,tumor_092,tumor_092,141440,70784
tumor_092_15488_38976.jpg,tumor_092,tumor_092,15488,38976
tumor_092_15488_55360.jpg,tumor_092,tumor_092,15488,55360
tumor_092_157824_21632.jpg,tumor_092,tumor_092,157824,21632
tumor_092_157824_38016.jpg,tumor_092,tumor_092,157824,38016
tumor_092_157824_5248.jpg,tumor_092,tumor_092,157824,5248
tumor_092_157824_54400.jpg,tumor_092,tumor_092,157824,54400
tumor_092_174208_21632.jpg,tumor_092,tumor_092,174208,21632
tumor_092_174208_38016.jpg,tumor_092,tumor_092,174208,38016
tumor_092_174208_5248.jpg,tumor_092,tumor_092,174208,5248
tumor_092_174208_54400.jpg,tumor_092,tumor_092,174208,54400
tumor_092_190592_38016.jpg,tumor_092,tumor_092,190592,38016
tumor_092_190592_54400.jpg,tumor_092,tumor_092,190592,54400
tumor_092_31872_22592.jpg,tumor_092,tumor_092,31872,22592
tumor_092_31872_38976.jpg,tumor_092,tumor_092,31872,38976
tumor_092_31872_55360.jpg,tumor_092,tumor_092,31872,55360
tumor_092_31872_71744.jpg,tumor_092,tumor_092,31872,71744
tumor_092_48256_22592.jpg,tumor_092,tumor_092,48256,22592
tumor_092_48256_38976.jpg,tumor_092,tumor_092,48256,38976
tumor_092_48256_55360.jpg,tumor_092,tumor_092,48256,55360
tumor_092_48256_6208.jpg,tumor_092,tumor_092,48256,6208
tumor_092_64640_22592.jpg,tumor_092,tumor_092,64640,22592
tumor_092_64640_55360.jpg,tumor_092,tumor_092,64640,55360
tumor_092_64640_6208.jpg,tumor_092,tumor_092,64640,6208
tumor_092_81024_38976.jpg,tumor_092,tumor_092,81024,38976
tumor_092_81024_55360.jpg,tumor_092,tumor_092,81024,55360
tumor_092_97408_55360.jpg,tumor_092,tumor_092,97408,55360
tumor_093_12416_22848.jpg,tumor_093,tumor_093,12416,22848
tumor_093_12416_6464.jpg,tumor_093,tumor_093,12416,6464
tumor_093_26368_40640.jpg,tumor_093,tumor_093,26368,40640
tumor_093_26368_57024.jpg,tumor_093,tumor_093,26368,57024
tumor_093_28800_6464.jpg,tumor_093,tumor_093,28800,6464
tumor_093_35904_11968.jpg,tumor_093,tumor_093,35904,11968
tumor_093_35904_28352.jpg,tumor_093,tumor_093,35904,28352
tumor_093_35904_44736.jpg,tumor_093,tumor_093,35904,44736
tumor_093_50560_66560.jpg,tumor_093,tumor_093,50560,66560
tumor_093_52288_11968.jpg,tumor_093,tumor_093,52288,11968
tumor_093_52288_28352.jpg,tumor_093,tumor_093,52288,28352
tumor_093_71680_18816.jpg,tumor_093,tumor_093,71680,18816
tumor_093_9984_40640.jpg,tumor_093,tumor_093,9984,40640
tumor_093_9984_57024.jpg,tumor_093,tumor_093,9984,57024
tumor_094_10496_22656.jpg,tumor_094,tumor_094,10496,22656
tumor_094_22400_48128.jpg,tumor_094,tumor_094,22400,48128
tumor_094_26880_22656.jpg,tumor_094,tumor_094,26880,22656
tumor_094_26880_6272.jpg,tumor_094,tumor_094,26880,6272
tumor_094_38784_48128.jpg,tumor_094,tumor_094,38784,48128
tumor_094_38784_64512.jpg,tumor_094,tumor_094,38784,64512
tumor_094_55168_48128.jpg,tumor_094,tumor_094,55168,48128
tumor_094_55168_64512.jpg,tumor_094,tumor_094,55168,64512
tumor_094_55168_80896.jpg,tumor_094,tumor_094,55168,80896
tumor_094_59328_11008.jpg,tumor_094,tumor_094,59328,11008
tumor_094_59328_27392.jpg,tumor_094,tumor_094,59328,27392
tumor_094_75712_11008.jpg,tumor_094,tumor_094,75712,11008
tumor_094_75712_27392.jpg,tumor_094,tumor_094,75712,27392
tumor_094_84352_9408.jpg,tumor_094,tumor_094,84352,9408
tumor_094_92096_11008.jpg,tumor_094,tumor_094,92096,11008
tumor_094_92096_27392.jpg,tumor_094,tumor_094,92096,27392
tumor_095_10240_66432.jpg,tumor_095,tumor_095,10240,66432
tumor_095_104256_14976.jpg,tumor_095,tumor_095,104256,14976
tumor_095_104256_31360.jpg,tumor_095,tumor_095,104256,31360
tumor_095_104256_47744.jpg,tumor_095,tumor_095,104256,47744
tumor_095_104256_80512.jpg,tumor_095,tumor_095,104256,80512
tumor_095_120640_31360.jpg,tumor_095,tumor_095,120640,31360
tumor_095_120640_47744.jpg,tumor_095,tumor_095,120640,47744
tumor_095_120640_64128.jpg,tumor_095,tumor_095,120640,64128
tumor_095_120640_80512.jpg,tumor_095,tumor_095,120640,80512
tumor_095_137024_31360.jpg,tumor_095,tumor_095,137024,31360
tumor_095_137024_47744.jpg,tumor_095,tumor_095,137024,47744
tumor_095_137024_64128.jpg,tumor_095,tumor_095,137024,64128
tumor_095_137024_80512.jpg,tumor_095,tumor_095,137024,80512
tumor_095_14656_24768.jpg,tumor_095,tumor_095,14656,24768
tumor_095_14656_8384.jpg,tumor_095,tumor_095,14656,8384
tumor_095_26624_82816.jpg,tumor_095,tumor_095,26624,82816
tumor_095_31040_24768.jpg,tumor_095,tumor_095,31040,24768
tumor_095_31040_41152.jpg,tumor_095,tumor_095,31040,41152
tumor_095_43008_50048.jpg,tumor_095,tumor_095,43008,50048
tumor_095_43008_66432.jpg,tumor_095,tumor_095,43008,66432
tumor_095_43008_82816.jpg,tumor_095,tumor_095,43008,82816
tumor_095_47424_24768.jpg,tumor_095,tumor_095,47424,24768
tumor_095_47424_41152.jpg,tumor_095,tumor_095,47424,41152
tumor_095_59392_66432.jpg,tumor_095,tumor_095,59392,66432
tumor_095_63808_41152.jpg,tumor_095,tumor_095,63808,41152
tumor_095_87872_14976.jpg,tumor_095,tumor_095,87872,14976
tumor_095_87872_31360.jpg,tumor_095,tumor_095,87872,31360
tumor_095_87872_80512.jpg,tumor_095,tumor_095,87872,80512
tumor_095_99392_59904.jpg,tumor_095,tumor_095,99392,59904
tumor_096_11200_3136.jpg,tumor_096,tumor_096,11200,3136
tumor_096_115392_13440.jpg,tumor_096,tumor_096,115392,13440
tumor_096_115392_29824.jpg,tumor_096,tumor_096,115392,29824
tumor_096_29568_25920.jpg,tumor_096,tumor_096,29568,25920
tumor_096_29568_9536.jpg,tumor_096,tumor_096,29568,9536
tumor_096_45952_25920.jpg,tumor_096,tumor_096,45952,25920
tumor_096_5952_37120.jpg,tumor_096,tumor_096,5952,37120
tumor_096_74880_38912.jpg,tumor_096,tumor_096,74880,38912
tumor_096_76736_7104.jpg,tumor_096,tumor_096,76736,7104
tumor_096_93120_7104.jpg,tumor_096,tumor_096,93120,7104
tumor_096_99008_13440.jpg,tumor_096,tumor_096,99008,13440
tumor_096_99008_29824.jpg,tumor_096,tumor_096,99008,29824
tumor_097_22016_39488.jpg,tumor_097,tumor_097,22016,39488
tumor_097_23360_12160.jpg,tumor_097,tumor_097,23360,12160
tumor_097_33024_41472.jpg,tumor_097,tumor_097,33024,41472
tumor_097_33344_13440.jpg,tumor_097,tumor_097,33344,13440
tumor_097_38400_55872.jpg,tumor_097,tumor_097,38400,55872
tumor_097_49728_13440.jpg,tumor_097,tumor_097,49728,13440
tumor_097_54784_39488.jpg,tumor_097,tumor_097,54784,39488
tumor_097_54784_55872.jpg,tumor_097,tumor_097,54784,55872
tumor_097_5632_39488.jpg,tumor_097,tumor_097,5632,39488
tumor_097_66112_13440.jpg,tumor_097,tumor_097,66112,13440
tumor_097_6976_12160.jpg,tumor_097,tumor_097,6976,12160
tumor_097_71168_55872.jpg,tumor_097,tumor_097,71168,55872
tumor_097_74944_3712.jpg,tumor_097,tumor_097,74944,3712
tumor_097_76800_55680.jpg,tumor_097,tumor_097,76800,55680
tumor_097_91328_20096.jpg,tumor_097,tumor_097,91328,20096
tumor_097_91328_3712.jpg,tumor_097,tumor_097,91328,3712
tumor_097_96832_35904.jpg,tumor_097,tumor_097,96832,35904
tumor_097_99776_46592.jpg,tumor_097,tumor_097,99776,46592
tumor_098_26112_52224.jpg,tumor_098,tumor_098,26112,52224
tumor_098_39872_46464.jpg,tumor_098,tumor_098,39872,46464
tumor_098_50432_73920.jpg,tumor_098,tumor_098,50432,73920
tumor_098_56256_46464.jpg,tumor_098,tumor_098,56256,46464
tumor_098_56256_62848.jpg,tumor_098,tumor_098,56256,62848
tumor_098_60096_65600.jpg,tumor_098,tumor_098,60096,65600
tumor_098_60096_81984.jpg,tumor_098,tumor_098,60096,81984
tumor_098_72640_46464.jpg,tumor_098,tumor_098,72640,46464
tumor_098_9728_52224.jpg,tumor_098,tumor_098,9728,52224
tumor_099_25920_23360.jpg,tumor_099,tumor_099,25920,23360
tumor_099_42304_23360.jpg,tumor_099,tumor_099,42304,23360
tumor_099_42304_6976.jpg,tumor_099,tumor_099,42304,6976
tumor_099_51264_17664.jpg,tumor_099,tumor_099,51264,17664
tumor_099_51264_34048.jpg,tumor_099,tumor_099,51264,34048
tumor_099_54976_62016.jpg,tumor_099,tumor_099,54976,62016
tumor_099_54976_78400.jpg,tumor_099,tumor_099,54976,78400
tumor_099_67648_17664.jpg,tumor_099,tumor_099,67648,17664
tumor_099_71360_45632.jpg,tumor_099,tumor_099,71360,45632
tumor_099_71360_62016.jpg,tumor_099,tumor_099,71360,62016
tumor_099_87744_29248.jpg,tumor_099,tumor_099,87744,29248
tumor_099_87744_45632.jpg,tumor_099,tumor_099,87744,45632
tumor_099_9536_56128.jpg,tumor_099,tumor_099,9536,56128
tumor_100_22592_34880.jpg,tumor_100,tumor_100,22592,34880
tumor_100_43968_44352.jpg,tumor_100,tumor_100,43968,44352
tumor_100_43968_60736.jpg,tumor_100,tumor_100,43968,60736
tumor_100_60352_27968.jpg,tumor_100,tumor_100,60352,27968
tumor_100_60352_44352.jpg,tumor_100,tumor_100,60352,44352
tumor_100_60352_60736.jpg,tumor_100,tumor_100,60352,60736
tumor_100_76736_11584.jpg,tumor_100,tumor_100,76736,11584
tumor_100_76736_27968.jpg,tumor_100,tumor_100,76736,27968
tumor_100_93120_27968.jpg,tumor_100,tumor_100,93120,27968
tumor_101_100480_23296.jpg,tumor_101,tumor_101,100480,23296
tumor_101_100480_6912.jpg,tumor_101,tumor_101,100480,6912
tumor_101_103616_45184.jpg,tumor_101,tumor_101,103616,45184
tumor_101_104896_31424.jpg,tumor_101,tumor_101,104896,31424
tumor_101_116864_23296.jpg,tumor_101,tumor_101,116864,23296
tumor_101_116864_6912.jpg,tumor_101,tumor_101,116864,6912
tumor_101_120000_45184.jpg,tumor_101,tumor_101,120000,45184
tumor_101_14848_32448.jpg,tumor_101,tumor_101,14848,32448
tumor_101_26368_23936.jpg,tumor_101,tumor_101,26368,23936
tumor_101_26368_7552.jpg,tumor_101,tumor_101,26368,7552
tumor_101_29696_46784.jpg,tumor_101,tumor_101,29696,46784
tumor_101_31232_32448.jpg,tumor_101,tumor_101,31232,32448
tumor_101_42752_23936.jpg,tumor_101,tumor_101,42752,23936
tumor_101_42752_7552.jpg,tumor_101,tumor_101,42752,7552
tumor_101_46080_46784.jpg,tumor_101,tumor_101,46080,46784
tumor_101_84096_23296.jpg,tumor_101,tumor_101,84096,23296
tumor_101_84096_6912.jpg,tumor_101,tumor_101,84096,6912
tumor_101_88512_31424.jpg,tumor_101,tumor_101,88512,31424
tumor_101_9984_23936.jpg,tumor_101,tumor_101,9984,23936
tumor_101_9984_7552.jpg,tumor_101,tumor_101,9984,7552
tumor_102_117824_21312.jpg,tumor_102,tumor_102,117824,21312
tumor_102_117824_37696.jpg,tumor_102,tumor_102,117824,37696
tumor_102_117824_54080.jpg,tumor_102,tumor_102,117824,54080
tumor_102_134208_21312.jpg,tumor_102,tumor_102,134208,21312
tumor_102_134208_37696.jpg,tumor_102,tumor_102,134208,37696
tumor_102_134208_4928.jpg,tumor_102,tumor_102,134208,4928
tumor_102_134208_54080.jpg,tumor_102,tumor_102,134208,54080
tumor_102_150592_21312.jpg,tumor_102,tumor_102,150592,21312
tumor_102_150592_37696.jpg,tumor_102,tumor_102,150592,37696
tumor_102_150592_4928.jpg,tumor_102,tumor_102,150592,4928
tumor_102_150592_54080.jpg,tumor_102,tumor_102,150592,54080
tumor_102_150592_70464.jpg,tumor_102,tumor_102,150592,70464
tumor_102_166976_21312.jpg,tumor_102,tumor_102,166976,21312
tumor_102_166976_54080.jpg,tumor_102,tumor_102,166976,54080
tumor_102_166976_70464.jpg,tumor_102,tumor_102,166976,70464
tumor_102_183360_21312.jpg,tumor_102,tumor_102,183360,21312
tumor_102_183360_37696.jpg,tumor_102,tumor_102,183360,37696
tumor_102_183360_54080.jpg,tumor_102,tumor_102,183360,54080
tumor_102_22656_22656.jpg,tumor_102,tumor_102,22656,22656
tumor_102_22656_39040.jpg,tumor_102,tumor_102,22656,39040
tumor_102_22656_55424.jpg,tumor_102,tumor_102,22656,55424
tumor_102_22656_6272.jpg,tumor_102,tumor_102,22656,6272
tumor_102_22656_71808.jpg,tumor_102,tumor_102,22656,71808
tumor_102_39040_22656.jpg,tumor_102,tumor_102,39040,22656
tumor_102_39040_39040.jpg,tumor_102,tumor_102,39040,39040
tumor_102_39040_55424.jpg,tumor_102,tumor_102,39040,55424
tumor_102_39040_6272.jpg,tumor_102,tumor_102,39040,6272
tumor_102_39040_71808.jpg,tumor_102,tumor_102,39040,71808
tumor_102_55424_22656.jpg,tumor_102,tumor_102,55424,22656
tumor_102_55424_71808.jpg,tumor_102,tumor_102,55424,71808
tumor_102_6272_39040.jpg,tumor_102,tumor_102,6272,39040
tumor_102_6272_55424.jpg,tumor_102,tumor_102,6272,55424
tumor_102_71808_22656.jpg,tumor_102,tumor_102,71808,22656
tumor_102_71808_39040.jpg,tumor_102,tumor_102,71808,39040
tumor_102_71808_55424.jpg,tumor_102,tumor_102,71808,55424
tumor_103_101824_55872.jpg,tumor_103,tumor_103,101824,55872
tumor_103_101824_72256.jpg,tumor_103,tumor_103,101824,72256
tumor_103_105344_13696.jpg,tumor_103,tumor_103,105344,13696
tumor_103_105344_30080.jpg,tumor_103,tumor_103,105344,30080
tumor_103_105344_46464.jpg,tumor_103,tumor_103,105344,46464
tumor_103_118208_55872.jpg,tumor_103,tumor_103,118208,55872
tumor_103_121728_13696.jpg,tumor_103,tumor_103,121728,13696
tumor_103_138112_13696.jpg,tumor_103,tumor_103,138112,13696
tumor_103_138112_30080.jpg,tumor_103,tumor_103,138112,30080
tumor_103_22528_49536.jpg,tumor_103,tumor_103,22528,49536
tumor_103_22528_65920.jpg,tumor_103,tumor_103,22528,65920
tumor_103_24512_23616.jpg,tumor_103,tumor_103,24512,23616
tumor_103_24512_40000.jpg,tumor_103,tumor_103,24512,40000
tumor_103_24512_7232.jpg,tumor_103,tumor_103,24512,7232
tumor_103_38912_49536.jpg,tumor_103,tumor_103,38912,49536
tumor_103_40896_7232.jpg,tumor_103,tumor_103,40896,7232
tumor_103_57280_23616.jpg,tumor_103,tumor_103,57280,23616
tumor_103_57280_7232.jpg,tumor_103,tumor_103,57280,7232
tumor_104_10112_24000.jpg,tumor_104,tumor_104,10112,24000
tumor_104_108416_40384.jpg,tumor_104,tumor_104,108416,40384
tumor_104_108416_56768.jpg,tumor_104,tumor_104,108416,56768
tumor_104_17344_53376.jpg,tumor_104,tumor_104,17344,53376
tumor_104_26496_24000.jpg,tumor_104,tumor_104,26496,24000
tumor_104_26496_40384.jpg,tumor_104,tumor_104,26496,40384
tumor_104_26496_56768.jpg,tumor_104,tumor_104,26496,56768
tumor_104_26496_73152.jpg,tumor_104,tumor_104,26496,73152
tumor_104_42880_24000.jpg,tumor_104,tumor_104,42880,24000
tumor_104_42880_40384.jpg,tumor_104,tumor_104,42880,40384
tumor_104_42880_56768.jpg,tumor_104,tumor_104,42880,56768
tumor_104_42880_73152.jpg,tumor_104,tumor_104,42880,73152
tumor_104_42880_7616.jpg,tumor_104,tumor_104,42880,7616
tumor_104_59264_24000.jpg,tumor_104,tumor_104,59264,24000
tumor_104_59264_40384.jpg,tumor_104,tumor_104,59264,40384
tumor_104_59264_56768.jpg,tumor_104,tumor_104,59264,56768
tumor_104_75648_24000.jpg,tumor_104,tumor_104,75648,24000
tumor_104_92032_24000.jpg,tumor_104,tumor_104,92032,24000
tumor_104_92032_40384.jpg,tumor_104,tumor_104,92032,40384
tumor_104_92032_56768.jpg,tumor_104,tumor_104,92032,56768
tumor_104_92032_73152.jpg,tumor_104,tumor_104,92032,73152
tumor_104_92032_7616.jpg,tumor_104,tumor_104,92032,7616
tumor_105_19648_16640.jpg,tumor_105,tumor_105,19648,16640
tumor_105_19648_33024.jpg,tumor_105,tumor_105,19648,33024
tumor_105_40000_66368.jpg,tumor_105,tumor_105,40000,66368
tumor_105_54464_21184.jpg,tumor_105,tumor_105,54464,21184
tumor_105_68160_51008.jpg,tumor_105,tumor_105,68160,51008
tumor_105_84544_51008.jpg,tumor_105,tumor_105,84544,51008
tumor_106_109056_10560.jpg,tumor_106,tumor_106,109056,10560
tumor_106_109056_26944.jpg,tumor_106,tumor_106,109056,26944
tumor_106_110912_38592.jpg,tumor_106,tumor_106,110912,38592
tumor_106_120576_9792.jpg,tumor_106,tumor_106,120576,9792
tumor_106_126720_51328.jpg,tumor_106,tumor_106,126720,51328
tumor_106_20160_56640.jpg,tumor_106,tumor_106,20160,56640
tumor_106_20160_73024.jpg,tumor_106,tumor_106,20160,73024
tumor_106_26112_21248.jpg,tumor_106,tumor_106,26112,21248
tumor_106_26112_4864.jpg,tumor_106,tumor_106,26112,4864
tumor_106_36544_73024.jpg,tumor_106,tumor_106,36544,73024
tumor_106_42496_4864.jpg,tumor_106,tumor_106,42496,4864
tumor_106_52928_73024.jpg,tumor_106,tumor_106,52928,73024
tumor_106_58816_27712.jpg,tumor_106,tumor_106,58816,27712
tumor_106_60544_25152.jpg,tumor_106,tumor_106,60544,25152
tumor_106_60544_41536.jpg,tumor_106,tumor_106,60544,41536
tumor_106_60544_57920.jpg,tumor_106,tumor_106,60544,57920
tumor_106_76928_25152.jpg,tumor_106,tumor_106,76928,25152
tumor_106_76928_41536.jpg,tumor_106,tumor_106,76928,41536
tumor_106_92672_10560.jpg,tumor_106,tumor_106,92672,10560
tumor_106_92672_26944.jpg,tumor_106,tumor_106,92672,26944
tumor_106_9728_21248.jpg,tumor_106,tumor_106,9728,21248
tumor_106_9728_4864.jpg,tumor_106,tumor_106,9728,4864
tumor_107_14976_54976.jpg,tumor_107,tumor_107,14976,54976
tumor_107_52032_23488.jpg,tumor_107,tumor_107,52032,23488
tumor_107_52032_39872.jpg,tumor_107,tumor_107,52032,39872
tumor_107_9472_25856.jpg,tumor_107,tumor_107,9472,25856
tumor_107_9472_42240.jpg,tumor_107,tumor_107,9472,42240
tumor_107_9472_9472.jpg,tumor_107,tumor_107,9472,9472
tumor_108_105088_24384.jpg,tumor_108,tumor_108,105088,24384
tumor_108_105088_40768.jpg,tumor_108,tumor_108,105088,40768
tumor_108_25792_29248.jpg,tumor_108,tumor_108,25792,29248
tumor_108_36352_58816.jpg,tumor_108,tumor_108,36352,58816
tumor_108_36352_75200.jpg,tumor_108,tumor_108,36352,75200
tumor_108_42176_29248.jpg,tumor_108,tumor_108,42176,29248
tumor_108_42176_45632.jpg,tumor_108,tumor_108,42176,45632
tumor_108_42176_62016.jpg,tumor_108,tumor_108,42176,62016
tumor_108_52736_58816.jpg,tumor_108,tumor_108,52736,58816
tumor_108_52736_75200.jpg,tumor_108,tumor_108,52736,75200
tumor_108_52736_91584.jpg,tumor_108,tumor_108,52736,91584
tumor_108_58560_29248.jpg,tumor_108,tumor_108,58560,29248
tumor_108_58560_45632.jpg,tumor_108,tumor_108,58560,45632
tumor_108_69120_58816.jpg,tumor_108,tumor_108,69120,58816
tumor_108_69120_75200.jpg,tumor_108,tumor_108,69120,75200
tumor_108_72320_24384.jpg,tumor_108,tumor_108,72320,24384
tumor_108_72320_40768.jpg,tumor_108,tumor_108,72320,40768
tumor_108_72320_8000.jpg,tumor_108,tumor_108,72320,8000
tumor_108_85504_75200.jpg,tumor_108,tumor_108,85504,75200
tumor_108_88704_8000.jpg,tumor_108,tumor_108,88704,8000
tumor_108_9408_12864.jpg,tumor_108,tumor_108,9408,12864
tumor_108_9408_29248.jpg,tumor_108,tumor_108,9408,29248
tumor_109_25088_22592.jpg,tumor_109,tumor_109,25088,22592
tumor_109_25088_38976.jpg,tumor_109,tumor_109,25088,38976
tumor_109_64320_11008.jpg,tumor_109,tumor_109,64320,11008
tumor_109_83264_32640.jpg,tumor_109,tumor_109,83264,32640
tumor_109_83264_49024.jpg,tumor_109,tumor_109,83264,49024
tumor_109_8704_22592.jpg,tumor_109,tumor_109,8704,22592
tumor_109_8704_38976.jpg,tumor_109,tumor_109,8704,38976
tumor_109_89472_66688.jpg,tumor_109,tumor_109,89472,66688
tumor_109_99648_32640.jpg,tumor_109,tumor_109,99648,32640
tumor_109_99648_49024.jpg,tumor_109,tumor_109,99648,49024
tumor_110_25408_22912.jpg,tumor_110,tumor_110,25408,22912
tumor_110_25408_39296.jpg,tumor_110,tumor_110,25408,39296
tumor_110_25408_55680.jpg,tumor_110,tumor_110,25408,55680
tumor_110_25408_6528.jpg,tumor_110,tumor_110,25408,6528
tumor_110_41792_22912.jpg,tumor_110,tumor_110,41792,22912
tumor_110_41792_39296.jpg,tumor_110,tumor_110,41792,39296
tumor_110_41792_6528.jpg,tumor_110,tumor_110,41792,6528
tumor_110_58176_22912.jpg,tumor_110,tumor_110,58176,22912
tumor_110_58176_39296.jpg,tumor_110,tumor_110,58176,39296
tumor_110_58176_6528.jpg,tumor_110,tumor_110,58176,6528
tumor_110_74560_22912.jpg,tumor_110,tumor_110,74560,22912
tumor_110_9024_22912.jpg,tumor_110,tumor_110,9024,22912
tumor_110_9024_39296.jpg,tumor_110,tumor_110,9024,39296
tumor_111_12352_123776.jpg,tumor_111,tumor_111,12352,123776
tumor_111_12352_140160.jpg,tumor_111,tumor_111,12352,140160
tumor_111_15808_164032.jpg,tumor_111,tumor_111,15808,164032
tumor_111_28736_140160.jpg,tumor_111,tumor_111,28736,140160
