/root/miniconda3/envs/myconda/lib/python3.10/site-packages/torch/utils/checkpoint.py:1399: FutureWarning: `torch.cpu.amp.autocast(args...)` is deprecated. Please use `torch.amp.autocast('cpu', args...)` instead.
  with device_autocast_ctx, torch.cpu.amp.autocast(**cpu_autocast_kwargs), recompute_context:  # type: ignore[attr-defined]
Decoder equivalence and checkpoint gate passed: RDN-B/G0=64/D=8/C=8/G=64
/root/miniconda3/envs/myconda/lib/python3.10/site-packages/torch/utils/checkpoint.py:1399: FutureWarning: `torch.cpu.amp.autocast(args...)` is deprecated. Please use `torch.amp.autocast('cpu', args...)` instead.
  with device_autocast_ctx, torch.cpu.amp.autocast(**cpu_autocast_kwargs), recompute_context:  # type: ignore[attr-defined]
[WSI] epoch=1 iteration=1 slide=tumor_035 N=4 {'train_loss_cls': 0.57421875, 'train_loss_sr': 0.7249482870101929, 'train_loss_total': 0.6467135548591614, 'max_memory_allocated': 3033640960, 'max_memory_reserved': 3550478336}
[WSI] epoch=1 iteration=2 slide=normal_155 N=11 {'train_loss_cls': 0.9375, 'train_loss_sr': 0.46138033270835876, 'train_loss_total': 0.9836380481719971, 'max_memory_allocated': 8305946112, 'max_memory_reserved': 9676259328}
[WSI] epoch=1 iteration=3 slide=normal_148 N=5 {'train_loss_cls': 0.9609375, 'train_loss_sr': 0.2794693410396576, 'train_loss_total': 0.988884449005127, 'max_memory_allocated': 3872676352, 'max_memory_reserved': 9676259328}
[WSI] epoch=1 iteration=4 slide=tumor_068 N=15 {'train_loss_cls': 0.56640625, 'train_loss_sr': 0.3566572964191437, 'train_loss_total': 0.60207200050354, 'max_memory_allocated': 11262752768, 'max_memory_reserved': 17127440384}
[WSI] epoch=1 iteration=5 slide=tumor_038 N=2 {'train_loss_cls': 0.57421875, 'train_loss_sr': 0.2769860029220581, 'train_loss_total': 0.6019173264503479, 'max_memory_allocated': 1707252224, 'max_memory_reserved': 17127440384}
[WSI] epoch=1 iteration=6 slide=normal_078 N=6 {'train_loss_cls': 0.84375, 'train_loss_sr': 0.24492159485816956, 'train_loss_total': 0.8682421445846558, 'max_memory_allocated': 4613118976, 'max_memory_reserved': 17127440384}
[WSI] epoch=1 iteration=7 slide=normal_097 N=17 {'train_loss_cls': 0.828125, 'train_loss_sr': 0.2610890865325928, 'train_loss_total': 0.8542339205741882, 'max_memory_allocated': 12740245504, 'max_memory_reserved': 24580718592}
[WSI] epoch=1 iteration=8 slide=normal_141 N=7 {'train_loss_cls': 0.76171875, 'train_loss_sr': 0.2576637268066406, 'train_loss_total': 0.7874851226806641, 'max_memory_allocated': 5351066624, 'max_memory_reserved': 24580718592}
[WSI] epoch=1 iteration=9 slide=normal_136 N=15 {'train_loss_cls': 0.70703125, 'train_loss_sr': 0.22588855028152466, 'train_loss_total': 0.729620099067688, 'max_memory_allocated': 11263064064, 'max_memory_reserved': 24580718592}
[gradient] slide_id=normal_135 N=13 {'rdn': 1.5188237428665161, 'region_encoder': 0.0, 'abmil': 0.03144284710288048, 'classifier': 10.86143684387207, 'p2w': 0.5604338645935059}
[WSI] epoch=1 iteration=10 slide=normal_135 N=13 {'train_loss_cls': 0.6640625, 'train_loss_sr': 0.20288974046707153, 'train_loss_total': 0.6843514442443848, 'max_memory_allocated': 9783237120, 'max_memory_reserved': 24580718592}
[WSI] epoch=1 iteration=11 slide=normal_038 N=1 {'train_loss_cls': 0.5703125, 'train_loss_sr': 0.17813049256801605, 'train_loss_total': 0.5881255269050598, 'max_memory_allocated': 916605952, 'max_memory_reserved': 24580718592}
[WSI] epoch=1 iteration=12 slide=normal_066 N=26 {'train_loss_cls': 0.5234375, 'train_loss_sr': 0.23195773363113403, 'train_loss_total': 0.546633243560791, 'max_memory_allocated': 19390527488, 'max_memory_reserved': 38839255040}
[WSI] epoch=1 iteration=13 slide=normal_008 N=1 {'train_loss_cls': 0.431640625, 'train_loss_sr': 0.2707252502441406, 'train_loss_total': 0.4587131440639496, 'max_memory_allocated': 916474880, 'max_memory_reserved': 38839255040}
[WSI] epoch=1 iteration=14 slide=tumor_052 N=15 {'train_loss_cls': 1.140625, 'train_loss_sr': 0.27328231930732727, 'train_loss_total': 1.1679532527923584, 'max_memory_allocated': 11263248384, 'max_memory_reserved': 38839255040}
[WSI] epoch=1 iteration=15 slide=normal_018 N=3 {'train_loss_cls': 0.359375, 'train_loss_sr': 0.22269929945468903, 'train_loss_total': 0.38164493441581726, 'max_memory_allocated': 2394926080, 'max_memory_reserved': 38839255040}
[WSI] epoch=1 iteration=16 slide=tumor_103 N=18 {'train_loss_cls': 1.2421875, 'train_loss_sr': 0.20721842348575592, 'train_loss_total': 1.2629092931747437, 'max_memory_allocated': 13478328832, 'max_memory_reserved': 38839255040}
[WSI] epoch=1 iteration=17 slide=tumor_084 N=9 {'train_loss_cls': 1.28125, 'train_loss_sr': 0.22974440455436707, 'train_loss_total': 1.3042244911193848, 'max_memory_allocated': 6829308416, 'max_memory_reserved': 38839255040}
[WSI] epoch=1 iteration=18 slide=normal_044 N=4 {'train_loss_cls': 0.3046875, 'train_loss_sr': 0.30540886521339417, 'train_loss_total': 0.3352283835411072, 'max_memory_allocated': 3132839936, 'max_memory_reserved': 38839255040}
[WSI] epoch=1 iteration=19 slide=normal_107 N=16 {'train_loss_cls': 0.341796875, 'train_loss_sr': 0.22307074069976807, 'train_loss_total': 0.36410394310951233, 'max_memory_allocated': 12001680896, 'max_memory_reserved': 38839255040}
[gradient] slide_id=tumor_024 N=16 {'rdn': 3.03881573677063, 'region_encoder': 0.0, 'abmil': 0.051017291843891144, 'classifier': 16.13802719116211, 'p2w': 0.5201864242553711}
[WSI] epoch=1 iteration=20 slide=tumor_024 N=16 {'train_loss_cls': 1.2265625, 'train_loss_sr': 0.18839450180530548, 'train_loss_total': 1.2454019784927368, 'max_memory_allocated': 12001905152, 'max_memory_reserved': 38839255040}
[WSI] epoch=1 iteration=21 slide=normal_077 N=5 {'train_loss_cls': 0.345703125, 'train_loss_sr': 0.1858760416507721, 'train_loss_total': 0.364290714263916, 'max_memory_allocated': 3872798720, 'max_memory_reserved': 38839255040}
[WSI] epoch=1 iteration=22 slide=normal_159 N=14 {'train_loss_cls': 0.380859375, 'train_loss_sr': 0.18584752082824707, 'train_loss_total': 0.3994441330432892, 'max_memory_allocated': 10522814976, 'max_memory_reserved': 38839255040}
[WSI] epoch=1 iteration=23 slide=normal_126 N=17 {'train_loss_cls': 0.37890625, 'train_loss_sr': 0.1661299616098404, 'train_loss_total': 0.3955192565917969, 'max_memory_allocated': 12740134912, 'max_memory_reserved': 38839255040}
[WSI] epoch=1 iteration=24 slide=tumor_043 N=4 {'train_loss_cls': 1.1875, 'train_loss_sr': 0.19139759242534637, 'train_loss_total': 1.2066397666931152, 'max_memory_allocated': 3133302784, 'max_memory_reserved': 38839255040}
[WSI] epoch=1 iteration=25 slide=tumor_048 N=15 {'train_loss_cls': 1.2421875, 'train_loss_sr': 0.18850505352020264, 'train_loss_total': 1.261038064956665, 'max_memory_allocated': 11263347200, 'max_memory_reserved': 38839255040}
[WSI] epoch=1 iteration=26 slide=normal_032 N=9 {'train_loss_cls': 0.373046875, 'train_loss_sr': 0.2051006406545639, 'train_loss_total': 0.39355695247650146, 'max_memory_allocated': 6827764224, 'max_memory_reserved': 38839255040}
[WSI] epoch=1 iteration=27 slide=tumor_109 N=10 {'train_loss_cls': 1.1484375, 'train_loss_sr': 0.13996489346027374, 'train_loss_total': 1.1624339818954468, 'max_memory_allocated': 7566129664, 'max_memory_reserved': 38839255040}
[WSI] epoch=1 iteration=28 slide=tumor_003 N=7 {'train_loss_cls': 1.1328125, 'train_loss_sr': 0.1820589303970337, 'train_loss_total': 1.1510183811187744, 'max_memory_allocated': 5350402560, 'max_memory_reserved': 38839255040}
[WSI] epoch=1 iteration=29 slide=normal_111 N=31 {'train_loss_cls': 0.41796875, 'train_loss_sr': 0.15431654453277588, 'train_loss_total': 0.43340039253234863, 'max_memory_allocated': 23085647872, 'max_memory_reserved': 40921726976}
[gradient] slide_id=normal_035 N=1 {'rdn': 1.3185452222824097, 'region_encoder': 0.0, 'abmil': 0.0, 'classifier': 7.860233783721924, 'p2w': 0.5516756772994995}
[WSI] epoch=1 iteration=30 slide=normal_035 N=1 {'train_loss_cls': 0.404296875, 'train_loss_sr': 0.1647127866744995, 'train_loss_total': 0.420768141746521, 'max_memory_allocated': 916147200, 'max_memory_reserved': 26778533888}
[WSI] epoch=1 iteration=31 slide=normal_154 N=20 {'train_loss_cls': 0.421875, 'train_loss_sr': 0.165341317653656, 'train_loss_total': 0.43840911984443665, 'max_memory_allocated': 14956718592, 'max_memory_reserved': 26778533888}
[WSI] epoch=1 iteration=32 slide=normal_014 N=2 {'train_loss_cls': 0.462890625, 'train_loss_sr': 0.15792545676231384, 'train_loss_total': 0.4786831736564636, 'max_memory_allocated': 1707584000, 'max_memory_reserved': 26778533888}
[WSI] epoch=1 iteration=33 slide=tumor_098 N=9 {'train_loss_cls': 1.046875, 'train_loss_sr': 0.172340989112854, 'train_loss_total': 1.0641090869903564, 'max_memory_allocated': 6827567616, 'max_memory_reserved': 26778533888}
[WSI] epoch=1 iteration=34 slide=normal_121 N=13 {'train_loss_cls': 0.44921875, 'train_loss_sr': 0.14202897250652313, 'train_loss_total': 0.46342164278030396, 'max_memory_allocated': 9783237120, 'max_memory_reserved': 26778533888}
[WSI] epoch=1 iteration=35 slide=normal_100 N=8 {'train_loss_cls': 0.447265625, 'train_loss_sr': 0.2189461886882782, 'train_loss_total': 0.469160258769989, 'max_memory_allocated': 6088911360, 'max_memory_reserved': 26778533888}
[WSI] epoch=1 iteration=36 slide=tumor_088 N=12 {'train_loss_cls': 0.98828125, 'train_loss_sr': 0.14934706687927246, 'train_loss_total': 1.0032159090042114, 'max_memory_allocated': 9044666880, 'max_memory_reserved': 26778533888}
[WSI] epoch=1 iteration=37 slide=normal_076 N=24 {'train_loss_cls': 0.478515625, 'train_loss_sr': 0.17641079425811768, 'train_loss_total': 0.4961566925048828, 'max_memory_allocated': 17913121280, 'max_memory_reserved': 26778533888}
[WSI] epoch=1 iteration=38 slide=normal_158 N=18 {'train_loss_cls': 0.447265625, 'train_loss_sr': 0.13258963823318481, 'train_loss_total': 0.4605245888233185, 'max_memory_allocated': 13478443520, 'max_memory_reserved': 26778533888}
[WSI] epoch=1 iteration=39 slide=normal_071 N=5 {'train_loss_cls': 0.462890625, 'train_loss_sr': 0.19306248426437378, 'train_loss_total': 0.4821968674659729, 'max_memory_allocated': 3872974848, 'max_memory_reserved': 26778533888}
[gradient] slide_id=tumor_034 N=6 {'rdn': 2.003952980041504, 'region_encoder': 0.0, 'abmil': 0.008479717187583447, 'classifier': 13.897200584411621, 'p2w': 0.783789873123169}
[WSI] epoch=1 iteration=40 slide=tumor_034 N=6 {'train_loss_cls': 1.0, 'train_loss_sr': 0.15419523417949677, 'train_loss_total': 1.0154194831848145, 'max_memory_allocated': 4612094976, 'max_memory_reserved': 26778533888}
[WSI] epoch=1 iteration=41 slide=normal_089 N=20 {'train_loss_cls': 0.439453125, 'train_loss_sr': 0.17399118840694427, 'train_loss_total': 0.4568522572517395, 'max_memory_allocated': 14956939776, 'max_memory_reserved': 26778533888}
[WSI] epoch=1 iteration=42 slide=normal_114 N=24 {'train_loss_cls': 0.451171875, 'train_loss_sr': 0.16374331712722778, 'train_loss_total': 0.4675461947917938, 'max_memory_allocated': 17912714240, 'max_memory_reserved': 26778533888}
[WSI] epoch=1 iteration=43 slide=normal_058 N=7 {'train_loss_cls': 0.431640625, 'train_loss_sr': 0.1762790083885193, 'train_loss_total': 0.44926851987838745, 'max_memory_allocated': 5349746688, 'max_memory_reserved': 26778533888}
[WSI] epoch=1 iteration=44 slide=normal_049 N=2 {'train_loss_cls': 0.40625, 'train_loss_sr': 0.07639257609844208, 'train_loss_total': 0.4138892590999603, 'max_memory_allocated': 1707303936, 'max_memory_reserved': 26778533888}
[WSI] epoch=1 iteration=45 slide=tumor_011 N=6 {'train_loss_cls': 1.15625, 'train_loss_sr': 0.1187330111861229, 'train_loss_total': 1.1681232452392578, 'max_memory_allocated': 4612647936, 'max_memory_reserved': 26778533888}
[WSI] epoch=1 iteration=46 slide=normal_095 N=14 {'train_loss_cls': 0.361328125, 'train_loss_sr': 0.15845707058906555, 'train_loss_total': 0.37717384099960327, 'max_memory_allocated': 10522266112, 'max_memory_reserved': 26778533888}
[WSI] epoch=1 iteration=47 slide=normal_151 N=16 {'train_loss_cls': 0.375, 'train_loss_sr': 0.1504819393157959, 'train_loss_total': 0.39004820585250854, 'max_memory_allocated': 12000975360, 'max_memory_reserved': 26778533888}
[WSI] epoch=1 iteration=48 slide=normal_015 N=5 {'train_loss_cls': 0.369140625, 'train_loss_sr': 0.12335637211799622, 'train_loss_total': 0.3814762532711029, 'max_memory_allocated': 3873151488, 'max_memory_reserved': 26778533888}
[WSI] epoch=1 iteration=49 slide=tumor_047 N=15 {'train_loss_cls': 1.2421875, 'train_loss_sr': 0.1389102041721344, 'train_loss_total': 1.2560784816741943, 'max_memory_allocated': 11262409216, 'max_memory_reserved': 26778533888}
[gradient] slide_id=tumor_095 N=29 {'rdn': 2.1084866523742676, 'region_encoder': 0.0, 'abmil': 0.021090205758810043, 'classifier': 14.81954574584961, 'p2w': 0.5990378856658936}
[WSI] epoch=1 iteration=50 slide=tumor_095 N=29 {'train_loss_cls': 1.1875, 'train_loss_sr': 0.11299602687358856, 'train_loss_total': 1.1987996101379395, 'max_memory_allocated': 21607246336, 'max_memory_reserved': 26778533888}
[WSI] epoch=1 iteration=51 slide=normal_084 N=1 {'train_loss_cls': 0.3203125, 'train_loss_sr': 0.07250837981700897, 'train_loss_total': 0.3275633454322815, 'max_memory_allocated': 916868096, 'max_memory_reserved': 26778533888}
[WSI] epoch=1 iteration=52 slide=normal_133 N=10 {'train_loss_cls': 0.36328125, 'train_loss_sr': 0.14097389578819275, 'train_loss_total': 0.3773786425590515, 'max_memory_allocated': 7566756352, 'max_memory_reserved': 26778533888}
[WSI] epoch=1 iteration=53 slide=tumor_049 N=3 {'train_loss_cls': 1.2109375, 'train_loss_sr': 0.15995192527770996, 'train_loss_total': 1.2269326448440552, 'max_memory_allocated': 2394246144, 'max_memory_reserved': 26778533888}
[WSI] epoch=1 iteration=54 slide=tumor_060 N=6 {'train_loss_cls': 1.2421875, 'train_loss_sr': 0.15137125551700592, 'train_loss_total': 1.2573245763778687, 'max_memory_allocated': 4611853312, 'max_memory_reserved': 26778533888}
[WSI] epoch=1 iteration=55 slide=tumor_002 N=5 {'train_loss_cls': 1.15625, 'train_loss_sr': 0.11480119079351425, 'train_loss_total': 1.1677300930023193, 'max_memory_allocated': 3872331776, 'max_memory_reserved': 26778533888}
[WSI] epoch=1 iteration=56 slide=tumor_066 N=7 {'train_loss_cls': 1.0859375, 'train_loss_sr': 0.17892244458198547, 'train_loss_total': 1.1038297414779663, 'max_memory_allocated': 5349661184, 'max_memory_reserved': 26778533888}
[WSI] epoch=1 iteration=57 slide=normal_037 N=8 {'train_loss_cls': 0.4375, 'train_loss_sr': 0.155085951089859, 'train_loss_total': 0.45300859212875366, 'max_memory_allocated': 6088448512, 'max_memory_reserved': 26778533888}
[WSI] epoch=1 iteration=58 slide=normal_129 N=19 {'train_loss_cls': 0.462890625, 'train_loss_sr': 0.11995834857225418, 'train_loss_total': 0.4748864471912384, 'max_memory_allocated': 14216985088, 'max_memory_reserved': 26778533888}
[WSI] epoch=1 iteration=59 slide=tumor_005 N=4 {'train_loss_cls': 1.0390625, 'train_loss_sr': 0.17597907781600952, 'train_loss_total': 1.0566604137420654, 'max_memory_allocated': 3133417984, 'max_memory_reserved': 26778533888}
[gradient] slide_id=normal_068 N=6 {'rdn': 1.0644376277923584, 'region_encoder': 0.0, 'abmil': 0.021435262635350227, 'classifier': 8.611790657043457, 'p2w': 0.46173977851867676}
[WSI] epoch=1 iteration=60 slide=normal_068 N=6 {'train_loss_cls': 0.498046875, 'train_loss_sr': 0.16883888840675354, 'train_loss_total': 0.514930784702301, 'max_memory_allocated': 4612004864, 'max_memory_reserved': 26778533888}
[WSI] epoch=1 iteration=61 slide=normal_088 N=14 {'train_loss_cls': 0.498046875, 'train_loss_sr': 0.1343139111995697, 'train_loss_total': 0.5114782452583313, 'max_memory_allocated': 10522155520, 'max_memory_reserved': 26778533888}
[WSI] epoch=1 iteration=62 slide=tumor_017 N=9 {'train_loss_cls': 0.92578125, 'train_loss_sr': 0.11308985948562622, 'train_loss_total': 0.9370902180671692, 'max_memory_allocated': 6827346432, 'max_memory_reserved': 26778533888}
[WSI] epoch=1 iteration=63 slide=tumor_019 N=2 {'train_loss_cls': 0.8828125, 'train_loss_sr': 0.2254357933998108, 'train_loss_total': 0.9053560495376587, 'max_memory_allocated': 1706920448, 'max_memory_reserved': 26778533888}
[WSI] epoch=1 iteration=64 slide=tumor_058 N=5 {'train_loss_cls': 0.90625, 'train_loss_sr': 0.1689869463443756, 'train_loss_total': 0.9231486916542053, 'max_memory_allocated': 3872283136, 'max_memory_reserved': 26778533888}
[WSI] epoch=1 iteration=65 slide=tumor_083 N=14 {'train_loss_cls': 0.82421875, 'train_loss_sr': 0.13502776622772217, 'train_loss_total': 0.8377215266227722, 'max_memory_allocated': 10522824704, 'max_memory_reserved': 26778533888}
[WSI] epoch=1 iteration=66 slide=tumor_025 N=9 {'train_loss_cls': 0.76953125, 'train_loss_sr': 0.16045823693275452, 'train_loss_total': 0.7855770587921143, 'max_memory_allocated': 6827855360, 'max_memory_reserved': 26778533888}
[WSI] epoch=1 iteration=67 slide=tumor_001 N=7 {'train_loss_cls': 0.7421875, 'train_loss_sr': 0.15905433893203735, 'train_loss_total': 0.7580929398536682, 'max_memory_allocated': 5349530112, 'max_memory_reserved': 26778533888}
[WSI] epoch=1 iteration=68 slide=tumor_008 N=14 {'train_loss_cls': 0.68359375, 'train_loss_sr': 0.16398435831069946, 'train_loss_total': 0.6999921798706055, 'max_memory_allocated': 10523171328, 'max_memory_reserved': 26778533888}
[WSI] epoch=1 iteration=69 slide=normal_152 N=5 {'train_loss_cls': 0.78515625, 'train_loss_sr': 0.1337078958749771, 'train_loss_total': 0.7985270619392395, 'max_memory_allocated': 3872627200, 'max_memory_reserved': 26778533888}
[gradient] slide_id=tumor_074 N=5 {'rdn': 1.3933964967727661, 'region_encoder': 0.0, 'abmil': 0.00999752338975668, 'classifier': 9.704903602600098, 'p2w': 0.8018009662628174}
[WSI] epoch=1 iteration=70 slide=tumor_074 N=5 {'train_loss_cls': 0.59375, 'train_loss_sr': 0.13387979567050934, 'train_loss_total': 0.6071379780769348, 'max_memory_allocated': 3873196032, 'max_memory_reserved': 26778533888}
[WSI] epoch=1 iteration=71 slide=tumor_081 N=6 {'train_loss_cls': 0.53515625, 'train_loss_sr': 0.12056377530097961, 'train_loss_total': 0.5472126007080078, 'max_memory_allocated': 4612119552, 'max_memory_reserved': 26778533888}
[WSI] epoch=1 iteration=72 slide=normal_106 N=15 {'train_loss_cls': 0.890625, 'train_loss_sr': 0.1346837282180786, 'train_loss_total': 0.9040933847427368, 'max_memory_allocated': 11262188032, 'max_memory_reserved': 26778533888}
[WSI] epoch=1 iteration=73 slide=normal_105 N=12 {'train_loss_cls': 0.91796875, 'train_loss_sr': 0.13736292719841003, 'train_loss_total': 0.9317050576210022, 'max_memory_allocated': 9044646400, 'max_memory_reserved': 26778533888}
[WSI] epoch=1 iteration=74 slide=normal_156 N=13 {'train_loss_cls': 0.9453125, 'train_loss_sr': 0.10683043301105499, 'train_loss_total': 0.9559955596923828, 'max_memory_allocated': 9783589376, 'max_memory_reserved': 26778533888}
[WSI] epoch=1 iteration=75 slide=normal_065 N=6 {'train_loss_cls': 0.94140625, 'train_loss_sr': 0.13301852345466614, 'train_loss_total': 0.9547080993652344, 'max_memory_allocated': 4612004864, 'max_memory_reserved': 26778533888}
[WSI] epoch=1 iteration=76 slide=tumor_041 N=5 {'train_loss_cls': 0.490234375, 'train_loss_sr': 0.1674806773662567, 'train_loss_total': 0.5069824457168579, 'max_memory_allocated': 3873143808, 'max_memory_reserved': 26778533888}
[WSI] epoch=1 iteration=77 slide=normal_048 N=3 {'train_loss_cls': 1.015625, 'train_loss_sr': 0.15005138516426086, 'train_loss_total': 1.030630111694336, 'max_memory_allocated': 2395839488, 'max_memory_reserved': 26778533888}
[WSI] epoch=1 iteration=78 slide=normal_074 N=14 {'train_loss_cls': 0.92578125, 'train_loss_sr': 0.1454273909330368, 'train_loss_total': 0.9403240084648132, 'max_memory_allocated': 10522784256, 'max_memory_reserved': 26778533888}
[WSI] epoch=1 iteration=79 slide=tumor_045 N=10 {'train_loss_cls': 0.486328125, 'train_loss_sr': 0.1657552719116211, 'train_loss_total': 0.5029036402702332, 'max_memory_allocated': 7566182912, 'max_memory_reserved': 26778533888}
[gradient] slide_id=tumor_012 N=7 {'rdn': 1.1762678623199463, 'region_encoder': 0.0, 'abmil': 0.025541868060827255, 'classifier': 8.286227226257324, 'p2w': 0.4573080837726593}
[WSI] epoch=1 iteration=80 slide=tumor_012 N=7 {'train_loss_cls': 0.54296875, 'train_loss_sr': 0.17616727948188782, 'train_loss_total': 0.5605854988098145, 'max_memory_allocated': 5350119936, 'max_memory_reserved': 26778533888}
[WSI] epoch=1 iteration=81 slide=tumor_077 N=14 {'train_loss_cls': 0.55078125, 'train_loss_sr': 0.12600752711296082, 'train_loss_total': 0.5633820295333862, 'max_memory_allocated': 10522487296, 'max_memory_reserved': 26778533888}
[WSI] epoch=1 iteration=82 slide=normal_040 N=16 {'train_loss_cls': 0.89453125, 'train_loss_sr': 0.13847705721855164, 'train_loss_total': 0.9083789587020874, 'max_memory_allocated': 12001016320, 'max_memory_reserved': 26778533888}
[WSI] epoch=1 iteration=83 slide=normal_051 N=3 {'train_loss_cls': 0.9765625, 'train_loss_sr': 0.11681926250457764, 'train_loss_total': 0.9882444143295288, 'max_memory_allocated': 2394266624, 'max_memory_reserved': 26778533888}
[WSI] epoch=1 iteration=84 slide=normal_153 N=12 {'train_loss_cls': 0.859375, 'train_loss_sr': 0.08560764789581299, 'train_loss_total': 0.8679357767105103, 'max_memory_allocated': 9045088768, 'max_memory_reserved': 26778533888}
[WSI] epoch=1 iteration=85 slide=normal_119 N=14 {'train_loss_cls': 0.8125, 'train_loss_sr': 0.11846659332513809, 'train_loss_total': 0.824346661567688, 'max_memory_allocated': 10522376704, 'max_memory_reserved': 26778533888}
[WSI] epoch=1 iteration=86 slide=normal_128 N=11 {'train_loss_cls': 0.77734375, 'train_loss_sr': 0.11958412081003189, 'train_loss_total': 0.7893021702766418, 'max_memory_allocated': 8305531392, 'max_memory_reserved': 26778533888}
[WSI] epoch=1 iteration=87 slide=tumor_020 N=7 {'train_loss_cls': 0.61328125, 'train_loss_sr': 0.11301901936531067, 'train_loss_total': 0.6245831251144409, 'max_memory_allocated': 5349882368, 'max_memory_reserved': 26778533888}
[WSI] epoch=1 iteration=88 slide=tumor_027 N=13 {'train_loss_cls': 0.640625, 'train_loss_sr': 0.1541183888912201, 'train_loss_total': 0.6560368537902832, 'max_memory_allocated': 9783637504, 'max_memory_reserved': 26778533888}
[WSI] epoch=1 iteration=89 slide=normal_028 N=5 {'train_loss_cls': 0.734375, 'train_loss_sr': 0.19352129101753235, 'train_loss_total': 0.75372713804245, 'max_memory_allocated': 3873205248, 'max_memory_reserved': 26778533888}
[gradient] slide_id=tumor_015 N=27 {'rdn': 1.159292221069336, 'region_encoder': 0.0, 'abmil': 0.014616287313401699, 'classifier': 8.898823738098145, 'p2w': 0.417153537273407}
[WSI] epoch=1 iteration=90 slide=tumor_015 N=27 {'train_loss_cls': 0.6640625, 'train_loss_sr': 0.17262941598892212, 'train_loss_total': 0.6813254356384277, 'max_memory_allocated': 20129389056, 'max_memory_reserved': 26778533888}
[WSI] epoch=1 iteration=91 slide=tumor_044 N=12 {'train_loss_cls': 0.66796875, 'train_loss_sr': 0.1598125845193863, 'train_loss_total': 0.6839500069618225, 'max_memory_allocated': 9045199360, 'max_memory_reserved': 26778533888}
[WSI] epoch=1 iteration=92 slide=tumor_089 N=26 {'train_loss_cls': 0.6875, 'train_loss_sr': 0.11320522427558899, 'train_loss_total': 0.6988205313682556, 'max_memory_allocated': 19390605824, 'max_memory_reserved': 26778533888}
[WSI] epoch=1 iteration=93 slide=tumor_037 N=10 {'train_loss_cls': 0.6875, 'train_loss_sr': 0.13872018456459045, 'train_loss_total': 0.7013720273971558, 'max_memory_allocated': 7566369280, 'max_memory_reserved': 26778533888}
[WSI] epoch=1 iteration=94 slide=tumor_042 N=4 {'train_loss_cls': 0.67578125, 'train_loss_sr': 0.15118198096752167, 'train_loss_total': 0.6908994317054749, 'max_memory_allocated': 3133471744, 'max_memory_reserved': 26778533888}
[WSI] epoch=1 iteration=95 slide=normal_103 N=8 {'train_loss_cls': 0.71875, 'train_loss_sr': 0.1121683195233345, 'train_loss_total': 0.7299668192863464, 'max_memory_allocated': 6088546816, 'max_memory_reserved': 26778533888}
[WSI] epoch=1 iteration=96 slide=normal_142 N=20 {'train_loss_cls': 0.75, 'train_loss_sr': 0.13203315436840057, 'train_loss_total': 0.7632033228874207, 'max_memory_allocated': 14957191168, 'max_memory_reserved': 26778533888}
[WSI] epoch=1 iteration=97 slide=normal_120 N=10 {'train_loss_cls': 0.703125, 'train_loss_sr': 0.11566483974456787, 'train_loss_total': 0.7146914601325989, 'max_memory_allocated': 7566551552, 'max_memory_reserved': 26778533888}
[WSI] epoch=1 iteration=98 slide=tumor_016 N=5 {'train_loss_cls': 0.6171875, 'train_loss_sr': 0.1427537202835083, 'train_loss_total': 0.6314628720283508, 'max_memory_allocated': 3872680448, 'max_memory_reserved': 26778533888}
[WSI] epoch=1 iteration=99 slide=normal_157 N=16 {'train_loss_cls': 0.7265625, 'train_loss_sr': 0.13509023189544678, 'train_loss_total': 0.7400715351104736, 'max_memory_allocated': 12001719296, 'max_memory_reserved': 26778533888}
[gradient] slide_id=normal_116 N=8 {'rdn': 1.3026154041290283, 'region_encoder': 0.0, 'abmil': 0.011132965795695782, 'classifier': 9.306309700012207, 'p2w': 0.5101708769798279}
[WSI] epoch=1 iteration=100 slide=normal_116 N=8 {'train_loss_cls': 0.7109375, 'train_loss_sr': 0.1024617850780487, 'train_loss_total': 0.7211836576461792, 'max_memory_allocated': 6088567808, 'max_memory_reserved': 26778533888}
[WSI] epoch=1 iteration=101 slide=tumor_009 N=12 {'train_loss_cls': 0.68359375, 'train_loss_sr': 0.13582807779312134, 'train_loss_total': 0.6971765756607056, 'max_memory_allocated': 9045002752, 'max_memory_reserved': 26778533888}
[WSI] epoch=1 iteration=102 slide=normal_064 N=9 {'train_loss_cls': 0.75390625, 'train_loss_sr': 0.09964759647846222, 'train_loss_total': 0.7638710141181946, 'max_memory_allocated': 6827899392, 'max_memory_reserved': 26778533888}
[WSI] epoch=1 iteration=103 slide=normal_087 N=11 {'train_loss_cls': 0.71875, 'train_loss_sr': 0.17526686191558838, 'train_loss_total': 0.7362766861915588, 'max_memory_allocated': 8306285056, 'max_memory_reserved': 26778533888}
[WSI] epoch=1 iteration=104 slide=normal_104 N=19 {'train_loss_cls': 0.640625, 'train_loss_sr': 0.12247399985790253, 'train_loss_total': 0.6528723835945129, 'max_memory_allocated': 14217628160, 'max_memory_reserved': 26778533888}
[WSI] epoch=1 iteration=105 slide=normal_002 N=2 {'train_loss_cls': 0.625, 'train_loss_sr': 0.07255645096302032, 'train_loss_total': 0.6322556734085083, 'max_memory_allocated': 1707772416, 'max_memory_reserved': 26778533888}
[WSI] epoch=1 iteration=106 slide=tumor_022 N=7 {'train_loss_cls': 0.765625, 'train_loss_sr': 0.129190132021904, 'train_loss_total': 0.778544008731842, 'max_memory_allocated': 5349992960, 'max_memory_reserved': 26778533888}
[WSI] epoch=1 iteration=107 slide=tumor_073 N=19 {'train_loss_cls': 0.81640625, 'train_loss_sr': 0.11144927144050598, 'train_loss_total': 0.8275511860847473, 'max_memory_allocated': 14217148928, 'max_memory_reserved': 26778533888}
[WSI] epoch=1 iteration=108 slide=tumor_028 N=17 {'train_loss_cls': 0.796875, 'train_loss_sr': 0.13309799134731293, 'train_loss_total': 0.8101847767829895, 'max_memory_allocated': 12739664384, 'max_memory_reserved': 26778533888}
[WSI] epoch=1 iteration=109 slide=normal_012 N=3 {'train_loss_cls': 0.59765625, 'train_loss_sr': 0.18850409984588623, 'train_loss_total': 0.6165066361427307, 'max_memory_allocated': 2394356736, 'max_memory_reserved': 26778533888}
[gradient] slide_id=normal_070 N=16 {'rdn': 1.1184033155441284, 'region_encoder': 0.0, 'abmil': 0.03538764640688896, 'classifier': 8.734596252441406, 'p2w': 0.23745116591453552}
[WSI] epoch=1 iteration=110 slide=normal_070 N=16 {'train_loss_cls': 0.6171875, 'train_loss_sr': 0.17854346334934235, 'train_loss_total': 0.6350418329238892, 'max_memory_allocated': 12001438208, 'max_memory_reserved': 26778533888}
[WSI] epoch=1 iteration=111 slide=normal_079 N=8 {'train_loss_cls': 0.59375, 'train_loss_sr': 0.17987650632858276, 'train_loss_total': 0.6117376685142517, 'max_memory_allocated': 6088468992, 'max_memory_reserved': 26778533888}
[WSI] epoch=1 iteration=112 slide=normal_031 N=6 {'train_loss_cls': 0.56640625, 'train_loss_sr': 0.18075373768806458, 'train_loss_total': 0.5844815969467163, 'max_memory_allocated': 4612004864, 'max_memory_reserved': 26778533888}
[WSI] epoch=1 iteration=113 slide=normal_093 N=8 {'train_loss_cls': 0.53515625, 'train_loss_sr': 0.11894380301237106, 'train_loss_total': 0.5470506548881531, 'max_memory_allocated': 6088911360, 'max_memory_reserved': 26778533888}
[WSI] epoch=1 iteration=114 slide=tumor_004 N=15 {'train_loss_cls': 0.89453125, 'train_loss_sr': 0.13608655333518982, 'train_loss_total': 0.9081398844718933, 'max_memory_allocated': 11262298624, 'max_memory_reserved': 26778533888}
[WSI] epoch=1 iteration=115 slide=tumor_080 N=6 {'train_loss_cls': 0.90234375, 'train_loss_sr': 0.11760140210390091, 'train_loss_total': 0.9141038656234741, 'max_memory_allocated': 4612639744, 'max_memory_reserved': 26778533888}
[WSI] epoch=1 iteration=116 slide=tumor_082 N=3 {'train_loss_cls': 0.953125, 'train_loss_sr': 0.11195047199726105, 'train_loss_total': 0.9643200635910034, 'max_memory_allocated': 2394135552, 'max_memory_reserved': 26778533888}
[WSI] epoch=1 iteration=117 slide=normal_039 N=9 {'train_loss_cls': 0.50390625, 'train_loss_sr': 0.1311420053243637, 'train_loss_total': 0.5170204639434814, 'max_memory_allocated': 6829067264, 'max_memory_reserved': 26778533888}
[WSI] epoch=1 iteration=118 slide=tumor_102 N=35 {'train_loss_cls': 0.8984375, 'train_loss_sr': 0.14982616901397705, 'train_loss_total': 0.9134201407432556, 'max_memory_allocated': 26042046464, 'max_memory_reserved': 39436943360}
[WSI] epoch=1 iteration=119 slide=tumor_093 N=14 {'train_loss_cls': 0.8828125, 'train_loss_sr': 0.1127750352025032, 'train_loss_total': 0.8940899968147278, 'max_memory_allocated': 10523221504, 'max_memory_reserved': 29381099520}
[gradient] slide_id=normal_053 N=18 {'rdn': 1.0650882720947266, 'region_encoder': 0.0, 'abmil': 0.017060913145542145, 'classifier': 7.189497470855713, 'p2w': 0.1103072315454483}
[WSI] epoch=1 iteration=120 slide=normal_053 N=18 {'train_loss_cls': 0.53515625, 'train_loss_sr': 0.14087460935115814, 'train_loss_total': 0.549243688583374, 'max_memory_allocated': 13478644224, 'max_memory_reserved': 29387390976}
[WSI] epoch=1 iteration=121 slide=tumor_054 N=17 {'train_loss_cls': 0.8984375, 'train_loss_sr': 0.12682807445526123, 'train_loss_total': 0.9111202955245972, 'max_memory_allocated': 12739279360, 'max_memory_reserved': 29406265344}
[WSI] epoch=1 iteration=122 slide=normal_113 N=19 {'train_loss_cls': 0.5546875, 'train_loss_sr': 0.11253045499324799, 'train_loss_total': 0.5659405589103699, 'max_memory_allocated': 14216964608, 'max_memory_reserved': 29412556800}
[WSI] epoch=1 iteration=123 slide=tumor_021 N=16 {'train_loss_cls': 0.828125, 'train_loss_sr': 0.11372488737106323, 'train_loss_total': 0.8394975066184998, 'max_memory_allocated': 12001548800, 'max_memory_reserved': 29412556800}
[WSI] epoch=1 iteration=124 slide=normal_139 N=12 {'train_loss_cls': 0.578125, 'train_loss_sr': 0.07840974628925323, 'train_loss_total': 0.5859659910202026, 'max_memory_allocated': 9044646400, 'max_memory_reserved': 29412556800}
[WSI] epoch=1 iteration=125 slide=tumor_086 N=23 {'train_loss_cls': 0.8203125, 'train_loss_sr': 0.12240900844335556, 'train_loss_total': 0.8325533866882324, 'max_memory_allocated': 17173674496, 'max_memory_reserved': 29441916928}
[WSI] epoch=1 iteration=126 slide=tumor_061 N=13 {'train_loss_cls': 0.78125, 'train_loss_sr': 0.14321154356002808, 'train_loss_total': 0.7955711483955383, 'max_memory_allocated': 9783492608, 'max_memory_reserved': 29441916928}
[WSI] epoch=1 iteration=127 slide=tumor_078 N=15 {'train_loss_cls': 0.75, 'train_loss_sr': 0.09177321195602417, 'train_loss_total': 0.7591773271560669, 'max_memory_allocated': 11262056960, 'max_memory_reserved': 29441916928}
[WSI] epoch=1 iteration=128 slide=tumor_046 N=19 {'train_loss_cls': 0.78515625, 'train_loss_sr': 0.1301340013742447, 'train_loss_total': 0.7981696724891663, 'max_memory_allocated': 14218496512, 'max_memory_reserved': 29441916928}
[WSI] epoch=1 iteration=129 slide=normal_067 N=12 {'train_loss_cls': 0.64453125, 'train_loss_sr': 0.0869569182395935, 'train_loss_total': 0.6532269716262817, 'max_memory_allocated': 9045662208, 'max_memory_reserved': 29441916928}
[gradient] slide_id=tumor_050 N=10 {'rdn': 1.163159966468811, 'region_encoder': 0.0, 'abmil': 0.03020857833325863, 'classifier': 9.058143615722656, 'p2w': 0.1555740386247635}
[WSI] epoch=1 iteration=130 slide=tumor_050 N=10 {'train_loss_cls': 0.73828125, 'train_loss_sr': 0.1316908597946167, 'train_loss_total': 0.7514503598213196, 'max_memory_allocated': 7566680064, 'max_memory_reserved': 29441916928}
[WSI] epoch=1 iteration=131 slide=normal_029 N=1 {'train_loss_cls': 0.73046875, 'train_loss_sr': 0.0714917778968811, 'train_loss_total': 0.7376179099082947, 'max_memory_allocated': 916925440, 'max_memory_reserved': 29441916928}
[WSI] epoch=1 iteration=132 slide=tumor_071 N=12 {'train_loss_cls': 0.6796875, 'train_loss_sr': 0.1266716718673706, 'train_loss_total': 0.692354679107666, 'max_memory_allocated': 9044515328, 'max_memory_reserved': 29441916928}
[WSI] epoch=1 iteration=133 slide=normal_108 N=2 {'train_loss_cls': 0.71484375, 'train_loss_sr': 0.14302456378936768, 'train_loss_total': 0.7291461825370789, 'max_memory_allocated': 1707051520, 'max_memory_reserved': 29441916928}
[WSI] epoch=1 iteration=134 slide=tumor_097 N=18 {'train_loss_cls': 0.66015625, 'train_loss_sr': 0.08735291659832001, 'train_loss_total': 0.6688915491104126, 'max_memory_allocated': 13478644224, 'max_memory_reserved': 29441916928}
[WSI] epoch=1 iteration=135 slide=normal_085 N=5 {'train_loss_cls': 0.74609375, 'train_loss_sr': 0.12834659218788147, 'train_loss_total': 0.7589284181594849, 'max_memory_allocated': 3872856576, 'max_memory_reserved': 29441916928}
[WSI] epoch=1 iteration=136 slide=normal_145 N=20 {'train_loss_cls': 0.7421875, 'train_loss_sr': 0.10568783432245255, 'train_loss_total': 0.7527562975883484, 'max_memory_allocated': 14957506560, 'max_memory_reserved': 29441916928}
[WSI] epoch=1 iteration=137 slide=normal_041 N=7 {'train_loss_cls': 0.74609375, 'train_loss_sr': 0.07733291387557983, 'train_loss_total': 0.7538270354270935, 'max_memory_allocated': 5351008768, 'max_memory_reserved': 29441916928}
[WSI] epoch=1 iteration=138 slide=tumor_105 N=6 {'train_loss_cls': 0.6328125, 'train_loss_sr': 0.11416497826576233, 'train_loss_total': 0.644228994846344, 'max_memory_allocated': 4612094976, 'max_memory_reserved': 29441916928}
[WSI] epoch=1 iteration=139 slide=tumor_111 N=4 {'train_loss_cls': 0.62109375, 'train_loss_sr': 0.13564270734786987, 'train_loss_total': 0.6346580386161804, 'max_memory_allocated': 3132185088, 'max_memory_reserved': 29441916928}
[gradient] slide_id=normal_023 N=2 {'rdn': 1.298424482345581, 'region_encoder': 0.0, 'abmil': 0.0009397457470186055, 'classifier': 9.72192096710205, 'p2w': 0.45926374197006226}
[WSI] epoch=1 iteration=140 slide=normal_023 N=2 {'train_loss_cls': 0.70703125, 'train_loss_sr': 0.13741391897201538, 'train_loss_total': 0.7207726240158081, 'max_memory_allocated': 1707252224, 'max_memory_reserved': 29441916928}
[WSI] epoch=1 iteration=141 slide=normal_003 N=7 {'train_loss_cls': 0.765625, 'train_loss_sr': 0.12355014681816101, 'train_loss_total': 0.7779800295829773, 'max_memory_allocated': 5350434816, 'max_memory_reserved': 29441916928}
[WSI] epoch=1 iteration=142 slide=tumor_072 N=20 {'train_loss_cls': 0.65625, 'train_loss_sr': 0.1228889673948288, 'train_loss_total': 0.6685388684272766, 'max_memory_allocated': 14956296704, 'max_memory_reserved': 29441916928}
[WSI] epoch=1 iteration=143 slide=normal_081 N=6 {'train_loss_cls': 0.7578125, 'train_loss_sr': 0.18730725347995758, 'train_loss_total': 0.7765432000160217, 'max_memory_allocated': 4612299776, 'max_memory_reserved': 29441916928}
[WSI] epoch=1 iteration=144 slide=normal_047 N=5 {'train_loss_cls': 0.7265625, 'train_loss_sr': 0.16422434151172638, 'train_loss_total': 0.74298495054245, 'max_memory_allocated': 3873696256, 'max_memory_reserved': 29441916928}
[WSI] epoch=1 iteration=145 slide=normal_054 N=1 {'train_loss_cls': 0.7109375, 'train_loss_sr': 0.20926764607429504, 'train_loss_total': 0.7318642735481262, 'max_memory_allocated': 916704256, 'max_memory_reserved': 29441916928}
[WSI] epoch=1 iteration=146 slide=normal_052 N=15 {'train_loss_cls': 0.703125, 'train_loss_sr': 0.10382269322872162, 'train_loss_total': 0.7135072946548462, 'max_memory_allocated': 11262740992, 'max_memory_reserved': 29441916928}
[WSI] epoch=1 iteration=147 slide=normal_007 N=3 {'train_loss_cls': 0.7265625, 'train_loss_sr': 0.08542107045650482, 'train_loss_total': 0.7351046204566956, 'max_memory_allocated': 2394811392, 'max_memory_reserved': 29441916928}
[WSI] epoch=1 iteration=148 slide=normal_124 N=19 {'train_loss_cls': 0.63671875, 'train_loss_sr': 0.08493448793888092, 'train_loss_total': 0.6452121734619141, 'max_memory_allocated': 14216985088, 'max_memory_reserved': 29441916928}
[WSI] epoch=1 iteration=149 slide=normal_063 N=7 {'train_loss_cls': 0.625, 'train_loss_sr': 0.0875408723950386, 'train_loss_total': 0.6337540745735168, 'max_memory_allocated': 5351158272, 'max_memory_reserved': 29441916928}
[gradient] slide_id=normal_146 N=17 {'rdn': 1.0656980276107788, 'region_encoder': 0.0, 'abmil': 0.020355908200144768, 'classifier': 8.292717933654785, 'p2w': 0.4101668894290924}
[WSI] epoch=1 iteration=150 slide=normal_146 N=17 {'train_loss_cls': 0.57421875, 'train_loss_sr': 0.10504458099603653, 'train_loss_total': 0.5847232341766357, 'max_memory_allocated': 12739552256, 'max_memory_reserved': 29441916928}
[WSI] epoch=1 iteration=151 slide=normal_022 N=6 {'train_loss_cls': 0.5234375, 'train_loss_sr': 0.12307247519493103, 'train_loss_total': 0.5357447266578674, 'max_memory_allocated': 4611873792, 'max_memory_reserved': 29441916928}
[WSI] epoch=1 iteration=152 slide=normal_011 N=14 {'train_loss_cls': 0.515625, 'train_loss_sr': 0.13970807194709778, 'train_loss_total': 0.5295957922935486, 'max_memory_allocated': 10523040256, 'max_memory_reserved': 29441916928}
[WSI] epoch=1 iteration=153 slide=tumor_057 N=4 {'train_loss_cls': 1.0234375, 'train_loss_sr': 0.13335245847702026, 'train_loss_total': 1.0367727279663086, 'max_memory_allocated': 3133037056, 'max_memory_reserved': 29441916928}
[WSI] epoch=1 iteration=154 slide=normal_109 N=10 {'train_loss_cls': 0.46484375, 'train_loss_sr': 0.12774664163589478, 'train_loss_total': 0.47761842608451843, 'max_memory_allocated': 7566728704, 'max_memory_reserved': 29441916928}
[WSI] epoch=1 iteration=155 slide=normal_080 N=15 {'train_loss_cls': 0.439453125, 'train_loss_sr': 0.12493179738521576, 'train_loss_total': 0.45194631814956665, 'max_memory_allocated': 11262319104, 'max_memory_reserved': 29441916928}
[WSI] epoch=1 iteration=156 slide=tumor_087 N=10 {'train_loss_cls': 1.0703125, 'train_loss_sr': 0.07367479801177979, 'train_loss_total': 1.077679991722107, 'max_memory_allocated': 7566957056, 'max_memory_reserved': 29441916928}
[WSI] epoch=1 iteration=157 slide=normal_026 N=5 {'train_loss_cls': 0.40234375, 'train_loss_sr': 0.16013944149017334, 'train_loss_total': 0.4183577001094818, 'max_memory_allocated': 3874028032, 'max_memory_reserved': 29441916928}
[WSI] epoch=1 iteration=158 slide=normal_131 N=18 {'train_loss_cls': 0.400390625, 'train_loss_sr': 0.1226520985364914, 'train_loss_total': 0.4126558303833008, 'max_memory_allocated': 13478194688, 'max_memory_reserved': 29441916928}
[WSI] epoch=1 iteration=159 slide=tumor_007 N=12 {'train_loss_cls': 1.125, 'train_loss_sr': 0.1589566171169281, 'train_loss_total': 1.1408956050872803, 'max_memory_allocated': 9044747264, 'max_memory_reserved': 29441916928}
[gradient] slide_id=tumor_079 N=14 {'rdn': 2.309899091720581, 'region_encoder': 0.0, 'abmil': 0.025308893993496895, 'classifier': 13.250199317932129, 'p2w': 0.7116553783416748}
[WSI] epoch=1 iteration=160 slide=tumor_079 N=14 {'train_loss_cls': 1.1875, 'train_loss_sr': 0.09243182837963104, 'train_loss_total': 1.196743130683899, 'max_memory_allocated': 10523313664, 'max_memory_reserved': 29441916928}
[WSI] epoch=1 iteration=161 slide=tumor_040 N=10 {'train_loss_cls': 1.21875, 'train_loss_sr': 0.11970582604408264, 'train_loss_total': 1.2307206392288208, 'max_memory_allocated': 7566572032, 'max_memory_reserved': 29441916928}
[WSI] epoch=1 iteration=162 slide=tumor_039 N=4 {'train_loss_cls': 1.2265625, 'train_loss_sr': 0.14339900016784668, 'train_loss_total': 1.2409024238586426, 'max_memory_allocated': 3132758528, 'max_memory_reserved': 29441916928}
[WSI] epoch=1 iteration=163 slide=tumor_106 N=22 {'train_loss_cls': 1.0859375, 'train_loss_sr': 0.13079512119293213, 'train_loss_total': 1.0990170240402222, 'max_memory_allocated': 16433936896, 'max_memory_reserved': 29441916928}
[WSI] epoch=1 iteration=164 slide=normal_006 N=1 {'train_loss_cls': 0.421875, 'train_loss_sr': 0.08247426897287369, 'train_loss_total': 0.430122435092926, 'max_memory_allocated': 917384192, 'max_memory_reserved': 29441916928}
[WSI] epoch=1 iteration=165 slide=normal_102 N=11 {'train_loss_cls': 0.41796875, 'train_loss_sr': 0.0971260592341423, 'train_loss_total': 0.4276813566684723, 'max_memory_allocated': 8305269248, 'max_memory_reserved': 29441916928}
[WSI] epoch=1 iteration=166 slide=normal_036 N=7 {'train_loss_cls': 0.44140625, 'train_loss_sr': 0.15403932332992554, 'train_loss_total': 0.4568101763725281, 'max_memory_allocated': 5350877696, 'max_memory_reserved': 29441916928}
[WSI] epoch=1 iteration=167 slide=tumor_094 N=16 {'train_loss_cls': 1.0, 'train_loss_sr': 0.09455433487892151, 'train_loss_total': 1.0094554424285889, 'max_memory_allocated': 12001387520, 'max_memory_reserved': 29441916928}
[WSI] epoch=1 iteration=168 slide=normal_096 N=7 {'train_loss_cls': 0.43359375, 'train_loss_sr': 0.12487944215536118, 'train_loss_total': 0.4460816979408264, 'max_memory_allocated': 5349992960, 'max_memory_reserved': 29441916928}
[WSI] epoch=1 iteration=169 slide=normal_144 N=12 {'train_loss_cls': 0.474609375, 'train_loss_sr': 0.10941995680332184, 'train_loss_total': 0.4855513572692871, 'max_memory_allocated': 9044978176, 'max_memory_reserved': 29441916928}
[gradient] slide_id=normal_062 N=2 {'rdn': 1.3800711631774902, 'region_encoder': 0.0, 'abmil': 0.02013017050921917, 'classifier': 6.505979061126709, 'p2w': 0.7642084360122681}
[WSI] epoch=1 iteration=170 slide=normal_062 N=2 {'train_loss_cls': 0.48828125, 'train_loss_sr': 0.14036676287651062, 'train_loss_total': 0.5023179054260254, 'max_memory_allocated': 1707772416, 'max_memory_reserved': 29441916928}
[WSI] epoch=1 iteration=171 slide=tumor_107 N=6 {'train_loss_cls': 0.96484375, 'train_loss_sr': 0.13269495964050293, 'train_loss_total': 0.9781132340431213, 'max_memory_allocated': 4612852736, 'max_memory_reserved': 29441916928}
[WSI] epoch=1 iteration=172 slide=tumor_108 N=22 {'train_loss_cls': 0.953125, 'train_loss_sr': 0.09531235694885254, 'train_loss_total': 0.9626562595367432, 'max_memory_allocated': 16434379264, 'max_memory_reserved': 29441916928}
[WSI] epoch=1 iteration=173 slide=normal_061 N=12 {'train_loss_cls': 0.455078125, 'train_loss_sr': 0.1699652224779129, 'train_loss_total': 0.4720746576786041, 'max_memory_allocated': 9044791296, 'max_memory_reserved': 29441916928}
[WSI] epoch=1 iteration=174 slide=normal_083 N=3 {'train_loss_cls': 0.435546875, 'train_loss_sr': 0.14181199669837952, 'train_loss_total': 0.4497280716896057, 'max_memory_allocated': 2394356736, 'max_memory_reserved': 29441916928}
[epoch] {'epoch': 1, 'train_loss_cls': 0.7169989224137931, 'train_loss_sr': 0.15370907214866286, 'train_loss_total': 0.7323698278131157, 'train_auc': 0.6811486486486487, 'train_acc': 0.5747126436781609, 'train_bacc': 0.5, 'val_loss': 0.6822176846590909, 'val_auc': 0.5527291997880234, 'val_acc': 0.5795454545454546, 'val_bacc': 0.5, 'max_memory_allocated': 26042046464, 'max_memory_reserved': 40921726976}
/root/miniconda3/envs/myconda/lib/python3.10/site-packages/torch/utils/checkpoint.py:1399: FutureWarning: `torch.cpu.amp.autocast(args...)` is deprecated. Please use `torch.amp.autocast('cpu', args...)` instead.
  with device_autocast_ctx, torch.cpu.amp.autocast(**cpu_autocast_kwargs), recompute_context:  # type: ignore[attr-defined]
[WSI] epoch=2 iteration=175 slide=tumor_002 N=5 {'train_loss_cls': 0.98046875, 'train_loss_sr': 0.12776198983192444, 'train_loss_total': 0.9932449460029602, 'max_memory_allocated': 3872479744, 'max_memory_reserved': 32237420544}
[WSI] epoch=2 iteration=176 slide=normal_032 N=9 {'train_loss_cls': 0.48828125, 'train_loss_sr': 0.14121827483177185, 'train_loss_total': 0.5024030804634094, 'max_memory_allocated': 6827630592, 'max_memory_reserved': 32237420544}
[WSI] epoch=2 iteration=177 slide=normal_015 N=5 {'train_loss_cls': 0.482421875, 'train_loss_sr': 0.1331133246421814, 'train_loss_total': 0.49573320150375366, 'max_memory_allocated': 3872286720, 'max_memory_reserved': 32237420544}
[WSI] epoch=2 iteration=178 slide=normal_039 N=9 {'train_loss_cls': 0.466796875, 'train_loss_sr': 0.13743704557418823, 'train_loss_total': 0.48054057359695435, 'max_memory_allocated': 6827366912, 'max_memory_reserved': 32237420544}
[WSI] epoch=2 iteration=179 slide=normal_084 N=1 {'train_loss_cls': 0.435546875, 'train_loss_sr': 0.06808178126811981, 'train_loss_total': 0.44235506653785706, 'max_memory_allocated': 916483072, 'max_memory_reserved': 32237420544}
[gradient] slide_id=normal_146 N=17 {'rdn': 0.9591444134712219, 'region_encoder': 0.0, 'abmil': 0.012518401257693768, 'classifier': 6.572434902191162, 'p2w': 0.2772555947303772}
[WSI] epoch=2 iteration=180 slide=normal_146 N=17 {'train_loss_cls': 0.4609375, 'train_loss_sr': 0.12692075967788696, 'train_loss_total': 0.47362956404685974, 'max_memory_allocated': 12739501056, 'max_memory_reserved': 32237420544}
[WSI] epoch=2 iteration=181 slide=normal_121 N=13 {'train_loss_cls': 0.455078125, 'train_loss_sr': 0.125966876745224, 'train_loss_total': 0.4676748216152191, 'max_memory_allocated': 9783568896, 'max_memory_reserved': 32237420544}
[WSI] epoch=2 iteration=182 slide=normal_023 N=2 {'train_loss_cls': 0.39453125, 'train_loss_sr': 0.13835331797599792, 'train_loss_total': 0.4083665907382965, 'max_memory_allocated': 1707051520, 'max_memory_reserved': 32237420544}
[WSI] epoch=2 iteration=183 slide=tumor_073 N=19 {'train_loss_cls': 1.03125, 'train_loss_sr': 0.07711233198642731, 'train_loss_total': 1.0389612913131714, 'max_memory_allocated': 14217061376, 'max_memory_reserved': 32237420544}
[WSI] epoch=2 iteration=184 slide=normal_012 N=3 {'train_loss_cls': 0.416015625, 'train_loss_sr': 0.14822939038276672, 'train_loss_total': 0.43083855509757996, 'max_memory_allocated': 2394467328, 'max_memory_reserved': 32237420544}
[WSI] epoch=2 iteration=185 slide=normal_124 N=19 {'train_loss_cls': 0.412109375, 'train_loss_sr': 0.09977827221155167, 'train_loss_total': 0.4220871925354004, 'max_memory_allocated': 14217296384, 'max_memory_reserved': 32237420544}
[WSI] epoch=2 iteration=186 slide=normal_054 N=1 {'train_loss_cls': 0.37109375, 'train_loss_sr': 0.17495128512382507, 'train_loss_total': 0.38858887553215027, 'max_memory_allocated': 916147200, 'max_memory_reserved': 32237420544}
[WSI] epoch=2 iteration=187 slide=normal_006 N=1 {'train_loss_cls': 0.3671875, 'train_loss_sr': 0.20688390731811523, 'train_loss_total': 0.38787588477134705, 'max_memory_allocated': 917036032, 'max_memory_reserved': 32237420544}
[WSI] epoch=2 iteration=188 slide=tumor_097 N=18 {'train_loss_cls': 1.171875, 'train_loss_sr': 0.14856792986392975, 'train_loss_total': 1.1867318153381348, 'max_memory_allocated': 13478607360, 'max_memory_reserved': 32237420544}
[WSI] epoch=2 iteration=189 slide=tumor_003 N=7 {'train_loss_cls': 1.2109375, 'train_loss_sr': 0.15974129736423492, 'train_loss_total': 1.2269116640090942, 'max_memory_allocated': 5350767104, 'max_memory_reserved': 32237420544}
[gradient] slide_id=normal_153 N=12 {'rdn': 1.3281712532043457, 'region_encoder': 0.0, 'abmil': 0.02441505156457424, 'classifier': 5.899038791656494, 'p2w': 0.9399898052215576}
[WSI] epoch=2 iteration=190 slide=normal_153 N=12 {'train_loss_cls': 0.373046875, 'train_loss_sr': 0.09152010083198547, 'train_loss_total': 0.38219887018203735, 'max_memory_allocated': 9045441024, 'max_memory_reserved': 32237420544}
[WSI] epoch=2 iteration=191 slide=normal_035 N=1 {'train_loss_cls': 0.3125, 'train_loss_sr': 0.19601432979106903, 'train_loss_total': 0.332101434469223, 'max_memory_allocated': 916147200, 'max_memory_reserved': 32237420544}
[WSI] epoch=2 iteration=192 slide=tumor_047 N=15 {'train_loss_cls': 1.1484375, 'train_loss_sr': 0.16513094305992126, 'train_loss_total': 1.1649506092071533, 'max_memory_allocated': 11263314432, 'max_memory_reserved': 32237420544}
[WSI] epoch=2 iteration=193 slide=tumor_021 N=16 {'train_loss_cls': 1.1640625, 'train_loss_sr': 0.20580679178237915, 'train_loss_total': 1.1846431493759155, 'max_memory_allocated': 12001967616, 'max_memory_reserved': 32237420544}
[WSI] epoch=2 iteration=194 slide=tumor_072 N=20 {'train_loss_cls': 1.09375, 'train_loss_sr': 0.15760545432567596, 'train_loss_total': 1.1095105409622192, 'max_memory_allocated': 14957255168, 'max_memory_reserved': 32237420544}
[WSI] epoch=2 iteration=195 slide=tumor_088 N=12 {'train_loss_cls': 1.125, 'train_loss_sr': 0.15265130996704102, 'train_loss_total': 1.1402651071548462, 'max_memory_allocated': 9045563392, 'max_memory_reserved': 32237420544}
[WSI] epoch=2 iteration=196 slide=normal_036 N=7 {'train_loss_cls': 0.390625, 'train_loss_sr': 0.1595323085784912, 'train_loss_total': 0.4065782427787781, 'max_memory_allocated': 5349992960, 'max_memory_reserved': 32237420544}
[WSI] epoch=2 iteration=197 slide=tumor_034 N=6 {'train_loss_cls': 1.0703125, 'train_loss_sr': 0.15232956409454346, 'train_loss_total': 1.0855454206466675, 'max_memory_allocated': 4612115456, 'max_memory_reserved': 32237420544}
[WSI] epoch=2 iteration=198 slide=normal_133 N=10 {'train_loss_cls': 0.4375, 'train_loss_sr': 0.12383885681629181, 'train_loss_total': 0.4498838782310486, 'max_memory_allocated': 7566957056, 'max_memory_reserved': 32237420544}
[WSI] epoch=2 iteration=199 slide=tumor_061 N=13 {'train_loss_cls': 1.0078125, 'train_loss_sr': 0.16324132680892944, 'train_loss_total': 1.0241366624832153, 'max_memory_allocated': 9783458304, 'max_memory_reserved': 32237420544}
[gradient] slide_id=tumor_045 N=10 {'rdn': 1.5606114864349365, 'region_encoder': 0.0, 'abmil': 0.020806534215807915, 'classifier': 11.383769989013672, 'p2w': 0.2527824342250824}
[WSI] epoch=2 iteration=200 slide=tumor_045 N=10 {'train_loss_cls': 0.9765625, 'train_loss_sr': 0.1736672818660736, 'train_loss_total': 0.9939292073249817, 'max_memory_allocated': 7567235584, 'max_memory_reserved': 32237420544}
[WSI] epoch=2 iteration=201 slide=normal_154 N=20 {'train_loss_cls': 0.4609375, 'train_loss_sr': 0.1255430281162262, 'train_loss_total': 0.4734917879104614, 'max_memory_allocated': 14956296704, 'max_memory_reserved': 32237420544}
[WSI] epoch=2 iteration=202 slide=tumor_028 N=17 {'train_loss_cls': 0.94921875, 'train_loss_sr': 0.09732377529144287, 'train_loss_total': 0.9589511156082153, 'max_memory_allocated': 12739684864, 'max_memory_reserved': 32237420544}
[WSI] epoch=2 iteration=203 slide=tumor_106 N=22 {'train_loss_cls': 0.875, 'train_loss_sr': 0.1177418902516365, 'train_loss_total': 0.8867741823196411, 'max_memory_allocated': 16434358784, 'max_memory_reserved': 32237420544}
[WSI] epoch=2 iteration=204 slide=normal_131 N=18 {'train_loss_cls': 0.5546875, 'train_loss_sr': 0.10864071547985077, 'train_loss_total': 0.5655515789985657, 'max_memory_allocated': 13478423040, 'max_memory_reserved': 32237420544}
[WSI] epoch=2 iteration=205 slide=normal_089 N=20 {'train_loss_cls': 0.5703125, 'train_loss_sr': 0.11197956651449203, 'train_loss_total': 0.5815104842185974, 'max_memory_allocated': 14956608000, 'max_memory_reserved': 32237420544}
[WSI] epoch=2 iteration=206 slide=tumor_098 N=9 {'train_loss_cls': 0.828125, 'train_loss_sr': 0.08130112290382385, 'train_loss_total': 0.8362551331520081, 'max_memory_allocated': 6827104768, 'max_memory_reserved': 32237420544}
[WSI] epoch=2 iteration=207 slide=normal_028 N=5 {'train_loss_cls': 0.5546875, 'train_loss_sr': 0.1355094611644745, 'train_loss_total': 0.5682384371757507, 'max_memory_allocated': 3872904704, 'max_memory_reserved': 32237420544}
[WSI] epoch=2 iteration=208 slide=normal_095 N=14 {'train_loss_cls': 0.59375, 'train_loss_sr': 0.12552541494369507, 'train_loss_total': 0.6063025593757629, 'max_memory_allocated': 10522376704, 'max_memory_reserved': 32237420544}
[WSI] epoch=2 iteration=209 slide=normal_007 N=3 {'train_loss_cls': 0.640625, 'train_loss_sr': 0.07643000781536102, 'train_loss_total': 0.6482679843902588, 'max_memory_allocated': 2395978752, 'max_memory_reserved': 32237420544}
[gradient] slide_id=tumor_016 N=5 {'rdn': 1.519407868385315, 'region_encoder': 0.0, 'abmil': 0.06848186999559402, 'classifier': 9.61611270904541, 'p2w': 0.6640336513519287}
[WSI] epoch=2 iteration=210 slide=tumor_016 N=5 {'train_loss_cls': 0.78515625, 'train_loss_sr': 0.15883144736289978, 'train_loss_total': 0.8010393977165222, 'max_memory_allocated': 3872939520, 'max_memory_reserved': 32237420544}
[WSI] epoch=2 iteration=211 slide=tumor_071 N=12 {'train_loss_cls': 0.76171875, 'train_loss_sr': 0.15379849076271057, 'train_loss_total': 0.7770985960960388, 'max_memory_allocated': 9045050368, 'max_memory_reserved': 32237420544}
[WSI] epoch=2 iteration=212 slide=tumor_087 N=10 {'train_loss_cls': 0.7734375, 'train_loss_sr': 0.1332792341709137, 'train_loss_total': 0.7867653965950012, 'max_memory_allocated': 7566330368, 'max_memory_reserved': 32237420544}
[WSI] epoch=2 iteration=213 slide=tumor_022 N=7 {'train_loss_cls': 0.75390625, 'train_loss_sr': 0.14386141300201416, 'train_loss_total': 0.7682923674583435, 'max_memory_allocated': 5350103552, 'max_memory_reserved': 32237420544}
[WSI] epoch=2 iteration=214 slide=normal_049 N=2 {'train_loss_cls': 0.6484375, 'train_loss_sr': 0.15295429527759552, 'train_loss_total': 0.6637329459190369, 'max_memory_allocated': 1707141632, 'max_memory_reserved': 32237420544}
[WSI] epoch=2 iteration=215 slide=normal_040 N=16 {'train_loss_cls': 0.66015625, 'train_loss_sr': 0.15049685537815094, 'train_loss_total': 0.6752059459686279, 'max_memory_allocated': 12000975360, 'max_memory_reserved': 32237420544}
[WSI] epoch=2 iteration=216 slide=tumor_027 N=13 {'train_loss_cls': 0.7109375, 'train_loss_sr': 0.16455337405204773, 'train_loss_total': 0.727392852306366, 'max_memory_allocated': 9783679488, 'max_memory_reserved': 32237420544}
[WSI] epoch=2 iteration=217 slide=normal_052 N=15 {'train_loss_cls': 0.6796875, 'train_loss_sr': 0.1272546947002411, 'train_loss_total': 0.6924129724502563, 'max_memory_allocated': 11263646208, 'max_memory_reserved': 32237420544}
[WSI] epoch=2 iteration=218 slide=tumor_009 N=12 {'train_loss_cls': 0.71484375, 'train_loss_sr': 0.14846903085708618, 'train_loss_total': 0.729690670967102, 'max_memory_allocated': 9044515328, 'max_memory_reserved': 32237420544}
[WSI] epoch=2 iteration=219 slide=normal_065 N=6 {'train_loss_cls': 0.6796875, 'train_loss_sr': 0.14693768322467804, 'train_loss_total': 0.6943812966346741, 'max_memory_allocated': 4611853312, 'max_memory_reserved': 32237420544}
[gradient] slide_id=normal_078 N=6 {'rdn': 1.2417160272598267, 'region_encoder': 0.0, 'abmil': 0.04572465643286705, 'classifier': 8.520735740661621, 'p2w': 0.43990427255630493}
[WSI] epoch=2 iteration=220 slide=normal_078 N=6 {'train_loss_cls': 0.703125, 'train_loss_sr': 0.15691179037094116, 'train_loss_total': 0.7188161611557007, 'max_memory_allocated': 4612115456, 'max_memory_reserved': 32237420544}
[WSI] epoch=2 iteration=221 slide=normal_014 N=2 {'train_loss_cls': 0.67578125, 'train_loss_sr': 0.15944503247737885, 'train_loss_total': 0.6917257308959961, 'max_memory_allocated': 1707051520, 'max_memory_reserved': 32237420544}
[WSI] epoch=2 iteration=222 slide=normal_080 N=15 {'train_loss_cls': 0.69140625, 'train_loss_sr': 0.1331862509250641, 'train_loss_total': 0.7047248482704163, 'max_memory_allocated': 11262319104, 'max_memory_reserved': 32237420544}
[WSI] epoch=2 iteration=223 slide=tumor_052 N=15 {'train_loss_cls': 0.7265625, 'train_loss_sr': 0.15067702531814575, 'train_loss_total': 0.7416301965713501, 'max_memory_allocated': 11262056960, 'max_memory_reserved': 32237420544}
[WSI] epoch=2 iteration=224 slide=tumor_048 N=15 {'train_loss_cls': 0.7421875, 'train_loss_sr': 0.1336641162633896, 'train_loss_total': 0.7555539011955261, 'max_memory_allocated': 11262540288, 'max_memory_reserved': 32237420544}
[WSI] epoch=2 iteration=225 slide=normal_048 N=3 {'train_loss_cls': 0.6953125, 'train_loss_sr': 0.14538432657718658, 'train_loss_total': 0.7098509073257446, 'max_memory_allocated': 2394577920, 'max_memory_reserved': 32237420544}
[WSI] epoch=2 iteration=226 slide=normal_152 N=5 {'train_loss_cls': 0.6796875, 'train_loss_sr': 0.12501564621925354, 'train_loss_total': 0.6921890377998352, 'max_memory_allocated': 3872587776, 'max_memory_reserved': 32237420544}
[WSI] epoch=2 iteration=227 slide=tumor_093 N=14 {'train_loss_cls': 0.7109375, 'train_loss_sr': 0.1016768217086792, 'train_loss_total': 0.72110515832901, 'max_memory_allocated': 10522044928, 'max_memory_reserved': 32237420544}
[WSI] epoch=2 iteration=228 slide=normal_066 N=26 {'train_loss_cls': 0.64453125, 'train_loss_sr': 0.15233346819877625, 'train_loss_total': 0.6597645878791809, 'max_memory_allocated': 19390310912, 'max_memory_reserved': 32256294912}
[WSI] epoch=2 iteration=229 slide=normal_071 N=5 {'train_loss_cls': 0.625, 'train_loss_sr': 0.13376328349113464, 'train_loss_total': 0.6383763551712036, 'max_memory_allocated': 3872348672, 'max_memory_reserved': 32256294912}
[gradient] slide_id=normal_002 N=2 {'rdn': 1.5091538429260254, 'region_encoder': 0.0, 'abmil': 0.008679056540131569, 'classifier': 7.463197708129883, 'p2w': 0.8806636929512024}
[WSI] epoch=2 iteration=230 slide=normal_002 N=2 {'train_loss_cls': 0.5859375, 'train_loss_sr': 0.07012317329645157, 'train_loss_total': 0.5929498076438904, 'max_memory_allocated': 1706789376, 'max_memory_reserved': 32256294912}
[WSI] epoch=2 iteration=231 slide=normal_102 N=11 {'train_loss_cls': 0.58984375, 'train_loss_sr': 0.07461157441139221, 'train_loss_total': 0.5973048806190491, 'max_memory_allocated': 8305842688, 'max_memory_reserved': 32256294912}
[WSI] epoch=2 iteration=232 slide=tumor_074 N=5 {'train_loss_cls': 0.796875, 'train_loss_sr': 0.10183165967464447, 'train_loss_total': 0.8070581555366516, 'max_memory_allocated': 3873147392, 'max_memory_reserved': 32256294912}
[WSI] epoch=2 iteration=233 slide=normal_151 N=16 {'train_loss_cls': 0.58203125, 'train_loss_sr': 0.12314963340759277, 'train_loss_total': 0.5943462252616882, 'max_memory_allocated': 12002675200, 'max_memory_reserved': 32256294912}
[WSI] epoch=2 iteration=234 slide=tumor_011 N=6 {'train_loss_cls': 0.8671875, 'train_loss_sr': 0.13163068890571594, 'train_loss_total': 0.8803505897521973, 'max_memory_allocated': 4612120064, 'max_memory_reserved': 32256294912}
[WSI] epoch=2 iteration=235 slide=normal_111 N=31 {'train_loss_cls': 0.55859375, 'train_loss_sr': 0.09034357964992523, 'train_loss_total': 0.5676280856132507, 'max_memory_allocated': 23085079040, 'max_memory_reserved': 32264683520}
[WSI] epoch=2 iteration=236 slide=tumor_107 N=6 {'train_loss_cls': 0.80859375, 'train_loss_sr': 0.13107283413410187, 'train_loss_total': 0.8217010498046875, 'max_memory_allocated': 4612302336, 'max_memory_reserved': 32264683520}
[WSI] epoch=2 iteration=237 slide=normal_047 N=5 {'train_loss_cls': 0.53515625, 'train_loss_sr': 0.12977974116802216, 'train_loss_total': 0.5481342077255249, 'max_memory_allocated': 3872569856, 'max_memory_reserved': 32264683520}
[WSI] epoch=2 iteration=238 slide=normal_097 N=17 {'train_loss_cls': 0.52734375, 'train_loss_sr': 0.12052316963672638, 'train_loss_total': 0.5393960475921631, 'max_memory_allocated': 12739942912, 'max_memory_reserved': 32264683520}
[WSI] epoch=2 iteration=239 slide=normal_008 N=1 {'train_loss_cls': 0.453125, 'train_loss_sr': 0.05056088790297508, 'train_loss_total': 0.45818108320236206, 'max_memory_allocated': 916147200, 'max_memory_reserved': 32264683520}
[gradient] slide_id=tumor_089 N=26 {'rdn': 1.40033757686615, 'region_encoder': 0.0, 'abmil': 0.028201794251799583, 'classifier': 7.051460266113281, 'p2w': 0.3138318657875061}
[WSI] epoch=2 iteration=240 slide=tumor_089 N=26 {'train_loss_cls': 0.828125, 'train_loss_sr': 0.12598341703414917, 'train_loss_total': 0.8407233357429504, 'max_memory_allocated': 19391158784, 'max_memory_reserved': 32264683520}
[WSI] epoch=2 iteration=241 slide=tumor_035 N=4 {'train_loss_cls': 0.875, 'train_loss_sr': 0.1293729990720749, 'train_loss_total': 0.8879373073577881, 'max_memory_allocated': 3132758528, 'max_memory_reserved': 32264683520}
[WSI] epoch=2 iteration=242 slide=tumor_060 N=6 {'train_loss_cls': 0.94921875, 'train_loss_sr': 0.1031055599451065, 'train_loss_total': 0.9595292806625366, 'max_memory_allocated': 4613000192, 'max_memory_reserved': 32264683520}
[WSI] epoch=2 iteration=243 slide=normal_026 N=5 {'train_loss_cls': 0.50390625, 'train_loss_sr': 0.12126456946134567, 'train_loss_total': 0.5160326957702637, 'max_memory_allocated': 3873589760, 'max_memory_reserved': 32264683520}
[WSI] epoch=2 iteration=244 slide=normal_128 N=11 {'train_loss_cls': 0.50390625, 'train_loss_sr': 0.11395389586687088, 'train_loss_total': 0.5153016448020935, 'max_memory_allocated': 8305420800, 'max_memory_reserved': 32264683520}
[WSI] epoch=2 iteration=245 slide=normal_159 N=14 {'train_loss_cls': 0.55859375, 'train_loss_sr': 0.08509360253810883, 'train_loss_total': 0.5671030879020691, 'max_memory_allocated': 10522376704, 'max_memory_reserved': 32264683520}
[WSI] epoch=2 iteration=246 slide=normal_120 N=10 {'train_loss_cls': 0.49609375, 'train_loss_sr': 0.11815738677978516, 'train_loss_total': 0.5079094767570496, 'max_memory_allocated': 7567993856, 'max_memory_reserved': 32264683520}
[WSI] epoch=2 iteration=247 slide=tumor_105 N=6 {'train_loss_cls': 0.8828125, 'train_loss_sr': 0.1278282254934311, 'train_loss_total': 0.8955953121185303, 'max_memory_allocated': 4613630976, 'max_memory_reserved': 32264683520}
[WSI] epoch=2 iteration=248 slide=normal_038 N=1 {'train_loss_cls': 0.466796875, 'train_loss_sr': 0.11793087422847748, 'train_loss_total': 0.4785899519920349, 'max_memory_allocated': 916162048, 'max_memory_reserved': 32264683520}
[WSI] epoch=2 iteration=249 slide=normal_037 N=8 {'train_loss_cls': 0.490234375, 'train_loss_sr': 0.1401938796043396, 'train_loss_total': 0.5042537450790405, 'max_memory_allocated': 6088715776, 'max_memory_reserved': 32264683520}
[gradient] slide_id=tumor_024 N=16 {'rdn': 1.731613039970398, 'region_encoder': 0.0, 'abmil': 0.04677003622055054, 'classifier': 8.529139518737793, 'p2w': 0.2982158362865448}
[WSI] epoch=2 iteration=250 slide=tumor_024 N=16 {'train_loss_cls': 0.94140625, 'train_loss_sr': 0.16533520817756653, 'train_loss_total': 0.9579397439956665, 'max_memory_allocated': 12003132928, 'max_memory_reserved': 32264683520}
[WSI] epoch=2 iteration=251 slide=normal_068 N=6 {'train_loss_cls': 0.49609375, 'train_loss_sr': 0.17094679176807404, 'train_loss_total': 0.5131884217262268, 'max_memory_allocated': 4612551168, 'max_memory_reserved': 32264683520}
[WSI] epoch=2 iteration=252 slide=normal_083 N=3 {'train_loss_cls': 0.4140625, 'train_loss_sr': 0.17649894952774048, 'train_loss_total': 0.43171238899230957, 'max_memory_allocated': 2394156032, 'max_memory_reserved': 32264683520}
[WSI] epoch=2 iteration=253 slide=normal_062 N=2 {'train_loss_cls': 0.48046875, 'train_loss_sr': 0.12454666197299957, 'train_loss_total': 0.49292340874671936, 'max_memory_allocated': 1706892800, 'max_memory_reserved': 32264683520}
[WSI] epoch=2 iteration=254 slide=normal_063 N=7 {'train_loss_cls': 0.458984375, 'train_loss_sr': 0.11835123598575592, 'train_loss_total': 0.47081950306892395, 'max_memory_allocated': 5350676992, 'max_memory_reserved': 32264683520}
[WSI] epoch=2 iteration=255 slide=tumor_004 N=15 {'train_loss_cls': 1.046875, 'train_loss_sr': 0.15869437158107758, 'train_loss_total': 1.062744379043579, 'max_memory_allocated': 11262061056, 'max_memory_reserved': 32264683520}
[WSI] epoch=2 iteration=256 slide=tumor_094 N=16 {'train_loss_cls': 1.03125, 'train_loss_sr': 0.1529066413640976, 'train_loss_total': 1.04654061794281, 'max_memory_allocated': 12001438208, 'max_memory_reserved': 32264683520}
[WSI] epoch=2 iteration=257 slide=normal_058 N=7 {'train_loss_cls': 0.44921875, 'train_loss_sr': 0.1858612447977066, 'train_loss_total': 0.467804878950119, 'max_memory_allocated': 5350124032, 'max_memory_reserved': 32264683520}
[WSI] epoch=2 iteration=258 slide=normal_018 N=3 {'train_loss_cls': 0.412109375, 'train_loss_sr': 0.12285932898521423, 'train_loss_total': 0.4243953227996826, 'max_memory_allocated': 2395646976, 'max_memory_reserved': 32264683520}
[WSI] epoch=2 iteration=259 slide=normal_074 N=14 {'train_loss_cls': 0.447265625, 'train_loss_sr': 0.13869675993919373, 'train_loss_total': 0.46113529801368713, 'max_memory_allocated': 10522065408, 'max_memory_reserved': 32264683520}
[gradient] slide_id=tumor_020 N=7 {'rdn': 2.7196831703186035, 'region_encoder': 0.0, 'abmil': 0.032279036939144135, 'classifier': 10.800260543823242, 'p2w': 1.161786675453186}
[WSI] epoch=2 iteration=260 slide=tumor_020 N=7 {'train_loss_cls': 1.09375, 'train_loss_sr': 0.15848204493522644, 'train_loss_total': 1.109598159790039, 'max_memory_allocated': 5349771776, 'max_memory_reserved': 32264683520}
[WSI] epoch=2 iteration=261 slide=tumor_037 N=10 {'train_loss_cls': 0.99609375, 'train_loss_sr': 0.14551076292991638, 'train_loss_total': 1.010644793510437, 'max_memory_allocated': 7566385664, 'max_memory_reserved': 32264683520}
[WSI] epoch=2 iteration=262 slide=normal_139 N=12 {'train_loss_cls': 0.453125, 'train_loss_sr': 0.14148563146591187, 'train_loss_total': 0.4672735631465912, 'max_memory_allocated': 9045374464, 'max_memory_reserved': 32264683520}
[WSI] epoch=2 iteration=263 slide=normal_126 N=17 {'train_loss_cls': 0.48046875, 'train_loss_sr': 0.1339396983385086, 'train_loss_total': 0.49386271834373474, 'max_memory_allocated': 12739389952, 'max_memory_reserved': 32264683520}
[WSI] epoch=2 iteration=264 slide=tumor_103 N=18 {'train_loss_cls': 0.97265625, 'train_loss_sr': 0.13500364124774933, 'train_loss_total': 0.9861566424369812, 'max_memory_allocated': 13478894080, 'max_memory_reserved': 32264683520}
[WSI] epoch=2 iteration=265 slide=normal_064 N=9 {'train_loss_cls': 0.43359375, 'train_loss_sr': 0.13451921939849854, 'train_loss_total': 0.4470456838607788, 'max_memory_allocated': 6827145728, 'max_memory_reserved': 32264683520}
[WSI] epoch=2 iteration=266 slide=normal_141 N=7 {'train_loss_cls': 0.419921875, 'train_loss_sr': 0.1330081969499588, 'train_loss_total': 0.4332226812839508, 'max_memory_allocated': 5349530112, 'max_memory_reserved': 32264683520}
[WSI] epoch=2 iteration=267 slide=normal_053 N=18 {'train_loss_cls': 0.43359375, 'train_loss_sr': 0.15820647776126862, 'train_loss_total': 0.4494144022464752, 'max_memory_allocated': 13478014976, 'max_memory_reserved': 32264683520}
[WSI] epoch=2 iteration=268 slide=tumor_039 N=4 {'train_loss_cls': 1.078125, 'train_loss_sr': 0.1493304967880249, 'train_loss_total': 1.0930581092834473, 'max_memory_allocated': 3132308992, 'max_memory_reserved': 32264683520}
[WSI] epoch=2 iteration=269 slide=normal_022 N=6 {'train_loss_cls': 0.390625, 'train_loss_sr': 0.132010817527771, 'train_loss_total': 0.4038260877132416, 'max_memory_allocated': 4612537344, 'max_memory_reserved': 32264683520}
[gradient] slide_id=normal_107 N=16 {'rdn': 1.2940113544464111, 'region_encoder': 0.0, 'abmil': 0.03405958041548729, 'classifier': 5.541754245758057, 'p2w': 0.6209089159965515}
[WSI] epoch=2 iteration=270 slide=normal_107 N=16 {'train_loss_cls': 0.439453125, 'train_loss_sr': 0.09871508181095123, 'train_loss_total': 0.4493246376514435, 'max_memory_allocated': 12001057792, 'max_memory_reserved': 32264683520}
[WSI] epoch=2 iteration=271 slide=normal_106 N=15 {'train_loss_cls': 0.435546875, 'train_loss_sr': 0.12864555418491364, 'train_loss_total': 0.4484114348888397, 'max_memory_allocated': 11263011328, 'max_memory_reserved': 32264683520}
[WSI] epoch=2 iteration=272 slide=normal_129 N=19 {'train_loss_cls': 0.44921875, 'train_loss_sr': 0.10835511237382889, 'train_loss_total': 0.4600542485713959, 'max_memory_allocated': 14217980416, 'max_memory_reserved': 32264683520}
[WSI] epoch=2 iteration=273 slide=normal_051 N=3 {'train_loss_cls': 0.384765625, 'train_loss_sr': 0.1261836588382721, 'train_loss_total': 0.39738398790359497, 'max_memory_allocated': 2394909696, 'max_memory_reserved': 32264683520}
[WSI] epoch=2 iteration=274 slide=tumor_015 N=27 {'train_loss_cls': 1.078125, 'train_loss_sr': 0.1520494520664215, 'train_loss_total': 1.093329906463623, 'max_memory_allocated': 20129610240, 'max_memory_reserved': 32264683520}
[WSI] epoch=2 iteration=275 slide=normal_100 N=8 {'train_loss_cls': 0.37890625, 'train_loss_sr': 0.13827404379844666, 'train_loss_total': 0.3927336633205414, 'max_memory_allocated': 6088799744, 'max_memory_reserved': 32264683520}
[WSI] epoch=2 iteration=276 slide=normal_096 N=7 {'train_loss_cls': 0.333984375, 'train_loss_sr': 0.09788913279771805, 'train_loss_total': 0.3437732756137848, 'max_memory_allocated': 5349550592, 'max_memory_reserved': 32264683520}
[WSI] epoch=2 iteration=277 slide=tumor_043 N=4 {'train_loss_cls': 1.125, 'train_loss_sr': 0.17868603765964508, 'train_loss_total': 1.1428686380386353, 'max_memory_allocated': 3132185088, 'max_memory_reserved': 32264683520}
[WSI] epoch=2 iteration=278 slide=normal_105 N=12 {'train_loss_cls': 0.40234375, 'train_loss_sr': 0.12357024103403091, 'train_loss_total': 0.41470077633857727, 'max_memory_allocated': 9044777472, 'max_memory_reserved': 32264683520}
[WSI] epoch=2 iteration=279 slide=tumor_054 N=17 {'train_loss_cls': 1.2578125, 'train_loss_sr': 0.13960835337638855, 'train_loss_total': 1.271773338317871, 'max_memory_allocated': 12739981824, 'max_memory_reserved': 32264683520}
[gradient] slide_id=tumor_040 N=10 {'rdn': 2.3405346870422363, 'region_encoder': 0.0, 'abmil': 0.032868556678295135, 'classifier': 12.195808410644531, 'p2w': 0.6464865207672119}
[WSI] epoch=2 iteration=280 slide=tumor_040 N=10 {'train_loss_cls': 1.1953125, 'train_loss_sr': 0.1504516303539276, 'train_loss_total': 1.210357666015625, 'max_memory_allocated': 7566866944, 'max_memory_reserved': 32264683520}
[WSI] epoch=2 iteration=281 slide=tumor_042 N=4 {'train_loss_cls': 1.234375, 'train_loss_sr': 0.10162635147571564, 'train_loss_total': 1.244537591934204, 'max_memory_allocated': 3133037056, 'max_memory_reserved': 32264683520}
[WSI] epoch=2 iteration=282 slide=tumor_049 N=3 {'train_loss_cls': 1.046875, 'train_loss_sr': 0.0853954628109932, 'train_loss_total': 1.0554145574569702, 'max_memory_allocated': 2395573248, 'max_memory_reserved': 32264683520}
[WSI] epoch=2 iteration=283 slide=tumor_001 N=7 {'train_loss_cls': 1.125, 'train_loss_sr': 0.13948681950569153, 'train_loss_total': 1.138948678970337, 'max_memory_allocated': 5349882368, 'max_memory_reserved': 32264683520}
[WSI] epoch=2 iteration=284 slide=tumor_086 N=23 {'train_loss_cls': 0.99609375, 'train_loss_sr': 0.08823728561401367, 'train_loss_total': 1.0049175024032593, 'max_memory_allocated': 17173010944, 'max_memory_reserved': 32264683520}
[WSI] epoch=2 iteration=285 slide=normal_108 N=2 {'train_loss_cls': 0.458984375, 'train_loss_sr': 0.11683057248592377, 'train_loss_total': 0.47066742181777954, 'max_memory_allocated': 1707252224, 'max_memory_reserved': 32264683520}
[WSI] epoch=2 iteration=286 slide=tumor_078 N=15 {'train_loss_cls': 0.8359375, 'train_loss_sr': 0.11486423015594482, 'train_loss_total': 0.8474239110946655, 'max_memory_allocated': 11262823936, 'max_memory_reserved': 32264683520}
[WSI] epoch=2 iteration=287 slide=tumor_017 N=9 {'train_loss_cls': 0.9453125, 'train_loss_sr': 0.1537802517414093, 'train_loss_total': 0.9606904983520508, 'max_memory_allocated': 6828325376, 'max_memory_reserved': 32264683520}
[WSI] epoch=2 iteration=288 slide=normal_088 N=14 {'train_loss_cls': 0.53125, 'train_loss_sr': 0.13260498642921448, 'train_loss_total': 0.5445104837417603, 'max_memory_allocated': 10522286592, 'max_memory_reserved': 32264683520}
[WSI] epoch=2 iteration=289 slide=tumor_044 N=12 {'train_loss_cls': 0.83203125, 'train_loss_sr': 0.11296674609184265, 'train_loss_total': 0.8433279395103455, 'max_memory_allocated': 9045795840, 'max_memory_reserved': 32264683520}
[gradient] slide_id=normal_145 N=20 {'rdn': 1.022700548171997, 'region_encoder': 0.0, 'abmil': 0.015705998986959457, 'classifier': 6.3182172775268555, 'p2w': 0.3799988925457001}
[WSI] epoch=2 iteration=290 slide=normal_145 N=20 {'train_loss_cls': 0.58203125, 'train_loss_sr': 0.1188204437494278, 'train_loss_total': 0.5939133167266846, 'max_memory_allocated': 14957402624, 'max_memory_reserved': 32264683520}
[WSI] epoch=2 iteration=291 slide=normal_003 N=7 {'train_loss_cls': 0.5703125, 'train_loss_sr': 0.14414185285568237, 'train_loss_total': 0.5847266912460327, 'max_memory_allocated': 5350098944, 'max_memory_reserved': 32264683520}
[WSI] epoch=2 iteration=292 slide=normal_155 N=11 {'train_loss_cls': 0.59375, 'train_loss_sr': 0.11377477645874023, 'train_loss_total': 0.6051274538040161, 'max_memory_allocated': 8305842688, 'max_memory_reserved': 32264683520}
[WSI] epoch=2 iteration=293 slide=tumor_077 N=14 {'train_loss_cls': 0.8046875, 'train_loss_sr': 0.07849358767271042, 'train_loss_total': 0.8125368356704712, 'max_memory_allocated': 10522376704, 'max_memory_reserved': 32264683520}
[WSI] epoch=2 iteration=294 slide=normal_119 N=14 {'train_loss_cls': 0.59375, 'train_loss_sr': 0.09572964161634445, 'train_loss_total': 0.6033229827880859, 'max_memory_allocated': 10522950144, 'max_memory_reserved': 32264683520}
[WSI] epoch=2 iteration=295 slide=tumor_019 N=2 {'train_loss_cls': 0.7578125, 'train_loss_sr': 0.06235335022211075, 'train_loss_total': 0.7640478610992432, 'max_memory_allocated': 1706789376, 'max_memory_reserved': 32264683520}
[WSI] epoch=2 iteration=296 slide=normal_156 N=13 {'train_loss_cls': 0.62109375, 'train_loss_sr': 0.10101435333490372, 'train_loss_total': 0.6311951875686646, 'max_memory_allocated': 9783106048, 'max_memory_reserved': 32264683520}
[WSI] epoch=2 iteration=297 slide=normal_142 N=20 {'train_loss_cls': 0.640625, 'train_loss_sr': 0.1194935217499733, 'train_loss_total': 0.652574360370636, 'max_memory_allocated': 14956517888, 'max_memory_reserved': 32264683520}
[WSI] epoch=2 iteration=298 slide=normal_135 N=13 {'train_loss_cls': 0.63671875, 'train_loss_sr': 0.10158444941043854, 'train_loss_total': 0.6468771696090698, 'max_memory_allocated': 9783340544, 'max_memory_reserved': 32264683520}
[WSI] epoch=2 iteration=299 slide=tumor_038 N=2 {'train_loss_cls': 0.76953125, 'train_loss_sr': 0.14935582876205444, 'train_loss_total': 0.7844668626785278, 'max_memory_allocated': 1708336128, 'max_memory_reserved': 32264683520}
[gradient] slide_id=tumor_082 N=3 {'rdn': 1.2893033027648926, 'region_encoder': 0.0, 'abmil': 0.008574367500841618, 'classifier': 7.97990608215332, 'p2w': 0.5323677062988281}
[WSI] epoch=2 iteration=300 slide=tumor_082 N=3 {'train_loss_cls': 0.7734375, 'train_loss_sr': 0.10066252946853638, 'train_loss_total': 0.7835037708282471, 'max_memory_allocated': 2394930176, 'max_memory_reserved': 32264683520}
[WSI] epoch=2 iteration=301 slide=normal_109 N=10 {'train_loss_cls': 0.62109375, 'train_loss_sr': 0.11442197114229202, 'train_loss_total': 0.6325359344482422, 'max_memory_allocated': 7567097344, 'max_memory_reserved': 32264683520}
[WSI] epoch=2 iteration=302 slide=normal_011 N=14 {'train_loss_cls': 0.61328125, 'train_loss_sr': 0.12034766376018524, 'train_loss_total': 0.6253160238265991, 'max_memory_allocated': 10522286592, 'max_memory_reserved': 32264683520}
[WSI] epoch=2 iteration=303 slide=normal_085 N=5 {'train_loss_cls': 0.609375, 'train_loss_sr': 0.13385722041130066, 'train_loss_total': 0.6227607131004333, 'max_memory_allocated': 3872680448, 'max_memory_reserved': 32264683520}
[WSI] epoch=2 iteration=304 slide=normal_031 N=6 {'train_loss_cls': 0.625, 'train_loss_sr': 0.15845412015914917, 'train_loss_total': 0.6408454179763794, 'max_memory_allocated': 4611894272, 'max_memory_reserved': 32264683520}
[WSI] epoch=2 iteration=305 slide=normal_076 N=24 {'train_loss_cls': 0.62890625, 'train_loss_sr': 0.15287400782108307, 'train_loss_total': 0.6441936492919922, 'max_memory_allocated': 17911994880, 'max_memory_reserved': 32264683520}
[WSI] epoch=2 iteration=306 slide=normal_029 N=1 {'train_loss_cls': 0.546875, 'train_loss_sr': 0.04445953294634819, 'train_loss_total': 0.5513209700584412, 'max_memory_allocated': 916158976, 'max_memory_reserved': 32264683520}
[WSI] epoch=2 iteration=307 slide=tumor_012 N=7 {'train_loss_cls': 0.87109375, 'train_loss_sr': 0.17703014612197876, 'train_loss_total': 0.8887967467308044, 'max_memory_allocated': 5349792256, 'max_memory_reserved': 32264683520}
[WSI] epoch=2 iteration=308 slide=normal_070 N=16 {'train_loss_cls': 0.5703125, 'train_loss_sr': 0.1709223985671997, 'train_loss_total': 0.587404727935791, 'max_memory_allocated': 12001552896, 'max_memory_reserved': 32264683520}
[WSI] epoch=2 iteration=309 slide=tumor_008 N=14 {'train_loss_cls': 0.8828125, 'train_loss_sr': 0.14223630726337433, 'train_loss_total': 0.8970361351966858, 'max_memory_allocated': 10522597888, 'max_memory_reserved': 32264683520}
[gradient] slide_id=normal_087 N=11 {'rdn': 0.9971721768379211, 'region_encoder': 0.0, 'abmil': 0.02513979561626911, 'classifier': 6.4061784744262695, 'p2w': 0.2653583288192749}
[WSI] epoch=2 iteration=310 slide=normal_087 N=11 {'train_loss_cls': 0.578125, 'train_loss_sr': 0.15034469962120056, 'train_loss_total': 0.5931594967842102, 'max_memory_allocated': 8305400320, 'max_memory_reserved': 32264683520}
[WSI] epoch=2 iteration=311 slide=tumor_068 N=15 {'train_loss_cls': 0.87109375, 'train_loss_sr': 0.13521520793437958, 'train_loss_total': 0.8846152424812317, 'max_memory_allocated': 11262994432, 'max_memory_reserved': 32264683520}
[WSI] epoch=2 iteration=312 slide=normal_044 N=4 {'train_loss_cls': 0.51171875, 'train_loss_sr': 0.12480002641677856, 'train_loss_total': 0.5241987705230713, 'max_memory_allocated': 3133331968, 'max_memory_reserved': 32264683520}
[WSI] epoch=2 iteration=313 slide=tumor_084 N=9 {'train_loss_cls': 0.89453125, 'train_loss_sr': 0.11060571670532227, 'train_loss_total': 0.9055918455123901, 'max_memory_allocated': 6828047360, 'max_memory_reserved': 32264683520}
[WSI] epoch=2 iteration=314 slide=normal_148 N=5 {'train_loss_cls': 0.55078125, 'train_loss_sr': 0.09652144461870193, 'train_loss_total': 0.5604333877563477, 'max_memory_allocated': 3872553472, 'max_memory_reserved': 32264683520}
[WSI] epoch=2 iteration=315 slide=tumor_095 N=29 {'train_loss_cls': 0.8671875, 'train_loss_sr': 0.08521870523691177, 'train_loss_total': 0.8757093548774719, 'max_memory_allocated': 21607045632, 'max_memory_reserved': 32264683520}
[WSI] epoch=2 iteration=316 slide=normal_136 N=15 {'train_loss_cls': 0.54296875, 'train_loss_sr': 0.12101484835147858, 'train_loss_total': 0.5550702214241028, 'max_memory_allocated': 11262077440, 'max_memory_reserved': 32264683520}
[WSI] epoch=2 iteration=317 slide=normal_093 N=8 {'train_loss_cls': 0.49609375, 'train_loss_sr': 0.11978543549776077, 'train_loss_total': 0.5080723166465759, 'max_memory_allocated': 6088694272, 'max_memory_reserved': 32264683520}
[WSI] epoch=2 iteration=318 slide=tumor_079 N=14 {'train_loss_cls': 0.88671875, 'train_loss_sr': 0.08962804824113846, 'train_loss_total': 0.8956815600395203, 'max_memory_allocated': 10523003392, 'max_memory_reserved': 32264683520}
[WSI] epoch=2 iteration=319 slide=normal_158 N=18 {'train_loss_cls': 0.51953125, 'train_loss_sr': 0.09326519072055817, 'train_loss_total': 0.5288577675819397, 'max_memory_allocated': 13478332928, 'max_memory_reserved': 32264683520}
[gradient] slide_id=tumor_041 N=5 {'rdn': 1.5540333986282349, 'region_encoder': 0.0, 'abmil': 0.061350151896476746, 'classifier': 9.036030769348145, 'p2w': 0.6523488163948059}
[WSI] epoch=2 iteration=320 slide=tumor_041 N=5 {'train_loss_cls': 0.89453125, 'train_loss_sr': 0.09387797117233276, 'train_loss_total': 0.9039190411567688, 'max_memory_allocated': 3872238080, 'max_memory_reserved': 32264683520}
[WSI] epoch=2 iteration=321 slide=normal_067 N=12 {'train_loss_cls': 0.515625, 'train_loss_sr': 0.09889190644025803, 'train_loss_total': 0.5255141854286194, 'max_memory_allocated': 9045380096, 'max_memory_reserved': 32264683520}
[WSI] epoch=2 iteration=322 slide=tumor_058 N=5 {'train_loss_cls': 0.93359375, 'train_loss_sr': 0.1000681146979332, 'train_loss_total': 0.9436005353927612, 'max_memory_allocated': 3873454592, 'max_memory_reserved': 32264683520}
[WSI] epoch=2 iteration=323 slide=normal_041 N=7 {'train_loss_cls': 0.5078125, 'train_loss_sr': 0.13109090924263, 'train_loss_total': 0.5209215879440308, 'max_memory_allocated': 5350320640, 'max_memory_reserved': 32264683520}
[WSI] epoch=2 iteration=324 slide=tumor_109 N=10 {'train_loss_cls': 0.8828125, 'train_loss_sr': 0.06367688626050949, 'train_loss_total': 0.8891801834106445, 'max_memory_allocated': 7566350848, 'max_memory_reserved': 32264683520}
[WSI] epoch=2 iteration=325 slide=tumor_007 N=12 {'train_loss_cls': 0.8515625, 'train_loss_sr': 0.14584574103355408, 'train_loss_total': 0.8661471009254456, 'max_memory_allocated': 9045088768, 'max_memory_reserved': 32264683520}
[WSI] epoch=2 iteration=326 slide=tumor_083 N=14 {'train_loss_cls': 0.859375, 'train_loss_sr': 0.08166578412055969, 'train_loss_total': 0.8675415515899658, 'max_memory_allocated': 10523281920, 'max_memory_reserved': 32264683520}
[WSI] epoch=2 iteration=327 slide=normal_157 N=16 {'train_loss_cls': 0.55078125, 'train_loss_sr': 0.09862666577100754, 'train_loss_total': 0.5606439113616943, 'max_memory_allocated': 12001926144, 'max_memory_reserved': 32264683520}
[WSI] epoch=2 iteration=328 slide=tumor_046 N=19 {'train_loss_cls': 0.875, 'train_loss_sr': 0.1300709843635559, 'train_loss_total': 0.8880071043968201, 'max_memory_allocated': 14217006080, 'max_memory_reserved': 32264683520}
[WSI] epoch=2 iteration=329 slide=tumor_102 N=35 {'train_loss_cls': 0.796875, 'train_loss_sr': 0.11947433650493622, 'train_loss_total': 0.8088224530220032, 'max_memory_allocated': 26042099712, 'max_memory_reserved': 32300335104}
[gradient] slide_id=tumor_025 N=9 {'rdn': 1.1894742250442505, 'region_encoder': 0.0, 'abmil': 0.0648709312081337, 'classifier': 9.271367073059082, 'p2w': 0.42840102314949036}
[WSI] epoch=2 iteration=330 slide=tumor_025 N=9 {'train_loss_cls': 0.796875, 'train_loss_sr': 0.12143469601869583, 'train_loss_total': 0.8090184926986694, 'max_memory_allocated': 6827678208, 'max_memory_reserved': 32300335104}
[WSI] epoch=2 iteration=331 slide=tumor_066 N=7 {'train_loss_cls': 0.77734375, 'train_loss_sr': 0.09647533297538757, 'train_loss_total': 0.7869912981987, 'max_memory_allocated': 5349792256, 'max_memory_reserved': 32300335104}
[WSI] epoch=2 iteration=332 slide=normal_081 N=6 {'train_loss_cls': 0.64453125, 'train_loss_sr': 0.15661007165908813, 'train_loss_total': 0.6601922512054443, 'max_memory_allocated': 4612826112, 'max_memory_reserved': 32300335104}
[WSI] epoch=2 iteration=333 slide=tumor_050 N=10 {'train_loss_cls': 0.78125, 'train_loss_sr': 0.12610915303230286, 'train_loss_total': 0.793860912322998, 'max_memory_allocated': 7566793216, 'max_memory_reserved': 32300335104}
[WSI] epoch=2 iteration=334 slide=normal_077 N=5 {'train_loss_cls': 0.6953125, 'train_loss_sr': 0.12064516544342041, 'train_loss_total': 0.707377016544342, 'max_memory_allocated': 3872424448, 'max_memory_reserved': 32300335104}
[WSI] epoch=2 iteration=335 slide=normal_114 N=24 {'train_loss_cls': 0.6875, 'train_loss_sr': 0.11902220547199249, 'train_loss_total': 0.6994022130966187, 'max_memory_allocated': 17912125952, 'max_memory_reserved': 32300335104}
[WSI] epoch=2 iteration=336 slide=normal_104 N=19 {'train_loss_cls': 0.671875, 'train_loss_sr': 0.11337853968143463, 'train_loss_total': 0.6832128763198853, 'max_memory_allocated': 14217406976, 'max_memory_reserved': 32300335104}
[WSI] epoch=2 iteration=337 slide=normal_061 N=12 {'train_loss_cls': 0.640625, 'train_loss_sr': 0.1716015636920929, 'train_loss_total': 0.657785177230835, 'max_memory_allocated': 9044674048, 'max_memory_reserved': 32300335104}
[WSI] epoch=2 iteration=338 slide=tumor_080 N=6 {'train_loss_cls': 0.703125, 'train_loss_sr': 0.08563787490129471, 'train_loss_total': 0.7116888165473938, 'max_memory_allocated': 4611949568, 'max_memory_reserved': 32300335104}
[WSI] epoch=2 iteration=339 slide=tumor_005 N=4 {'train_loss_cls': 0.7265625, 'train_loss_sr': 0.06400883942842484, 'train_loss_total': 0.7329633831977844, 'max_memory_allocated': 3132185088, 'max_memory_reserved': 32300335104}
[gradient] slide_id=normal_079 N=8 {'rdn': 0.9539482593536377, 'region_encoder': 0.0, 'abmil': 0.014436189085245132, 'classifier': 7.099212169647217, 'p2w': 0.29967835545539856}
[WSI] epoch=2 iteration=340 slide=normal_079 N=8 {'train_loss_cls': 0.6796875, 'train_loss_sr': 0.12009227275848389, 'train_loss_total': 0.6916967034339905, 'max_memory_allocated': 6088382976, 'max_memory_reserved': 32300335104}
[WSI] epoch=2 iteration=341 slide=normal_113 N=19 {'train_loss_cls': 0.671875, 'train_loss_sr': 0.08772100508213043, 'train_loss_total': 0.680647075176239, 'max_memory_allocated': 14217980416, 'max_memory_reserved': 32300335104}
[WSI] epoch=2 iteration=342 slide=normal_103 N=8 {'train_loss_cls': 0.6640625, 'train_loss_sr': 0.08720766007900238, 'train_loss_total': 0.6727832555770874, 'max_memory_allocated': 6088224256, 'max_memory_reserved': 32300335104}
[WSI] epoch=2 iteration=343 slide=normal_144 N=12 {'train_loss_cls': 0.73046875, 'train_loss_sr': 0.08652982115745544, 'train_loss_total': 0.7391217350959778, 'max_memory_allocated': 9044556288, 'max_memory_reserved': 32300335104}
[WSI] epoch=2 iteration=344 slide=tumor_108 N=22 {'train_loss_cls': 0.70703125, 'train_loss_sr': 0.07098377496004105, 'train_loss_total': 0.714129626750946, 'max_memory_allocated': 16434743296, 'max_memory_reserved': 32300335104}
[WSI] epoch=2 iteration=345 slide=tumor_111 N=4 {'train_loss_cls': 0.69921875, 'train_loss_sr': 0.07922332733869553, 'train_loss_total': 0.707141101360321, 'max_memory_allocated': 3132185088, 'max_memory_reserved': 32300335104}
[WSI] epoch=2 iteration=346 slide=tumor_057 N=4 {'train_loss_cls': 0.75, 'train_loss_sr': 0.08150260150432587, 'train_loss_total': 0.7581502795219421, 'max_memory_allocated': 3132312576, 'max_memory_reserved': 32300335104}
[WSI] epoch=2 iteration=347 slide=normal_116 N=8 {'train_loss_cls': 0.66015625, 'train_loss_sr': 0.09685303270816803, 'train_loss_total': 0.6698415279388428, 'max_memory_allocated': 6088120832, 'max_memory_reserved': 32300335104}
[WSI] epoch=2 iteration=348 slide=tumor_081 N=6 {'train_loss_cls': 0.70703125, 'train_loss_sr': 0.07562173902988434, 'train_loss_total': 0.7145934104919434, 'max_memory_allocated': 4613006336, 'max_memory_reserved': 32300335104}
[epoch] {'epoch': 2, 'train_loss_cls': 0.6936961206896551, 'train_loss_sr': 0.125225556650381, 'train_loss_total': 0.7062186744363829, 'train_auc': 0.7189864864864864, 'train_acc': 0.6609195402298851, 'train_bacc': 0.6101351351351352, 'val_loss': 0.6931818181818182, 'val_auc': 0.40805511393746685, 'val_acc': 0.5454545454545454, 'val_bacc': 0.4854266030736619, 'max_memory_allocated': 26042099712, 'max_memory_reserved': 32300335104}
/root/miniconda3/envs/myconda/lib/python3.10/site-packages/torch/utils/checkpoint.py:1399: FutureWarning: `torch.cpu.amp.autocast(args...)` is deprecated. Please use `torch.amp.autocast('cpu', args...)` instead.
  with device_autocast_ctx, torch.cpu.amp.autocast(**cpu_autocast_kwargs), recompute_context:  # type: ignore[attr-defined]
[WSI] epoch=3 iteration=349 slide=normal_146 N=17 {'train_loss_cls': 0.64453125, 'train_loss_sr': 0.07977236062288284, 'train_loss_total': 0.6525084972381592, 'max_memory_allocated': 12739922432, 'max_memory_reserved': 32300335104}
[gradient] slide_id=normal_133 N=10 {'rdn': 1.047224998474121, 'region_encoder': 0.0, 'abmil': 0.026493271812796593, 'classifier': 6.3024187088012695, 'p2w': 0.3787998855113983}
[WSI] epoch=3 iteration=350 slide=normal_133 N=10 {'train_loss_cls': 0.66015625, 'train_loss_sr': 0.09650319814682007, 'train_loss_total': 0.6698065996170044, 'max_memory_allocated': 7566219776, 'max_memory_reserved': 32300335104}
[WSI] epoch=3 iteration=351 slide=normal_159 N=14 {'train_loss_cls': 0.671875, 'train_loss_sr': 0.08471481502056122, 'train_loss_total': 0.6803464889526367, 'max_memory_allocated': 10523032576, 'max_memory_reserved': 32300335104}
[WSI] epoch=3 iteration=352 slide=tumor_048 N=15 {'train_loss_cls': 0.73828125, 'train_loss_sr': 0.10258035361766815, 'train_loss_total': 0.7485392689704895, 'max_memory_allocated': 11262409216, 'max_memory_reserved': 32300335104}
[WSI] epoch=3 iteration=353 slide=normal_085 N=5 {'train_loss_cls': 0.6484375, 'train_loss_sr': 0.16622713208198547, 'train_loss_total': 0.6650602221488953, 'max_memory_allocated': 3873364480, 'max_memory_reserved': 32300335104}
[WSI] epoch=3 iteration=354 slide=normal_035 N=1 {'train_loss_cls': 0.6015625, 'train_loss_sr': 0.03314419090747833, 'train_loss_total': 0.6048769354820251, 'max_memory_allocated': 916278272, 'max_memory_reserved': 32300335104}
[WSI] epoch=3 iteration=355 slide=normal_142 N=20 {'train_loss_cls': 0.65625, 'train_loss_sr': 0.10108102113008499, 'train_loss_total': 0.6663581132888794, 'max_memory_allocated': 14957271552, 'max_memory_reserved': 32300335104}
[WSI] epoch=3 iteration=356 slide=normal_102 N=11 {'train_loss_cls': 0.58984375, 'train_loss_sr': 0.08094087243080139, 'train_loss_total': 0.597937822341919, 'max_memory_allocated': 8305269248, 'max_memory_reserved': 32300335104}
[WSI] epoch=3 iteration=357 slide=normal_074 N=14 {'train_loss_cls': 0.6171875, 'train_loss_sr': 0.12619560956954956, 'train_loss_total': 0.6298070549964905, 'max_memory_allocated': 10522913280, 'max_memory_reserved': 32300335104}
[WSI] epoch=3 iteration=358 slide=normal_002 N=2 {'train_loss_cls': 0.53515625, 'train_loss_sr': 0.1325298398733139, 'train_loss_total': 0.5484092235565186, 'max_memory_allocated': 1707449344, 'max_memory_reserved': 32300335104}
[WSI] epoch=3 iteration=359 slide=tumor_041 N=5 {'train_loss_cls': 0.77734375, 'train_loss_sr': 0.10555972158908844, 'train_loss_total': 0.7878997325897217, 'max_memory_allocated': 3873017856, 'max_memory_reserved': 32300335104}
[gradient] slide_id=normal_119 N=14 {'rdn': 1.3889482021331787, 'region_encoder': 0.0, 'abmil': 0.023761628195643425, 'classifier': 5.378166675567627, 'p2w': 0.7745804786682129}
[WSI] epoch=3 iteration=360 slide=normal_119 N=14 {'train_loss_cls': 0.54296875, 'train_loss_sr': 0.0957595556974411, 'train_loss_total': 0.5525447130203247, 'max_memory_allocated': 10522176000, 'max_memory_reserved': 32300335104}
[WSI] epoch=3 iteration=361 slide=normal_012 N=3 {'train_loss_cls': 0.55859375, 'train_loss_sr': 0.20923376083374023, 'train_loss_total': 0.579517126083374, 'max_memory_allocated': 2394799104, 'max_memory_reserved': 32300335104}
[WSI] epoch=3 iteration=362 slide=normal_120 N=10 {'train_loss_cls': 0.490234375, 'train_loss_sr': 0.134220689535141, 'train_loss_total': 0.5036564469337463, 'max_memory_allocated': 7566129664, 'max_memory_reserved': 32300335104}
[WSI] epoch=3 iteration=363 slide=normal_153 N=12 {'train_loss_cls': 0.53515625, 'train_loss_sr': 0.10584215074777603, 'train_loss_total': 0.5457404851913452, 'max_memory_allocated': 9044515328, 'max_memory_reserved': 32300335104}
[WSI] epoch=3 iteration=364 slide=tumor_028 N=17 {'train_loss_cls': 0.94140625, 'train_loss_sr': 0.132002055644989, 'train_loss_total': 0.9546064734458923, 'max_memory_allocated': 12740217344, 'max_memory_reserved': 32300335104}
[WSI] epoch=3 iteration=365 slide=tumor_079 N=14 {'train_loss_cls': 0.953125, 'train_loss_sr': 0.11185374855995178, 'train_loss_total': 0.964310348033905, 'max_memory_allocated': 10522176000, 'max_memory_reserved': 32300335104}
[WSI] epoch=3 iteration=366 slide=tumor_044 N=12 {'train_loss_cls': 0.90625, 'train_loss_sr': 0.12006962299346924, 'train_loss_total': 0.918256938457489, 'max_memory_allocated': 9045502464, 'max_memory_reserved': 32300335104}
[WSI] epoch=3 iteration=367 slide=normal_135 N=13 {'train_loss_cls': 0.50390625, 'train_loss_sr': 0.1039055660367012, 'train_loss_total': 0.51429682970047, 'max_memory_allocated': 9783458304, 'max_memory_reserved': 32300335104}
[WSI] epoch=3 iteration=368 slide=tumor_072 N=20 {'train_loss_cls': 0.921875, 'train_loss_sr': 0.10824711620807648, 'train_loss_total': 0.9326997399330139, 'max_memory_allocated': 14956718592, 'max_memory_reserved': 32300335104}
[WSI] epoch=3 iteration=369 slide=normal_081 N=6 {'train_loss_cls': 0.49609375, 'train_loss_sr': 0.13268552720546722, 'train_loss_total': 0.5093622803688049, 'max_memory_allocated': 4612500480, 'max_memory_reserved': 32300335104}
[gradient] slide_id=normal_080 N=15 {'rdn': 1.1621108055114746, 'region_encoder': 0.0, 'abmil': 0.040276095271110535, 'classifier': 5.452525615692139, 'p2w': 0.4470135569572449}
[WSI] epoch=3 iteration=370 slide=normal_080 N=15 {'train_loss_cls': 0.51171875, 'train_loss_sr': 0.12761002779006958, 'train_loss_total': 0.5244797468185425, 'max_memory_allocated': 11262787072, 'max_memory_reserved': 32300335104}
[WSI] epoch=3 iteration=371 slide=normal_052 N=15 {'train_loss_cls': 0.5, 'train_loss_sr': 0.12056601047515869, 'train_loss_total': 0.5120565891265869, 'max_memory_allocated': 11262973440, 'max_memory_reserved': 32300335104}
[WSI] epoch=3 iteration=372 slide=tumor_083 N=14 {'train_loss_cls': 0.9375, 'train_loss_sr': 0.09962353110313416, 'train_loss_total': 0.9474623799324036, 'max_memory_allocated': 10522470912, 'max_memory_reserved': 32300335104}
[WSI] epoch=3 iteration=373 slide=normal_023 N=2 {'train_loss_cls': 0.4140625, 'train_loss_sr': 0.13133102655410767, 'train_loss_total': 0.42719560861587524, 'max_memory_allocated': 1707051520, 'max_memory_reserved': 32300335104}
[WSI] epoch=3 iteration=374 slide=tumor_027 N=13 {'train_loss_cls': 0.91796875, 'train_loss_sr': 0.11574267596006393, 'train_loss_total': 0.9295430183410645, 'max_memory_allocated': 9783862784, 'max_memory_reserved': 32300335104}
[WSI] epoch=3 iteration=375 slide=normal_003 N=7 {'train_loss_cls': 0.484375, 'train_loss_sr': 0.11862620711326599, 'train_loss_total': 0.4962376356124878, 'max_memory_allocated': 5349571072, 'max_memory_reserved': 32300335104}
[WSI] epoch=3 iteration=376 slide=tumor_046 N=19 {'train_loss_cls': 1.0234375, 'train_loss_sr': 0.1126338317990303, 'train_loss_total': 1.034700870513916, 'max_memory_allocated': 14217095680, 'max_memory_reserved': 32300335104}
[WSI] epoch=3 iteration=377 slide=normal_121 N=13 {'train_loss_cls': 0.45703125, 'train_loss_sr': 0.09768649190664291, 'train_loss_total': 0.46679988503456116, 'max_memory_allocated': 9783368192, 'max_memory_reserved': 32300335104}
[WSI] epoch=3 iteration=378 slide=tumor_095 N=29 {'train_loss_cls': 0.93359375, 'train_loss_sr': 0.09554514288902283, 'train_loss_total': 0.9431482553482056, 'max_memory_allocated': 21607156224, 'max_memory_reserved': 32300335104}
[WSI] epoch=3 iteration=379 slide=normal_054 N=1 {'train_loss_cls': 0.486328125, 'train_loss_sr': 0.13242566585540771, 'train_loss_total': 0.49957069754600525, 'max_memory_allocated': 916610048, 'max_memory_reserved': 32300335104}
[gradient] slide_id=normal_014 N=2 {'rdn': 1.0454834699630737, 'region_encoder': 0.0, 'abmil': 0.04896606504917145, 'classifier': 5.655979156494141, 'p2w': 0.12293816357851028}
[WSI] epoch=3 iteration=380 slide=normal_014 N=2 {'train_loss_cls': 0.48046875, 'train_loss_sr': 0.21400076150894165, 'train_loss_total': 0.5018688440322876, 'max_memory_allocated': 1707452928, 'max_memory_reserved': 32300335104}
[WSI] epoch=3 iteration=381 slide=normal_088 N=14 {'train_loss_cls': 0.5, 'train_loss_sr': 0.13150185346603394, 'train_loss_total': 0.5131502151489258, 'max_memory_allocated': 10522065408, 'max_memory_reserved': 32300335104}
[WSI] epoch=3 iteration=382 slide=normal_067 N=12 {'train_loss_cls': 0.4609375, 'train_loss_sr': 0.13720716536045074, 'train_loss_total': 0.47465822100639343, 'max_memory_allocated': 9044556288, 'max_memory_reserved': 32300335104}
[WSI] epoch=3 iteration=383 slide=normal_152 N=5 {'train_loss_cls': 0.48046875, 'train_loss_sr': 0.06907184422016144, 'train_loss_total': 0.487375944852829, 'max_memory_allocated': 3872348672, 'max_memory_reserved': 32300335104}
[WSI] epoch=3 iteration=384 slide=normal_026 N=5 {'train_loss_cls': 0.451171875, 'train_loss_sr': 0.1296282410621643, 'train_loss_total': 0.46413469314575195, 'max_memory_allocated': 3873071104, 'max_memory_reserved': 32300335104}
[WSI] epoch=3 iteration=385 slide=normal_097 N=17 {'train_loss_cls': 0.435546875, 'train_loss_sr': 0.14427700638771057, 'train_loss_total': 0.44997456669807434, 'max_memory_allocated': 12740000256, 'max_memory_reserved': 32300335104}
[WSI] epoch=3 iteration=386 slide=tumor_094 N=16 {'train_loss_cls': 1.046875, 'train_loss_sr': 0.07691556960344315, 'train_loss_total': 1.054566502571106, 'max_memory_allocated': 12001880576, 'max_memory_reserved': 32300335104}
[WSI] epoch=3 iteration=387 slide=tumor_077 N=14 {'train_loss_cls': 1.0703125, 'train_loss_sr': 0.0926695466041565, 'train_loss_total': 1.079579472541809, 'max_memory_allocated': 10522819072, 'max_memory_reserved': 32300335104}
[WSI] epoch=3 iteration=388 slide=tumor_045 N=10 {'train_loss_cls': 1.015625, 'train_loss_sr': 0.14823216199874878, 'train_loss_total': 1.0304481983184814, 'max_memory_allocated': 7567654400, 'max_memory_reserved': 32300335104}
[WSI] epoch=3 iteration=389 slide=normal_015 N=5 {'train_loss_cls': 0.412109375, 'train_loss_sr': 0.1332397162914276, 'train_loss_total': 0.42543333768844604, 'max_memory_allocated': 3872819712, 'max_memory_reserved': 32300335104}
[gradient] slide_id=tumor_108 N=22 {'rdn': 1.7578898668289185, 'region_encoder': 0.0, 'abmil': 0.035844892263412476, 'classifier': 8.691142082214355, 'p2w': 0.5213278532028198}
[WSI] epoch=3 iteration=390 slide=tumor_108 N=22 {'train_loss_cls': 1.015625, 'train_loss_sr': 0.08830751478672028, 'train_loss_total': 1.0244557857513428, 'max_memory_allocated': 16433936896, 'max_memory_reserved': 32300335104}
[WSI] epoch=3 iteration=391 slide=normal_064 N=9 {'train_loss_cls': 0.421875, 'train_loss_sr': 0.09294923394918442, 'train_loss_total': 0.43116992712020874, 'max_memory_allocated': 6827588096, 'max_memory_reserved': 32300335104}
[WSI] epoch=3 iteration=392 slide=normal_044 N=4 {'train_loss_cls': 0.4140625, 'train_loss_sr': 0.1028154045343399, 'train_loss_total': 0.4243440330028534, 'max_memory_allocated': 3133090304, 'max_memory_reserved': 32300335104}
[WSI] epoch=3 iteration=393 slide=normal_106 N=15 {'train_loss_cls': 0.4375, 'train_loss_sr': 0.09189587831497192, 'train_loss_total': 0.44668957591056824, 'max_memory_allocated': 11262994432, 'max_memory_reserved': 32300335104}
[WSI] epoch=3 iteration=394 slide=tumor_102 N=35 {'train_loss_cls': 0.96875, 'train_loss_sr': 0.11375982314348221, 'train_loss_total': 0.9801259636878967, 'max_memory_allocated': 26041438208, 'max_memory_reserved': 32300335104}
[WSI] epoch=3 iteration=395 slide=normal_007 N=3 {'train_loss_cls': 0.478515625, 'train_loss_sr': 0.12027470767498016, 'train_loss_total': 0.49054309725761414, 'max_memory_allocated': 2394799104, 'max_memory_reserved': 32300335104}
[WSI] epoch=3 iteration=396 slide=normal_105 N=12 {'train_loss_cls': 0.453125, 'train_loss_sr': 0.12029733508825302, 'train_loss_total': 0.4651547372341156, 'max_memory_allocated': 9045330432, 'max_memory_reserved': 32300335104}
[WSI] epoch=3 iteration=397 slide=normal_083 N=3 {'train_loss_cls': 0.359375, 'train_loss_sr': 0.08413636684417725, 'train_loss_total': 0.3677886426448822, 'max_memory_allocated': 2395294720, 'max_memory_reserved': 32300335104}
[WSI] epoch=3 iteration=398 slide=normal_077 N=5 {'train_loss_cls': 0.408203125, 'train_loss_sr': 0.09736928343772888, 'train_loss_total': 0.41794005036354065, 'max_memory_allocated': 3872217600, 'max_memory_reserved': 32300335104}
[WSI] epoch=3 iteration=399 slide=tumor_037 N=10 {'train_loss_cls': 0.98828125, 'train_loss_sr': 0.10880529135465622, 'train_loss_total': 0.9991617798805237, 'max_memory_allocated': 7566088704, 'max_memory_reserved': 32300335104}
[gradient] slide_id=tumor_057 N=4 {'rdn': 2.2191662788391113, 'region_encoder': 0.0, 'abmil': 0.019754119217395782, 'classifier': 13.326525688171387, 'p2w': 0.23500777781009674}
[WSI] epoch=3 iteration=400 slide=tumor_057 N=4 {'train_loss_cls': 1.2109375, 'train_loss_sr': 0.15081077814102173, 'train_loss_total': 1.2260185480117798, 'max_memory_allocated': 3132221952, 'max_memory_reserved': 32300335104}
[WSI] epoch=3 iteration=401 slide=normal_144 N=12 {'train_loss_cls': 0.412109375, 'train_loss_sr': 0.10862156003713608, 'train_loss_total': 0.4229715168476105, 'max_memory_allocated': 9044756992, 'max_memory_reserved': 32300335104}
[WSI] epoch=3 iteration=402 slide=normal_065 N=6 {'train_loss_cls': 0.40234375, 'train_loss_sr': 0.12289246171712875, 'train_loss_total': 0.41463300585746765, 'max_memory_allocated': 4612217856, 'max_memory_reserved': 32300335104}
[WSI] epoch=3 iteration=403 slide=normal_131 N=18 {'train_loss_cls': 0.41796875, 'train_loss_sr': 0.0956667810678482, 'train_loss_total': 0.42753541469573975, 'max_memory_allocated': 13478717952, 'max_memory_reserved': 32300335104}
[WSI] epoch=3 iteration=404 slide=tumor_040 N=10 {'train_loss_cls': 1.1328125, 'train_loss_sr': 0.1311521977186203, 'train_loss_total': 1.1459276676177979, 'max_memory_allocated': 7566887936, 'max_memory_reserved': 32300335104}
[WSI] epoch=3 iteration=405 slide=normal_141 N=7 {'train_loss_cls': 0.375, 'train_loss_sr': 0.09309787303209305, 'train_loss_total': 0.3843097984790802, 'max_memory_allocated': 5349882368, 'max_memory_reserved': 32300335104}
[WSI] epoch=3 iteration=406 slide=tumor_074 N=5 {'train_loss_cls': 1.1171875, 'train_loss_sr': 0.15042582154273987, 'train_loss_total': 1.1322300434112549, 'max_memory_allocated': 3872791040, 'max_memory_reserved': 32300335104}
[WSI] epoch=3 iteration=407 slide=tumor_088 N=12 {'train_loss_cls': 1.09375, 'train_loss_sr': 0.08788745105266571, 'train_loss_total': 1.1025387048721313, 'max_memory_allocated': 9044818432, 'max_memory_reserved': 32300335104}
[WSI] epoch=3 iteration=408 slide=normal_029 N=1 {'train_loss_cls': 0.365234375, 'train_loss_sr': 0.07893431186676025, 'train_loss_total': 0.373127818107605, 'max_memory_allocated': 916147200, 'max_memory_reserved': 32300335104}
[WSI] epoch=3 iteration=409 slide=tumor_109 N=10 {'train_loss_cls': 1.0390625, 'train_loss_sr': 0.07630319148302078, 'train_loss_total': 1.0466928482055664, 'max_memory_allocated': 7566683648, 'max_memory_reserved': 32300335104}
[gradient] slide_id=normal_155 N=11 {'rdn': 1.0971249341964722, 'region_encoder': 0.0, 'abmil': 0.057507798075675964, 'classifier': 5.062978744506836, 'p2w': 0.3841847777366638}
[WSI] epoch=3 iteration=410 slide=normal_155 N=11 {'train_loss_cls': 0.4296875, 'train_loss_sr': 0.10539570450782776, 'train_loss_total': 0.44022706151008606, 'max_memory_allocated': 8305420800, 'max_memory_reserved': 32300335104}
[WSI] epoch=3 iteration=411 slide=normal_089 N=20 {'train_loss_cls': 0.44921875, 'train_loss_sr': 0.1302056461572647, 'train_loss_total': 0.4622393250465393, 'max_memory_allocated': 14956608000, 'max_memory_reserved': 32300335104}
[WSI] epoch=3 iteration=412 slide=normal_096 N=7 {'train_loss_cls': 0.3828125, 'train_loss_sr': 0.09709054976701736, 'train_loss_total': 0.39252156019210815, 'max_memory_allocated': 5350013440, 'max_memory_reserved': 32300335104}
[WSI] epoch=3 iteration=413 slide=normal_063 N=7 {'train_loss_cls': 0.435546875, 'train_loss_sr': 0.15036450326442719, 'train_loss_total': 0.4505833387374878, 'max_memory_allocated': 5349792256, 'max_memory_reserved': 32300335104}
[WSI] epoch=3 iteration=414 slide=normal_047 N=5 {'train_loss_cls': 0.44921875, 'train_loss_sr': 0.12912291288375854, 'train_loss_total': 0.4621310532093048, 'max_memory_allocated': 3873023488, 'max_memory_reserved': 32300335104}
[WSI] epoch=3 iteration=415 slide=tumor_106 N=22 {'train_loss_cls': 0.98046875, 'train_loss_sr': 0.11789880692958832, 'train_loss_total': 0.992258608341217, 'max_memory_allocated': 16434158080, 'max_memory_reserved': 32300335104}
[WSI] epoch=3 iteration=416 slide=normal_126 N=17 {'train_loss_cls': 0.482421875, 'train_loss_sr': 0.1259283721446991, 'train_loss_total': 0.4950147271156311, 'max_memory_allocated': 12740078592, 'max_memory_reserved': 32300335104}
[WSI] epoch=3 iteration=417 slide=normal_070 N=16 {'train_loss_cls': 0.451171875, 'train_loss_sr': 0.1326913982629776, 'train_loss_total': 0.4644410014152527, 'max_memory_allocated': 12000990720, 'max_memory_reserved': 32300335104}
[WSI] epoch=3 iteration=418 slide=normal_062 N=2 {'train_loss_cls': 0.421875, 'train_loss_sr': 0.12460771203041077, 'train_loss_total': 0.43433576822280884, 'max_memory_allocated': 1707867136, 'max_memory_reserved': 32300335104}
[WSI] epoch=3 iteration=419 slide=tumor_016 N=5 {'train_loss_cls': 1.1015625, 'train_loss_sr': 0.11633369326591492, 'train_loss_total': 1.1131958961486816, 'max_memory_allocated': 3872840192, 'max_memory_reserved': 32300335104}
[gradient] slide_id=normal_151 N=16 {'rdn': 1.1699697971343994, 'region_encoder': 0.0, 'abmil': 0.06035526469349861, 'classifier': 4.797957897186279, 'p2w': 0.4205443859100342}
[WSI] epoch=3 iteration=420 slide=normal_151 N=16 {'train_loss_cls': 0.435546875, 'train_loss_sr': 0.13695168495178223, 'train_loss_total': 0.4492420554161072, 'max_memory_allocated': 12001180160, 'max_memory_reserved': 32300335104}
[WSI] epoch=3 iteration=421 slide=normal_116 N=8 {'train_loss_cls': 0.416015625, 'train_loss_sr': 0.09568919986486435, 'train_loss_total': 0.4255845546722412, 'max_memory_allocated': 6088161792, 'max_memory_reserved': 32300335104}
[WSI] epoch=3 iteration=422 slide=normal_156 N=13 {'train_loss_cls': 0.4140625, 'train_loss_sr': 0.11149761080741882, 'train_loss_total': 0.4252122640609741, 'max_memory_allocated': 9783593984, 'max_memory_reserved': 32300335104}
[WSI] epoch=3 iteration=423 slide=normal_109 N=10 {'train_loss_cls': 0.408203125, 'train_loss_sr': 0.08456849306821823, 'train_loss_total': 0.41665998101234436, 'max_memory_allocated': 7566551552, 'max_memory_reserved': 32300335104}
[WSI] epoch=3 iteration=424 slide=normal_061 N=12 {'train_loss_cls': 0.345703125, 'train_loss_sr': 0.12589873373508453, 'train_loss_total': 0.35829299688339233, 'max_memory_allocated': 9045963776, 'max_memory_reserved': 32300335104}
[WSI] epoch=3 iteration=425 slide=normal_039 N=9 {'train_loss_cls': 0.34765625, 'train_loss_sr': 0.11638902127742767, 'train_loss_total': 0.35929515957832336, 'max_memory_allocated': 6827335680, 'max_memory_reserved': 32300335104}
[WSI] epoch=3 iteration=426 slide=normal_079 N=8 {'train_loss_cls': 0.3515625, 'train_loss_sr': 0.1764553040266037, 'train_loss_total': 0.36920803785324097, 'max_memory_allocated': 6089240064, 'max_memory_reserved': 32300335104}
[WSI] epoch=3 iteration=427 slide=tumor_081 N=6 {'train_loss_cls': 1.1953125, 'train_loss_sr': 0.12733496725559235, 'train_loss_total': 1.2080459594726562, 'max_memory_allocated': 4611894272, 'max_memory_reserved': 32300335104}
[WSI] epoch=3 iteration=428 slide=normal_071 N=5 {'train_loss_cls': 0.34375, 'train_loss_sr': 0.11215981841087341, 'train_loss_total': 0.3549659848213196, 'max_memory_allocated': 3872680448, 'max_memory_reserved': 32300335104}
[WSI] epoch=3 iteration=429 slide=tumor_019 N=2 {'train_loss_cls': 1.265625, 'train_loss_sr': 0.13270214200019836, 'train_loss_total': 1.2788952589035034, 'max_memory_allocated': 1707051520, 'max_memory_reserved': 32300335104}
[gradient] slide_id=normal_113 N=19 {'rdn': 1.281022548675537, 'region_encoder': 0.0, 'abmil': 0.025615720078349113, 'classifier': 4.4818220138549805, 'p2w': 0.7716066837310791}
[WSI] epoch=3 iteration=430 slide=normal_113 N=19 {'train_loss_cls': 0.357421875, 'train_loss_sr': 0.07638482004404068, 'train_loss_total': 0.36506035923957825, 'max_memory_allocated': 14217628160, 'max_memory_reserved': 32300335104}
[WSI] epoch=3 iteration=431 slide=normal_018 N=3 {'train_loss_cls': 0.314453125, 'train_loss_sr': 0.16368377208709717, 'train_loss_total': 0.33082151412963867, 'max_memory_allocated': 2394721280, 'max_memory_reserved': 32300335104}
[WSI] epoch=3 iteration=432 slide=tumor_047 N=15 {'train_loss_cls': 1.1796875, 'train_loss_sr': 0.14028126001358032, 'train_loss_total': 1.1937155723571777, 'max_memory_allocated': 11262481408, 'max_memory_reserved': 32300335104}
[WSI] epoch=3 iteration=433 slide=normal_049 N=2 {'train_loss_cls': 0.3046875, 'train_loss_sr': 0.1348016858100891, 'train_loss_total': 0.31816765666007996, 'max_memory_allocated': 1707252224, 'max_memory_reserved': 32300335104}
[WSI] epoch=3 iteration=434 slide=tumor_021 N=16 {'train_loss_cls': 1.203125, 'train_loss_sr': 0.10933785140514374, 'train_loss_total': 1.214058756828308, 'max_memory_allocated': 12001126912, 'max_memory_reserved': 32300335104}
[WSI] epoch=3 iteration=435 slide=tumor_009 N=12 {'train_loss_cls': 1.2578125, 'train_loss_sr': 0.11684469878673553, 'train_loss_total': 1.2694969177246094, 'max_memory_allocated': 9045420544, 'max_memory_reserved': 32300335104}
[WSI] epoch=3 iteration=436 slide=tumor_054 N=17 {'train_loss_cls': 1.296875, 'train_loss_sr': 0.10368020832538605, 'train_loss_total': 1.3072429895401, 'max_memory_allocated': 12739701248, 'max_memory_reserved': 32300335104}
[WSI] epoch=3 iteration=437 slide=normal_104 N=19 {'train_loss_cls': 0.365234375, 'train_loss_sr': 0.10897894948720932, 'train_loss_total': 0.3761322796344757, 'max_memory_allocated': 14216964608, 'max_memory_reserved': 32300335104}
[WSI] epoch=3 iteration=438 slide=tumor_066 N=7 {'train_loss_cls': 1.1640625, 'train_loss_sr': 0.11919353902339935, 'train_loss_total': 1.175981879234314, 'max_memory_allocated': 5349661184, 'max_memory_reserved': 32300335104}
[WSI] epoch=3 iteration=439 slide=tumor_022 N=7 {'train_loss_cls': 1.078125, 'train_loss_sr': 0.13454067707061768, 'train_loss_total': 1.0915790796279907, 'max_memory_allocated': 5350096384, 'max_memory_reserved': 32300335104}
[gradient] slide_id=normal_158 N=18 {'rdn': 0.9882323145866394, 'region_encoder': 0.0, 'abmil': 0.03535747900605202, 'classifier': 6.13926362991333, 'p2w': 0.4485069215297699}
[WSI] epoch=3 iteration=440 slide=normal_158 N=18 {'train_loss_cls': 0.404296875, 'train_loss_sr': 0.08700734376907349, 'train_loss_total': 0.41299760341644287, 'max_memory_allocated': 13478423040, 'max_memory_reserved': 32300335104}
[WSI] epoch=3 iteration=441 slide=normal_095 N=14 {'train_loss_cls': 0.423828125, 'train_loss_sr': 0.10550696402788162, 'train_loss_total': 0.43437883257865906, 'max_memory_allocated': 10522487296, 'max_memory_reserved': 32300335104}
[WSI] epoch=3 iteration=442 slide=normal_040 N=16 {'train_loss_cls': 0.427734375, 'train_loss_sr': 0.10999614745378494, 'train_loss_total': 0.4387339949607849, 'max_memory_allocated': 12001272320, 'max_memory_reserved': 32300335104}
[WSI] epoch=3 iteration=443 slide=normal_036 N=7 {'train_loss_cls': 0.443359375, 'train_loss_sr': 0.1051456481218338, 'train_loss_total': 0.4538739323616028, 'max_memory_allocated': 5349771776, 'max_memory_reserved': 32300335104}
[WSI] epoch=3 iteration=444 slide=tumor_049 N=3 {'train_loss_cls': 0.8984375, 'train_loss_sr': 0.11928302049636841, 'train_loss_total': 0.9103658199310303, 'max_memory_allocated': 2394577920, 'max_memory_reserved': 32300335104}
[WSI] epoch=3 iteration=445 slide=normal_107 N=16 {'train_loss_cls': 0.45703125, 'train_loss_sr': 0.09317511320114136, 'train_loss_total': 0.4663487672805786, 'max_memory_allocated': 12000999936, 'max_memory_reserved': 32300335104}
[WSI] epoch=3 iteration=446 slide=tumor_001 N=7 {'train_loss_cls': 1.015625, 'train_loss_sr': 0.14486752450466156, 'train_loss_total': 1.0301117897033691, 'max_memory_allocated': 5350545920, 'max_memory_reserved': 32300335104}
[WSI] epoch=3 iteration=447 slide=tumor_111 N=4 {'train_loss_cls': 0.95703125, 'train_loss_sr': 0.14222246408462524, 'train_loss_total': 0.971253514289856, 'max_memory_allocated': 3132316160, 'max_memory_reserved': 32300335104}
[WSI] epoch=3 iteration=448 slide=normal_154 N=20 {'train_loss_cls': 0.470703125, 'train_loss_sr': 0.06507105380296707, 'train_loss_total': 0.47721022367477417, 'max_memory_allocated': 14956902912, 'max_memory_reserved': 32300335104}
[WSI] epoch=3 iteration=449 slide=normal_032 N=9 {'train_loss_cls': 0.53515625, 'train_loss_sr': 0.14848825335502625, 'train_loss_total': 0.5500050783157349, 'max_memory_allocated': 6827457024, 'max_memory_reserved': 32300335104}
[gradient] slide_id=tumor_020 N=7 {'rdn': 1.739852786064148, 'region_encoder': 0.0, 'abmil': 0.038144174963235855, 'classifier': 9.4955472946167, 'p2w': 0.7012252807617188}
[WSI] epoch=3 iteration=450 slide=tumor_020 N=7 {'train_loss_cls': 0.9296875, 'train_loss_sr': 0.14375367760658264, 'train_loss_total': 0.9440628886222839, 'max_memory_allocated': 5349992960, 'max_memory_reserved': 32300335104}
[WSI] epoch=3 iteration=451 slide=normal_037 N=8 {'train_loss_cls': 0.51953125, 'train_loss_sr': 0.1370658278465271, 'train_loss_total': 0.5332378149032593, 'max_memory_allocated': 6089806848, 'max_memory_reserved': 32300335104}
[WSI] epoch=3 iteration=452 slide=tumor_093 N=14 {'train_loss_cls': 0.8515625, 'train_loss_sr': 0.10567402839660645, 'train_loss_total': 0.8621299266815186, 'max_memory_allocated': 10522176000, 'max_memory_reserved': 32300335104}
[WSI] epoch=3 iteration=453 slide=normal_028 N=5 {'train_loss_cls': 0.484375, 'train_loss_sr': 0.13909071683883667, 'train_loss_total': 0.49828407168388367, 'max_memory_allocated': 3872680448, 'max_memory_reserved': 32300335104}
[WSI] epoch=3 iteration=454 slide=normal_114 N=24 {'train_loss_cls': 0.55078125, 'train_loss_sr': 0.13210996985435486, 'train_loss_total': 0.5639922618865967, 'max_memory_allocated': 17911994880, 'max_memory_reserved': 32300335104}
[WSI] epoch=3 iteration=455 slide=tumor_004 N=15 {'train_loss_cls': 0.91796875, 'train_loss_sr': 0.1776321828365326, 'train_loss_total': 0.9357319474220276, 'max_memory_allocated': 11263166976, 'max_memory_reserved': 32300335104}
[WSI] epoch=3 iteration=456 slide=tumor_025 N=9 {'train_loss_cls': 0.84375, 'train_loss_sr': 0.11724646389484406, 'train_loss_total': 0.8554746508598328, 'max_memory_allocated': 6827781632, 'max_memory_reserved': 32300335104}
[WSI] epoch=3 iteration=457 slide=tumor_007 N=12 {'train_loss_cls': 0.8046875, 'train_loss_sr': 0.144060879945755, 'train_loss_total': 0.8190935850143433, 'max_memory_allocated': 9044998656, 'max_memory_reserved': 32300335104}
[WSI] epoch=3 iteration=458 slide=tumor_002 N=5 {'train_loss_cls': 0.90234375, 'train_loss_sr': 0.11201664805412292, 'train_loss_total': 0.9135454297065735, 'max_memory_allocated': 3872791040, 'max_memory_reserved': 32300335104}
[WSI] epoch=3 iteration=459 slide=normal_108 N=2 {'train_loss_cls': 0.55859375, 'train_loss_sr': 0.10155507922172546, 'train_loss_total': 0.5687492489814758, 'max_memory_allocated': 1707252224, 'max_memory_reserved': 32300335104}
[gradient] slide_id=tumor_012 N=7 {'rdn': 1.2225737571716309, 'region_encoder': 0.0, 'abmil': 0.12722110748291016, 'classifier': 8.34021282196045, 'p2w': 0.09280290454626083}
[WSI] epoch=3 iteration=460 slide=tumor_012 N=7 {'train_loss_cls': 0.8125, 'train_loss_sr': 0.144628643989563, 'train_loss_total': 0.8269628882408142, 'max_memory_allocated': 5350972416, 'max_memory_reserved': 32300335104}
[WSI] epoch=3 iteration=461 slide=tumor_038 N=2 {'train_loss_cls': 0.68359375, 'train_loss_sr': 0.14538806676864624, 'train_loss_total': 0.6981325745582581, 'max_memory_allocated': 1706832384, 'max_memory_reserved': 32300335104}
[WSI] epoch=3 iteration=462 slide=normal_145 N=20 {'train_loss_cls': 0.671875, 'train_loss_sr': 0.13216394186019897, 'train_loss_total': 0.6850913763046265, 'max_memory_allocated': 14956255744, 'max_memory_reserved': 32300335104}
[WSI] epoch=3 iteration=463 slide=normal_148 N=5 {'train_loss_cls': 0.69921875, 'train_loss_sr': 0.09019379317760468, 'train_loss_total': 0.7082381248474121, 'max_memory_allocated': 3872217600, 'max_memory_reserved': 32300335104}
[WSI] epoch=3 iteration=464 slide=normal_078 N=6 {'train_loss_cls': 0.68359375, 'train_loss_sr': 0.09378241747617722, 'train_loss_total': 0.6929720044136047, 'max_memory_allocated': 4612115456, 'max_memory_reserved': 32300335104}
[WSI] epoch=3 iteration=465 slide=normal_084 N=1 {'train_loss_cls': 0.59375, 'train_loss_sr': 0.05739794299006462, 'train_loss_total': 0.5994898080825806, 'max_memory_allocated': 916147200, 'max_memory_reserved': 32300335104}
[WSI] epoch=3 iteration=466 slide=tumor_082 N=3 {'train_loss_cls': 0.703125, 'train_loss_sr': 0.09283104538917542, 'train_loss_total': 0.7124081254005432, 'max_memory_allocated': 2394377216, 'max_memory_reserved': 32300335104}
[WSI] epoch=3 iteration=467 slide=normal_139 N=12 {'train_loss_cls': 0.6953125, 'train_loss_sr': 0.08754421770572662, 'train_loss_total': 0.7040669322013855, 'max_memory_allocated': 9045396992, 'max_memory_reserved': 32300335104}
[WSI] epoch=3 iteration=468 slide=tumor_005 N=4 {'train_loss_cls': 0.72265625, 'train_loss_sr': 0.1924767792224884, 'train_loss_total': 0.7419039011001587, 'max_memory_allocated': 3132185088, 'max_memory_reserved': 32300335104}
[WSI] epoch=3 iteration=469 slide=normal_068 N=6 {'train_loss_cls': 0.69140625, 'train_loss_sr': 0.16374842822551727, 'train_loss_total': 0.7077810764312744, 'max_memory_allocated': 4612856832, 'max_memory_reserved': 32300335104}
[gradient] slide_id=normal_051 N=3 {'rdn': 1.2836461067199707, 'region_encoder': 0.0, 'abmil': 0.06396711617708206, 'classifier': 10.283525466918945, 'p2w': 0.4150013029575348}
[WSI] epoch=3 iteration=470 slide=normal_051 N=3 {'train_loss_cls': 0.73046875, 'train_loss_sr': 0.12016036361455917, 'train_loss_total': 0.7424848079681396, 'max_memory_allocated': 2395646976, 'max_memory_reserved': 32300335104}
[WSI] epoch=3 iteration=471 slide=tumor_073 N=19 {'train_loss_cls': 0.76953125, 'train_loss_sr': 0.09704729914665222, 'train_loss_total': 0.7792359590530396, 'max_memory_allocated': 14217963520, 'max_memory_reserved': 32300335104}
[WSI] epoch=3 iteration=472 slide=normal_103 N=8 {'train_loss_cls': 0.6015625, 'train_loss_sr': 0.09003107249736786, 'train_loss_total': 0.6105656027793884, 'max_memory_allocated': 6088583680, 'max_memory_reserved': 32300335104}
[WSI] epoch=3 iteration=473 slide=normal_087 N=11 {'train_loss_cls': 0.6875, 'train_loss_sr': 0.14328590035438538, 'train_loss_total': 0.7018285989761353, 'max_memory_allocated': 8306063872, 'max_memory_reserved': 32300335104}
[WSI] epoch=3 iteration=474 slide=tumor_071 N=12 {'train_loss_cls': 0.74609375, 'train_loss_sr': 0.11286607384681702, 'train_loss_total': 0.7573803663253784, 'max_memory_allocated': 9045088768, 'max_memory_reserved': 32300335104}
[WSI] epoch=3 iteration=475 slide=tumor_043 N=4 {'train_loss_cls': 0.74609375, 'train_loss_sr': 0.11278915405273438, 'train_loss_total': 0.7573726773262024, 'max_memory_allocated': 3132226560, 'max_memory_reserved': 32300335104}
[WSI] epoch=3 iteration=476 slide=normal_076 N=24 {'train_loss_cls': 0.66015625, 'train_loss_sr': 0.12972748279571533, 'train_loss_total': 0.6731290221214294, 'max_memory_allocated': 17912326656, 'max_memory_reserved': 32300335104}
[WSI] epoch=3 iteration=477 slide=tumor_084 N=9 {'train_loss_cls': 0.796875, 'train_loss_sr': 0.07137195765972137, 'train_loss_total': 0.8040121793746948, 'max_memory_allocated': 6827104768, 'max_memory_reserved': 32300335104}
[WSI] epoch=3 iteration=478 slide=normal_136 N=15 {'train_loss_cls': 0.62109375, 'train_loss_sr': 0.10474061965942383, 'train_loss_total': 0.6315678358078003, 'max_memory_allocated': 11262319104, 'max_memory_reserved': 32300335104}
[WSI] epoch=3 iteration=479 slide=normal_129 N=19 {'train_loss_cls': 0.62109375, 'train_loss_sr': 0.08677799999713898, 'train_loss_total': 0.6297715306282043, 'max_memory_allocated': 14216944128, 'max_memory_reserved': 32300335104}
[gradient] slide_id=normal_022 N=6 {'rdn': 1.0018575191497803, 'region_encoder': 0.0, 'abmil': 0.05765514820814133, 'classifier': 6.96115779876709, 'p2w': 0.2986275553703308}
[WSI] epoch=3 iteration=480 slide=normal_022 N=6 {'train_loss_cls': 0.59375, 'train_loss_sr': 0.12105371057987213, 'train_loss_total': 0.6058553457260132, 'max_memory_allocated': 4612447232, 'max_memory_reserved': 32300335104}
[WSI] epoch=3 iteration=481 slide=tumor_078 N=15 {'train_loss_cls': 0.7109375, 'train_loss_sr': 0.096626415848732, 'train_loss_total': 0.7206001281738281, 'max_memory_allocated': 11262409216, 'max_memory_reserved': 32300335104}
[WSI] epoch=3 iteration=482 slide=tumor_105 N=6 {'train_loss_cls': 0.7890625, 'train_loss_sr': 0.11300399899482727, 'train_loss_total': 0.8003628849983215, 'max_memory_allocated': 4612537344, 'max_memory_reserved': 32300335104}
[WSI] epoch=3 iteration=483 slide=normal_058 N=7 {'train_loss_cls': 0.58203125, 'train_loss_sr': 0.19748350977897644, 'train_loss_total': 0.601779580116272, 'max_memory_allocated': 5349882368, 'max_memory_reserved': 32300335104}
[WSI] epoch=3 iteration=484 slide=tumor_087 N=10 {'train_loss_cls': 0.8359375, 'train_loss_sr': 0.08428354561328888, 'train_loss_total': 0.8443658351898193, 'max_memory_allocated': 7566129664, 'max_memory_reserved': 32300335104}
[WSI] epoch=3 iteration=485 slide=tumor_098 N=9 {'train_loss_cls': 0.83203125, 'train_loss_sr': 0.08456850051879883, 'train_loss_total': 0.840488076210022, 'max_memory_allocated': 6828121088, 'max_memory_reserved': 32300335104}
[WSI] epoch=3 iteration=486 slide=tumor_080 N=6 {'train_loss_cls': 0.7890625, 'train_loss_sr': 0.10970678925514221, 'train_loss_total': 0.8000331521034241, 'max_memory_allocated': 4612278784, 'max_memory_reserved': 32300335104}
[WSI] epoch=3 iteration=487 slide=tumor_097 N=18 {'train_loss_cls': 0.77734375, 'train_loss_sr': 0.09542123228311539, 'train_loss_total': 0.7868858575820923, 'max_memory_allocated': 13477964288, 'max_memory_reserved': 32300335104}
[WSI] epoch=3 iteration=488 slide=tumor_039 N=4 {'train_loss_cls': 0.70703125, 'train_loss_sr': 0.1403304934501648, 'train_loss_total': 0.7210643291473389, 'max_memory_allocated': 3132185088, 'max_memory_reserved': 32300335104}
[WSI] epoch=3 iteration=489 slide=tumor_058 N=5 {'train_loss_cls': 0.75390625, 'train_loss_sr': 0.12387383729219437, 'train_loss_total': 0.7662936449050903, 'max_memory_allocated': 3872801280, 'max_memory_reserved': 32300335104}
[gradient] slide_id=normal_128 N=11 {'rdn': 1.0864081382751465, 'region_encoder': 0.0, 'abmil': 0.019052140414714813, 'classifier': 6.653197288513184, 'p2w': 0.4763995409011841}
[WSI] epoch=3 iteration=490 slide=normal_128 N=11 {'train_loss_cls': 0.6328125, 'train_loss_sr': 0.06560136377811432, 'train_loss_total': 0.6393726468086243, 'max_memory_allocated': 8305531392, 'max_memory_reserved': 32300335104}
[WSI] epoch=3 iteration=491 slide=normal_011 N=14 {'train_loss_cls': 0.671875, 'train_loss_sr': 0.13533245027065277, 'train_loss_total': 0.6854082345962524, 'max_memory_allocated': 10522151424, 'max_memory_reserved': 32300335104}
[WSI] epoch=3 iteration=492 slide=tumor_042 N=4 {'train_loss_cls': 0.74609375, 'train_loss_sr': 0.10662562400102615, 'train_loss_total': 0.7567563056945801, 'max_memory_allocated': 3132447232, 'max_memory_reserved': 32300335104}
[WSI] epoch=3 iteration=493 slide=normal_038 N=1 {'train_loss_cls': 0.66015625, 'train_loss_sr': 0.059507548809051514, 'train_loss_total': 0.6661069989204407, 'max_memory_allocated': 916409344, 'max_memory_reserved': 32300335104}
[WSI] epoch=3 iteration=494 slide=tumor_003 N=7 {'train_loss_cls': 0.72265625, 'train_loss_sr': 0.12149224430322647, 'train_loss_total': 0.7348054647445679, 'max_memory_allocated': 5350103552, 'max_memory_reserved': 32300335104}
[WSI] epoch=3 iteration=495 slide=tumor_017 N=9 {'train_loss_cls': 0.64453125, 'train_loss_sr': 0.11937931180000305, 'train_loss_total': 0.6564691662788391, 'max_memory_allocated': 6827748864, 'max_memory_reserved': 32300335104}
[WSI] epoch=3 iteration=496 slide=tumor_060 N=6 {'train_loss_cls': 0.63671875, 'train_loss_sr': 0.08115275204181671, 'train_loss_total': 0.644834041595459, 'max_memory_allocated': 4611894272, 'max_memory_reserved': 32300335104}
[WSI] epoch=3 iteration=497 slide=normal_006 N=1 {'train_loss_cls': 0.67578125, 'train_loss_sr': 0.16825656592845917, 'train_loss_total': 0.6926069259643555, 'max_memory_allocated': 916147200, 'max_memory_reserved': 32300335104}
[WSI] epoch=3 iteration=498 slide=tumor_103 N=18 {'train_loss_cls': 0.61328125, 'train_loss_sr': 0.10720688104629517, 'train_loss_total': 0.6240019202232361, 'max_memory_allocated': 13478312448, 'max_memory_reserved': 32300335104}
[WSI] epoch=3 iteration=499 slide=normal_157 N=16 {'train_loss_cls': 0.81640625, 'train_loss_sr': 0.11446110159158707, 'train_loss_total': 0.8278523683547974, 'max_memory_allocated': 12001307648, 'max_memory_reserved': 32300335104}
[gradient] slide_id=tumor_050 N=10 {'rdn': 1.106423258781433, 'region_encoder': 0.0, 'abmil': 0.08648495376110077, 'classifier': 6.686219215393066, 'p2w': 0.4997665286064148}
[WSI] epoch=3 iteration=500 slide=tumor_050 N=10 {'train_loss_cls': 0.6328125, 'train_loss_sr': 0.1092672199010849, 'train_loss_total': 0.6437392234802246, 'max_memory_allocated': 7566309376, 'max_memory_reserved': 32300335104}
[WSI] epoch=3 iteration=501 slide=tumor_011 N=6 {'train_loss_cls': 0.578125, 'train_loss_sr': 0.11561871320009232, 'train_loss_total': 0.5896868705749512, 'max_memory_allocated': 4612779008, 'max_memory_reserved': 32300335104}
[WSI] epoch=3 iteration=502 slide=tumor_034 N=6 {'train_loss_cls': 0.55078125, 'train_loss_sr': 0.1239810436964035, 'train_loss_total': 0.5631793737411499, 'max_memory_allocated': 4613331968, 'max_memory_reserved': 32300335104}
[WSI] epoch=3 iteration=503 slide=normal_053 N=18 {'train_loss_cls': 0.84375, 'train_loss_sr': 0.12337839603424072, 'train_loss_total': 0.856087863445282, 'max_memory_allocated': 13478274048, 'max_memory_reserved': 32300335104}
[WSI] epoch=3 iteration=504 slide=normal_066 N=26 {'train_loss_cls': 0.921875, 'train_loss_sr': 0.13833267986774445, 'train_loss_total': 0.9357082843780518, 'max_memory_allocated': 19390290432, 'max_memory_reserved': 32300335104}
[WSI] epoch=3 iteration=505 slide=tumor_061 N=13 {'train_loss_cls': 0.455078125, 'train_loss_sr': 0.14924658834934235, 'train_loss_total': 0.47000277042388916, 'max_memory_allocated': 9783679488, 'max_memory_reserved': 32300335104}
[WSI] epoch=3 iteration=506 slide=normal_041 N=7 {'train_loss_cls': 0.92578125, 'train_loss_sr': 0.1415867805480957, 'train_loss_total': 0.9399399161338806, 'max_memory_allocated': 5350345216, 'max_memory_reserved': 32300335104}
[WSI] epoch=3 iteration=507 slide=normal_093 N=8 {'train_loss_cls': 0.81640625, 'train_loss_sr': 0.09766429662704468, 'train_loss_total': 0.8261727094650269, 'max_memory_allocated': 6089859584, 'max_memory_reserved': 32300335104}
[WSI] epoch=3 iteration=508 slide=tumor_015 N=27 {'train_loss_cls': 0.498046875, 'train_loss_sr': 0.16320472955703735, 'train_loss_total': 0.5143673419952393, 'max_memory_allocated': 20129077760, 'max_memory_reserved': 32300335104}
[WSI] epoch=3 iteration=509 slide=tumor_024 N=16 {'train_loss_cls': 0.53515625, 'train_loss_sr': 0.15589657425880432, 'train_loss_total': 0.5507459044456482, 'max_memory_allocated': 12000778752, 'max_memory_reserved': 32300335104}
[gradient] slide_id=normal_100 N=8 {'rdn': 1.345359444618225, 'region_encoder': 0.0, 'abmil': 0.13001853227615356, 'classifier': 10.680371284484863, 'p2w': 0.21307992935180664}
[WSI] epoch=3 iteration=510 slide=normal_100 N=8 {'train_loss_cls': 0.9453125, 'train_loss_sr': 0.1525857150554657, 'train_loss_total': 0.9605710506439209, 'max_memory_allocated': 6088382976, 'max_memory_reserved': 32300335104}
[WSI] epoch=3 iteration=511 slide=normal_031 N=6 {'train_loss_cls': 0.921875, 'train_loss_sr': 0.1123649924993515, 'train_loss_total': 0.9331114888191223, 'max_memory_allocated': 4611873792, 'max_memory_reserved': 32300335104}
[WSI] epoch=3 iteration=512 slide=tumor_008 N=14 {'train_loss_cls': 0.57421875, 'train_loss_sr': 0.14054013788700104, 'train_loss_total': 0.588272750377655, 'max_memory_allocated': 10522266112, 'max_memory_reserved': 32300335104}
[WSI] epoch=3 iteration=513 slide=normal_111 N=31 {'train_loss_cls': 0.8125, 'train_loss_sr': 0.08900976181030273, 'train_loss_total': 0.8214010000228882, 'max_memory_allocated': 23085431296, 'max_memory_reserved': 32300335104}
[WSI] epoch=3 iteration=514 slide=tumor_068 N=15 {'train_loss_cls': 0.52734375, 'train_loss_sr': 0.11777163296937943, 'train_loss_total': 0.5391209125518799, 'max_memory_allocated': 11262132736, 'max_memory_reserved': 32300335104}
[WSI] epoch=3 iteration=515 slide=tumor_089 N=26 {'train_loss_cls': 0.54296875, 'train_loss_sr': 0.10951130092144012, 'train_loss_total': 0.5539198517799377, 'max_memory_allocated': 19391748608, 'max_memory_reserved': 32300335104}
[WSI] epoch=3 iteration=516 slide=tumor_052 N=15 {'train_loss_cls': 0.5625, 'train_loss_sr': 0.15470300614833832, 'train_loss_total': 0.5779703259468079, 'max_memory_allocated': 11262091264, 'max_memory_reserved': 32300335104}
[WSI] epoch=3 iteration=517 slide=tumor_035 N=4 {'train_loss_cls': 0.4921875, 'train_loss_sr': 0.1825958788394928, 'train_loss_total': 0.510447084903717, 'max_memory_allocated': 3132316160, 'max_memory_reserved': 32300335104}
[WSI] epoch=3 iteration=518 slide=tumor_086 N=23 {'train_loss_cls': 0.56640625, 'train_loss_sr': 0.10118065774440765, 'train_loss_total': 0.5765243172645569, 'max_memory_allocated': 17173805568, 'max_memory_reserved': 32300335104}
[WSI] epoch=3 iteration=519 slide=normal_124 N=19 {'train_loss_cls': 0.83203125, 'train_loss_sr': 0.09280724823474884, 'train_loss_total': 0.8413119912147522, 'max_memory_allocated': 14217406976, 'max_memory_reserved': 32300335104}
[gradient] slide_id=normal_008 N=1 {'rdn': 1.5962574481964111, 'region_encoder': 0.0, 'abmil': 0.0, 'classifier': 9.904959678649902, 'p2w': 0.10019257664680481}
[WSI] epoch=3 iteration=520 slide=normal_008 N=1 {'train_loss_cls': 0.75, 'train_loss_sr': 0.15474124252796173, 'train_loss_total': 0.7654741406440735, 'max_memory_allocated': 916147200, 'max_memory_reserved': 32300335104}
[WSI] epoch=3 iteration=521 slide=tumor_107 N=6 {'train_loss_cls': 0.439453125, 'train_loss_sr': 0.11492892354726791, 'train_loss_total': 0.45094600319862366, 'max_memory_allocated': 4613116416, 'max_memory_reserved': 32300335104}
[WSI] epoch=3 iteration=522 slide=normal_048 N=3 {'train_loss_cls': 0.98046875, 'train_loss_sr': 0.12171085178852081, 'train_loss_total': 0.9926398396492004, 'max_memory_allocated': 2395646976, 'max_memory_reserved': 32300335104}
[epoch] {'epoch': 3, 'train_loss_cls': 0.6746026400862069, 'train_loss_sr': 0.1176605680850388, 'train_loss_total': 0.6863686969910545, 'train_auc': 0.6761486486486487, 'train_acc': 0.42528735632183906, 'train_bacc': 0.5, 'val_loss': 0.7375266335227273, 'val_auc': 0.38579756226815043, 'val_acc': 0.42045454545454547, 'val_bacc': 0.5, 'max_memory_allocated': 26041438208, 'max_memory_reserved': 32300335104}
/root/miniconda3/envs/myconda/lib/python3.10/site-packages/torch/utils/checkpoint.py:1399: FutureWarning: `torch.cpu.amp.autocast(args...)` is deprecated. Please use `torch.amp.autocast('cpu', args...)` instead.
  with device_autocast_ctx, torch.cpu.amp.autocast(**cpu_autocast_kwargs), recompute_context:  # type: ignore[attr-defined]
[WSI] epoch=4 iteration=523 slide=normal_040 N=16 {'train_loss_cls': 0.8203125, 'train_loss_sr': 0.129813551902771, 'train_loss_total': 0.8332938551902771, 'max_memory_allocated': 12001237504, 'max_memory_reserved': 32300335104}
[WSI] epoch=4 iteration=524 slide=normal_062 N=2 {'train_loss_cls': 0.8125, 'train_loss_sr': 0.20661957561969757, 'train_loss_total': 0.8331619501113892, 'max_memory_allocated': 1706789376, 'max_memory_reserved': 32300335104}
[WSI] epoch=4 iteration=525 slide=tumor_098 N=9 {'train_loss_cls': 0.59375, 'train_loss_sr': 0.096775583922863, 'train_loss_total': 0.603427529335022, 'max_memory_allocated': 6827457024, 'max_memory_reserved': 32300335104}
[WSI] epoch=4 iteration=526 slide=normal_106 N=15 {'train_loss_cls': 0.7890625, 'train_loss_sr': 0.10446220636367798, 'train_loss_total': 0.7995086908340454, 'max_memory_allocated': 11262740992, 'max_memory_reserved': 32300335104}
[WSI] epoch=4 iteration=527 slide=normal_146 N=17 {'train_loss_cls': 0.73828125, 'train_loss_sr': 0.11789385229349136, 'train_loss_total': 0.7500706315040588, 'max_memory_allocated': 12739922432, 'max_memory_reserved': 32300335104}
[WSI] epoch=4 iteration=528 slide=tumor_011 N=6 {'train_loss_cls': 0.62890625, 'train_loss_sr': 0.1401253044605255, 'train_loss_total': 0.6429187655448914, 'max_memory_allocated': 4611853312, 'max_memory_reserved': 32300335104}
[WSI] epoch=4 iteration=529 slide=normal_044 N=4 {'train_loss_cls': 0.71875, 'train_loss_sr': 0.12473788857460022, 'train_loss_total': 0.7312237620353699, 'max_memory_allocated': 3132312576, 'max_memory_reserved': 32300335104}
[gradient] slide_id=normal_070 N=16 {'rdn': 1.165681004524231, 'region_encoder': 0.0, 'abmil': 0.1333831399679184, 'classifier': 7.616300582885742, 'p2w': 0.2315089851617813}
[WSI] epoch=4 iteration=530 slide=normal_070 N=16 {'train_loss_cls': 0.77734375, 'train_loss_sr': 0.1447482407093048, 'train_loss_total': 0.7918185591697693, 'max_memory_allocated': 12001873920, 'max_memory_reserved': 32300335104}
[WSI] epoch=4 iteration=531 slide=normal_048 N=3 {'train_loss_cls': 0.796875, 'train_loss_sr': 0.12237482517957687, 'train_loss_total': 0.8091124892234802, 'max_memory_allocated': 2394246144, 'max_memory_reserved': 32300335104}
[WSI] epoch=4 iteration=532 slide=normal_096 N=7 {'train_loss_cls': 0.6484375, 'train_loss_sr': 0.11478248983621597, 'train_loss_total': 0.6599157452583313, 'max_memory_allocated': 5349571584, 'max_memory_reserved': 32300335104}
[WSI] epoch=4 iteration=533 slide=normal_007 N=3 {'train_loss_cls': 0.7578125, 'train_loss_sr': 0.11872713267803192, 'train_loss_total': 0.7696852087974548, 'max_memory_allocated': 2395814912, 'max_memory_reserved': 32300335104}
[WSI] epoch=4 iteration=534 slide=tumor_083 N=14 {'train_loss_cls': 0.73046875, 'train_loss_sr': 0.11052416265010834, 'train_loss_total': 0.7415211796760559, 'max_memory_allocated': 10522850304, 'max_memory_reserved': 32300335104}
[WSI] epoch=4 iteration=535 slide=tumor_039 N=4 {'train_loss_cls': 0.72265625, 'train_loss_sr': 0.09328359365463257, 'train_loss_total': 0.7319846153259277, 'max_memory_allocated': 3133200896, 'max_memory_reserved': 32300335104}
[WSI] epoch=4 iteration=536 slide=tumor_009 N=12 {'train_loss_cls': 0.8203125, 'train_loss_sr': 0.1435544341802597, 'train_loss_total': 0.8346679210662842, 'max_memory_allocated': 9045076480, 'max_memory_reserved': 32300335104}
[WSI] epoch=4 iteration=537 slide=normal_023 N=2 {'train_loss_cls': 0.50390625, 'train_loss_sr': 0.10913515090942383, 'train_loss_total': 0.5148197412490845, 'max_memory_allocated': 1707772416, 'max_memory_reserved': 32300335104}
[WSI] epoch=4 iteration=538 slide=normal_080 N=15 {'train_loss_cls': 0.62109375, 'train_loss_sr': 0.1219647228717804, 'train_loss_total': 0.6332902312278748, 'max_memory_allocated': 11262315520, 'max_memory_reserved': 32300335104}
[WSI] epoch=4 iteration=539 slide=normal_135 N=13 {'train_loss_cls': 0.6015625, 'train_loss_sr': 0.12198101729154587, 'train_loss_total': 0.6137605905532837, 'max_memory_allocated': 9783257600, 'max_memory_reserved': 32300335104}
[gradient] slide_id=tumor_060 N=6 {'rdn': 2.1972367763519287, 'region_encoder': 0.0, 'abmil': 0.09951375424861908, 'classifier': 6.576172828674316, 'p2w': 0.8936346173286438}
[WSI] epoch=4 iteration=540 slide=tumor_060 N=6 {'train_loss_cls': 0.859375, 'train_loss_sr': 0.12407903373241425, 'train_loss_total': 0.8717828989028931, 'max_memory_allocated': 4612389888, 'max_memory_reserved': 32300335104}
[WSI] epoch=4 iteration=541 slide=tumor_057 N=4 {'train_loss_cls': 0.86328125, 'train_loss_sr': 0.1380990743637085, 'train_loss_total': 0.8770911693572998, 'max_memory_allocated': 3132188672, 'max_memory_reserved': 32300335104}
[WSI] epoch=4 iteration=542 slide=normal_111 N=31 {'train_loss_cls': 0.5390625, 'train_loss_sr': 0.12643873691558838, 'train_loss_total': 0.5517063736915588, 'max_memory_allocated': 23085606912, 'max_memory_reserved': 32300335104}
[WSI] epoch=4 iteration=543 slide=tumor_107 N=6 {'train_loss_cls': 0.71484375, 'train_loss_sr': 0.10734023153781891, 'train_loss_total': 0.7255777716636658, 'max_memory_allocated': 4611922432, 'max_memory_reserved': 32300335104}
[WSI] epoch=4 iteration=544 slide=normal_066 N=26 {'train_loss_cls': 0.5859375, 'train_loss_sr': 0.14956951141357422, 'train_loss_total': 0.6008944511413574, 'max_memory_allocated': 19390511616, 'max_memory_reserved': 32300335104}
[WSI] epoch=4 iteration=545 slide=normal_026 N=5 {'train_loss_cls': 0.5546875, 'train_loss_sr': 0.20466572046279907, 'train_loss_total': 0.5751540660858154, 'max_memory_allocated': 3872393728, 'max_memory_reserved': 32300335104}
[WSI] epoch=4 iteration=546 slide=normal_076 N=24 {'train_loss_cls': 0.60546875, 'train_loss_sr': 0.1774488091468811, 'train_loss_total': 0.6232136487960815, 'max_memory_allocated': 17912745472, 'max_memory_reserved': 32300335104}
[WSI] epoch=4 iteration=547 slide=tumor_012 N=7 {'train_loss_cls': 0.86328125, 'train_loss_sr': 0.18027275800704956, 'train_loss_total': 0.8813085556030273, 'max_memory_allocated': 5349718528, 'max_memory_reserved': 32300335104}
[WSI] epoch=4 iteration=548 slide=tumor_087 N=10 {'train_loss_cls': 0.8671875, 'train_loss_sr': 0.11077038943767548, 'train_loss_total': 0.8782645463943481, 'max_memory_allocated': 7566572032, 'max_memory_reserved': 32300335104}
[WSI] epoch=4 iteration=549 slide=normal_067 N=12 {'train_loss_cls': 0.55078125, 'train_loss_sr': 0.1324005424976349, 'train_loss_total': 0.5640212893486023, 'max_memory_allocated': 9044887040, 'max_memory_reserved': 32300335104}
[gradient] slide_id=normal_126 N=17 {'rdn': 1.1947630643844604, 'region_encoder': 0.0, 'abmil': 0.059851136058568954, 'classifier': 4.22764253616333, 'p2w': 0.5429567694664001}
[WSI] epoch=4 iteration=550 slide=normal_126 N=17 {'train_loss_cls': 0.5625, 'train_loss_sr': 0.1319468915462494, 'train_loss_total': 0.5756946802139282, 'max_memory_allocated': 12739871232, 'max_memory_reserved': 32300335104}
[WSI] epoch=4 iteration=551 slide=tumor_105 N=6 {'train_loss_cls': 0.8203125, 'train_loss_sr': 0.11323315650224686, 'train_loss_total': 0.8316358327865601, 'max_memory_allocated': 4612660224, 'max_memory_reserved': 32300335104}
[WSI] epoch=4 iteration=552 slide=tumor_027 N=13 {'train_loss_cls': 0.81640625, 'train_loss_sr': 0.13313592970371246, 'train_loss_total': 0.8297198414802551, 'max_memory_allocated': 9783368192, 'max_memory_reserved': 32300335104}
[WSI] epoch=4 iteration=553 slide=normal_014 N=2 {'train_loss_cls': 0.5546875, 'train_loss_sr': 0.19987303018569946, 'train_loss_total': 0.5746747851371765, 'max_memory_allocated': 1707833856, 'max_memory_reserved': 32300335104}
[WSI] epoch=4 iteration=554 slide=tumor_035 N=4 {'train_loss_cls': 0.7265625, 'train_loss_sr': 0.16402935981750488, 'train_loss_total': 0.7429654598236084, 'max_memory_allocated': 3132692480, 'max_memory_reserved': 32300335104}
[WSI] epoch=4 iteration=555 slide=normal_113 N=19 {'train_loss_cls': 0.54296875, 'train_loss_sr': 0.1009172797203064, 'train_loss_total': 0.5530604720115662, 'max_memory_allocated': 14217095680, 'max_memory_reserved': 32300335104}
[WSI] epoch=4 iteration=556 slide=normal_152 N=5 {'train_loss_cls': 0.5546875, 'train_loss_sr': 0.10435180366039276, 'train_loss_total': 0.565122663974762, 'max_memory_allocated': 3873004032, 'max_memory_reserved': 32300335104}
[WSI] epoch=4 iteration=557 slide=tumor_106 N=22 {'train_loss_cls': 0.83203125, 'train_loss_sr': 0.11718375235795975, 'train_loss_total': 0.8437496423721313, 'max_memory_allocated': 16433895936, 'max_memory_reserved': 32300335104}
[WSI] epoch=4 iteration=558 slide=tumor_103 N=18 {'train_loss_cls': 0.79296875, 'train_loss_sr': 0.13224384188652039, 'train_loss_total': 0.8061931133270264, 'max_memory_allocated': 13478222336, 'max_memory_reserved': 32300335104}
[WSI] epoch=4 iteration=559 slide=tumor_082 N=3 {'train_loss_cls': 0.8203125, 'train_loss_sr': 0.1091756820678711, 'train_loss_total': 0.8312300443649292, 'max_memory_allocated': 2394799104, 'max_memory_reserved': 32300335104}
[gradient] slide_id=normal_049 N=2 {'rdn': 1.2424745559692383, 'region_encoder': 0.0, 'abmil': 0.010442644357681274, 'classifier': 5.421228408813477, 'p2w': 0.5858593583106995}
[WSI] epoch=4 iteration=560 slide=normal_049 N=2 {'train_loss_cls': 0.578125, 'train_loss_sr': 0.15414837002754211, 'train_loss_total': 0.593539834022522, 'max_memory_allocated': 1707575808, 'max_memory_reserved': 32300335104}
[WSI] epoch=4 iteration=561 slide=normal_105 N=12 {'train_loss_cls': 0.58984375, 'train_loss_sr': 0.14704234898090363, 'train_loss_total': 0.6045479774475098, 'max_memory_allocated': 9044756992, 'max_memory_reserved': 32300335104}
[WSI] epoch=4 iteration=562 slide=tumor_093 N=14 {'train_loss_cls': 0.765625, 'train_loss_sr': 0.11502832174301147, 'train_loss_total': 0.7771278619766235, 'max_memory_allocated': 10522819072, 'max_memory_reserved': 32300335104}
[WSI] epoch=4 iteration=563 slide=normal_022 N=6 {'train_loss_cls': 0.546875, 'train_loss_sr': 0.09697745740413666, 'train_loss_total': 0.5565727353096008, 'max_memory_allocated': 4612758528, 'max_memory_reserved': 32300335104}
[WSI] epoch=4 iteration=564 slide=normal_128 N=11 {'train_loss_cls': 0.55078125, 'train_loss_sr': 0.07137593626976013, 'train_loss_total': 0.5579188466072083, 'max_memory_allocated': 8305400320, 'max_memory_reserved': 32300335104}
[WSI] epoch=4 iteration=565 slide=tumor_068 N=15 {'train_loss_cls': 0.796875, 'train_loss_sr': 0.11977054178714752, 'train_loss_total': 0.8088520765304565, 'max_memory_allocated': 11262319104, 'max_memory_reserved': 32300335104}
[WSI] epoch=4 iteration=566 slide=normal_088 N=14 {'train_loss_cls': 0.59765625, 'train_loss_sr': 0.12343841046094894, 'train_loss_total': 0.6100000739097595, 'max_memory_allocated': 10522376704, 'max_memory_reserved': 32300335104}
[WSI] epoch=4 iteration=567 slide=tumor_072 N=20 {'train_loss_cls': 0.78125, 'train_loss_sr': 0.09766517579555511, 'train_loss_total': 0.7910165190696716, 'max_memory_allocated': 14956718592, 'max_memory_reserved': 32300335104}
[WSI] epoch=4 iteration=568 slide=normal_028 N=5 {'train_loss_cls': 0.53515625, 'train_loss_sr': 0.1096077635884285, 'train_loss_total': 0.5461170077323914, 'max_memory_allocated': 3872348672, 'max_memory_reserved': 32300335104}
[WSI] epoch=4 iteration=569 slide=tumor_019 N=2 {'train_loss_cls': 0.74609375, 'train_loss_sr': 0.1328633725643158, 'train_loss_total': 0.7593801021575928, 'max_memory_allocated': 1707031040, 'max_memory_reserved': 32300335104}
[gradient] slide_id=tumor_050 N=10 {'rdn': 1.416507601737976, 'region_encoder': 0.0, 'abmil': 0.14598619937896729, 'classifier': 6.241131782531738, 'p2w': 0.5942714810371399}
[WSI] epoch=4 iteration=570 slide=tumor_050 N=10 {'train_loss_cls': 0.85546875, 'train_loss_sr': 0.09332257509231567, 'train_loss_total': 0.8648009896278381, 'max_memory_allocated': 7567040000, 'max_memory_reserved': 32300335104}
[WSI] epoch=4 iteration=571 slide=tumor_017 N=9 {'train_loss_cls': 0.8125, 'train_loss_sr': 0.13290752470493317, 'train_loss_total': 0.8257907629013062, 'max_memory_allocated': 6827256320, 'max_memory_reserved': 32300335104}
[WSI] epoch=4 iteration=572 slide=normal_100 N=8 {'train_loss_cls': 0.58984375, 'train_loss_sr': 0.12413696944713593, 'train_loss_total': 0.6022574305534363, 'max_memory_allocated': 6089157120, 'max_memory_reserved': 32300335104}
[WSI] epoch=4 iteration=573 slide=normal_151 N=16 {'train_loss_cls': 0.58984375, 'train_loss_sr': 0.09877004474401474, 'train_loss_total': 0.5997207760810852, 'max_memory_allocated': 12000909824, 'max_memory_reserved': 32300335104}
[WSI] epoch=4 iteration=574 slide=normal_109 N=10 {'train_loss_cls': 0.60546875, 'train_loss_sr': 0.07659973204135895, 'train_loss_total': 0.6131287217140198, 'max_memory_allocated': 7568182272, 'max_memory_reserved': 32300335104}
[WSI] epoch=4 iteration=575 slide=normal_095 N=14 {'train_loss_cls': 0.60546875, 'train_loss_sr': 0.12915530800819397, 'train_loss_total': 0.6183843016624451, 'max_memory_allocated': 10522024448, 'max_memory_reserved': 32300335104}
[WSI] epoch=4 iteration=576 slide=normal_051 N=3 {'train_loss_cls': 0.5703125, 'train_loss_sr': 0.13188424706459045, 'train_loss_total': 0.5835009217262268, 'max_memory_allocated': 2394513920, 'max_memory_reserved': 32300335104}
[WSI] epoch=4 iteration=577 slide=normal_029 N=1 {'train_loss_cls': 0.515625, 'train_loss_sr': 0.11976657807826996, 'train_loss_total': 0.5276016592979431, 'max_memory_allocated': 917043712, 'max_memory_reserved': 32300335104}
[WSI] epoch=4 iteration=578 slide=normal_054 N=1 {'train_loss_cls': 0.5625, 'train_loss_sr': 0.1442168653011322, 'train_loss_total': 0.5769217014312744, 'max_memory_allocated': 916147200, 'max_memory_reserved': 32300335104}
[WSI] epoch=4 iteration=579 slide=normal_129 N=19 {'train_loss_cls': 0.578125, 'train_loss_sr': 0.10324832797050476, 'train_loss_total': 0.5884498357772827, 'max_memory_allocated': 14217206272, 'max_memory_reserved': 32300335104}
[gradient] slide_id=normal_006 N=1 {'rdn': 1.3162297010421753, 'region_encoder': 0.0, 'abmil': 0.0, 'classifier': 4.920422554016113, 'p2w': 0.8084683418273926}
[WSI] epoch=4 iteration=580 slide=normal_006 N=1 {'train_loss_cls': 0.494140625, 'train_loss_sr': 0.05228579044342041, 'train_loss_total': 0.49936920404434204, 'max_memory_allocated': 918156288, 'max_memory_reserved': 32300335104}
[WSI] epoch=4 iteration=581 slide=tumor_042 N=4 {'train_loss_cls': 0.921875, 'train_loss_sr': 0.11833661794662476, 'train_loss_total': 0.933708667755127, 'max_memory_allocated': 3132647936, 'max_memory_reserved': 32300335104}
[WSI] epoch=4 iteration=582 slide=tumor_005 N=4 {'train_loss_cls': 0.96484375, 'train_loss_sr': 0.12538832426071167, 'train_loss_total': 0.9773826003074646, 'max_memory_allocated': 3133000192, 'max_memory_reserved': 32300335104}
[WSI] epoch=4 iteration=583 slide=tumor_078 N=15 {'train_loss_cls': 0.78125, 'train_loss_sr': 0.09076546132564545, 'train_loss_total': 0.7903265357017517, 'max_memory_allocated': 11263203840, 'max_memory_reserved': 32300335104}
[WSI] epoch=4 iteration=584 slide=normal_136 N=15 {'train_loss_cls': 0.546875, 'train_loss_sr': 0.09017452597618103, 'train_loss_total': 0.5558924674987793, 'max_memory_allocated': 11262519808, 'max_memory_reserved': 32300335104}
[WSI] epoch=4 iteration=585 slide=normal_157 N=16 {'train_loss_cls': 0.515625, 'train_loss_sr': 0.11070075631141663, 'train_loss_total': 0.5266950726509094, 'max_memory_allocated': 12001438208, 'max_memory_reserved': 32300335104}
[WSI] epoch=4 iteration=586 slide=normal_084 N=1 {'train_loss_cls': 0.37890625, 'train_loss_sr': 0.06326135247945786, 'train_loss_total': 0.3852323889732361, 'max_memory_allocated': 916635648, 'max_memory_reserved': 32300335104}
[WSI] epoch=4 iteration=587 slide=normal_074 N=14 {'train_loss_cls': 0.5078125, 'train_loss_sr': 0.11199942231178284, 'train_loss_total': 0.519012451171875, 'max_memory_allocated': 10522065408, 'max_memory_reserved': 32300335104}
[WSI] epoch=4 iteration=588 slide=tumor_001 N=7 {'train_loss_cls': 0.94921875, 'train_loss_sr': 0.12402646243572235, 'train_loss_total': 0.9616214036941528, 'max_memory_allocated': 5349992960, 'max_memory_reserved': 32300335104}
[WSI] epoch=4 iteration=589 slide=tumor_020 N=7 {'train_loss_cls': 0.91796875, 'train_loss_sr': 0.11062251031398773, 'train_loss_total': 0.9290310144424438, 'max_memory_allocated': 5350631424, 'max_memory_reserved': 32300335104}
[gradient] slide_id=tumor_077 N=14 {'rdn': 1.5021021366119385, 'region_encoder': 0.0, 'abmil': 0.029886461794376373, 'classifier': 8.019124984741211, 'p2w': 0.5847632884979248}
[WSI] epoch=4 iteration=590 slide=tumor_077 N=14 {'train_loss_cls': 0.9453125, 'train_loss_sr': 0.08193856477737427, 'train_loss_total': 0.953506350517273, 'max_memory_allocated': 10523060736, 'max_memory_reserved': 32300335104}
[WSI] epoch=4 iteration=591 slide=tumor_084 N=9 {'train_loss_cls': 0.91015625, 'train_loss_sr': 0.10696205496788025, 'train_loss_total': 0.9208524823188782, 'max_memory_allocated': 6827678208, 'max_memory_reserved': 32300335104}
[WSI] epoch=4 iteration=592 slide=normal_081 N=6 {'train_loss_cls': 0.5078125, 'train_loss_sr': 0.15069161355495453, 'train_loss_total': 0.5228816866874695, 'max_memory_allocated': 4612779008, 'max_memory_reserved': 32300335104}
[WSI] epoch=4 iteration=593 slide=normal_116 N=8 {'train_loss_cls': 0.515625, 'train_loss_sr': 0.10763747990131378, 'train_loss_total': 0.5263887643814087, 'max_memory_allocated': 6088141312, 'max_memory_reserved': 32300335104}
[WSI] epoch=4 iteration=594 slide=tumor_089 N=26 {'train_loss_cls': 0.80859375, 'train_loss_sr': 0.11024264246225357, 'train_loss_total': 0.8196179866790771, 'max_memory_allocated': 19390179840, 'max_memory_reserved': 32300335104}
[WSI] epoch=4 iteration=595 slide=normal_148 N=5 {'train_loss_cls': 0.58203125, 'train_loss_sr': 0.07258201390504837, 'train_loss_total': 0.5892894268035889, 'max_memory_allocated': 3872328192, 'max_memory_reserved': 32300335104}
[WSI] epoch=4 iteration=596 slide=normal_012 N=3 {'train_loss_cls': 0.55078125, 'train_loss_sr': 0.18683955073356628, 'train_loss_total': 0.5694652199745178, 'max_memory_allocated': 2394246144, 'max_memory_reserved': 32300335104}
[WSI] epoch=4 iteration=597 slide=tumor_074 N=5 {'train_loss_cls': 0.87109375, 'train_loss_sr': 0.15750928223133087, 'train_loss_total': 0.8868446946144104, 'max_memory_allocated': 3873057280, 'max_memory_reserved': 32300335104}
[WSI] epoch=4 iteration=598 slide=normal_039 N=9 {'train_loss_cls': 0.5078125, 'train_loss_sr': 0.14853349328041077, 'train_loss_total': 0.5226658582687378, 'max_memory_allocated': 6827104768, 'max_memory_reserved': 32300335104}
[WSI] epoch=4 iteration=599 slide=tumor_094 N=16 {'train_loss_cls': 0.87890625, 'train_loss_sr': 0.10432225465774536, 'train_loss_total': 0.889338493347168, 'max_memory_allocated': 12002785792, 'max_memory_reserved': 32300335104}
[gradient] slide_id=normal_068 N=6 {'rdn': 0.877888023853302, 'region_encoder': 0.0, 'abmil': 0.06660168617963791, 'classifier': 5.467798709869385, 'p2w': 0.1705702245235443}
[WSI] epoch=4 iteration=600 slide=normal_068 N=6 {'train_loss_cls': 0.53515625, 'train_loss_sr': 0.17312628030776978, 'train_loss_total': 0.5524688959121704, 'max_memory_allocated': 4611873792, 'max_memory_reserved': 32300335104}
[WSI] epoch=4 iteration=601 slide=normal_145 N=20 {'train_loss_cls': 0.5625, 'train_loss_sr': 0.14795659482479095, 'train_loss_total': 0.5772956609725952, 'max_memory_allocated': 14956379648, 'max_memory_reserved': 32300335104}
[WSI] epoch=4 iteration=602 slide=tumor_045 N=10 {'train_loss_cls': 0.8515625, 'train_loss_sr': 0.16708776354789734, 'train_loss_total': 0.8682712912559509, 'max_memory_allocated': 7566572032, 'max_memory_reserved': 32300335104}
[WSI] epoch=4 iteration=603 slide=normal_037 N=8 {'train_loss_cls': 0.55078125, 'train_loss_sr': 0.14366760849952698, 'train_loss_total': 0.5651479959487915, 'max_memory_allocated': 6088583680, 'max_memory_reserved': 32300335104}
[WSI] epoch=4 iteration=604 slide=tumor_108 N=22 {'train_loss_cls': 0.8359375, 'train_loss_sr': 0.0941929966211319, 'train_loss_total': 0.845356822013855, 'max_memory_allocated': 16434186752, 'max_memory_reserved': 32300335104}
[WSI] epoch=4 iteration=605 slide=normal_002 N=2 {'train_loss_cls': 0.48046875, 'train_loss_sr': 0.16033674776554108, 'train_loss_total': 0.49650242924690247, 'max_memory_allocated': 1707847168, 'max_memory_reserved': 32300335104}
[WSI] epoch=4 iteration=606 slide=normal_036 N=7 {'train_loss_cls': 0.53515625, 'train_loss_sr': 0.19414259493350983, 'train_loss_total': 0.5545704960823059, 'max_memory_allocated': 5349723136, 'max_memory_reserved': 32300335104}
[WSI] epoch=4 iteration=607 slide=normal_093 N=8 {'train_loss_cls': 0.474609375, 'train_loss_sr': 0.17890655994415283, 'train_loss_total': 0.49250003695487976, 'max_memory_allocated': 6088473088, 'max_memory_reserved': 32300335104}
[WSI] epoch=4 iteration=608 slide=normal_097 N=17 {'train_loss_cls': 0.50390625, 'train_loss_sr': 0.16101078689098358, 'train_loss_total': 0.520007312297821, 'max_memory_allocated': 12739480064, 'max_memory_reserved': 32300335104}
[WSI] epoch=4 iteration=609 slide=tumor_080 N=6 {'train_loss_cls': 0.875, 'train_loss_sr': 0.09430017322301865, 'train_loss_total': 0.8844299912452698, 'max_memory_allocated': 4612205568, 'max_memory_reserved': 32300335104}
[gradient] slide_id=tumor_086 N=23 {'rdn': 1.4285132884979248, 'region_encoder': 0.0, 'abmil': 0.03345552459359169, 'classifier': 6.983758926391602, 'p2w': 0.6187372207641602}
[WSI] epoch=4 iteration=610 slide=tumor_086 N=23 {'train_loss_cls': 0.859375, 'train_loss_sr': 0.11346666514873505, 'train_loss_total': 0.8707216382026672, 'max_memory_allocated': 17173658112, 'max_memory_reserved': 32300335104}
[WSI] epoch=4 iteration=611 slide=normal_121 N=13 {'train_loss_cls': 0.51953125, 'train_loss_sr': 0.13037779927253723, 'train_loss_total': 0.5325690507888794, 'max_memory_allocated': 9783679488, 'max_memory_reserved': 32300335104}
[WSI] epoch=4 iteration=612 slide=normal_142 N=20 {'train_loss_cls': 0.5234375, 'train_loss_sr': 0.1295701265335083, 'train_loss_total': 0.5363945364952087, 'max_memory_allocated': 14956517888, 'max_memory_reserved': 32300335104}
[WSI] epoch=4 iteration=613 slide=normal_124 N=19 {'train_loss_cls': 0.498046875, 'train_loss_sr': 0.09675174951553345, 'train_loss_total': 0.507722020149231, 'max_memory_allocated': 14217296384, 'max_memory_reserved': 32300335104}
[WSI] epoch=4 iteration=614 slide=normal_108 N=2 {'train_loss_cls': 0.474609375, 'train_loss_sr': 0.11844870448112488, 'train_loss_total': 0.4864542484283447, 'max_memory_allocated': 1707280896, 'max_memory_reserved': 32300335104}
[WSI] epoch=4 iteration=615 slide=tumor_088 N=12 {'train_loss_cls': 0.9296875, 'train_loss_sr': 0.14477714896202087, 'train_loss_total': 0.9441652297973633, 'max_memory_allocated': 9044535808, 'max_memory_reserved': 32300335104}
[WSI] epoch=4 iteration=616 slide=normal_139 N=12 {'train_loss_cls': 0.49609375, 'train_loss_sr': 0.12415266036987305, 'train_loss_total': 0.5085090398788452, 'max_memory_allocated': 9044646400, 'max_memory_reserved': 32300335104}
[WSI] epoch=4 iteration=617 slide=normal_064 N=9 {'train_loss_cls': 0.45703125, 'train_loss_sr': 0.11896276473999023, 'train_loss_total': 0.4689275324344635, 'max_memory_allocated': 6827104768, 'max_memory_reserved': 32300335104}
[WSI] epoch=4 iteration=618 slide=normal_087 N=11 {'train_loss_cls': 0.5, 'train_loss_sr': 0.14457374811172485, 'train_loss_total': 0.5144573450088501, 'max_memory_allocated': 8305843712, 'max_memory_reserved': 32300335104}
[WSI] epoch=4 iteration=619 slide=tumor_016 N=5 {'train_loss_cls': 0.94921875, 'train_loss_sr': 0.1496131718158722, 'train_loss_total': 0.964180052280426, 'max_memory_allocated': 3872721408, 'max_memory_reserved': 32300335104}
[gradient] slide_id=normal_083 N=3 {'rdn': 0.9211459159851074, 'region_encoder': 0.0, 'abmil': 0.012336518615484238, 'classifier': 4.853017330169678, 'p2w': 0.10292964428663254}
[WSI] epoch=4 iteration=620 slide=normal_083 N=3 {'train_loss_cls': 0.37109375, 'train_loss_sr': 0.1724013239145279, 'train_loss_total': 0.38833388686180115, 'max_memory_allocated': 2394246144, 'max_memory_reserved': 32300335104}
[WSI] epoch=4 iteration=621 slide=tumor_004 N=15 {'train_loss_cls': 1.0234375, 'train_loss_sr': 0.18196097016334534, 'train_loss_total': 1.0416336059570312, 'max_memory_allocated': 11262319104, 'max_memory_reserved': 32300335104}
[WSI] epoch=4 iteration=622 slide=normal_063 N=7 {'train_loss_cls': 0.455078125, 'train_loss_sr': 0.19566687941551208, 'train_loss_total': 0.47464480996131897, 'max_memory_allocated': 5349771776, 'max_memory_reserved': 32300335104}
[WSI] epoch=4 iteration=623 slide=normal_052 N=15 {'train_loss_cls': 0.4296875, 'train_loss_sr': 0.14105115830898285, 'train_loss_total': 0.4437926113605499, 'max_memory_allocated': 11262409216, 'max_memory_reserved': 32300335104}
[WSI] epoch=4 iteration=624 slide=tumor_034 N=6 {'train_loss_cls': 1.0078125, 'train_loss_sr': 0.16492512822151184, 'train_loss_total': 1.024304986000061, 'max_memory_allocated': 4612758528, 'max_memory_reserved': 32300335104}
[WSI] epoch=4 iteration=625 slide=tumor_044 N=12 {'train_loss_cls': 0.96875, 'train_loss_sr': 0.13043202459812164, 'train_loss_total': 0.981793224811554, 'max_memory_allocated': 9045531136, 'max_memory_reserved': 32300335104}
[WSI] epoch=4 iteration=626 slide=tumor_054 N=17 {'train_loss_cls': 1.0859375, 'train_loss_sr': 0.1145017147064209, 'train_loss_total': 1.097387671470642, 'max_memory_allocated': 12739811840, 'max_memory_reserved': 32300335104}
[WSI] epoch=4 iteration=627 slide=tumor_061 N=13 {'train_loss_cls': 0.85546875, 'train_loss_sr': 0.1354389488697052, 'train_loss_total': 0.8690126538276672, 'max_memory_allocated': 9783237120, 'max_memory_reserved': 32300335104}
[WSI] epoch=4 iteration=628 slide=tumor_109 N=10 {'train_loss_cls': 0.97265625, 'train_loss_sr': 0.06214091181755066, 'train_loss_total': 0.9788703322410583, 'max_memory_allocated': 7567067648, 'max_memory_reserved': 32300335104}
[WSI] epoch=4 iteration=629 slide=normal_153 N=12 {'train_loss_cls': 0.50390625, 'train_loss_sr': 0.11132340878248215, 'train_loss_total': 0.5150386095046997, 'max_memory_allocated': 9044556288, 'max_memory_reserved': 32300335104}
[gradient] slide_id=normal_131 N=18 {'rdn': 1.1382904052734375, 'region_encoder': 0.0, 'abmil': 0.05752543732523918, 'classifier': 4.855657577514648, 'p2w': 0.5020327568054199}
[WSI] epoch=4 iteration=630 slide=normal_131 N=18 {'train_loss_cls': 0.50390625, 'train_loss_sr': 0.07327590882778168, 'train_loss_total': 0.5112338662147522, 'max_memory_allocated': 13478939136, 'max_memory_reserved': 32300335104}
[WSI] epoch=4 iteration=631 slide=tumor_021 N=16 {'train_loss_cls': 0.859375, 'train_loss_sr': 0.11755841970443726, 'train_loss_total': 0.8711308240890503, 'max_memory_allocated': 12002414080, 'max_memory_reserved': 32300335104}
[WSI] epoch=4 iteration=632 slide=tumor_073 N=19 {'train_loss_cls': 0.89453125, 'train_loss_sr': 0.07425525784492493, 'train_loss_total': 0.9019567966461182, 'max_memory_allocated': 14217289216, 'max_memory_reserved': 32300335104}
[WSI] epoch=4 iteration=633 slide=normal_038 N=1 {'train_loss_cls': 0.49609375, 'train_loss_sr': 0.031065767630934715, 'train_loss_total': 0.49920031428337097, 'max_memory_allocated': 916261888, 'max_memory_reserved': 32300335104}
[WSI] epoch=4 iteration=634 slide=tumor_024 N=16 {'train_loss_cls': 0.87109375, 'train_loss_sr': 0.13836541771888733, 'train_loss_total': 0.8849303126335144, 'max_memory_allocated': 12000778752, 'max_memory_reserved': 32300335104}
[WSI] epoch=4 iteration=635 slide=tumor_007 N=12 {'train_loss_cls': 0.8046875, 'train_loss_sr': 0.14731362462043762, 'train_loss_total': 0.8194188475608826, 'max_memory_allocated': 9045088768, 'max_memory_reserved': 32300335104}
[WSI] epoch=4 iteration=636 slide=tumor_095 N=29 {'train_loss_cls': 0.7890625, 'train_loss_sr': 0.10405267775058746, 'train_loss_total': 0.7994677424430847, 'max_memory_allocated': 21607467520, 'max_memory_reserved': 32300335104}
[WSI] epoch=4 iteration=637 slide=normal_133 N=10 {'train_loss_cls': 0.5625, 'train_loss_sr': 0.10106223821640015, 'train_loss_total': 0.5726062059402466, 'max_memory_allocated': 7567235584, 'max_memory_reserved': 32300335104}
[WSI] epoch=4 iteration=638 slide=normal_120 N=10 {'train_loss_cls': 0.55078125, 'train_loss_sr': 0.1122894138097763, 'train_loss_total': 0.5620101690292358, 'max_memory_allocated': 7566765568, 'max_memory_reserved': 32300335104}
[WSI] epoch=4 iteration=639 slide=tumor_046 N=19 {'train_loss_cls': 0.8515625, 'train_loss_sr': 0.13945530354976654, 'train_loss_total': 0.8655080199241638, 'max_memory_allocated': 14218054144, 'max_memory_reserved': 32300335104}
[gradient] slide_id=normal_008 N=1 {'rdn': 1.7543141841888428, 'region_encoder': 0.0, 'abmil': 0.0, 'classifier': 5.220702171325684, 'p2w': 1.2878930568695068}
[WSI] epoch=4 iteration=640 slide=normal_008 N=1 {'train_loss_cls': 0.40234375, 'train_loss_sr': 0.066185861825943, 'train_loss_total': 0.40896233916282654, 'max_memory_allocated': 916147200, 'max_memory_reserved': 32300335104}
[WSI] epoch=4 iteration=641 slide=normal_154 N=20 {'train_loss_cls': 0.65625, 'train_loss_sr': 0.09048639237880707, 'train_loss_total': 0.6652986407279968, 'max_memory_allocated': 14956407296, 'max_memory_reserved': 32300335104}
[WSI] epoch=4 iteration=642 slide=normal_011 N=14 {'train_loss_cls': 0.6015625, 'train_loss_sr': 0.16848725080490112, 'train_loss_total': 0.6184112429618835, 'max_memory_allocated': 10522266112, 'max_memory_reserved': 32300335104}
[WSI] epoch=4 iteration=643 slide=tumor_015 N=27 {'train_loss_cls': 0.703125, 'train_loss_sr': 0.15149900317192078, 'train_loss_total': 0.7182748913764954, 'max_memory_allocated': 20129499648, 'max_memory_reserved': 32300335104}
[WSI] epoch=4 iteration=644 slide=tumor_041 N=5 {'train_loss_cls': 0.73046875, 'train_loss_sr': 0.15582142770290375, 'train_loss_total': 0.7460508942604065, 'max_memory_allocated': 3872569856, 'max_memory_reserved': 32300335104}
[WSI] epoch=4 iteration=645 slide=normal_031 N=6 {'train_loss_cls': 0.6328125, 'train_loss_sr': 0.15201565623283386, 'train_loss_total': 0.6480140686035156, 'max_memory_allocated': 4612226048, 'max_memory_reserved': 32300335104}
[WSI] epoch=4 iteration=646 slide=tumor_049 N=3 {'train_loss_cls': 0.62890625, 'train_loss_sr': 0.08797711133956909, 'train_loss_total': 0.6377039551734924, 'max_memory_allocated': 2394135552, 'max_memory_reserved': 32300335104}
[WSI] epoch=4 iteration=647 slide=normal_078 N=6 {'train_loss_cls': 0.6171875, 'train_loss_sr': 0.15306353569030762, 'train_loss_total': 0.6324938535690308, 'max_memory_allocated': 4612537344, 'max_memory_reserved': 32300335104}
[WSI] epoch=4 iteration=648 slide=normal_102 N=11 {'train_loss_cls': 0.5859375, 'train_loss_sr': 0.11721865832805634, 'train_loss_total': 0.5976593494415283, 'max_memory_allocated': 8305400320, 'max_memory_reserved': 32300335104}
[WSI] epoch=4 iteration=649 slide=normal_085 N=5 {'train_loss_cls': 0.6328125, 'train_loss_sr': 0.15613645315170288, 'train_loss_total': 0.6484261751174927, 'max_memory_allocated': 3872852480, 'max_memory_reserved': 32300335104}
[gradient] slide_id=tumor_038 N=2 {'rdn': 1.6791115999221802, 'region_encoder': 0.0, 'abmil': 0.07813013345003128, 'classifier': 7.5855937004089355, 'p2w': 0.8253125548362732}
[WSI] epoch=4 iteration=650 slide=tumor_038 N=2 {'train_loss_cls': 0.71875, 'train_loss_sr': 0.13966765999794006, 'train_loss_total': 0.7327167391777039, 'max_memory_allocated': 1707584000, 'max_memory_reserved': 32300335104}
[WSI] epoch=4 iteration=651 slide=tumor_066 N=7 {'train_loss_cls': 0.765625, 'train_loss_sr': 0.16153712570667267, 'train_loss_total': 0.7817786931991577, 'max_memory_allocated': 5349661184, 'max_memory_reserved': 32300335104}
[WSI] epoch=4 iteration=652 slide=tumor_058 N=5 {'train_loss_cls': 0.77734375, 'train_loss_sr': 0.16643105447292328, 'train_loss_total': 0.7939868569374084, 'max_memory_allocated': 3873298944, 'max_memory_reserved': 32300335104}
[WSI] epoch=4 iteration=653 slide=normal_141 N=7 {'train_loss_cls': 0.5546875, 'train_loss_sr': 0.10791537910699844, 'train_loss_total': 0.565479040145874, 'max_memory_allocated': 5350214144, 'max_memory_reserved': 32300335104}
[WSI] epoch=4 iteration=654 slide=tumor_081 N=6 {'train_loss_cls': 0.72265625, 'train_loss_sr': 0.10254164040088654, 'train_loss_total': 0.7329103946685791, 'max_memory_allocated': 4612060160, 'max_memory_reserved': 32300335104}
[WSI] epoch=4 iteration=655 slide=normal_144 N=12 {'train_loss_cls': 0.72265625, 'train_loss_sr': 0.09638641774654388, 'train_loss_total': 0.7322949171066284, 'max_memory_allocated': 9044646400, 'max_memory_reserved': 32300335104}
[WSI] epoch=4 iteration=656 slide=normal_077 N=5 {'train_loss_cls': 0.69140625, 'train_loss_sr': 0.12928757071495056, 'train_loss_total': 0.7043350338935852, 'max_memory_allocated': 3872680448, 'max_memory_reserved': 32300335104}
[WSI] epoch=4 iteration=657 slide=normal_058 N=7 {'train_loss_cls': 0.69140625, 'train_loss_sr': 0.1565040647983551, 'train_loss_total': 0.7070566415786743, 'max_memory_allocated': 5349886976, 'max_memory_reserved': 32300335104}
[WSI] epoch=4 iteration=658 slide=normal_015 N=5 {'train_loss_cls': 0.640625, 'train_loss_sr': 0.1270565539598465, 'train_loss_total': 0.6533306837081909, 'max_memory_allocated': 3872901632, 'max_memory_reserved': 32300335104}
[WSI] epoch=4 iteration=659 slide=normal_079 N=8 {'train_loss_cls': 0.625, 'train_loss_sr': 0.1726059764623642, 'train_loss_total': 0.6422606110572815, 'max_memory_allocated': 6088382976, 'max_memory_reserved': 32300335104}
[gradient] slide_id=normal_089 N=20 {'rdn': 1.178627848625183, 'region_encoder': 0.0, 'abmil': 0.13753856718540192, 'classifier': 6.536423206329346, 'p2w': 0.29416340589523315}
[WSI] epoch=4 iteration=660 slide=normal_089 N=20 {'train_loss_cls': 0.70703125, 'train_loss_sr': 0.1578175127506256, 'train_loss_total': 0.7228130102157593, 'max_memory_allocated': 14956462592, 'max_memory_reserved': 32300335104}
[WSI] epoch=4 iteration=661 slide=normal_041 N=7 {'train_loss_cls': 0.5703125, 'train_loss_sr': 0.15098391473293304, 'train_loss_total': 0.5854108929634094, 'max_memory_allocated': 5349661184, 'max_memory_reserved': 32300335104}
[WSI] epoch=4 iteration=662 slide=normal_156 N=13 {'train_loss_cls': 0.55859375, 'train_loss_sr': 0.09734389185905457, 'train_loss_total': 0.5683281421661377, 'max_memory_allocated': 9783827456, 'max_memory_reserved': 32300335104}
[WSI] epoch=4 iteration=663 slide=tumor_025 N=9 {'train_loss_cls': 0.78515625, 'train_loss_sr': 0.10635125637054443, 'train_loss_total': 0.7957913875579834, 'max_memory_allocated': 6828120576, 'max_memory_reserved': 32300335104}
[WSI] epoch=4 iteration=664 slide=tumor_022 N=7 {'train_loss_cls': 0.78125, 'train_loss_sr': 0.14412443339824677, 'train_loss_total': 0.7956624627113342, 'max_memory_allocated': 5349555712, 'max_memory_reserved': 32300335104}
[WSI] epoch=4 iteration=665 slide=tumor_047 N=15 {'train_loss_cls': 0.796875, 'train_loss_sr': 0.12793684005737305, 'train_loss_total': 0.8096686601638794, 'max_memory_allocated': 11262630400, 'max_memory_reserved': 32300335104}
[WSI] epoch=4 iteration=666 slide=tumor_003 N=7 {'train_loss_cls': 0.8984375, 'train_loss_sr': 0.15914112329483032, 'train_loss_total': 0.9143515825271606, 'max_memory_allocated': 5349857792, 'max_memory_reserved': 32300335104}
[WSI] epoch=4 iteration=667 slide=normal_107 N=16 {'train_loss_cls': 0.5234375, 'train_loss_sr': 0.09137009084224701, 'train_loss_total': 0.5325745344161987, 'max_memory_allocated': 12001901056, 'max_memory_reserved': 32300335104}
[WSI] epoch=4 iteration=668 slide=normal_159 N=14 {'train_loss_cls': 0.6015625, 'train_loss_sr': 0.12476743757724762, 'train_loss_total': 0.6140392422676086, 'max_memory_allocated': 10523069952, 'max_memory_reserved': 32300335104}
[WSI] epoch=4 iteration=669 slide=tumor_002 N=5 {'train_loss_cls': 0.93359375, 'train_loss_sr': 0.11397337168455124, 'train_loss_total': 0.9449911117553711, 'max_memory_allocated': 3872669696, 'max_memory_reserved': 32300335104}
[gradient] slide_id=normal_104 N=19 {'rdn': 1.2687181234359741, 'region_encoder': 0.0, 'abmil': 0.0493716262280941, 'classifier': 4.255448341369629, 'p2w': 0.5343269109725952}
[WSI] epoch=4 iteration=670 slide=normal_104 N=19 {'train_loss_cls': 0.546875, 'train_loss_sr': 0.11110537499189377, 'train_loss_total': 0.5579855442047119, 'max_memory_allocated': 14218745344, 'max_memory_reserved': 32300335104}
[WSI] epoch=4 iteration=671 slide=tumor_008 N=14 {'train_loss_cls': 0.8671875, 'train_loss_sr': 0.14812570810317993, 'train_loss_total': 0.8820000886917114, 'max_memory_allocated': 10522597888, 'max_memory_reserved': 32300335104}
[WSI] epoch=4 iteration=672 slide=normal_053 N=18 {'train_loss_cls': 0.5390625, 'train_loss_sr': 0.14126554131507874, 'train_loss_total': 0.5531890392303467, 'max_memory_allocated': 13478091264, 'max_memory_reserved': 32300335104}
[WSI] epoch=4 iteration=673 slide=tumor_048 N=15 {'train_loss_cls': 0.84765625, 'train_loss_sr': 0.15810158848762512, 'train_loss_total': 0.8634663820266724, 'max_memory_allocated': 11262208512, 'max_memory_reserved': 32300335104}
[WSI] epoch=4 iteration=674 slide=tumor_079 N=14 {'train_loss_cls': 0.83984375, 'train_loss_sr': 0.07750528305768967, 'train_loss_total': 0.8475942611694336, 'max_memory_allocated': 10522044928, 'max_memory_reserved': 32300335104}
[WSI] epoch=4 iteration=675 slide=normal_018 N=3 {'train_loss_cls': 0.48828125, 'train_loss_sr': 0.12616461515426636, 'train_loss_total': 0.5008977055549622, 'max_memory_allocated': 2395088896, 'max_memory_reserved': 32300335104}
[WSI] epoch=4 iteration=676 slide=tumor_052 N=15 {'train_loss_cls': 0.828125, 'train_loss_sr': 0.15891948342323303, 'train_loss_total': 0.844016969203949, 'max_memory_allocated': 11262056960, 'max_memory_reserved': 32300335104}
[WSI] epoch=4 iteration=677 slide=normal_155 N=11 {'train_loss_cls': 0.62890625, 'train_loss_sr': 0.08929985016584396, 'train_loss_total': 0.637836217880249, 'max_memory_allocated': 8305953280, 'max_memory_reserved': 32300335104}
[WSI] epoch=4 iteration=678 slide=normal_003 N=7 {'train_loss_cls': 0.59765625, 'train_loss_sr': 0.11469516903162003, 'train_loss_total': 0.6091257929801941, 'max_memory_allocated': 5349571072, 'max_memory_reserved': 32300335104}
[WSI] epoch=4 iteration=679 slide=normal_103 N=8 {'train_loss_cls': 0.546875, 'train_loss_sr': 0.13371866941452026, 'train_loss_total': 0.5602468848228455, 'max_memory_allocated': 6089673216, 'max_memory_reserved': 32300335104}
[gradient] slide_id=normal_047 N=5 {'rdn': 1.1051437854766846, 'region_encoder': 0.0, 'abmil': 0.1096300482749939, 'classifier': 4.892622470855713, 'p2w': 0.3451787829399109}
[WSI] epoch=4 iteration=680 slide=normal_047 N=5 {'train_loss_cls': 0.609375, 'train_loss_sr': 0.17455703020095825, 'train_loss_total': 0.6268306970596313, 'max_memory_allocated': 3872735232, 'max_memory_reserved': 32300335104}
[WSI] epoch=4 iteration=681 slide=tumor_111 N=4 {'train_loss_cls': 0.75, 'train_loss_sr': 0.11923848092556, 'train_loss_total': 0.7619238495826721, 'max_memory_allocated': 3133528064, 'max_memory_reserved': 32300335104}
[WSI] epoch=4 iteration=682 slide=tumor_097 N=18 {'train_loss_cls': 0.828125, 'train_loss_sr': 0.10630960762500763, 'train_loss_total': 0.8387559652328491, 'max_memory_allocated': 13478001152, 'max_memory_reserved': 32300335104}
[WSI] epoch=4 iteration=683 slide=normal_065 N=6 {'train_loss_cls': 0.6328125, 'train_loss_sr': 0.16416692733764648, 'train_loss_total': 0.6492291688919067, 'max_memory_allocated': 4612703232, 'max_memory_reserved': 32300335104}
[WSI] epoch=4 iteration=684 slide=normal_032 N=9 {'train_loss_cls': 0.6640625, 'train_loss_sr': 0.15578725934028625, 'train_loss_total': 0.6796412467956543, 'max_memory_allocated': 6827567616, 'max_memory_reserved': 32300335104}
[WSI] epoch=4 iteration=685 slide=tumor_043 N=4 {'train_loss_cls': 0.76953125, 'train_loss_sr': 0.14764176309108734, 'train_loss_total': 0.7842954397201538, 'max_memory_allocated': 3132185088, 'max_memory_reserved': 32300335104}
[WSI] epoch=4 iteration=686 slide=normal_119 N=14 {'train_loss_cls': 0.5234375, 'train_loss_sr': 0.10032530128955841, 'train_loss_total': 0.5334700345993042, 'max_memory_allocated': 10522065408, 'max_memory_reserved': 32300335104}
[WSI] epoch=4 iteration=687 slide=tumor_037 N=10 {'train_loss_cls': 0.78515625, 'train_loss_sr': 0.09817339479923248, 'train_loss_total': 0.794973611831665, 'max_memory_allocated': 7566350848, 'max_memory_reserved': 32300335104}
[WSI] epoch=4 iteration=688 slide=normal_114 N=24 {'train_loss_cls': 0.60546875, 'train_loss_sr': 0.11954887211322784, 'train_loss_total': 0.6174236536026001, 'max_memory_allocated': 17912160768, 'max_memory_reserved': 32300335104}
[WSI] epoch=4 iteration=689 slide=tumor_040 N=10 {'train_loss_cls': 0.77734375, 'train_loss_sr': 0.12214119732379913, 'train_loss_total': 0.7895578742027283, 'max_memory_allocated': 7566088704, 'max_memory_reserved': 32300335104}
[gradient] slide_id=tumor_028 N=17 {'rdn': 1.324869990348816, 'region_encoder': 0.0, 'abmil': 0.09622012078762054, 'classifier': 5.803447723388672, 'p2w': 0.27727094292640686}
[WSI] epoch=4 iteration=690 slide=tumor_028 N=17 {'train_loss_cls': 0.828125, 'train_loss_sr': 0.10417899489402771, 'train_loss_total': 0.8385428786277771, 'max_memory_allocated': 12739931136, 'max_memory_reserved': 32300335104}
[WSI] epoch=4 iteration=691 slide=tumor_071 N=12 {'train_loss_cls': 0.76953125, 'train_loss_sr': 0.1118297129869461, 'train_loss_total': 0.780714213848114, 'max_memory_allocated': 9045199360, 'max_memory_reserved': 32300335104}
[WSI] epoch=4 iteration=692 slide=normal_071 N=5 {'train_loss_cls': 0.59375, 'train_loss_sr': 0.14395907521247864, 'train_loss_total': 0.6081458926200867, 'max_memory_allocated': 3873253888, 'max_memory_reserved': 32300335104}
[WSI] epoch=4 iteration=693 slide=normal_158 N=18 {'train_loss_cls': 0.59765625, 'train_loss_sr': 0.07025981694459915, 'train_loss_total': 0.604682207107544, 'max_memory_allocated': 13478222336, 'max_memory_reserved': 32300335104}
[WSI] epoch=4 iteration=694 slide=normal_035 N=1 {'train_loss_cls': 0.54296875, 'train_loss_sr': 0.07500851154327393, 'train_loss_total': 0.5504695773124695, 'max_memory_allocated': 916490752, 'max_memory_reserved': 32300335104}
[WSI] epoch=4 iteration=695 slide=tumor_102 N=35 {'train_loss_cls': 0.7578125, 'train_loss_sr': 0.12108908593654633, 'train_loss_total': 0.7699214220046997, 'max_memory_allocated': 26041604096, 'max_memory_reserved': 32321306624}
[WSI] epoch=4 iteration=696 slide=normal_061 N=12 {'train_loss_cls': 0.52734375, 'train_loss_sr': 0.1595441699028015, 'train_loss_total': 0.5432981848716736, 'max_memory_allocated': 9044777472, 'max_memory_reserved': 32321306624}
[epoch] {'epoch': 4, 'train_loss_cls': 0.6825273886494253, 'train_loss_sr': 0.12611884832510661, 'train_loss_total': 0.6951392738298438, 'train_auc': 0.7510135135135134, 'train_acc': 0.6149425287356322, 'train_bacc': 0.5472972972972973, 'val_loss': 0.6916947798295454, 'val_auc': 0.40964493905670374, 'val_acc': 0.5568181818181818, 'val_bacc': 0.4841017488076311, 'max_memory_allocated': 26041604096, 'max_memory_reserved': 32321306624}
/root/miniconda3/envs/myconda/lib/python3.10/site-packages/torch/utils/checkpoint.py:1399: FutureWarning: `torch.cpu.amp.autocast(args...)` is deprecated. Please use `torch.amp.autocast('cpu', args...)` instead.
  with device_autocast_ctx, torch.cpu.amp.autocast(**cpu_autocast_kwargs), recompute_context:  # type: ignore[attr-defined]
[WSI] epoch=5 iteration=697 slide=normal_102 N=11 {'train_loss_cls': 0.53515625, 'train_loss_sr': 0.057175230234861374, 'train_loss_total': 0.5408737659454346, 'max_memory_allocated': 8306063872, 'max_memory_reserved': 32321306624}
[WSI] epoch=5 iteration=698 slide=normal_074 N=14 {'train_loss_cls': 0.56640625, 'train_loss_sr': 0.1519770473241806, 'train_loss_total': 0.5816039443016052, 'max_memory_allocated': 10523171328, 'max_memory_reserved': 32321306624}
[WSI] epoch=5 iteration=699 slide=tumor_011 N=6 {'train_loss_cls': 0.84375, 'train_loss_sr': 0.13920976221561432, 'train_loss_total': 0.8576709628105164, 'max_memory_allocated': 4612336640, 'max_memory_reserved': 32321306624}
[gradient] slide_id=tumor_108 N=22 {'rdn': 1.4132980108261108, 'region_encoder': 0.0, 'abmil': 0.11099082231521606, 'classifier': 5.682609558105469, 'p2w': 0.6416469812393188}
[WSI] epoch=5 iteration=700 slide=tumor_108 N=22 {'train_loss_cls': 0.7890625, 'train_loss_sr': 0.11669738590717316, 'train_loss_total': 0.8007322549819946, 'max_memory_allocated': 16434158080, 'max_memory_reserved': 32321306624}
[WSI] epoch=5 iteration=701 slide=normal_120 N=10 {'train_loss_cls': 0.515625, 'train_loss_sr': 0.12149565666913986, 'train_loss_total': 0.5277745723724365, 'max_memory_allocated': 7566678528, 'max_memory_reserved': 32321306624}
[WSI] epoch=5 iteration=702 slide=tumor_003 N=7 {'train_loss_cls': 0.87109375, 'train_loss_sr': 0.14334288239479065, 'train_loss_total': 0.8854280114173889, 'max_memory_allocated': 5350102528, 'max_memory_reserved': 32321306624}
[WSI] epoch=5 iteration=703 slide=normal_015 N=5 {'train_loss_cls': 0.5625, 'train_loss_sr': 0.1788155734539032, 'train_loss_total': 0.5803815722465515, 'max_memory_allocated': 3873372160, 'max_memory_reserved': 32321306624}
[WSI] epoch=5 iteration=704 slide=tumor_039 N=4 {'train_loss_cls': 0.734375, 'train_loss_sr': 0.11689495295286179, 'train_loss_total': 0.7460644841194153, 'max_memory_allocated': 3133643264, 'max_memory_reserved': 32321306624}
[WSI] epoch=5 iteration=705 slide=tumor_015 N=27 {'train_loss_cls': 0.73046875, 'train_loss_sr': 0.16200092434883118, 'train_loss_total': 0.746668815612793, 'max_memory_allocated': 20129499648, 'max_memory_reserved': 32321306624}
[WSI] epoch=5 iteration=706 slide=tumor_073 N=19 {'train_loss_cls': 0.8359375, 'train_loss_sr': 0.09256738424301147, 'train_loss_total': 0.8451942205429077, 'max_memory_allocated': 14217206272, 'max_memory_reserved': 32321306624}
[WSI] epoch=5 iteration=707 slide=normal_006 N=1 {'train_loss_cls': 0.50390625, 'train_loss_sr': 0.17551136016845703, 'train_loss_total': 0.5214573740959167, 'max_memory_allocated': 916483072, 'max_memory_reserved': 32321306624}
[WSI] epoch=5 iteration=708 slide=normal_044 N=4 {'train_loss_cls': 0.6015625, 'train_loss_sr': 0.12083642184734344, 'train_loss_total': 0.6136461496353149, 'max_memory_allocated': 3132312064, 'max_memory_reserved': 32321306624}
[WSI] epoch=5 iteration=709 slide=normal_131 N=18 {'train_loss_cls': 0.6015625, 'train_loss_sr': 0.11435497552156448, 'train_loss_total': 0.6129980087280273, 'max_memory_allocated': 13479291392, 'max_memory_reserved': 32321306624}
[gradient] slide_id=tumor_102 N=35 {'rdn': 1.3084653615951538, 'region_encoder': 0.0, 'abmil': 0.08032869547605515, 'classifier': 5.630491256713867, 'p2w': 0.5104627013206482}
[WSI] epoch=5 iteration=710 slide=tumor_102 N=35 {'train_loss_cls': 0.71875, 'train_loss_sr': 0.127048522233963, 'train_loss_total': 0.7314548492431641, 'max_memory_allocated': 26041891840, 'max_memory_reserved': 32321306624}
[WSI] epoch=5 iteration=711 slide=normal_119 N=14 {'train_loss_cls': 0.546875, 'train_loss_sr': 0.08560609817504883, 'train_loss_total': 0.5554355978965759, 'max_memory_allocated': 10522467328, 'max_memory_reserved': 32321306624}
[WSI] epoch=5 iteration=712 slide=normal_141 N=7 {'train_loss_cls': 0.51953125, 'train_loss_sr': 0.10082010924816132, 'train_loss_total': 0.5296132564544678, 'max_memory_allocated': 5350455808, 'max_memory_reserved': 32321306624}
[WSI] epoch=5 iteration=713 slide=tumor_105 N=6 {'train_loss_cls': 0.72265625, 'train_loss_sr': 0.12168272584676743, 'train_loss_total': 0.734824538230896, 'max_memory_allocated': 4612993536, 'max_memory_reserved': 32321306624}
[WSI] epoch=5 iteration=714 slide=normal_106 N=15 {'train_loss_cls': 0.609375, 'train_loss_sr': 0.08304799348115921, 'train_loss_total': 0.6176797747612, 'max_memory_allocated': 11262188032, 'max_memory_reserved': 32321306624}
[WSI] epoch=5 iteration=715 slide=tumor_060 N=6 {'train_loss_cls': 0.80078125, 'train_loss_sr': 0.11497043073177338, 'train_loss_total': 0.8122782707214355, 'max_memory_allocated': 4612426752, 'max_memory_reserved': 32321306624}
[WSI] epoch=5 iteration=716 slide=tumor_107 N=6 {'train_loss_cls': 0.6171875, 'train_loss_sr': 0.12906481325626373, 'train_loss_total': 0.6300939917564392, 'max_memory_allocated': 4612426752, 'max_memory_reserved': 32321306624}
[WSI] epoch=5 iteration=717 slide=tumor_027 N=13 {'train_loss_cls': 0.66015625, 'train_loss_sr': 0.12967343628406525, 'train_loss_total': 0.6731235980987549, 'max_memory_allocated': 9783568896, 'max_memory_reserved': 32321306624}
[WSI] epoch=5 iteration=718 slide=tumor_017 N=9 {'train_loss_cls': 0.72265625, 'train_loss_sr': 0.1657034456729889, 'train_loss_total': 0.7392265796661377, 'max_memory_allocated': 6828017664, 'max_memory_reserved': 32321306624}
[WSI] epoch=5 iteration=719 slide=normal_039 N=9 {'train_loss_cls': 0.5546875, 'train_loss_sr': 0.12522689998149872, 'train_loss_total': 0.5672101974487305, 'max_memory_allocated': 6827703296, 'max_memory_reserved': 32321306624}
[gradient] slide_id=normal_085 N=5 {'rdn': 1.532731294631958, 'region_encoder': 0.0, 'abmil': 0.034844543784856796, 'classifier': 5.483767032623291, 'p2w': 0.6838297247886658}
[WSI] epoch=5 iteration=720 slide=normal_085 N=5 {'train_loss_cls': 0.6328125, 'train_loss_sr': 0.10809771716594696, 'train_loss_total': 0.6436222791671753, 'max_memory_allocated': 3872700928, 'max_memory_reserved': 32321306624}
[WSI] epoch=5 iteration=721 slide=normal_158 N=18 {'train_loss_cls': 0.68359375, 'train_loss_sr': 0.08478440344333649, 'train_loss_total': 0.6920722126960754, 'max_memory_allocated': 13478291456, 'max_memory_reserved': 32321306624}
[WSI] epoch=5 iteration=722 slide=tumor_109 N=10 {'train_loss_cls': 0.75390625, 'train_loss_sr': 0.08616268634796143, 'train_loss_total': 0.7625225186347961, 'max_memory_allocated': 7566977536, 'max_memory_reserved': 32321306624}
[WSI] epoch=5 iteration=723 slide=tumor_049 N=3 {'train_loss_cls': 0.52734375, 'train_loss_sr': 0.07100245356559753, 'train_loss_total': 0.5344439744949341, 'max_memory_allocated': 2394341888, 'max_memory_reserved': 32321306624}
[WSI] epoch=5 iteration=724 slide=normal_032 N=9 {'train_loss_cls': 0.7890625, 'train_loss_sr': 0.1541760265827179, 'train_loss_total': 0.8044800758361816, 'max_memory_allocated': 6827132416, 'max_memory_reserved': 32321306624}
[WSI] epoch=5 iteration=725 slide=normal_154 N=20 {'train_loss_cls': 0.671875, 'train_loss_sr': 0.12131722271442413, 'train_loss_total': 0.6840067505836487, 'max_memory_allocated': 14956349952, 'max_memory_reserved': 32321306624}
[WSI] epoch=5 iteration=726 slide=normal_003 N=7 {'train_loss_cls': 0.671875, 'train_loss_sr': 0.10123828798532486, 'train_loss_total': 0.6819988489151001, 'max_memory_allocated': 5350015488, 'max_memory_reserved': 32321306624}
[WSI] epoch=5 iteration=727 slide=normal_047 N=5 {'train_loss_cls': 0.6875, 'train_loss_sr': 0.16167396306991577, 'train_loss_total': 0.703667402267456, 'max_memory_allocated': 3872286720, 'max_memory_reserved': 32321306624}
[WSI] epoch=5 iteration=728 slide=tumor_066 N=7 {'train_loss_cls': 0.76171875, 'train_loss_sr': 0.18113382160663605, 'train_loss_total': 0.779832124710083, 'max_memory_allocated': 5350287872, 'max_memory_reserved': 32321306624}
[WSI] epoch=5 iteration=729 slide=normal_026 N=5 {'train_loss_cls': 0.59375, 'train_loss_sr': 0.18036237359046936, 'train_loss_total': 0.6117862462997437, 'max_memory_allocated': 3872598016, 'max_memory_reserved': 32321306624}
[gradient] slide_id=normal_097 N=17 {'rdn': 1.5548948049545288, 'region_encoder': 0.0, 'abmil': 0.25943657755851746, 'classifier': 5.541557312011719, 'p2w': 0.564489483833313}
[WSI] epoch=5 iteration=730 slide=normal_097 N=17 {'train_loss_cls': 0.59765625, 'train_loss_sr': 0.14786577224731445, 'train_loss_total': 0.6124428510665894, 'max_memory_allocated': 12739369472, 'max_memory_reserved': 32321306624}
[WSI] epoch=5 iteration=731 slide=tumor_028 N=17 {'train_loss_cls': 0.80859375, 'train_loss_sr': 0.12094877660274506, 'train_loss_total': 0.8206886053085327, 'max_memory_allocated': 12739590656, 'max_memory_reserved': 32321306624}
[WSI] epoch=5 iteration=732 slide=tumor_089 N=26 {'train_loss_cls': 0.6796875, 'train_loss_sr': 0.13363689184188843, 'train_loss_total': 0.6930512189865112, 'max_memory_allocated': 19390179840, 'max_memory_reserved': 32321306624}
[WSI] epoch=5 iteration=733 slide=normal_031 N=6 {'train_loss_cls': 0.625, 'train_loss_sr': 0.1817569136619568, 'train_loss_total': 0.6431757211685181, 'max_memory_allocated': 4612004864, 'max_memory_reserved': 32321306624}
[WSI] epoch=5 iteration=734 slide=tumor_097 N=18 {'train_loss_cls': 0.82421875, 'train_loss_sr': 0.11971630156040192, 'train_loss_total': 0.836190402507782, 'max_memory_allocated': 13478312448, 'max_memory_reserved': 32321306624}
[WSI] epoch=5 iteration=735 slide=normal_076 N=24 {'train_loss_cls': 0.66796875, 'train_loss_sr': 0.1479528397321701, 'train_loss_total': 0.6827640533447266, 'max_memory_allocated': 17911887872, 'max_memory_reserved': 32321306624}
[WSI] epoch=5 iteration=736 slide=normal_148 N=5 {'train_loss_cls': 0.609375, 'train_loss_sr': 0.12161499261856079, 'train_loss_total': 0.6215364933013916, 'max_memory_allocated': 3872901632, 'max_memory_reserved': 32321306624}
[WSI] epoch=5 iteration=737 slide=tumor_043 N=4 {'train_loss_cls': 0.76953125, 'train_loss_sr': 0.13517889380455017, 'train_loss_total': 0.7830491662025452, 'max_memory_allocated': 3133106176, 'max_memory_reserved': 32321306624}
[WSI] epoch=5 iteration=738 slide=normal_068 N=6 {'train_loss_cls': 0.58203125, 'train_loss_sr': 0.15085220336914062, 'train_loss_total': 0.5971164703369141, 'max_memory_allocated': 4611894272, 'max_memory_reserved': 32321306624}
[WSI] epoch=5 iteration=739 slide=normal_070 N=16 {'train_loss_cls': 0.59765625, 'train_loss_sr': 0.1580178439617157, 'train_loss_total': 0.6134580373764038, 'max_memory_allocated': 12001237504, 'max_memory_reserved': 32321306624}
[gradient] slide_id=tumor_077 N=14 {'rdn': 1.9888660907745361, 'region_encoder': 0.0, 'abmil': 0.06609252840280533, 'classifier': 6.149269104003906, 'p2w': 0.5347342491149902}
[WSI] epoch=5 iteration=740 slide=tumor_077 N=14 {'train_loss_cls': 0.90234375, 'train_loss_sr': 0.12065327912569046, 'train_loss_total': 0.9144091010093689, 'max_memory_allocated': 10522093568, 'max_memory_reserved': 32321306624}
[WSI] epoch=5 iteration=741 slide=normal_041 N=7 {'train_loss_cls': 0.490234375, 'train_loss_sr': 0.1652933657169342, 'train_loss_total': 0.5067636966705322, 'max_memory_allocated': 5350455808, 'max_memory_reserved': 32321306624}
[WSI] epoch=5 iteration=742 slide=tumor_005 N=4 {'train_loss_cls': 0.90625, 'train_loss_sr': 0.12285232543945312, 'train_loss_total': 0.9185352325439453, 'max_memory_allocated': 3132185088, 'max_memory_reserved': 32321306624}
[WSI] epoch=5 iteration=743 slide=normal_014 N=2 {'train_loss_cls': 0.51171875, 'train_loss_sr': 0.12752600014209747, 'train_loss_total': 0.5244713425636292, 'max_memory_allocated': 1707604480, 'max_memory_reserved': 32321306624}
[WSI] epoch=5 iteration=744 slide=tumor_080 N=6 {'train_loss_cls': 0.85546875, 'train_loss_sr': 0.0780220776796341, 'train_loss_total': 0.8632709383964539, 'max_memory_allocated': 4613110784, 'max_memory_reserved': 32321306624}
[WSI] epoch=5 iteration=745 slide=normal_100 N=8 {'train_loss_cls': 0.5234375, 'train_loss_sr': 0.10393205285072327, 'train_loss_total': 0.5338307023048401, 'max_memory_allocated': 6088714752, 'max_memory_reserved': 32321306624}
[WSI] epoch=5 iteration=746 slide=tumor_042 N=4 {'train_loss_cls': 0.984375, 'train_loss_sr': 0.06537237763404846, 'train_loss_total': 0.9909122586250305, 'max_memory_allocated': 3133594112, 'max_memory_reserved': 32321306624}
[WSI] epoch=5 iteration=747 slide=tumor_045 N=10 {'train_loss_cls': 0.765625, 'train_loss_sr': 0.1290285736322403, 'train_loss_total': 0.7785278558731079, 'max_memory_allocated': 7566710272, 'max_memory_reserved': 32321306624}
[WSI] epoch=5 iteration=748 slide=normal_153 N=12 {'train_loss_cls': 0.5703125, 'train_loss_sr': 0.10207609832286835, 'train_loss_total': 0.5805200934410095, 'max_memory_allocated': 9045088768, 'max_memory_reserved': 32321306624}
[WSI] epoch=5 iteration=749 slide=tumor_078 N=15 {'train_loss_cls': 0.69921875, 'train_loss_sr': 0.08159909397363663, 'train_loss_total': 0.7073786854743958, 'max_memory_allocated': 11262740992, 'max_memory_reserved': 32321306624}
[gradient] slide_id=tumor_098 N=9 {'rdn': 1.9667978286743164, 'region_encoder': 0.0, 'abmil': 0.3384142518043518, 'classifier': 6.751735687255859, 'p2w': 0.49058201909065247}
[WSI] epoch=5 iteration=750 slide=tumor_098 N=9 {'train_loss_cls': 0.9140625, 'train_loss_sr': 0.09113223105669022, 'train_loss_total': 0.9231757521629333, 'max_memory_allocated': 6827104768, 'max_memory_reserved': 32321306624}
[WSI] epoch=5 iteration=751 slide=normal_035 N=1 {'train_loss_cls': 0.498046875, 'train_loss_sr': 0.11034344881772995, 'train_loss_total': 0.509081244468689, 'max_memory_allocated': 916388864, 'max_memory_reserved': 32321306624}
[WSI] epoch=5 iteration=752 slide=tumor_086 N=23 {'train_loss_cls': 0.77734375, 'train_loss_sr': 0.09675642848014832, 'train_loss_total': 0.7870193719863892, 'max_memory_allocated': 17173121536, 'max_memory_reserved': 32321306624}
[WSI] epoch=5 iteration=753 slide=normal_124 N=19 {'train_loss_cls': 0.5390625, 'train_loss_sr': 0.06566640734672546, 'train_loss_total': 0.5456291437149048, 'max_memory_allocated': 14217797120, 'max_memory_reserved': 32321306624}
[WSI] epoch=5 iteration=754 slide=tumor_048 N=15 {'train_loss_cls': 0.83203125, 'train_loss_sr': 0.09216198325157166, 'train_loss_total': 0.8412474393844604, 'max_memory_allocated': 11262077440, 'max_memory_reserved': 32321306624}
[WSI] epoch=5 iteration=755 slide=normal_139 N=12 {'train_loss_cls': 0.62890625, 'train_loss_sr': 0.08243370801210403, 'train_loss_total': 0.6371496319770813, 'max_memory_allocated': 9044978176, 'max_memory_reserved': 32321306624}
[WSI] epoch=5 iteration=756 slide=tumor_009 N=12 {'train_loss_cls': 0.8046875, 'train_loss_sr': 0.12472052872180939, 'train_loss_total': 0.8171595335006714, 'max_memory_allocated': 9044916736, 'max_memory_reserved': 32321306624}
[WSI] epoch=5 iteration=757 slide=tumor_088 N=12 {'train_loss_cls': 0.76953125, 'train_loss_sr': 0.12816616892814636, 'train_loss_total': 0.7823478579521179, 'max_memory_allocated': 9044867584, 'max_memory_reserved': 32321306624}
[WSI] epoch=5 iteration=758 slide=normal_084 N=1 {'train_loss_cls': 0.451171875, 'train_loss_sr': 0.038876526057720184, 'train_loss_total': 0.4550595283508301, 'max_memory_allocated': 917146624, 'max_memory_reserved': 32321306624}
[WSI] epoch=5 iteration=759 slide=normal_128 N=11 {'train_loss_cls': 0.59375, 'train_loss_sr': 0.09768588095903397, 'train_loss_total': 0.6035186052322388, 'max_memory_allocated': 8305826304, 'max_memory_reserved': 32321306624}
[gradient] slide_id=tumor_083 N=14 {'rdn': 1.4588501453399658, 'region_encoder': 0.0, 'abmil': 0.09775590151548386, 'classifier': 5.9124650955200195, 'p2w': 0.5383971333503723}
[WSI] epoch=5 iteration=760 slide=tumor_083 N=14 {'train_loss_cls': 0.71875, 'train_loss_sr': 0.11323921382427216, 'train_loss_total': 0.7300739288330078, 'max_memory_allocated': 10522320896, 'max_memory_reserved': 32321306624}
[WSI] epoch=5 iteration=761 slide=normal_103 N=8 {'train_loss_cls': 0.58203125, 'train_loss_sr': 0.10871509462594986, 'train_loss_total': 0.5929027795791626, 'max_memory_allocated': 6088379392, 'max_memory_reserved': 32321306624}
[WSI] epoch=5 iteration=762 slide=normal_008 N=1 {'train_loss_cls': 0.419921875, 'train_loss_sr': 0.06888491660356522, 'train_loss_total': 0.4268103539943695, 'max_memory_allocated': 917122048, 'max_memory_reserved': 32321306624}
[WSI] epoch=5 iteration=763 slide=normal_133 N=10 {'train_loss_cls': 0.58984375, 'train_loss_sr': 0.0763060599565506, 'train_loss_total': 0.5974743366241455, 'max_memory_allocated': 7566129664, 'max_memory_reserved': 32321306624}
[WSI] epoch=5 iteration=764 slide=normal_065 N=6 {'train_loss_cls': 0.625, 'train_loss_sr': 0.10229755192995071, 'train_loss_total': 0.635229766368866, 'max_memory_allocated': 4612101632, 'max_memory_reserved': 32321306624}
[WSI] epoch=5 iteration=765 slide=normal_116 N=8 {'train_loss_cls': 0.61328125, 'train_loss_sr': 0.111810103058815, 'train_loss_total': 0.6244622468948364, 'max_memory_allocated': 6088362496, 'max_memory_reserved': 32321306624}
[WSI] epoch=5 iteration=766 slide=normal_079 N=8 {'train_loss_cls': 0.58984375, 'train_loss_sr': 0.17079445719718933, 'train_loss_total': 0.6069232225418091, 'max_memory_allocated': 6089268736, 'max_memory_reserved': 32321306624}
[WSI] epoch=5 iteration=767 slide=normal_061 N=12 {'train_loss_cls': 0.5078125, 'train_loss_sr': 0.14503805339336395, 'train_loss_total': 0.5223162770271301, 'max_memory_allocated': 9045309952, 'max_memory_reserved': 32321306624}
[WSI] epoch=5 iteration=768 slide=normal_089 N=20 {'train_loss_cls': 0.62109375, 'train_loss_sr': 0.10373163223266602, 'train_loss_total': 0.6314669251441956, 'max_memory_allocated': 14957844992, 'max_memory_reserved': 32321306624}
[WSI] epoch=5 iteration=769 slide=normal_036 N=7 {'train_loss_cls': 0.52734375, 'train_loss_sr': 0.14809812605381012, 'train_loss_total': 0.542153537273407, 'max_memory_allocated': 5351561728, 'max_memory_reserved': 32321306624}
[gradient] slide_id=normal_012 N=3 {'rdn': 1.2123249769210815, 'region_encoder': 0.0, 'abmil': 0.058886878192424774, 'classifier': 5.568408489227295, 'p2w': 0.19069688022136688}
[WSI] epoch=5 iteration=770 slide=normal_012 N=3 {'train_loss_cls': 0.5546875, 'train_loss_sr': 0.17063277959823608, 'train_loss_total': 0.5717507600784302, 'max_memory_allocated': 2395438080, 'max_memory_reserved': 32321306624}
[WSI] epoch=5 iteration=771 slide=normal_052 N=15 {'train_loss_cls': 0.5234375, 'train_loss_sr': 0.11726229637861252, 'train_loss_total': 0.5351637005805969, 'max_memory_allocated': 11262057984, 'max_memory_reserved': 32321306624}
[WSI] epoch=5 iteration=772 slide=tumor_054 N=17 {'train_loss_cls': 0.98046875, 'train_loss_sr': 0.1070631593465805, 'train_loss_total': 0.9911750555038452, 'max_memory_allocated': 12739701248, 'max_memory_reserved': 32321306624}
[WSI] epoch=5 iteration=773 slide=tumor_041 N=5 {'train_loss_cls': 0.90234375, 'train_loss_sr': 0.11372549831867218, 'train_loss_total': 0.9137163162231445, 'max_memory_allocated': 3872666624, 'max_memory_reserved': 32321306624}
[WSI] epoch=5 iteration=774 slide=tumor_095 N=29 {'train_loss_cls': 0.875, 'train_loss_sr': 0.07867051661014557, 'train_loss_total': 0.8828670382499695, 'max_memory_allocated': 21607215104, 'max_memory_reserved': 32321306624}
[WSI] epoch=5 iteration=775 slide=normal_155 N=11 {'train_loss_cls': 0.494140625, 'train_loss_sr': 0.06620422005653381, 'train_loss_total': 0.5007610321044922, 'max_memory_allocated': 8306121216, 'max_memory_reserved': 32321306624}
[WSI] epoch=5 iteration=776 slide=normal_095 N=14 {'train_loss_cls': 0.482421875, 'train_loss_sr': 0.14420095086097717, 'train_loss_total': 0.4968419671058655, 'max_memory_allocated': 10522864640, 'max_memory_reserved': 32321306624}
[WSI] epoch=5 iteration=777 slide=tumor_081 N=6 {'train_loss_cls': 0.953125, 'train_loss_sr': 0.07475723326206207, 'train_loss_total': 0.960600733757019, 'max_memory_allocated': 4613848064, 'max_memory_reserved': 32321306624}
[WSI] epoch=5 iteration=778 slide=tumor_111 N=4 {'train_loss_cls': 0.91015625, 'train_loss_sr': 0.16619308292865753, 'train_loss_total': 0.9267755746841431, 'max_memory_allocated': 3132447232, 'max_memory_reserved': 32321306624}
[WSI] epoch=5 iteration=779 slide=normal_029 N=1 {'train_loss_cls': 0.3984375, 'train_loss_sr': 0.07555028051137924, 'train_loss_total': 0.4059925377368927, 'max_memory_allocated': 916474880, 'max_memory_reserved': 32321306624}
[gradient] slide_id=normal_121 N=13 {'rdn': 1.178850531578064, 'region_encoder': 0.0, 'abmil': 0.09016525745391846, 'classifier': 4.658757209777832, 'p2w': 0.5749092102050781}
[WSI] epoch=5 iteration=780 slide=normal_121 N=13 {'train_loss_cls': 0.458984375, 'train_loss_sr': 0.08658775687217712, 'train_loss_total': 0.467643141746521, 'max_memory_allocated': 9784067584, 'max_memory_reserved': 32321306624}
[WSI] epoch=5 iteration=781 slide=normal_107 N=16 {'train_loss_cls': 0.466796875, 'train_loss_sr': 0.0982060432434082, 'train_loss_total': 0.4766174852848053, 'max_memory_allocated': 12001126912, 'max_memory_reserved': 32321306624}
[WSI] epoch=5 iteration=782 slide=tumor_046 N=19 {'train_loss_cls': 1.0234375, 'train_loss_sr': 0.15126579999923706, 'train_loss_total': 1.0385640859603882, 'max_memory_allocated': 14217427456, 'max_memory_reserved': 32321306624}
[WSI] epoch=5 iteration=783 slide=normal_051 N=3 {'train_loss_cls': 0.404296875, 'train_loss_sr': 0.113995760679245, 'train_loss_total': 0.4156964421272278, 'max_memory_allocated': 2396089344, 'max_memory_reserved': 32321306624}
[WSI] epoch=5 iteration=784 slide=tumor_024 N=16 {'train_loss_cls': 0.93359375, 'train_loss_sr': 0.18794205784797668, 'train_loss_total': 0.9523879289627075, 'max_memory_allocated': 12001180160, 'max_memory_reserved': 32321306624}
[WSI] epoch=5 iteration=785 slide=normal_038 N=1 {'train_loss_cls': 0.439453125, 'train_loss_sr': 0.10132303833961487, 'train_loss_total': 0.4495854377746582, 'max_memory_allocated': 916474880, 'max_memory_reserved': 32321306624}
[WSI] epoch=5 iteration=786 slide=tumor_007 N=12 {'train_loss_cls': 0.86328125, 'train_loss_sr': 0.12981894612312317, 'train_loss_total': 0.8762631416320801, 'max_memory_allocated': 9044867584, 'max_memory_reserved': 32321306624}
[WSI] epoch=5 iteration=787 slide=tumor_082 N=3 {'train_loss_cls': 0.8984375, 'train_loss_sr': 0.10611303895711899, 'train_loss_total': 0.9090487957000732, 'max_memory_allocated': 2394799104, 'max_memory_reserved': 32321306624}
[WSI] epoch=5 iteration=788 slide=tumor_093 N=14 {'train_loss_cls': 0.8828125, 'train_loss_sr': 0.11437055468559265, 'train_loss_total': 0.8942495584487915, 'max_memory_allocated': 10522286592, 'max_memory_reserved': 32321306624}
[WSI] epoch=5 iteration=789 slide=normal_049 N=2 {'train_loss_cls': 0.48046875, 'train_loss_sr': 0.14785674214363098, 'train_loss_total': 0.49525442719459534, 'max_memory_allocated': 1707584000, 'max_memory_reserved': 32321306624}
[gradient] slide_id=normal_071 N=5 {'rdn': 1.2263972759246826, 'region_encoder': 0.0, 'abmil': 0.12167487293481827, 'classifier': 4.2175822257995605, 'p2w': 0.4210665225982666}
[WSI] epoch=5 iteration=790 slide=normal_071 N=5 {'train_loss_cls': 0.494140625, 'train_loss_sr': 0.14524957537651062, 'train_loss_total': 0.5086655616760254, 'max_memory_allocated': 3872479744, 'max_memory_reserved': 32321306624}
[WSI] epoch=5 iteration=791 slide=normal_040 N=16 {'train_loss_cls': 0.466796875, 'train_loss_sr': 0.1130114421248436, 'train_loss_total': 0.4780980050563812, 'max_memory_allocated': 12001954304, 'max_memory_reserved': 32321306624}
[WSI] epoch=5 iteration=792 slide=normal_083 N=3 {'train_loss_cls': 0.40234375, 'train_loss_sr': 0.12962579727172852, 'train_loss_total': 0.41530632972717285, 'max_memory_allocated': 2394377216, 'max_memory_reserved': 32321306624}
[WSI] epoch=5 iteration=793 slide=normal_066 N=26 {'train_loss_cls': 0.5234375, 'train_loss_sr': 0.13499322533607483, 'train_loss_total': 0.5369368195533752, 'max_memory_allocated': 19391306240, 'max_memory_reserved': 32321306624}
[WSI] epoch=5 iteration=794 slide=normal_136 N=15 {'train_loss_cls': 0.546875, 'train_loss_sr': 0.1125124990940094, 'train_loss_total': 0.5581262707710266, 'max_memory_allocated': 11262056960, 'max_memory_reserved': 32321306624}
[WSI] epoch=5 iteration=795 slide=normal_023 N=2 {'train_loss_cls': 0.3515625, 'train_loss_sr': 0.12839026749134064, 'train_loss_total': 0.36440151929855347, 'max_memory_allocated': 1708415488, 'max_memory_reserved': 32321306624}
[WSI] epoch=5 iteration=796 slide=normal_018 N=3 {'train_loss_cls': 0.3515625, 'train_loss_sr': 0.14600448310375214, 'train_loss_total': 0.3661629557609558, 'max_memory_allocated': 2394377216, 'max_memory_reserved': 32321306624}
[WSI] epoch=5 iteration=797 slide=tumor_008 N=14 {'train_loss_cls': 1.03125, 'train_loss_sr': 0.14181870222091675, 'train_loss_total': 1.0454318523406982, 'max_memory_allocated': 10522819072, 'max_memory_reserved': 32321306624}
[WSI] epoch=5 iteration=798 slide=tumor_103 N=18 {'train_loss_cls': 0.92578125, 'train_loss_sr': 0.07848265022039413, 'train_loss_total': 0.9336295127868652, 'max_memory_allocated': 13478533632, 'max_memory_reserved': 32321306624}
[WSI] epoch=5 iteration=799 slide=normal_156 N=13 {'train_loss_cls': 0.39453125, 'train_loss_sr': 0.09873470664024353, 'train_loss_total': 0.40440472960472107, 'max_memory_allocated': 9784198656, 'max_memory_reserved': 32321306624}
[gradient] slide_id=normal_058 N=7 {'rdn': 1.1884193420410156, 'region_encoder': 0.0, 'abmil': 0.20076090097427368, 'classifier': 4.047656536102295, 'p2w': 0.2626197636127472}
[WSI] epoch=5 iteration=800 slide=normal_058 N=7 {'train_loss_cls': 0.4375, 'train_loss_sr': 0.15574130415916443, 'train_loss_total': 0.4530741274356842, 'max_memory_allocated': 5349550592, 'max_memory_reserved': 32321306624}
[WSI] epoch=5 iteration=801 slide=normal_007 N=3 {'train_loss_cls': 0.5546875, 'train_loss_sr': 0.15558552742004395, 'train_loss_total': 0.5702460408210754, 'max_memory_allocated': 2394115072, 'max_memory_reserved': 32321306624}
[WSI] epoch=5 iteration=802 slide=tumor_106 N=22 {'train_loss_cls': 0.98046875, 'train_loss_sr': 0.09518963098526001, 'train_loss_total': 0.9899877309799194, 'max_memory_allocated': 16434690560, 'max_memory_reserved': 32321306624}
[WSI] epoch=5 iteration=803 slide=normal_111 N=31 {'train_loss_cls': 0.41796875, 'train_loss_sr': 0.07473034411668777, 'train_loss_total': 0.42544177174568176, 'max_memory_allocated': 23085120000, 'max_memory_reserved': 32321306624}
[WSI] epoch=5 iteration=804 slide=normal_077 N=5 {'train_loss_cls': 0.443359375, 'train_loss_sr': 0.12753751873970032, 'train_loss_total': 0.45611312985420227, 'max_memory_allocated': 3872311808, 'max_memory_reserved': 32321306624}
[WSI] epoch=5 iteration=805 slide=normal_081 N=6 {'train_loss_cls': 0.435546875, 'train_loss_sr': 0.10156667232513428, 'train_loss_total': 0.44570353627204895, 'max_memory_allocated': 4611873792, 'max_memory_reserved': 32321306624}
[WSI] epoch=5 iteration=806 slide=tumor_002 N=5 {'train_loss_cls': 1.1640625, 'train_loss_sr': 0.09023568779230118, 'train_loss_total': 1.1730860471725464, 'max_memory_allocated': 3873538048, 'max_memory_reserved': 32321306624}
[WSI] epoch=5 iteration=807 slide=normal_087 N=11 {'train_loss_cls': 0.455078125, 'train_loss_sr': 0.12431412935256958, 'train_loss_total': 0.46750953793525696, 'max_memory_allocated': 8305269248, 'max_memory_reserved': 32321306624}
[WSI] epoch=5 iteration=808 slide=normal_053 N=18 {'train_loss_cls': 0.35546875, 'train_loss_sr': 0.07840992510318756, 'train_loss_total': 0.36330974102020264, 'max_memory_allocated': 13478754816, 'max_memory_reserved': 32321306624}
[WSI] epoch=5 iteration=809 slide=normal_062 N=2 {'train_loss_cls': 0.4375, 'train_loss_sr': 0.1295783817768097, 'train_loss_total': 0.4504578411579132, 'max_memory_allocated': 1706789376, 'max_memory_reserved': 32321306624}
[gradient] slide_id=tumor_052 N=15 {'rdn': 2.615461587905884, 'region_encoder': 0.0, 'abmil': 0.2950120270252228, 'classifier': 10.756155967712402, 'p2w': 0.44561704993247986}
[WSI] epoch=5 iteration=810 slide=tumor_052 N=15 {'train_loss_cls': 1.2578125, 'train_loss_sr': 0.11047309637069702, 'train_loss_total': 1.26885986328125, 'max_memory_allocated': 11262298624, 'max_memory_reserved': 32321306624}
[WSI] epoch=5 iteration=811 slide=tumor_061 N=13 {'train_loss_cls': 0.82421875, 'train_loss_sr': 0.11720393598079681, 'train_loss_total': 0.8359391689300537, 'max_memory_allocated': 9783478784, 'max_memory_reserved': 32321306624}
[WSI] epoch=5 iteration=812 slide=tumor_019 N=2 {'train_loss_cls': 0.9140625, 'train_loss_sr': 0.10221409052610397, 'train_loss_total': 0.9242839217185974, 'max_memory_allocated': 1707604480, 'max_memory_reserved': 32321306624}
[WSI] epoch=5 iteration=813 slide=normal_037 N=8 {'train_loss_cls': 0.419921875, 'train_loss_sr': 0.11989009380340576, 'train_loss_total': 0.4319108724594116, 'max_memory_allocated': 6088303616, 'max_memory_reserved': 32321306624}
[WSI] epoch=5 iteration=814 slide=normal_028 N=5 {'train_loss_cls': 0.330078125, 'train_loss_sr': 0.1268526017665863, 'train_loss_total': 0.34276339411735535, 'max_memory_allocated': 3872680448, 'max_memory_reserved': 32321306624}
[WSI] epoch=5 iteration=815 slide=tumor_068 N=15 {'train_loss_cls': 1.1015625, 'train_loss_sr': 0.13393279910087585, 'train_loss_total': 1.1149557828903198, 'max_memory_allocated': 11262392832, 'max_memory_reserved': 32321306624}
[WSI] epoch=5 iteration=816 slide=tumor_072 N=20 {'train_loss_cls': 0.92578125, 'train_loss_sr': 0.08219423145055771, 'train_loss_total': 0.9340006709098816, 'max_memory_allocated': 14956255744, 'max_memory_reserved': 32321306624}
[WSI] epoch=5 iteration=817 slide=tumor_020 N=7 {'train_loss_cls': 1.046875, 'train_loss_sr': 0.08619479835033417, 'train_loss_total': 1.0554944276809692, 'max_memory_allocated': 5349967360, 'max_memory_reserved': 32321306624}
[WSI] epoch=5 iteration=818 slide=normal_146 N=17 {'train_loss_cls': 0.40625, 'train_loss_sr': 0.09926047921180725, 'train_loss_total': 0.41617605090141296, 'max_memory_allocated': 12739279360, 'max_memory_reserved': 32321306624}
[WSI] epoch=5 iteration=819 slide=normal_114 N=24 {'train_loss_cls': 0.546875, 'train_loss_sr': 0.13244016468524933, 'train_loss_total': 0.5601190328598022, 'max_memory_allocated': 17912973824, 'max_memory_reserved': 32321306624}
[gradient] slide_id=tumor_004 N=15 {'rdn': 2.072943687438965, 'region_encoder': 0.0, 'abmil': 0.3448482155799866, 'classifier': 7.682563781738281, 'p2w': 0.4198051691055298}
[WSI] epoch=5 iteration=820 slide=tumor_004 N=15 {'train_loss_cls': 0.94140625, 'train_loss_sr': 0.08966778218746185, 'train_loss_total': 0.9503730535507202, 'max_memory_allocated': 11263035904, 'max_memory_reserved': 32321306624}
[WSI] epoch=5 iteration=821 slide=normal_093 N=8 {'train_loss_cls': 0.388671875, 'train_loss_sr': 0.096527598798275, 'train_loss_total': 0.3983246386051178, 'max_memory_allocated': 6088473088, 'max_memory_reserved': 32321306624}
[WSI] epoch=5 iteration=822 slide=normal_109 N=10 {'train_loss_cls': 0.49609375, 'train_loss_sr': 0.07647466659545898, 'train_loss_total': 0.5037412047386169, 'max_memory_allocated': 7566261248, 'max_memory_reserved': 32321306624}
[WSI] epoch=5 iteration=823 slide=normal_054 N=1 {'train_loss_cls': 0.458984375, 'train_loss_sr': 0.19165799021720886, 'train_loss_total': 0.4781501889228821, 'max_memory_allocated': 916365312, 'max_memory_reserved': 32321306624}
[WSI] epoch=5 iteration=824 slide=normal_080 N=15 {'train_loss_cls': 0.578125, 'train_loss_sr': 0.1398875117301941, 'train_loss_total': 0.592113733291626, 'max_memory_allocated': 11262208512, 'max_memory_reserved': 32321306624}
[WSI] epoch=5 iteration=825 slide=tumor_058 N=5 {'train_loss_cls': 1.0, 'train_loss_sr': 0.13083010911941528, 'train_loss_total': 1.0130829811096191, 'max_memory_allocated': 3872479744, 'max_memory_reserved': 32321306624}
[WSI] epoch=5 iteration=826 slide=normal_011 N=14 {'train_loss_cls': 0.51953125, 'train_loss_sr': 0.11175140738487244, 'train_loss_total': 0.5307064056396484, 'max_memory_allocated': 10522622464, 'max_memory_reserved': 32321306624}
[WSI] epoch=5 iteration=827 slide=tumor_034 N=6 {'train_loss_cls': 0.90234375, 'train_loss_sr': 0.11316279321908951, 'train_loss_total': 0.9136600494384766, 'max_memory_allocated': 4612108800, 'max_memory_reserved': 32321306624}
[WSI] epoch=5 iteration=828 slide=normal_105 N=12 {'train_loss_cls': 0.546875, 'train_loss_sr': 0.1050725132226944, 'train_loss_total': 0.5573822259902954, 'max_memory_allocated': 9044666880, 'max_memory_reserved': 32321306624}
[WSI] epoch=5 iteration=829 slide=tumor_094 N=16 {'train_loss_cls': 0.9140625, 'train_loss_sr': 0.06314355880022049, 'train_loss_total': 0.9203768372535706, 'max_memory_allocated': 12001289216, 'max_memory_reserved': 32321306624}
[gradient] slide_id=tumor_040 N=10 {'rdn': 1.7862141132354736, 'region_encoder': 0.0, 'abmil': 0.25523293018341064, 'classifier': 7.885456562042236, 'p2w': 0.45452171564102173}
[WSI] epoch=5 iteration=830 slide=tumor_040 N=10 {'train_loss_cls': 0.86328125, 'train_loss_sr': 0.1511741578578949, 'train_loss_total': 0.8783986568450928, 'max_memory_allocated': 7566912000, 'max_memory_reserved': 32321306624}
[WSI] epoch=5 iteration=831 slide=normal_129 N=19 {'train_loss_cls': 0.55078125, 'train_loss_sr': 0.10033044219017029, 'train_loss_total': 0.5608143210411072, 'max_memory_allocated': 14217206272, 'max_memory_reserved': 32321306624}
[WSI] epoch=5 iteration=832 slide=tumor_025 N=9 {'train_loss_cls': 0.921875, 'train_loss_sr': 0.09714177250862122, 'train_loss_total': 0.9315891861915588, 'max_memory_allocated': 6828420096, 'max_memory_reserved': 32321306624}
[WSI] epoch=5 iteration=833 slide=normal_067 N=12 {'train_loss_cls': 0.515625, 'train_loss_sr': 0.12460952252149582, 'train_loss_total': 0.5280859470367432, 'max_memory_allocated': 9045024256, 'max_memory_reserved': 32321306624}
[WSI] epoch=5 iteration=834 slide=tumor_071 N=12 {'train_loss_cls': 0.8046875, 'train_loss_sr': 0.11102648824453354, 'train_loss_total': 0.8157901763916016, 'max_memory_allocated': 9044777472, 'max_memory_reserved': 32321306624}
[WSI] epoch=5 iteration=835 slide=normal_145 N=20 {'train_loss_cls': 0.59765625, 'train_loss_sr': 0.09928247332572937, 'train_loss_total': 0.6075844764709473, 'max_memory_allocated': 14957009920, 'max_memory_reserved': 32321306624}
[WSI] epoch=5 iteration=836 slide=normal_144 N=12 {'train_loss_cls': 0.6015625, 'train_loss_sr': 0.11303435266017914, 'train_loss_total': 0.6128659248352051, 'max_memory_allocated': 9044978176, 'max_memory_reserved': 32321306624}
[WSI] epoch=5 iteration=837 slide=tumor_037 N=10 {'train_loss_cls': 0.7734375, 'train_loss_sr': 0.1361744999885559, 'train_loss_total': 0.7870549559593201, 'max_memory_allocated': 7566899712, 'max_memory_reserved': 32321306624}
[WSI] epoch=5 iteration=838 slide=normal_078 N=6 {'train_loss_cls': 0.494140625, 'train_loss_sr': 0.15363630652427673, 'train_loss_total': 0.5095042586326599, 'max_memory_allocated': 4612869120, 'max_memory_reserved': 32321306624}
[WSI] epoch=5 iteration=839 slide=normal_022 N=6 {'train_loss_cls': 0.45703125, 'train_loss_sr': 0.06997613608837128, 'train_loss_total': 0.46402886509895325, 'max_memory_allocated': 4612316160, 'max_memory_reserved': 32321306624}
[gradient] slide_id=normal_002 N=2 {'rdn': 1.0938034057617188, 'region_encoder': 0.0, 'abmil': 0.09240179508924484, 'classifier': 5.317593097686768, 'p2w': 0.23829559981822968}
[WSI] epoch=5 iteration=840 slide=normal_002 N=2 {'train_loss_cls': 0.427734375, 'train_loss_sr': 0.17764827609062195, 'train_loss_total': 0.4454992115497589, 'max_memory_allocated': 1706887680, 'max_memory_reserved': 32321306624}
[WSI] epoch=5 iteration=841 slide=tumor_050 N=10 {'train_loss_cls': 0.8359375, 'train_loss_sr': 0.15955579280853271, 'train_loss_total': 0.8518930673599243, 'max_memory_allocated': 7566088704, 'max_memory_reserved': 32321306624}
[WSI] epoch=5 iteration=842 slide=normal_096 N=7 {'train_loss_cls': 0.408203125, 'train_loss_sr': 0.15815813839435577, 'train_loss_total': 0.4240189492702484, 'max_memory_allocated': 5349792256, 'max_memory_reserved': 32321306624}
[WSI] epoch=5 iteration=843 slide=normal_126 N=17 {'train_loss_cls': 0.5859375, 'train_loss_sr': 0.12362655997276306, 'train_loss_total': 0.5983001589775085, 'max_memory_allocated': 12740265472, 'max_memory_reserved': 32321306624}
[WSI] epoch=5 iteration=844 slide=normal_159 N=14 {'train_loss_cls': 0.64453125, 'train_loss_sr': 0.11817483603954315, 'train_loss_total': 0.656348705291748, 'max_memory_allocated': 10522024448, 'max_memory_reserved': 32321306624}
[WSI] epoch=5 iteration=845 slide=tumor_057 N=4 {'train_loss_cls': 0.96875, 'train_loss_sr': 0.12960749864578247, 'train_loss_total': 0.9817107319831848, 'max_memory_allocated': 3132471808, 'max_memory_reserved': 32321306624}
[WSI] epoch=5 iteration=846 slide=tumor_021 N=16 {'train_loss_cls': 0.82421875, 'train_loss_sr': 0.1262333244085312, 'train_loss_total': 0.8368420600891113, 'max_memory_allocated': 12001659392, 'max_memory_reserved': 32321306624}
[WSI] epoch=5 iteration=847 slide=normal_113 N=19 {'train_loss_cls': 0.53125, 'train_loss_sr': 0.10675947368144989, 'train_loss_total': 0.5419259667396545, 'max_memory_allocated': 14217427456, 'max_memory_reserved': 32321306624}
[WSI] epoch=5 iteration=848 slide=normal_152 N=5 {'train_loss_cls': 0.57421875, 'train_loss_sr': 0.13993854820728302, 'train_loss_total': 0.5882126092910767, 'max_memory_allocated': 3872938496, 'max_memory_reserved': 32321306624}
[WSI] epoch=5 iteration=849 slide=normal_048 N=3 {'train_loss_cls': 0.63671875, 'train_loss_sr': 0.15967541933059692, 'train_loss_total': 0.6526862978935242, 'max_memory_allocated': 2394590208, 'max_memory_reserved': 32321306624}
[gradient] slide_id=tumor_022 N=7 {'rdn': 1.7095272541046143, 'region_encoder': 0.0, 'abmil': 0.0934944674372673, 'classifier': 6.455698490142822, 'p2w': 0.7495015263557434}
[WSI] epoch=5 iteration=850 slide=tumor_022 N=7 {'train_loss_cls': 0.796875, 'train_loss_sr': 0.11642029136419296, 'train_loss_total': 0.8085170388221741, 'max_memory_allocated': 5349792256, 'max_memory_reserved': 32321306624}
[WSI] epoch=5 iteration=851 slide=tumor_038 N=2 {'train_loss_cls': 0.8671875, 'train_loss_sr': 0.12305028736591339, 'train_loss_total': 0.8794925212860107, 'max_memory_allocated': 1707805184, 'max_memory_reserved': 32321306624}
[WSI] epoch=5 iteration=852 slide=tumor_016 N=5 {'train_loss_cls': 0.84765625, 'train_loss_sr': 0.1591121256351471, 'train_loss_total': 0.8635674715042114, 'max_memory_allocated': 3872680448, 'max_memory_reserved': 32321306624}
[WSI] epoch=5 iteration=853 slide=normal_157 N=16 {'train_loss_cls': 0.53515625, 'train_loss_sr': 0.11596831679344177, 'train_loss_total': 0.5467531085014343, 'max_memory_allocated': 12001905152, 'max_memory_reserved': 32321306624}
[WSI] epoch=5 iteration=854 slide=tumor_001 N=7 {'train_loss_cls': 0.91015625, 'train_loss_sr': 0.10977162420749664, 'train_loss_total': 0.9211333990097046, 'max_memory_allocated': 5349550592, 'max_memory_reserved': 32321306624}
[WSI] epoch=5 iteration=855 slide=normal_104 N=19 {'train_loss_cls': 0.51953125, 'train_loss_sr': 0.09897435456514359, 'train_loss_total': 0.5294286608695984, 'max_memory_allocated': 14217517568, 'max_memory_reserved': 32321306624}
[WSI] epoch=5 iteration=856 slide=tumor_084 N=9 {'train_loss_cls': 0.90234375, 'train_loss_sr': 0.08034073561429977, 'train_loss_total': 0.9103778004646301, 'max_memory_allocated': 6827235840, 'max_memory_reserved': 32321306624}
[WSI] epoch=5 iteration=857 slide=normal_063 N=7 {'train_loss_cls': 0.58203125, 'train_loss_sr': 0.15225572884082794, 'train_loss_total': 0.5972568392753601, 'max_memory_allocated': 5349992960, 'max_memory_reserved': 32321306624}
[WSI] epoch=5 iteration=858 slide=tumor_035 N=4 {'train_loss_cls': 0.703125, 'train_loss_sr': 0.1335347294807434, 'train_loss_total': 0.7164784669876099, 'max_memory_allocated': 3132962304, 'max_memory_reserved': 32321306624}
[WSI] epoch=5 iteration=859 slide=normal_108 N=2 {'train_loss_cls': 0.466796875, 'train_loss_sr': 0.17164531350135803, 'train_loss_total': 0.48396140336990356, 'max_memory_allocated': 1707286528, 'max_memory_reserved': 32321306624}
[gradient] slide_id=normal_142 N=20 {'rdn': 1.425299882888794, 'region_encoder': 0.0, 'abmil': 0.1549282670021057, 'classifier': 4.980268478393555, 'p2w': 0.5774358510971069}
[WSI] epoch=5 iteration=860 slide=normal_142 N=20 {'train_loss_cls': 0.5390625, 'train_loss_sr': 0.12164900451898575, 'train_loss_total': 0.5512273907661438, 'max_memory_allocated': 14957179392, 'max_memory_reserved': 32321306624}
[WSI] epoch=5 iteration=861 slide=tumor_074 N=5 {'train_loss_cls': 0.82421875, 'train_loss_sr': 0.15796887874603271, 'train_loss_total': 0.8400156497955322, 'max_memory_allocated': 3872472576, 'max_memory_reserved': 32321306624}
[WSI] epoch=5 iteration=862 slide=tumor_087 N=10 {'train_loss_cls': 0.8671875, 'train_loss_sr': 0.08634968101978302, 'train_loss_total': 0.8758224844932556, 'max_memory_allocated': 7566371328, 'max_memory_reserved': 32321306624}
[WSI] epoch=5 iteration=863 slide=tumor_047 N=15 {'train_loss_cls': 0.734375, 'train_loss_sr': 0.13210690021514893, 'train_loss_total': 0.7475857138633728, 'max_memory_allocated': 11262263808, 'max_memory_reserved': 32321306624}
[WSI] epoch=5 iteration=864 slide=tumor_012 N=7 {'train_loss_cls': 0.83203125, 'train_loss_sr': 0.13107796013355255, 'train_loss_total': 0.8451390266418457, 'max_memory_allocated': 5350269440, 'max_memory_reserved': 32321306624}
[WSI] epoch=5 iteration=865 slide=normal_135 N=13 {'train_loss_cls': 0.58984375, 'train_loss_sr': 0.1148466020822525, 'train_loss_total': 0.601328432559967, 'max_memory_allocated': 9783106048, 'max_memory_reserved': 32321306624}
[WSI] epoch=5 iteration=866 slide=normal_151 N=16 {'train_loss_cls': 0.578125, 'train_loss_sr': 0.12193206697702408, 'train_loss_total': 0.5903182029724121, 'max_memory_allocated': 12002278912, 'max_memory_reserved': 32321306624}
[WSI] epoch=5 iteration=867 slide=normal_088 N=14 {'train_loss_cls': 0.6796875, 'train_loss_sr': 0.1572921872138977, 'train_loss_total': 0.6954166889190674, 'max_memory_allocated': 10522155520, 'max_memory_reserved': 32321306624}
[WSI] epoch=5 iteration=868 slide=tumor_079 N=14 {'train_loss_cls': 0.74609375, 'train_loss_sr': 0.09179167449474335, 'train_loss_total': 0.7552729249000549, 'max_memory_allocated': 10523503104, 'max_memory_reserved': 32321306624}
[WSI] epoch=5 iteration=869 slide=normal_064 N=9 {'train_loss_cls': 0.6328125, 'train_loss_sr': 0.11899484694004059, 'train_loss_total': 0.644711971282959, 'max_memory_allocated': 6827146752, 'max_memory_reserved': 32321306624}
[gradient] slide_id=tumor_044 N=12 {'rdn': 1.558130145072937, 'region_encoder': 0.0, 'abmil': 0.12472287565469742, 'classifier': 5.19766092300415, 'p2w': 0.8805213570594788}
[WSI] epoch=5 iteration=870 slide=tumor_044 N=12 {'train_loss_cls': 0.640625, 'train_loss_sr': 0.1431749165058136, 'train_loss_total': 0.654942512512207, 'max_memory_allocated': 9045883392, 'max_memory_reserved': 32321306624}
[epoch] {'epoch': 5, 'train_loss_cls': 0.6663186961206896, 'train_loss_sr': 0.11983180964558289, 'train_loss_total': 0.6783018769889042, 'train_auc': 0.782635135135135, 'train_acc': 0.7011494252873564, 'train_bacc': 0.6644594594594595, 'val_loss': 0.6978870738636364, 'val_auc': 0.4411764705882353, 'val_acc': 0.5, 'val_bacc': 0.4425013248542661, 'max_memory_allocated': 26041891840, 'max_memory_reserved': 32321306624}
/root/miniconda3/envs/myconda/lib/python3.10/site-packages/torch/utils/checkpoint.py:1399: FutureWarning: `torch.cpu.amp.autocast(args...)` is deprecated. Please use `torch.amp.autocast('cpu', args...)` instead.
  with device_autocast_ctx, torch.cpu.amp.autocast(**cpu_autocast_kwargs), recompute_context:  # type: ignore[attr-defined]
[WSI] epoch=6 iteration=871 slide=tumor_086 N=23 {'train_loss_cls': 0.72265625, 'train_loss_sr': 0.1251322627067566, 'train_loss_total': 0.7351694703102112, 'max_memory_allocated': 17173084672, 'max_memory_reserved': 32321306624}
[WSI] epoch=6 iteration=872 slide=normal_083 N=3 {'train_loss_cls': 0.5078125, 'train_loss_sr': 0.13036233186721802, 'train_loss_total': 0.5208487510681152, 'max_memory_allocated': 2394577920, 'max_memory_reserved': 32321306624}
[WSI] epoch=6 iteration=873 slide=normal_003 N=7 {'train_loss_cls': 0.63671875, 'train_loss_sr': 0.11294456571340561, 'train_loss_total': 0.6480132341384888, 'max_memory_allocated': 5349992960, 'max_memory_reserved': 32321306624}
[WSI] epoch=6 iteration=874 slide=normal_093 N=8 {'train_loss_cls': 0.498046875, 'train_loss_sr': 0.14979341626167297, 'train_loss_total': 0.513026237487793, 'max_memory_allocated': 6090025472, 'max_memory_reserved': 32321306624}
[WSI] epoch=6 iteration=875 slide=normal_154 N=20 {'train_loss_cls': 0.67578125, 'train_loss_sr': 0.08057180047035217, 'train_loss_total': 0.683838427066803, 'max_memory_allocated': 14956829184, 'max_memory_reserved': 32321306624}
[WSI] epoch=6 iteration=876 slide=normal_032 N=9 {'train_loss_cls': 0.73046875, 'train_loss_sr': 0.1306282877922058, 'train_loss_total': 0.7435315847396851, 'max_memory_allocated': 6828251648, 'max_memory_reserved': 32321306624}
[WSI] epoch=6 iteration=877 slide=normal_071 N=5 {'train_loss_cls': 0.62890625, 'train_loss_sr': 0.16254615783691406, 'train_loss_total': 0.6451608538627625, 'max_memory_allocated': 3872479744, 'max_memory_reserved': 32321306624}
[WSI] epoch=6 iteration=878 slide=tumor_072 N=20 {'train_loss_cls': 0.71875, 'train_loss_sr': 0.0977594330906868, 'train_loss_total': 0.7285259366035461, 'max_memory_allocated': 14957403648, 'max_memory_reserved': 32321306624}
[WSI] epoch=6 iteration=879 slide=tumor_097 N=18 {'train_loss_cls': 0.84765625, 'train_loss_sr': 0.07641672343015671, 'train_loss_total': 0.8552979230880737, 'max_memory_allocated': 13478849024, 'max_memory_reserved': 32321306624}
[gradient] slide_id=normal_078 N=6 {'rdn': 1.111694097518921, 'region_encoder': 0.0, 'abmil': 0.2174939066171646, 'classifier': 4.744740009307861, 'p2w': 0.3497667908668518}
[WSI] epoch=6 iteration=880 slide=normal_078 N=6 {'train_loss_cls': 0.46875, 'train_loss_sr': 0.12859398126602173, 'train_loss_total': 0.48160940408706665, 'max_memory_allocated': 4612316160, 'max_memory_reserved': 32321306624}
[WSI] epoch=6 iteration=881 slide=tumor_071 N=12 {'train_loss_cls': 0.734375, 'train_loss_sr': 0.11345112323760986, 'train_loss_total': 0.7457200884819031, 'max_memory_allocated': 9044756992, 'max_memory_reserved': 32321306624}
[WSI] epoch=6 iteration=882 slide=tumor_061 N=13 {'train_loss_cls': 0.54296875, 'train_loss_sr': 0.13136698305606842, 'train_loss_total': 0.5561054348945618, 'max_memory_allocated': 9783471616, 'max_memory_reserved': 32321306624}
[WSI] epoch=6 iteration=883 slide=tumor_021 N=16 {'train_loss_cls': 0.76953125, 'train_loss_sr': 0.12171365320682526, 'train_loss_total': 0.7817026376724243, 'max_memory_allocated': 12001548800, 'max_memory_reserved': 32321306624}
[WSI] epoch=6 iteration=884 slide=tumor_073 N=19 {'train_loss_cls': 0.7734375, 'train_loss_sr': 0.06843997538089752, 'train_loss_total': 0.7802814841270447, 'max_memory_allocated': 14217206272, 'max_memory_reserved': 32321306624}
[WSI] epoch=6 iteration=885 slide=normal_106 N=15 {'train_loss_cls': 0.62890625, 'train_loss_sr': 0.09782899916172028, 'train_loss_total': 0.6386891603469849, 'max_memory_allocated': 11262319104, 'max_memory_reserved': 32321306624}
[WSI] epoch=6 iteration=886 slide=normal_015 N=5 {'train_loss_cls': 0.58984375, 'train_loss_sr': 0.15907669067382812, 'train_loss_total': 0.6057513952255249, 'max_memory_allocated': 3872680448, 'max_memory_reserved': 32321306624}
[WSI] epoch=6 iteration=887 slide=normal_062 N=2 {'train_loss_cls': 0.55078125, 'train_loss_sr': 0.06771992146968842, 'train_loss_total': 0.557553231716156, 'max_memory_allocated': 1706789376, 'max_memory_reserved': 32321306624}
[WSI] epoch=6 iteration=888 slide=tumor_084 N=9 {'train_loss_cls': 0.82421875, 'train_loss_sr': 0.0867488831281662, 'train_loss_total': 0.8328936100006104, 'max_memory_allocated': 6828088832, 'max_memory_reserved': 32321306624}
[WSI] epoch=6 iteration=889 slide=tumor_040 N=10 {'train_loss_cls': 0.6875, 'train_loss_sr': 0.10887696593999863, 'train_loss_total': 0.6983876824378967, 'max_memory_allocated': 7566350848, 'max_memory_reserved': 32321306624}
[gradient] slide_id=normal_049 N=2 {'rdn': 1.3373180627822876, 'region_encoder': 0.0, 'abmil': 0.026464832946658134, 'classifier': 7.150411128997803, 'p2w': 0.6193714141845703}
[WSI] epoch=6 iteration=890 slide=normal_049 N=2 {'train_loss_cls': 0.5625, 'train_loss_sr': 0.10087840259075165, 'train_loss_total': 0.5725878477096558, 'max_memory_allocated': 1707688960, 'max_memory_reserved': 32321306624}
[WSI] epoch=6 iteration=891 slide=normal_124 N=19 {'train_loss_cls': 0.412109375, 'train_loss_sr': 0.08081014454364777, 'train_loss_total': 0.42019039392471313, 'max_memory_allocated': 14217980416, 'max_memory_reserved': 32321306624}
[WSI] epoch=6 iteration=892 slide=normal_107 N=16 {'train_loss_cls': 0.53515625, 'train_loss_sr': 0.08889184892177582, 'train_loss_total': 0.5440454483032227, 'max_memory_allocated': 12001434112, 'max_memory_reserved': 32321306624}
[WSI] epoch=6 iteration=893 slide=tumor_042 N=4 {'train_loss_cls': 0.94140625, 'train_loss_sr': 0.07100540399551392, 'train_loss_total': 0.948506772518158, 'max_memory_allocated': 3132185088, 'max_memory_reserved': 32321306624}
[WSI] epoch=6 iteration=894 slide=normal_159 N=14 {'train_loss_cls': 0.69140625, 'train_loss_sr': 0.09742879867553711, 'train_loss_total': 0.7011491060256958, 'max_memory_allocated': 10522376704, 'max_memory_reserved': 32321306624}
[WSI] epoch=6 iteration=895 slide=tumor_080 N=6 {'train_loss_cls': 0.81640625, 'train_loss_sr': 0.10293212532997131, 'train_loss_total': 0.826699435710907, 'max_memory_allocated': 4612316160, 'max_memory_reserved': 32321306624}
[WSI] epoch=6 iteration=896 slide=normal_129 N=19 {'train_loss_cls': 0.58203125, 'train_loss_sr': 0.10955770313739777, 'train_loss_total': 0.5929870009422302, 'max_memory_allocated': 14217296384, 'max_memory_reserved': 32321306624}
[WSI] epoch=6 iteration=897 slide=tumor_048 N=15 {'train_loss_cls': 0.87109375, 'train_loss_sr': 0.10537266731262207, 'train_loss_total': 0.8816310167312622, 'max_memory_allocated': 11262519808, 'max_memory_reserved': 32321306624}
[WSI] epoch=6 iteration=898 slide=normal_076 N=24 {'train_loss_cls': 0.62109375, 'train_loss_sr': 0.1516360640525818, 'train_loss_total': 0.6362573504447937, 'max_memory_allocated': 17912089088, 'max_memory_reserved': 32321306624}
[WSI] epoch=6 iteration=899 slide=tumor_034 N=6 {'train_loss_cls': 0.74609375, 'train_loss_sr': 0.130448579788208, 'train_loss_total': 0.7591385841369629, 'max_memory_allocated': 4611873792, 'max_memory_reserved': 32321306624}
[gradient] slide_id=normal_085 N=5 {'rdn': 1.14556884765625, 'region_encoder': 0.0, 'abmil': 0.07565361261367798, 'classifier': 6.703842639923096, 'p2w': 0.39876610040664673}
[WSI] epoch=6 iteration=900 slide=normal_085 N=5 {'train_loss_cls': 0.58203125, 'train_loss_sr': 0.0883059948682785, 'train_loss_total': 0.5908618569374084, 'max_memory_allocated': 3872680448, 'max_memory_reserved': 32321306624}
[WSI] epoch=6 iteration=901 slide=tumor_037 N=10 {'train_loss_cls': 0.73046875, 'train_loss_sr': 0.1428479552268982, 'train_loss_total': 0.7447535395622253, 'max_memory_allocated': 7566903808, 'max_memory_reserved': 32321306624}
[WSI] epoch=6 iteration=902 slide=normal_131 N=18 {'train_loss_cls': 0.52734375, 'train_loss_sr': 0.1337330937385559, 'train_loss_total': 0.5407170653343201, 'max_memory_allocated': 13477980672, 'max_memory_reserved': 32321306624}
[WSI] epoch=6 iteration=903 slide=tumor_102 N=35 {'train_loss_cls': 0.76953125, 'train_loss_sr': 0.12451448291540146, 'train_loss_total': 0.7819827198982239, 'max_memory_allocated': 26041604096, 'max_memory_reserved': 32321306624}
[WSI] epoch=6 iteration=904 slide=tumor_050 N=10 {'train_loss_cls': 0.8125, 'train_loss_sr': 0.1198229193687439, 'train_loss_total': 0.8244823217391968, 'max_memory_allocated': 7566662144, 'max_memory_reserved': 32321306624}
[WSI] epoch=6 iteration=905 slide=tumor_109 N=10 {'train_loss_cls': 0.78125, 'train_loss_sr': 0.0836881697177887, 'train_loss_total': 0.7896187901496887, 'max_memory_allocated': 7566440960, 'max_memory_reserved': 32321306624}
[WSI] epoch=6 iteration=906 slide=tumor_107 N=6 {'train_loss_cls': 0.51171875, 'train_loss_sr': 0.11015801876783371, 'train_loss_total': 0.522734522819519, 'max_memory_allocated': 4611857408, 'max_memory_reserved': 32321306624}
[WSI] epoch=6 iteration=907 slide=tumor_083 N=14 {'train_loss_cls': 0.73828125, 'train_loss_sr': 0.07940763980150223, 'train_loss_total': 0.7462220191955566, 'max_memory_allocated': 10522369536, 'max_memory_reserved': 32321306624}
[WSI] epoch=6 iteration=908 slide=tumor_103 N=18 {'train_loss_cls': 0.67578125, 'train_loss_sr': 0.12834599614143372, 'train_loss_total': 0.6886158585548401, 'max_memory_allocated': 13478001152, 'max_memory_reserved': 32321306624}
[WSI] epoch=6 iteration=909 slide=normal_096 N=7 {'train_loss_cls': 0.48828125, 'train_loss_sr': 0.14902329444885254, 'train_loss_total': 0.5031836032867432, 'max_memory_allocated': 5350124032, 'max_memory_reserved': 32321306624}
[gradient] slide_id=tumor_068 N=15 {'rdn': 1.3118318319320679, 'region_encoder': 0.0, 'abmil': 0.10902134329080582, 'classifier': 8.845815658569336, 'p2w': 0.7473806142807007}
[WSI] epoch=6 iteration=910 slide=tumor_068 N=15 {'train_loss_cls': 0.6015625, 'train_loss_sr': 0.1126871183514595, 'train_loss_total': 0.6128312349319458, 'max_memory_allocated': 11262740992, 'max_memory_reserved': 32321306624}
[WSI] epoch=6 iteration=911 slide=normal_039 N=9 {'train_loss_cls': 0.66015625, 'train_loss_sr': 0.12992185354232788, 'train_loss_total': 0.6731484532356262, 'max_memory_allocated': 6827651072, 'max_memory_reserved': 32321306624}
[WSI] epoch=6 iteration=912 slide=normal_047 N=5 {'train_loss_cls': 0.7734375, 'train_loss_sr': 0.1597311645746231, 'train_loss_total': 0.7894105911254883, 'max_memory_allocated': 3872860160, 'max_memory_reserved': 32321306624}
[WSI] epoch=6 iteration=913 slide=normal_121 N=13 {'train_loss_cls': 0.78125, 'train_loss_sr': 0.10410714149475098, 'train_loss_total': 0.791660726070404, 'max_memory_allocated': 9783195648, 'max_memory_reserved': 32321306624}
[WSI] epoch=6 iteration=914 slide=tumor_046 N=19 {'train_loss_cls': 0.66015625, 'train_loss_sr': 0.15810786187648773, 'train_loss_total': 0.6759670376777649, 'max_memory_allocated': 14217406976, 'max_memory_reserved': 32321306624}
[WSI] epoch=6 iteration=915 slide=tumor_009 N=12 {'train_loss_cls': 0.71484375, 'train_loss_sr': 0.14003518223762512, 'train_loss_total': 0.7288472652435303, 'max_memory_allocated': 9044535808, 'max_memory_reserved': 32321306624}
[WSI] epoch=6 iteration=916 slide=tumor_005 N=4 {'train_loss_cls': 0.7734375, 'train_loss_sr': 0.10837876796722412, 'train_loss_total': 0.7842753529548645, 'max_memory_allocated': 3133340672, 'max_memory_reserved': 32321306624}
[WSI] epoch=6 iteration=917 slide=normal_151 N=16 {'train_loss_cls': 0.703125, 'train_loss_sr': 0.10137319564819336, 'train_loss_total': 0.7132623195648193, 'max_memory_allocated': 12002454016, 'max_memory_reserved': 32321306624}
[WSI] epoch=6 iteration=918 slide=normal_058 N=7 {'train_loss_cls': 0.82421875, 'train_loss_sr': 0.13642428815364838, 'train_loss_total': 0.837861180305481, 'max_memory_allocated': 5349902848, 'max_memory_reserved': 32321306624}
[WSI] epoch=6 iteration=919 slide=normal_089 N=20 {'train_loss_cls': 0.765625, 'train_loss_sr': 0.1317819356918335, 'train_loss_total': 0.7788031697273254, 'max_memory_allocated': 14956550144, 'max_memory_reserved': 32321306624}
[gradient] slide_id=tumor_079 N=14 {'rdn': 1.219099521636963, 'region_encoder': 0.0, 'abmil': 0.4389926493167877, 'classifier': 6.138647556304932, 'p2w': 0.20614750683307648}
[WSI] epoch=6 iteration=920 slide=tumor_079 N=14 {'train_loss_cls': 0.453125, 'train_loss_sr': 0.07689792662858963, 'train_loss_total': 0.46081480383872986, 'max_memory_allocated': 10523302400, 'max_memory_reserved': 32321306624}
[WSI] epoch=6 iteration=921 slide=normal_080 N=15 {'train_loss_cls': 0.859375, 'train_loss_sr': 0.10190680623054504, 'train_loss_total': 0.8695656657218933, 'max_memory_allocated': 11262567936, 'max_memory_reserved': 32321306624}
[WSI] epoch=6 iteration=922 slide=normal_158 N=18 {'train_loss_cls': 0.79296875, 'train_loss_sr': 0.08079205453395844, 'train_loss_total': 0.8010479807853699, 'max_memory_allocated': 13478312448, 'max_memory_reserved': 32321306624}
[WSI] epoch=6 iteration=923 slide=normal_035 N=1 {'train_loss_cls': 0.65234375, 'train_loss_sr': 0.09811725467443466, 'train_loss_total': 0.6621554493904114, 'max_memory_allocated': 916153856, 'max_memory_reserved': 32321306624}
[WSI] epoch=6 iteration=924 slide=normal_144 N=12 {'train_loss_cls': 0.76953125, 'train_loss_sr': 0.08914994448423386, 'train_loss_total': 0.7784462571144104, 'max_memory_allocated': 9044535808, 'max_memory_reserved': 32321306624}
[WSI] epoch=6 iteration=925 slide=normal_074 N=14 {'train_loss_cls': 0.5390625, 'train_loss_sr': 0.13041697442531586, 'train_loss_total': 0.5521041750907898, 'max_memory_allocated': 10523226624, 'max_memory_reserved': 32321306624}
[WSI] epoch=6 iteration=926 slide=tumor_066 N=7 {'train_loss_cls': 0.703125, 'train_loss_sr': 0.17823994159698486, 'train_loss_total': 0.7209489941596985, 'max_memory_allocated': 5349979136, 'max_memory_reserved': 32321306624}
[WSI] epoch=6 iteration=927 slide=normal_048 N=3 {'train_loss_cls': 0.8203125, 'train_loss_sr': 0.10737232863903046, 'train_loss_total': 0.8310497403144836, 'max_memory_allocated': 2394839552, 'max_memory_reserved': 32321306624}
[WSI] epoch=6 iteration=928 slide=normal_155 N=11 {'train_loss_cls': 0.59375, 'train_loss_sr': 0.097318634390831, 'train_loss_total': 0.6034818887710571, 'max_memory_allocated': 8305719296, 'max_memory_reserved': 32321306624}
[WSI] epoch=6 iteration=929 slide=normal_156 N=13 {'train_loss_cls': 0.52734375, 'train_loss_sr': 0.08433008939027786, 'train_loss_total': 0.5357767343521118, 'max_memory_allocated': 9783679488, 'max_memory_reserved': 32321306624}
[gradient] slide_id=tumor_025 N=9 {'rdn': 1.6652745008468628, 'region_encoder': 0.0, 'abmil': 0.1586637794971466, 'classifier': 9.473626136779785, 'p2w': 0.1848825067281723}
[WSI] epoch=6 iteration=930 slide=tumor_025 N=9 {'train_loss_cls': 0.85546875, 'train_loss_sr': 0.12194228172302246, 'train_loss_total': 0.8676629662513733, 'max_memory_allocated': 6827366912, 'max_memory_reserved': 32321306624}
[WSI] epoch=6 iteration=931 slide=normal_145 N=20 {'train_loss_cls': 0.5859375, 'train_loss_sr': 0.12236028164625168, 'train_loss_total': 0.5981734991073608, 'max_memory_allocated': 14956704768, 'max_memory_reserved': 32321306624}
[WSI] epoch=6 iteration=932 slide=normal_105 N=12 {'train_loss_cls': 0.55859375, 'train_loss_sr': 0.11346303671598434, 'train_loss_total': 0.5699400305747986, 'max_memory_allocated': 9044763136, 'max_memory_reserved': 32321306624}
[WSI] epoch=6 iteration=933 slide=tumor_088 N=12 {'train_loss_cls': 0.8984375, 'train_loss_sr': 0.09447231888771057, 'train_loss_total': 0.9078847169876099, 'max_memory_allocated': 9044777472, 'max_memory_reserved': 32321306624}
[WSI] epoch=6 iteration=934 slide=tumor_016 N=5 {'train_loss_cls': 1.078125, 'train_loss_sr': 0.15946972370147705, 'train_loss_total': 1.0940719842910767, 'max_memory_allocated': 3872590336, 'max_memory_reserved': 32321306624}
[WSI] epoch=6 iteration=935 slide=normal_111 N=31 {'train_loss_cls': 0.46875, 'train_loss_sr': 0.08221994340419769, 'train_loss_total': 0.47697198390960693, 'max_memory_allocated': 23086198272, 'max_memory_reserved': 32321306624}
[WSI] epoch=6 iteration=936 slide=tumor_011 N=6 {'train_loss_cls': 1.046875, 'train_loss_sr': 0.10248389095067978, 'train_loss_total': 1.0571234226226807, 'max_memory_allocated': 4612790272, 'max_memory_reserved': 32321306624}
[WSI] epoch=6 iteration=937 slide=tumor_004 N=15 {'train_loss_cls': 0.859375, 'train_loss_sr': 0.11074753105640411, 'train_loss_total': 0.8704497814178467, 'max_memory_allocated': 11262188032, 'max_memory_reserved': 32321306624}
[WSI] epoch=6 iteration=938 slide=tumor_043 N=4 {'train_loss_cls': 0.8125, 'train_loss_sr': 0.17852431535720825, 'train_loss_total': 0.8303524255752563, 'max_memory_allocated': 3132758528, 'max_memory_reserved': 32321306624}
[WSI] epoch=6 iteration=939 slide=tumor_087 N=10 {'train_loss_cls': 0.80078125, 'train_loss_sr': 0.0978952944278717, 'train_loss_total': 0.8105707764625549, 'max_memory_allocated': 7566756352, 'max_memory_reserved': 32321306624}
[gradient] slide_id=normal_002 N=2 {'rdn': 1.126423716545105, 'region_encoder': 0.0, 'abmil': 0.07501059025526047, 'classifier': 4.860676288604736, 'p2w': 0.10762152820825577}
[WSI] epoch=6 iteration=940 slide=normal_002 N=2 {'train_loss_cls': 0.47265625, 'train_loss_sr': 0.1734561324119568, 'train_loss_total': 0.4900018572807312, 'max_memory_allocated': 1708415488, 'max_memory_reserved': 32321306624}
[WSI] epoch=6 iteration=941 slide=normal_097 N=17 {'train_loss_cls': 0.53515625, 'train_loss_sr': 0.13346242904663086, 'train_loss_total': 0.548502504825592, 'max_memory_allocated': 12740247040, 'max_memory_reserved': 32321306624}
[WSI] epoch=6 iteration=942 slide=normal_087 N=11 {'train_loss_cls': 0.63671875, 'train_loss_sr': 0.1361009031534195, 'train_loss_total': 0.6503288149833679, 'max_memory_allocated': 8306305536, 'max_memory_reserved': 32321306624}
[WSI] epoch=6 iteration=943 slide=normal_128 N=11 {'train_loss_cls': 0.5546875, 'train_loss_sr': 0.08636140078306198, 'train_loss_total': 0.5633236169815063, 'max_memory_allocated': 8306027008, 'max_memory_reserved': 32321306624}
[WSI] epoch=6 iteration=944 slide=normal_038 N=1 {'train_loss_cls': 0.58203125, 'train_loss_sr': 0.1082315742969513, 'train_loss_total': 0.592854380607605, 'max_memory_allocated': 916147200, 'max_memory_reserved': 32321306624}
[WSI] epoch=6 iteration=945 slide=tumor_007 N=12 {'train_loss_cls': 0.7890625, 'train_loss_sr': 0.14018404483795166, 'train_loss_total': 0.8030809164047241, 'max_memory_allocated': 9045162496, 'max_memory_reserved': 32321306624}
[WSI] epoch=6 iteration=946 slide=tumor_044 N=12 {'train_loss_cls': 0.68359375, 'train_loss_sr': 0.13235774636268616, 'train_loss_total': 0.6968294978141785, 'max_memory_allocated': 9045109248, 'max_memory_reserved': 32321306624}
[WSI] epoch=6 iteration=947 slide=tumor_002 N=5 {'train_loss_cls': 0.87109375, 'train_loss_sr': 0.12695828080177307, 'train_loss_total': 0.883789598941803, 'max_memory_allocated': 3872217600, 'max_memory_reserved': 32321306624}
[WSI] epoch=6 iteration=948 slide=tumor_020 N=7 {'train_loss_cls': 0.68359375, 'train_loss_sr': 0.1257733702659607, 'train_loss_total': 0.6961711049079895, 'max_memory_allocated': 5350214144, 'max_memory_reserved': 32321306624}
[WSI] epoch=6 iteration=949 slide=normal_104 N=19 {'train_loss_cls': 0.5546875, 'train_loss_sr': 0.11511699855327606, 'train_loss_total': 0.5661991834640503, 'max_memory_allocated': 14217549312, 'max_memory_reserved': 32321306624}
[gradient] slide_id=normal_136 N=15 {'rdn': 1.1478997468948364, 'region_encoder': 0.0, 'abmil': 0.14891260862350464, 'classifier': 4.312065601348877, 'p2w': 0.22390660643577576}
[WSI] epoch=6 iteration=950 slide=normal_136 N=15 {'train_loss_cls': 0.58203125, 'train_loss_sr': 0.11494199931621552, 'train_loss_total': 0.5935254693031311, 'max_memory_allocated': 11262945792, 'max_memory_reserved': 32321306624}
[WSI] epoch=6 iteration=951 slide=tumor_060 N=6 {'train_loss_cls': 0.765625, 'train_loss_sr': 0.09942519664764404, 'train_loss_total': 0.7755675315856934, 'max_memory_allocated': 4612115456, 'max_memory_reserved': 32321306624}
[WSI] epoch=6 iteration=952 slide=normal_029 N=1 {'train_loss_cls': 0.42578125, 'train_loss_sr': 0.1466676890850067, 'train_loss_total': 0.44044801592826843, 'max_memory_allocated': 916147200, 'max_memory_reserved': 32321306624}
[WSI] epoch=6 iteration=953 slide=normal_051 N=3 {'train_loss_cls': 0.49609375, 'train_loss_sr': 0.0975673496723175, 'train_loss_total': 0.5058504939079285, 'max_memory_allocated': 2394577920, 'max_memory_reserved': 32321306624}
[WSI] epoch=6 iteration=954 slide=normal_007 N=3 {'train_loss_cls': 0.6171875, 'train_loss_sr': 0.13531818985939026, 'train_loss_total': 0.6307193040847778, 'max_memory_allocated': 2395274240, 'max_memory_reserved': 32321306624}
[WSI] epoch=6 iteration=955 slide=tumor_022 N=7 {'train_loss_cls': 0.7109375, 'train_loss_sr': 0.0969216451048851, 'train_loss_total': 0.7206296920776367, 'max_memory_allocated': 5349992960, 'max_memory_reserved': 32321306624}
[WSI] epoch=6 iteration=956 slide=tumor_019 N=2 {'train_loss_cls': 0.671875, 'train_loss_sr': 0.07882039248943329, 'train_loss_total': 0.6797570586204529, 'max_memory_allocated': 1707219456, 'max_memory_reserved': 32321306624}
[WSI] epoch=6 iteration=957 slide=tumor_089 N=26 {'train_loss_cls': 0.734375, 'train_loss_sr': 0.11411048471927643, 'train_loss_total': 0.7457860708236694, 'max_memory_allocated': 19390975488, 'max_memory_reserved': 32321306624}
[WSI] epoch=6 iteration=958 slide=normal_040 N=16 {'train_loss_cls': 0.53125, 'train_loss_sr': 0.1034701019525528, 'train_loss_total': 0.5415970087051392, 'max_memory_allocated': 12002122240, 'max_memory_reserved': 32321306624}
[WSI] epoch=6 iteration=959 slide=normal_133 N=10 {'train_loss_cls': 0.392578125, 'train_loss_sr': 0.08651745319366455, 'train_loss_total': 0.4012298583984375, 'max_memory_allocated': 7566088704, 'max_memory_reserved': 32321306624}
[gradient] slide_id=normal_153 N=12 {'rdn': 1.172961950302124, 'region_encoder': 0.0, 'abmil': 0.3042565882205963, 'classifier': 5.155678749084473, 'p2w': 0.38300150632858276}
[WSI] epoch=6 iteration=960 slide=normal_153 N=12 {'train_loss_cls': 0.453125, 'train_loss_sr': 0.11446438729763031, 'train_loss_total': 0.46457144618034363, 'max_memory_allocated': 9044535808, 'max_memory_reserved': 32321306624}
[WSI] epoch=6 iteration=961 slide=normal_119 N=14 {'train_loss_cls': 0.455078125, 'train_loss_sr': 0.07324212789535522, 'train_loss_total': 0.46240234375, 'max_memory_allocated': 10522450432, 'max_memory_reserved': 32321306624}
[WSI] epoch=6 iteration=962 slide=tumor_082 N=3 {'train_loss_cls': 0.7421875, 'train_loss_sr': 0.10483817011117935, 'train_loss_total': 0.7526713013648987, 'max_memory_allocated': 2394970624, 'max_memory_reserved': 32321306624}
[WSI] epoch=6 iteration=963 slide=tumor_057 N=4 {'train_loss_cls': 0.875, 'train_loss_sr': 0.15364807844161987, 'train_loss_total': 0.8903648257255554, 'max_memory_allocated': 3132185088, 'max_memory_reserved': 32321306624}
[WSI] epoch=6 iteration=964 slide=tumor_074 N=5 {'train_loss_cls': 0.84375, 'train_loss_sr': 0.10168282687664032, 'train_loss_total': 0.8539182543754578, 'max_memory_allocated': 3873700352, 'max_memory_reserved': 32321306624}
[WSI] epoch=6 iteration=965 slide=normal_120 N=10 {'train_loss_cls': 0.50390625, 'train_loss_sr': 0.11852551251649857, 'train_loss_total': 0.5157588124275208, 'max_memory_allocated': 7566088704, 'max_memory_reserved': 32321306624}
[WSI] epoch=6 iteration=966 slide=normal_152 N=5 {'train_loss_cls': 0.54296875, 'train_loss_sr': 0.12346793711185455, 'train_loss_total': 0.5553155541419983, 'max_memory_allocated': 3873693696, 'max_memory_reserved': 32321306624}
[WSI] epoch=6 iteration=967 slide=tumor_003 N=7 {'train_loss_cls': 0.98046875, 'train_loss_sr': 0.1126098707318306, 'train_loss_total': 0.991729736328125, 'max_memory_allocated': 5351135232, 'max_memory_reserved': 32321306624}
[WSI] epoch=6 iteration=968 slide=normal_100 N=8 {'train_loss_cls': 0.58203125, 'train_loss_sr': 0.1525622010231018, 'train_loss_total': 0.5972874760627747, 'max_memory_allocated': 6089243136, 'max_memory_reserved': 32321306624}
[WSI] epoch=6 iteration=969 slide=normal_135 N=13 {'train_loss_cls': 0.3984375, 'train_loss_sr': 0.1216697245836258, 'train_loss_total': 0.41060447692871094, 'max_memory_allocated': 9784105472, 'max_memory_reserved': 32321306624}
[gradient] slide_id=normal_142 N=20 {'rdn': 1.2842769622802734, 'region_encoder': 0.0, 'abmil': 0.21735084056854248, 'classifier': 5.79614782333374, 'p2w': 0.5412859916687012}
[WSI] epoch=6 iteration=970 slide=normal_142 N=20 {'train_loss_cls': 0.42578125, 'train_loss_sr': 0.13162899017333984, 'train_loss_total': 0.43894416093826294, 'max_memory_allocated': 14956497408, 'max_memory_reserved': 32321306624}
[WSI] epoch=6 iteration=971 slide=normal_126 N=17 {'train_loss_cls': 0.50390625, 'train_loss_sr': 0.0985257551074028, 'train_loss_total': 0.5137588381767273, 'max_memory_allocated': 12739674112, 'max_memory_reserved': 32321306624}
[WSI] epoch=6 iteration=972 slide=normal_116 N=8 {'train_loss_cls': 0.453125, 'train_loss_sr': 0.09327929466962814, 'train_loss_total': 0.4624529182910919, 'max_memory_allocated': 6088272384, 'max_memory_reserved': 32321306624}
[WSI] epoch=6 iteration=973 slide=normal_028 N=5 {'train_loss_cls': 0.5234375, 'train_loss_sr': 0.133626788854599, 'train_loss_total': 0.53680020570755, 'max_memory_allocated': 3872479744, 'max_memory_reserved': 32321306624}
[WSI] epoch=6 iteration=974 slide=tumor_093 N=14 {'train_loss_cls': 0.98046875, 'train_loss_sr': 0.12080863863229752, 'train_loss_total': 0.9925495982170105, 'max_memory_allocated': 10522487296, 'max_memory_reserved': 32321306624}
[WSI] epoch=6 iteration=975 slide=normal_053 N=18 {'train_loss_cls': 0.388671875, 'train_loss_sr': 0.1297452449798584, 'train_loss_total': 0.4016464054584503, 'max_memory_allocated': 13478185472, 'max_memory_reserved': 32321306624}
[WSI] epoch=6 iteration=976 slide=tumor_015 N=27 {'train_loss_cls': 0.86328125, 'train_loss_sr': 0.1417820155620575, 'train_loss_total': 0.8774594664573669, 'max_memory_allocated': 20129925632, 'max_memory_reserved': 32321306624}
[WSI] epoch=6 iteration=977 slide=normal_148 N=5 {'train_loss_cls': 0.6484375, 'train_loss_sr': 0.07814754545688629, 'train_loss_total': 0.6562522649765015, 'max_memory_allocated': 3872479744, 'max_memory_reserved': 32321306624}
[WSI] epoch=6 iteration=978 slide=tumor_111 N=4 {'train_loss_cls': 0.84765625, 'train_loss_sr': 0.17399944365024567, 'train_loss_total': 0.8650562167167664, 'max_memory_allocated': 3132930560, 'max_memory_reserved': 32321306624}
[WSI] epoch=6 iteration=979 slide=normal_037 N=8 {'train_loss_cls': 0.60546875, 'train_loss_sr': 0.18118837475776672, 'train_loss_total': 0.6235876083374023, 'max_memory_allocated': 6088362496, 'max_memory_reserved': 32321306624}
[gradient] slide_id=tumor_095 N=29 {'rdn': 4.034041881561279, 'region_encoder': 0.0, 'abmil': 0.6177327036857605, 'classifier': 14.195588111877441, 'p2w': 0.8191527128219604}
[WSI] epoch=6 iteration=980 slide=tumor_095 N=29 {'train_loss_cls': 1.3828125, 'train_loss_sr': 0.11397198587656021, 'train_loss_total': 1.3942097425460815, 'max_memory_allocated': 21607831552, 'max_memory_reserved': 32321306624}
[WSI] epoch=6 iteration=981 slide=normal_079 N=8 {'train_loss_cls': 0.490234375, 'train_loss_sr': 0.16543644666671753, 'train_loss_total': 0.5067780017852783, 'max_memory_allocated': 6088493568, 'max_memory_reserved': 32321306624}
[WSI] epoch=6 iteration=982 slide=normal_113 N=19 {'train_loss_cls': 0.341796875, 'train_loss_sr': 0.16910690069198608, 'train_loss_total': 0.35870757699012756, 'max_memory_allocated': 14217869824, 'max_memory_reserved': 32321306624}
[WSI] epoch=6 iteration=983 slide=normal_077 N=5 {'train_loss_cls': 0.451171875, 'train_loss_sr': 0.19254454970359802, 'train_loss_total': 0.4704263210296631, 'max_memory_allocated': 3872248832, 'max_memory_reserved': 32321306624}
[WSI] epoch=6 iteration=984 slide=normal_054 N=1 {'train_loss_cls': 0.482421875, 'train_loss_sr': 0.15192030370235443, 'train_loss_total': 0.49761390686035156, 'max_memory_allocated': 916474880, 'max_memory_reserved': 32321306624}
[WSI] epoch=6 iteration=985 slide=normal_022 N=6 {'train_loss_cls': 0.37109375, 'train_loss_sr': 0.12618401646614075, 'train_loss_total': 0.38371214270591736, 'max_memory_allocated': 4612861952, 'max_memory_reserved': 32321306624}
[WSI] epoch=6 iteration=986 slide=normal_088 N=14 {'train_loss_cls': 0.404296875, 'train_loss_sr': 0.15046212077140808, 'train_loss_total': 0.41934308409690857, 'max_memory_allocated': 10522321408, 'max_memory_reserved': 32321306624}
[WSI] epoch=6 iteration=987 slide=normal_052 N=15 {'train_loss_cls': 0.328125, 'train_loss_sr': 0.15638966858386993, 'train_loss_total': 0.34376397728919983, 'max_memory_allocated': 11262097920, 'max_memory_reserved': 32321306624}
[WSI] epoch=6 iteration=988 slide=tumor_035 N=4 {'train_loss_cls': 0.84765625, 'train_loss_sr': 0.13360589742660522, 'train_loss_total': 0.8610168695449829, 'max_memory_allocated': 3132185088, 'max_memory_reserved': 32321306624}
[WSI] epoch=6 iteration=989 slide=tumor_028 N=17 {'train_loss_cls': 1.1640625, 'train_loss_sr': 0.15327422320842743, 'train_loss_total': 1.1793899536132812, 'max_memory_allocated': 12740082176, 'max_memory_reserved': 32321306624}
[gradient] slide_id=normal_008 N=1 {'rdn': 1.733316421508789, 'region_encoder': 0.0, 'abmil': 0.0, 'classifier': 3.9690327644348145, 'p2w': 1.4536147117614746}
[WSI] epoch=6 iteration=990 slide=normal_008 N=1 {'train_loss_cls': 0.201171875, 'train_loss_sr': 0.08151575177907944, 'train_loss_total': 0.209323450922966, 'max_memory_allocated': 916561920, 'max_memory_reserved': 32321306624}
[WSI] epoch=6 iteration=991 slide=normal_065 N=6 {'train_loss_cls': 0.55078125, 'train_loss_sr': 0.12330722063779831, 'train_loss_total': 0.5631119608879089, 'max_memory_allocated': 4612094976, 'max_memory_reserved': 32321306624}
[WSI] epoch=6 iteration=992 slide=tumor_105 N=6 {'train_loss_cls': 0.9921875, 'train_loss_sr': 0.11865736544132233, 'train_loss_total': 1.0040532350540161, 'max_memory_allocated': 4612825088, 'max_memory_reserved': 32321306624}
[WSI] epoch=6 iteration=993 slide=normal_139 N=12 {'train_loss_cls': 0.42578125, 'train_loss_sr': 0.08419562876224518, 'train_loss_total': 0.43420082330703735, 'max_memory_allocated': 9044535808, 'max_memory_reserved': 32321306624}
[WSI] epoch=6 iteration=994 slide=tumor_001 N=7 {'train_loss_cls': 1.09375, 'train_loss_sr': 0.14927640557289124, 'train_loss_total': 1.108677625656128, 'max_memory_allocated': 5349788160, 'max_memory_reserved': 32321306624}
[WSI] epoch=6 iteration=995 slide=tumor_017 N=9 {'train_loss_cls': 0.97265625, 'train_loss_sr': 0.15512704849243164, 'train_loss_total': 0.9881689548492432, 'max_memory_allocated': 6827567616, 'max_memory_reserved': 32321306624}
[WSI] epoch=6 iteration=996 slide=normal_081 N=6 {'train_loss_cls': 0.484375, 'train_loss_sr': 0.13765636086463928, 'train_loss_total': 0.4981406331062317, 'max_memory_allocated': 4612730368, 'max_memory_reserved': 32321306624}
[WSI] epoch=6 iteration=997 slide=normal_031 N=6 {'train_loss_cls': 0.490234375, 'train_loss_sr': 0.1703120470046997, 'train_loss_total': 0.507265567779541, 'max_memory_allocated': 4612073984, 'max_memory_reserved': 32321306624}
[WSI] epoch=6 iteration=998 slide=tumor_047 N=15 {'train_loss_cls': 0.890625, 'train_loss_sr': 0.13424676656723022, 'train_loss_total': 0.9040496945381165, 'max_memory_allocated': 11262337536, 'max_memory_reserved': 32321306624}
[WSI] epoch=6 iteration=999 slide=normal_041 N=7 {'train_loss_cls': 0.3125, 'train_loss_sr': 0.1648365706205368, 'train_loss_total': 0.3289836645126343, 'max_memory_allocated': 5350566400, 'max_memory_reserved': 32321306624}
[gradient] slide_id=tumor_045 N=10 {'rdn': 1.8464332818984985, 'region_encoder': 0.0, 'abmil': 0.5323708653450012, 'classifier': 9.637978553771973, 'p2w': 0.3826664090156555}
[WSI] epoch=6 iteration=1000 slide=tumor_045 N=10 {'train_loss_cls': 1.0234375, 'train_loss_sr': 0.14910174906253815, 'train_loss_total': 1.0383477210998535, 'max_memory_allocated': 7566887424, 'max_memory_reserved': 32321306624}
[WSI] epoch=6 iteration=1001 slide=normal_014 N=2 {'train_loss_cls': 0.365234375, 'train_loss_sr': 0.12388497591018677, 'train_loss_total': 0.3776228725910187, 'max_memory_allocated': 1706920448, 'max_memory_reserved': 32321306624}
[WSI] epoch=6 iteration=1002 slide=tumor_012 N=7 {'train_loss_cls': 1.1015625, 'train_loss_sr': 0.15521657466888428, 'train_loss_total': 1.1170841455459595, 'max_memory_allocated': 5349530112, 'max_memory_reserved': 32321306624}
[WSI] epoch=6 iteration=1003 slide=normal_095 N=14 {'train_loss_cls': 0.51953125, 'train_loss_sr': 0.1322309970855713, 'train_loss_total': 0.5327543616294861, 'max_memory_allocated': 10522183168, 'max_memory_reserved': 32321306624}
[WSI] epoch=6 iteration=1004 slide=tumor_058 N=5 {'train_loss_cls': 0.9140625, 'train_loss_sr': 0.14100661873817444, 'train_loss_total': 0.9281631708145142, 'max_memory_allocated': 3872700928, 'max_memory_reserved': 32321306624}
[WSI] epoch=6 iteration=1005 slide=tumor_094 N=16 {'train_loss_cls': 0.91015625, 'train_loss_sr': 0.06885727494955063, 'train_loss_total': 0.9170419573783875, 'max_memory_allocated': 12001999360, 'max_memory_reserved': 32321306624}
[WSI] epoch=6 iteration=1006 slide=tumor_098 N=9 {'train_loss_cls': 0.7890625, 'train_loss_sr': 0.07175502181053162, 'train_loss_total': 0.7962380051612854, 'max_memory_allocated': 6827401728, 'max_memory_reserved': 32321306624}
[WSI] epoch=6 iteration=1007 slide=tumor_106 N=22 {'train_loss_cls': 0.734375, 'train_loss_sr': 0.12450648844242096, 'train_loss_total': 0.746825635433197, 'max_memory_allocated': 16434014208, 'max_memory_reserved': 32321306624}
[WSI] epoch=6 iteration=1008 slide=normal_141 N=7 {'train_loss_cls': 0.5078125, 'train_loss_sr': 0.08142643421888351, 'train_loss_total': 0.5159551501274109, 'max_memory_allocated': 5349530112, 'max_memory_reserved': 32321306624}
[WSI] epoch=6 iteration=1009 slide=normal_103 N=8 {'train_loss_cls': 0.55859375, 'train_loss_sr': 0.10249404609203339, 'train_loss_total': 0.5688431262969971, 'max_memory_allocated': 6088120832, 'max_memory_reserved': 32321306624}
[gradient] slide_id=tumor_052 N=15 {'rdn': 2.014556646347046, 'region_encoder': 0.0, 'abmil': 0.42421287298202515, 'classifier': 7.202629089355469, 'p2w': 0.25930550694465637}
[WSI] epoch=6 iteration=1010 slide=tumor_052 N=15 {'train_loss_cls': 0.9296875, 'train_loss_sr': 0.156032994389534, 'train_loss_total': 0.9452908039093018, 'max_memory_allocated': 11262429696, 'max_memory_reserved': 32321306624}
[WSI] epoch=6 iteration=1011 slide=normal_146 N=17 {'train_loss_cls': 0.5703125, 'train_loss_sr': 0.08465927094221115, 'train_loss_total': 0.5787784457206726, 'max_memory_allocated': 12739500544, 'max_memory_reserved': 32321306624}
[WSI] epoch=6 iteration=1012 slide=tumor_039 N=4 {'train_loss_cls': 0.7265625, 'train_loss_sr': 0.10304954648017883, 'train_loss_total': 0.7368674278259277, 'max_memory_allocated': 3133110784, 'max_memory_reserved': 32321306624}
[WSI] epoch=6 iteration=1013 slide=normal_068 N=6 {'train_loss_cls': 0.703125, 'train_loss_sr': 0.13111597299575806, 'train_loss_total': 0.7162365913391113, 'max_memory_allocated': 4612668416, 'max_memory_reserved': 32321306624}
[WSI] epoch=6 iteration=1014 slide=tumor_054 N=17 {'train_loss_cls': 0.7578125, 'train_loss_sr': 0.09689787030220032, 'train_loss_total': 0.7675023078918457, 'max_memory_allocated': 12740389376, 'max_memory_reserved': 32321306624}
[WSI] epoch=6 iteration=1015 slide=tumor_078 N=15 {'train_loss_cls': 0.6640625, 'train_loss_sr': 0.11153828352689743, 'train_loss_total': 0.6752163171768188, 'max_memory_allocated': 11262077440, 'max_memory_reserved': 32321306624}
[WSI] epoch=6 iteration=1016 slide=tumor_041 N=5 {'train_loss_cls': 0.61328125, 'train_loss_sr': 0.14535412192344666, 'train_loss_total': 0.6278166770935059, 'max_memory_allocated': 3873151488, 'max_memory_reserved': 32321306624}
[WSI] epoch=6 iteration=1017 slide=tumor_027 N=13 {'train_loss_cls': 0.58984375, 'train_loss_sr': 0.15945923328399658, 'train_loss_total': 0.6057896614074707, 'max_memory_allocated': 9783458304, 'max_memory_reserved': 32321306624}
[WSI] epoch=6 iteration=1018 slide=normal_036 N=7 {'train_loss_cls': 0.6640625, 'train_loss_sr': 0.17061586678028107, 'train_loss_total': 0.6811240911483765, 'max_memory_allocated': 5350571008, 'max_memory_reserved': 32321306624}
[WSI] epoch=6 iteration=1019 slide=normal_011 N=14 {'train_loss_cls': 0.71875, 'train_loss_sr': 0.1670379936695099, 'train_loss_total': 0.7354537844657898, 'max_memory_allocated': 10522044928, 'max_memory_reserved': 32321306624}
[gradient] slide_id=normal_070 N=16 {'rdn': 1.9783612489700317, 'region_encoder': 0.0, 'abmil': 0.2891122102737427, 'classifier': 6.816635608673096, 'p2w': 0.35293036699295044}
[WSI] epoch=6 iteration=1020 slide=normal_070 N=16 {'train_loss_cls': 0.83203125, 'train_loss_sr': 0.1731458157300949, 'train_loss_total': 0.8493458032608032, 'max_memory_allocated': 12000975360, 'max_memory_reserved': 32321306624}
[WSI] epoch=6 iteration=1021 slide=normal_012 N=3 {'train_loss_cls': 0.73828125, 'train_loss_sr': 0.17016839981079102, 'train_loss_total': 0.7552980780601501, 'max_memory_allocated': 2394769408, 'max_memory_reserved': 32321306624}
[WSI] epoch=6 iteration=1022 slide=normal_044 N=4 {'train_loss_cls': 0.87890625, 'train_loss_sr': 0.12627264857292175, 'train_loss_total': 0.8915334939956665, 'max_memory_allocated': 3132185088, 'max_memory_reserved': 32321306624}
[WSI] epoch=6 iteration=1023 slide=normal_064 N=9 {'train_loss_cls': 0.69140625, 'train_loss_sr': 0.09605260193347931, 'train_loss_total': 0.7010115385055542, 'max_memory_allocated': 6827675648, 'max_memory_reserved': 32321306624}
[WSI] epoch=6 iteration=1024 slide=normal_084 N=1 {'train_loss_cls': 0.3828125, 'train_loss_sr': 0.13197460770606995, 'train_loss_total': 0.3960099518299103, 'max_memory_allocated': 916147200, 'max_memory_reserved': 32321306624}
[WSI] epoch=6 iteration=1025 slide=tumor_024 N=16 {'train_loss_cls': 0.71875, 'train_loss_sr': 0.16329863667488098, 'train_loss_total': 0.7350798845291138, 'max_memory_allocated': 12000778752, 'max_memory_reserved': 32321306624}
[WSI] epoch=6 iteration=1026 slide=normal_108 N=2 {'train_loss_cls': 0.5234375, 'train_loss_sr': 0.1142938882112503, 'train_loss_total': 0.5348668694496155, 'max_memory_allocated': 1707010560, 'max_memory_reserved': 32321306624}
[WSI] epoch=6 iteration=1027 slide=tumor_108 N=22 {'train_loss_cls': 0.7421875, 'train_loss_sr': 0.125773087143898, 'train_loss_total': 0.7547647953033447, 'max_memory_allocated': 16434379264, 'max_memory_reserved': 32321306624}
[WSI] epoch=6 iteration=1028 slide=tumor_038 N=2 {'train_loss_cls': 0.58984375, 'train_loss_sr': 0.11394836008548737, 'train_loss_total': 0.6012386083602905, 'max_memory_allocated': 1706789376, 'max_memory_reserved': 32321306624}
[WSI] epoch=6 iteration=1029 slide=normal_026 N=5 {'train_loss_cls': 0.56640625, 'train_loss_sr': 0.17618727684020996, 'train_loss_total': 0.584024965763092, 'max_memory_allocated': 3872627200, 'max_memory_reserved': 32321306624}
[gradient] slide_id=normal_102 N=11 {'rdn': 2.2526798248291016, 'region_encoder': 0.0, 'abmil': 0.03669366240501404, 'classifier': 3.8869245052337646, 'p2w': 1.5668667554855347}
[WSI] epoch=6 iteration=1030 slide=normal_102 N=11 {'train_loss_cls': 0.53125, 'train_loss_sr': 0.17383162677288055, 'train_loss_total': 0.5486331582069397, 'max_memory_allocated': 8305400320, 'max_memory_reserved': 32321306624}
[WSI] epoch=6 iteration=1031 slide=tumor_081 N=6 {'train_loss_cls': 0.7265625, 'train_loss_sr': 0.11332322657108307, 'train_loss_total': 0.7378948330879211, 'max_memory_allocated': 4612084224, 'max_memory_reserved': 32321306624}
[WSI] epoch=6 iteration=1032 slide=tumor_077 N=14 {'train_loss_cls': 0.93359375, 'train_loss_sr': 0.13481611013412476, 'train_loss_total': 0.947075366973877, 'max_memory_allocated': 10522217472, 'max_memory_reserved': 32321306624}
[WSI] epoch=6 iteration=1033 slide=normal_006 N=1 {'train_loss_cls': 0.46875, 'train_loss_sr': 0.21049678325653076, 'train_loss_total': 0.4897996783256531, 'max_memory_allocated': 917146624, 'max_memory_reserved': 32321306624}
[WSI] epoch=6 iteration=1034 slide=normal_067 N=12 {'train_loss_cls': 0.57421875, 'train_loss_sr': 0.21194243431091309, 'train_loss_total': 0.5954129695892334, 'max_memory_allocated': 9044515328, 'max_memory_reserved': 32321306624}
[WSI] epoch=6 iteration=1035 slide=normal_109 N=10 {'train_loss_cls': 0.5859375, 'train_loss_sr': 0.12518742680549622, 'train_loss_total': 0.5984562635421753, 'max_memory_allocated': 7566395392, 'max_memory_reserved': 32321306624}
[WSI] epoch=6 iteration=1036 slide=normal_063 N=7 {'train_loss_cls': 0.61328125, 'train_loss_sr': 0.15906819701194763, 'train_loss_total': 0.629188060760498, 'max_memory_allocated': 5349550592, 'max_memory_reserved': 32321306624}
[WSI] epoch=6 iteration=1037 slide=normal_066 N=26 {'train_loss_cls': 0.56640625, 'train_loss_sr': 0.20594528317451477, 'train_loss_total': 0.5870007872581482, 'max_memory_allocated': 19390401024, 'max_memory_reserved': 32321306624}
[WSI] epoch=6 iteration=1038 slide=tumor_049 N=3 {'train_loss_cls': 0.57421875, 'train_loss_sr': 0.20751908421516418, 'train_loss_total': 0.5949706435203552, 'max_memory_allocated': 2394688512, 'max_memory_reserved': 32321306624}
[WSI] epoch=6 iteration=1039 slide=normal_157 N=16 {'train_loss_cls': 0.5390625, 'train_loss_sr': 0.16338258981704712, 'train_loss_total': 0.5554007291793823, 'max_memory_allocated': 12001866752, 'max_memory_reserved': 32321306624}
[gradient] slide_id=normal_114 N=24 {'rdn': 2.890812635421753, 'region_encoder': 0.0, 'abmil': 0.14051130414009094, 'classifier': 4.475757122039795, 'p2w': 1.4760873317718506}
[WSI] epoch=6 iteration=1040 slide=normal_114 N=24 {'train_loss_cls': 0.50390625, 'train_loss_sr': 0.22262945771217346, 'train_loss_total': 0.5261691808700562, 'max_memory_allocated': 17912782848, 'max_memory_reserved': 32321306624}
[WSI] epoch=6 iteration=1041 slide=normal_023 N=2 {'train_loss_cls': 0.28125, 'train_loss_sr': 0.21407155692577362, 'train_loss_total': 0.3026571571826935, 'max_memory_allocated': 1706789376, 'max_memory_reserved': 32321306624}
[WSI] epoch=6 iteration=1042 slide=tumor_008 N=14 {'train_loss_cls': 1.2578125, 'train_loss_sr': 0.27264171838760376, 'train_loss_total': 1.28507661819458, 'max_memory_allocated': 10522176000, 'max_memory_reserved': 32321306624}
[WSI] epoch=6 iteration=1043 slide=normal_018 N=3 {'train_loss_cls': 0.310546875, 'train_loss_sr': 0.33733218908309937, 'train_loss_total': 0.34428009390830994, 'max_memory_allocated': 2394902528, 'max_memory_reserved': 32321306624}
[WSI] epoch=6 iteration=1044 slide=normal_061 N=12 {'train_loss_cls': 0.3046875, 'train_loss_sr': 0.28226736187934875, 'train_loss_total': 0.33291423320770264, 'max_memory_allocated': 9045121024, 'max_memory_reserved': 32321306624}
[epoch] {'epoch': 6, 'train_loss_cls': 0.6623563218390804, 'train_loss_sr': 0.12876147031784058, 'train_loss_total': 0.6752324684084147, 'train_auc': 0.7068243243243243, 'train_acc': 0.5919540229885057, 'train_bacc': 0.5202702702702703, 'val_loss': 0.7356844815340909, 'val_auc': 0.43826179120296765, 'val_acc': 0.5681818181818182, 'val_bacc': 0.49019607843137253, 'max_memory_allocated': 26041604096, 'max_memory_reserved': 32321306624}
/root/miniconda3/envs/myconda/lib/python3.10/site-packages/torch/utils/checkpoint.py:1399: FutureWarning: `torch.cpu.amp.autocast(args...)` is deprecated. Please use `torch.amp.autocast('cpu', args...)` instead.
  with device_autocast_ctx, torch.cpu.amp.autocast(**cpu_autocast_kwargs), recompute_context:  # type: ignore[attr-defined]
[WSI] epoch=7 iteration=1045 slide=normal_038 N=1 {'train_loss_cls': 0.283203125, 'train_loss_sr': 0.5713371634483337, 'train_loss_total': 0.3403368294239044, 'max_memory_allocated': 916147200, 'max_memory_reserved': 32321306624}
[WSI] epoch=7 iteration=1046 slide=normal_026 N=5 {'train_loss_cls': 0.306640625, 'train_loss_sr': 0.27977073192596436, 'train_loss_total': 0.3346177041530609, 'max_memory_allocated': 3873169408, 'max_memory_reserved': 32321306624}
[WSI] epoch=7 iteration=1047 slide=normal_053 N=18 {'train_loss_cls': 0.259765625, 'train_loss_sr': 0.3690910041332245, 'train_loss_total': 0.2966747283935547, 'max_memory_allocated': 13478471168, 'max_memory_reserved': 32321306624}
[WSI] epoch=7 iteration=1048 slide=tumor_017 N=9 {'train_loss_cls': 1.296875, 'train_loss_sr': 0.4272233247756958, 'train_loss_total': 1.3395973443984985, 'max_memory_allocated': 6827716608, 'max_memory_reserved': 32321306624}
[WSI] epoch=7 iteration=1049 slide=normal_141 N=7 {'train_loss_cls': 0.1640625, 'train_loss_sr': 0.23965634405612946, 'train_loss_total': 0.18802812695503235, 'max_memory_allocated': 5350662144, 'max_memory_reserved': 32321306624}
[gradient] slide_id=normal_054 N=1 {'rdn': 3.162158250808716, 'region_encoder': 0.0, 'abmil': 0.0, 'classifier': 4.042590141296387, 'p2w': 1.346819281578064}
[WSI] epoch=7 iteration=1050 slide=normal_054 N=1 {'train_loss_cls': 0.439453125, 'train_loss_sr': 0.4005843997001648, 'train_loss_total': 0.479511559009552, 'max_memory_allocated': 917036032, 'max_memory_reserved': 32321306624}
[WSI] epoch=7 iteration=1051 slide=normal_104 N=19 {'train_loss_cls': 0.203125, 'train_loss_sr': 0.7497642040252686, 'train_loss_total': 0.2781014144420624, 'max_memory_allocated': 14217150976, 'max_memory_reserved': 32321306624}
[WSI] epoch=7 iteration=1052 slide=tumor_097 N=18 {'train_loss_cls': 1.4296875, 'train_loss_sr': 0.4419950246810913, 'train_loss_total': 1.4738869667053223, 'max_memory_allocated': 13478111744, 'max_memory_reserved': 32321306624}
[WSI] epoch=7 iteration=1053 slide=tumor_049 N=3 {'train_loss_cls': 0.6796875, 'train_loss_sr': 0.3855409622192383, 'train_loss_total': 0.7182415723800659, 'max_memory_allocated': 2394577920, 'max_memory_reserved': 32321306624}
[WSI] epoch=7 iteration=1054 slide=tumor_034 N=6 {'train_loss_cls': 1.1015625, 'train_loss_sr': 0.4909570813179016, 'train_loss_total': 1.1506582498550415, 'max_memory_allocated': 4611853312, 'max_memory_reserved': 32321306624}
[WSI] epoch=7 iteration=1055 slide=tumor_025 N=9 {'train_loss_cls': 0.875, 'train_loss_sr': 0.5150660276412964, 'train_loss_total': 0.9265065789222717, 'max_memory_allocated': 6827601920, 'max_memory_reserved': 32321306624}
[WSI] epoch=7 iteration=1056 slide=normal_146 N=17 {'train_loss_cls': 0.486328125, 'train_loss_sr': 0.47752588987350464, 'train_loss_total': 0.5340807437896729, 'max_memory_allocated': 12739459072, 'max_memory_reserved': 32321306624}
[WSI] epoch=7 iteration=1057 slide=normal_035 N=1 {'train_loss_cls': 0.55078125, 'train_loss_sr': 0.2115318775177002, 'train_loss_total': 0.5719344615936279, 'max_memory_allocated': 916147200, 'max_memory_reserved': 32321306624}
[WSI] epoch=7 iteration=1058 slide=normal_116 N=8 {'train_loss_cls': 0.59375, 'train_loss_sr': 0.20120055973529816, 'train_loss_total': 0.6138700842857361, 'max_memory_allocated': 6088362496, 'max_memory_reserved': 32321306624}
[WSI] epoch=7 iteration=1059 slide=normal_014 N=2 {'train_loss_cls': 0.62109375, 'train_loss_sr': 0.20633748173713684, 'train_loss_total': 0.6417275071144104, 'max_memory_allocated': 1707813376, 'max_memory_reserved': 32321306624}
[gradient] slide_id=tumor_024 N=16 {'rdn': 1.6567085981369019, 'region_encoder': 0.0, 'abmil': 0.22727492451667786, 'classifier': 7.357553958892822, 'p2w': 0.6516554355621338}
[WSI] epoch=7 iteration=1060 slide=tumor_024 N=16 {'train_loss_cls': 0.67578125, 'train_loss_sr': 0.23728081583976746, 'train_loss_total': 0.69950932264328, 'max_memory_allocated': 12001712128, 'max_memory_reserved': 32321306624}
[WSI] epoch=7 iteration=1061 slide=normal_085 N=5 {'train_loss_cls': 0.64453125, 'train_loss_sr': 0.23608991503715515, 'train_loss_total': 0.6681402325630188, 'max_memory_allocated': 3873012224, 'max_memory_reserved': 32321306624}
[WSI] epoch=7 iteration=1062 slide=tumor_057 N=4 {'train_loss_cls': 0.75390625, 'train_loss_sr': 0.2325691282749176, 'train_loss_total': 0.7771631479263306, 'max_memory_allocated': 3134106112, 'max_memory_reserved': 32321306624}
[WSI] epoch=7 iteration=1063 slide=tumor_040 N=10 {'train_loss_cls': 0.5546875, 'train_loss_sr': 0.19235742092132568, 'train_loss_total': 0.5739232301712036, 'max_memory_allocated': 7566572032, 'max_memory_reserved': 32321306624}
[WSI] epoch=7 iteration=1064 slide=normal_068 N=6 {'train_loss_cls': 0.71875, 'train_loss_sr': 0.14421306550502777, 'train_loss_total': 0.733171284198761, 'max_memory_allocated': 4612205568, 'max_memory_reserved': 32321306624}
[WSI] epoch=7 iteration=1065 slide=tumor_028 N=17 {'train_loss_cls': 0.68359375, 'train_loss_sr': 0.16151267290115356, 'train_loss_total': 0.6997449994087219, 'max_memory_allocated': 12739590656, 'max_memory_reserved': 32321306624}
[WSI] epoch=7 iteration=1066 slide=normal_080 N=15 {'train_loss_cls': 0.80078125, 'train_loss_sr': 0.18657416105270386, 'train_loss_total': 0.8194386959075928, 'max_memory_allocated': 11262298624, 'max_memory_reserved': 32321306624}
[WSI] epoch=7 iteration=1067 slide=normal_037 N=8 {'train_loss_cls': 0.69140625, 'train_loss_sr': 0.21474885940551758, 'train_loss_total': 0.7128811478614807, 'max_memory_allocated': 6088176128, 'max_memory_reserved': 32321306624}
[WSI] epoch=7 iteration=1068 slide=normal_154 N=20 {'train_loss_cls': 0.65625, 'train_loss_sr': 0.19061961770057678, 'train_loss_total': 0.6753119826316833, 'max_memory_allocated': 14956608000, 'max_memory_reserved': 32321306624}
[WSI] epoch=7 iteration=1069 slide=tumor_022 N=7 {'train_loss_cls': 0.65234375, 'train_loss_sr': 0.14164406061172485, 'train_loss_total': 0.666508138179779, 'max_memory_allocated': 5350455808, 'max_memory_reserved': 32321306624}
[gradient] slide_id=tumor_002 N=5 {'rdn': 1.968432068824768, 'region_encoder': 0.0, 'abmil': 0.14762672781944275, 'classifier': 9.445968627929688, 'p2w': 0.399533748626709}
[WSI] epoch=7 iteration=1070 slide=tumor_002 N=5 {'train_loss_cls': 0.953125, 'train_loss_sr': 0.16813677549362183, 'train_loss_total': 0.9699386954307556, 'max_memory_allocated': 3872217600, 'max_memory_reserved': 32321306624}
[WSI] epoch=7 iteration=1071 slide=normal_157 N=16 {'train_loss_cls': 0.6796875, 'train_loss_sr': 0.1624779850244522, 'train_loss_total': 0.6959353089332581, 'max_memory_allocated': 12001217024, 'max_memory_reserved': 32321306624}
[WSI] epoch=7 iteration=1072 slide=normal_103 N=8 {'train_loss_cls': 0.5, 'train_loss_sr': 0.1894640028476715, 'train_loss_total': 0.5189464092254639, 'max_memory_allocated': 6088161792, 'max_memory_reserved': 32321306624}
[WSI] epoch=7 iteration=1073 slide=tumor_015 N=27 {'train_loss_cls': 0.6875, 'train_loss_sr': 0.19911691546440125, 'train_loss_total': 0.7074117064476013, 'max_memory_allocated': 20128815616, 'max_memory_reserved': 32321306624}
[WSI] epoch=7 iteration=1074 slide=normal_108 N=2 {'train_loss_cls': 0.41796875, 'train_loss_sr': 0.15146447718143463, 'train_loss_total': 0.4331151843070984, 'max_memory_allocated': 1706920448, 'max_memory_reserved': 32321306624}
[WSI] epoch=7 iteration=1075 slide=tumor_084 N=9 {'train_loss_cls': 0.84765625, 'train_loss_sr': 0.1341523379087448, 'train_loss_total': 0.8610714673995972, 'max_memory_allocated': 6828394496, 'max_memory_reserved': 32321306624}
[WSI] epoch=7 iteration=1076 slide=normal_007 N=3 {'train_loss_cls': 0.6484375, 'train_loss_sr': 0.11172416806221008, 'train_loss_total': 0.6596099138259888, 'max_memory_allocated': 2394942464, 'max_memory_reserved': 32321306624}
[WSI] epoch=7 iteration=1077 slide=normal_114 N=24 {'train_loss_cls': 0.5859375, 'train_loss_sr': 0.14597368240356445, 'train_loss_total': 0.6005348563194275, 'max_memory_allocated': 17913339904, 'max_memory_reserved': 32321306624}
[WSI] epoch=7 iteration=1078 slide=normal_029 N=1 {'train_loss_cls': 0.376953125, 'train_loss_sr': 0.1014864444732666, 'train_loss_total': 0.38710176944732666, 'max_memory_allocated': 916892160, 'max_memory_reserved': 32321306624}
[WSI] epoch=7 iteration=1079 slide=tumor_060 N=6 {'train_loss_cls': 0.84765625, 'train_loss_sr': 0.12696819007396698, 'train_loss_total': 0.8603530526161194, 'max_memory_allocated': 4612078592, 'max_memory_reserved': 32321306624}
[gradient] slide_id=tumor_094 N=16 {'rdn': 1.8225769996643066, 'region_encoder': 0.0, 'abmil': 0.34649035334587097, 'classifier': 8.683239936828613, 'p2w': 0.623650074005127}
[WSI] epoch=7 iteration=1080 slide=tumor_094 N=16 {'train_loss_cls': 0.9296875, 'train_loss_sr': 0.11084913462400436, 'train_loss_total': 0.9407724142074585, 'max_memory_allocated': 12001592832, 'max_memory_reserved': 32321306624}
[WSI] epoch=7 iteration=1081 slide=tumor_003 N=7 {'train_loss_cls': 1.015625, 'train_loss_sr': 0.1643567979335785, 'train_loss_total': 1.0320606231689453, 'max_memory_allocated': 5350319616, 'max_memory_reserved': 32321306624}
[WSI] epoch=7 iteration=1082 slide=tumor_086 N=23 {'train_loss_cls': 0.79296875, 'train_loss_sr': 0.1195431649684906, 'train_loss_total': 0.8049230575561523, 'max_memory_allocated': 17173142016, 'max_memory_reserved': 32321306624}
[WSI] epoch=7 iteration=1083 slide=normal_119 N=14 {'train_loss_cls': 0.453125, 'train_loss_sr': 0.12895849347114563, 'train_loss_total': 0.4660208523273468, 'max_memory_allocated': 10522065408, 'max_memory_reserved': 32321306624}
[WSI] epoch=7 iteration=1084 slide=tumor_047 N=15 {'train_loss_cls': 0.6484375, 'train_loss_sr': 0.13935241103172302, 'train_loss_total': 0.6623727679252625, 'max_memory_allocated': 11262982656, 'max_memory_reserved': 32321306624}
[WSI] epoch=7 iteration=1085 slide=normal_095 N=14 {'train_loss_cls': 0.65625, 'train_loss_sr': 0.1240273043513298, 'train_loss_total': 0.6686527132987976, 'max_memory_allocated': 10522487296, 'max_memory_reserved': 32321306624}
[WSI] epoch=7 iteration=1086 slide=tumor_105 N=6 {'train_loss_cls': 0.73828125, 'train_loss_sr': 0.12635843455791473, 'train_loss_total': 0.7509170770645142, 'max_memory_allocated': 4612247040, 'max_memory_reserved': 32321306624}
[WSI] epoch=7 iteration=1087 slide=normal_051 N=3 {'train_loss_cls': 0.515625, 'train_loss_sr': 0.13200613856315613, 'train_loss_total': 0.5288256406784058, 'max_memory_allocated': 2394770432, 'max_memory_reserved': 32321306624}
[WSI] epoch=7 iteration=1088 slide=tumor_037 N=10 {'train_loss_cls': 0.6875, 'train_loss_sr': 0.1284039318561554, 'train_loss_total': 0.7003403902053833, 'max_memory_allocated': 7566350848, 'max_memory_reserved': 32321306624}
[WSI] epoch=7 iteration=1089 slide=tumor_027 N=13 {'train_loss_cls': 0.6953125, 'train_loss_sr': 0.11668647825717926, 'train_loss_total': 0.7069811224937439, 'max_memory_allocated': 9784142336, 'max_memory_reserved': 32321306624}
[gradient] slide_id=normal_144 N=12 {'rdn': 1.5172784328460693, 'region_encoder': 0.0, 'abmil': 0.365302175283432, 'classifier': 10.300387382507324, 'p2w': 0.705814003944397}
[WSI] epoch=7 iteration=1090 slide=normal_144 N=12 {'train_loss_cls': 0.65234375, 'train_loss_sr': 0.10992017388343811, 'train_loss_total': 0.6633357405662537, 'max_memory_allocated': 9045539328, 'max_memory_reserved': 32321306624}
[WSI] epoch=7 iteration=1091 slide=normal_105 N=12 {'train_loss_cls': 0.65625, 'train_loss_sr': 0.1271265745162964, 'train_loss_total': 0.6689626574516296, 'max_memory_allocated': 9044978176, 'max_memory_reserved': 32321306624}
[WSI] epoch=7 iteration=1092 slide=tumor_087 N=10 {'train_loss_cls': 0.69140625, 'train_loss_sr': 0.07948946207761765, 'train_loss_total': 0.6993551850318909, 'max_memory_allocated': 7567235584, 'max_memory_reserved': 32321306624}
[WSI] epoch=7 iteration=1093 slide=normal_131 N=18 {'train_loss_cls': 0.5390625, 'train_loss_sr': 0.08570848405361176, 'train_loss_total': 0.5476333498954773, 'max_memory_allocated': 13478222336, 'max_memory_reserved': 32321306624}
[WSI] epoch=7 iteration=1094 slide=tumor_039 N=4 {'train_loss_cls': 0.66015625, 'train_loss_sr': 0.11867985129356384, 'train_loss_total': 0.6720242500305176, 'max_memory_allocated': 3132537344, 'max_memory_reserved': 32321306624}
[WSI] epoch=7 iteration=1095 slide=normal_083 N=3 {'train_loss_cls': 0.47265625, 'train_loss_sr': 0.12743231654167175, 'train_loss_total': 0.4853994846343994, 'max_memory_allocated': 2394618368, 'max_memory_reserved': 32321306624}
[WSI] epoch=7 iteration=1096 slide=normal_067 N=12 {'train_loss_cls': 0.640625, 'train_loss_sr': 0.1270209699869156, 'train_loss_total': 0.6533271074295044, 'max_memory_allocated': 9044867584, 'max_memory_reserved': 32321306624}
[WSI] epoch=7 iteration=1097 slide=tumor_079 N=14 {'train_loss_cls': 0.4765625, 'train_loss_sr': 0.08328457176685333, 'train_loss_total': 0.48489096760749817, 'max_memory_allocated': 10522618368, 'max_memory_reserved': 32321306624}
[WSI] epoch=7 iteration=1098 slide=tumor_103 N=18 {'train_loss_cls': 0.703125, 'train_loss_sr': 0.10710237920284271, 'train_loss_total': 0.7138352394104004, 'max_memory_allocated': 13478091264, 'max_memory_reserved': 32321306624}
[WSI] epoch=7 iteration=1099 slide=normal_126 N=17 {'train_loss_cls': 0.6171875, 'train_loss_sr': 0.10895578563213348, 'train_loss_total': 0.6280830502510071, 'max_memory_allocated': 12739811840, 'max_memory_reserved': 32321306624}
[gradient] slide_id=normal_058 N=7 {'rdn': 1.442552924156189, 'region_encoder': 0.0, 'abmil': 0.46357038617134094, 'classifier': 6.225277423858643, 'p2w': 0.3606102168560028}
[WSI] epoch=7 iteration=1100 slide=normal_058 N=7 {'train_loss_cls': 0.474609375, 'train_loss_sr': 0.16687710583209991, 'train_loss_total': 0.4912970960140228, 'max_memory_allocated': 5349792256, 'max_memory_reserved': 32321306624}
[WSI] epoch=7 iteration=1101 slide=normal_142 N=20 {'train_loss_cls': 0.4921875, 'train_loss_sr': 0.0991336852312088, 'train_loss_total': 0.5021008849143982, 'max_memory_allocated': 14956722688, 'max_memory_reserved': 32321306624}
[WSI] epoch=7 iteration=1102 slide=tumor_102 N=35 {'train_loss_cls': 0.61328125, 'train_loss_sr': 0.10827070474624634, 'train_loss_total': 0.6241083145141602, 'max_memory_allocated': 26042599424, 'max_memory_reserved': 32321306624}
[WSI] epoch=7 iteration=1103 slide=normal_124 N=19 {'train_loss_cls': 0.294921875, 'train_loss_sr': 0.09430959820747375, 'train_loss_total': 0.3043528199195862, 'max_memory_allocated': 14217185792, 'max_memory_reserved': 32321306624}
[WSI] epoch=7 iteration=1104 slide=tumor_073 N=19 {'train_loss_cls': 0.61328125, 'train_loss_sr': 0.068205825984478, 'train_loss_total': 0.620101809501648, 'max_memory_allocated': 14217137152, 'max_memory_reserved': 32321306624}
[WSI] epoch=7 iteration=1105 slide=normal_089 N=20 {'train_loss_cls': 0.6171875, 'train_loss_sr': 0.1452958583831787, 'train_loss_total': 0.6317170858383179, 'max_memory_allocated': 14956481024, 'max_memory_reserved': 32321306624}
[WSI] epoch=7 iteration=1106 slide=normal_100 N=8 {'train_loss_cls': 0.7890625, 'train_loss_sr': 0.1586112678050995, 'train_loss_total': 0.8049236536026001, 'max_memory_allocated': 6088784384, 'max_memory_reserved': 32321306624}
[WSI] epoch=7 iteration=1107 slide=normal_022 N=6 {'train_loss_cls': 0.376953125, 'train_loss_sr': 0.13381212949752808, 'train_loss_total': 0.3903343379497528, 'max_memory_allocated': 4612693504, 'max_memory_reserved': 32321306624}
[WSI] epoch=7 iteration=1108 slide=normal_071 N=5 {'train_loss_cls': 0.578125, 'train_loss_sr': 0.13361921906471252, 'train_loss_total': 0.591486930847168, 'max_memory_allocated': 3873270784, 'max_memory_reserved': 32321306624}
[WSI] epoch=7 iteration=1109 slide=normal_023 N=2 {'train_loss_cls': 0.296875, 'train_loss_sr': 0.10348660498857498, 'train_loss_total': 0.3072236478328705, 'max_memory_allocated': 1706920448, 'max_memory_reserved': 32321306624}
[gradient] slide_id=normal_136 N=15 {'rdn': 1.6770035028457642, 'region_encoder': 0.0, 'abmil': 0.2011803388595581, 'classifier': 5.981507778167725, 'p2w': 0.7401677370071411}
[WSI] epoch=7 iteration=1110 slide=normal_136 N=15 {'train_loss_cls': 0.4375, 'train_loss_sr': 0.0947866141796112, 'train_loss_total': 0.4469786584377289, 'max_memory_allocated': 11262319104, 'max_memory_reserved': 32321306624}
[WSI] epoch=7 iteration=1111 slide=tumor_048 N=15 {'train_loss_cls': 0.9921875, 'train_loss_sr': 0.15915173292160034, 'train_loss_total': 1.0081026554107666, 'max_memory_allocated': 11262056960, 'max_memory_reserved': 32321306624}
[WSI] epoch=7 iteration=1112 slide=normal_152 N=5 {'train_loss_cls': 0.41796875, 'train_loss_sr': 0.11419060826301575, 'train_loss_total': 0.42938780784606934, 'max_memory_allocated': 3872803840, 'max_memory_reserved': 32321306624}
[WSI] epoch=7 iteration=1113 slide=normal_028 N=5 {'train_loss_cls': 0.306640625, 'train_loss_sr': 0.16326913237571716, 'train_loss_total': 0.322967529296875, 'max_memory_allocated': 3873032704, 'max_memory_reserved': 32321306624}
[WSI] epoch=7 iteration=1114 slide=normal_148 N=5 {'train_loss_cls': 0.392578125, 'train_loss_sr': 0.1738024353981018, 'train_loss_total': 0.4099583625793457, 'max_memory_allocated': 3873475072, 'max_memory_reserved': 32321306624}
[WSI] epoch=7 iteration=1115 slide=normal_109 N=10 {'train_loss_cls': 0.341796875, 'train_loss_sr': 0.1621600091457367, 'train_loss_total': 0.3580128848552704, 'max_memory_allocated': 7566115840, 'max_memory_reserved': 32321306624}
[WSI] epoch=7 iteration=1116 slide=normal_097 N=17 {'train_loss_cls': 0.06591796875, 'train_loss_sr': 0.23980280756950378, 'train_loss_total': 0.0898982509970665, 'max_memory_allocated': 12739404800, 'max_memory_reserved': 32321306624}
[WSI] epoch=7 iteration=1117 slide=normal_018 N=3 {'train_loss_cls': 0.08251953125, 'train_loss_sr': 0.21909786760807037, 'train_loss_total': 0.10442931950092316, 'max_memory_allocated': 2394860544, 'max_memory_reserved': 32321306624}
[WSI] epoch=7 iteration=1118 slide=tumor_050 N=10 {'train_loss_cls': 2.734375, 'train_loss_sr': 0.22891347110271454, 'train_loss_total': 2.7572662830352783, 'max_memory_allocated': 7566350848, 'max_memory_reserved': 32321306624}
[WSI] epoch=7 iteration=1119 slide=normal_039 N=9 {'train_loss_cls': 0.107421875, 'train_loss_sr': 0.3475680351257324, 'train_loss_total': 0.14217868447303772, 'max_memory_allocated': 6827104768, 'max_memory_reserved': 32321306624}
[gradient] slide_id=tumor_066 N=7 {'rdn': 6.058460712432861, 'region_encoder': 0.0, 'abmil': 1.0579948425292969, 'classifier': 22.347105026245117, 'p2w': 1.1604094505310059}
[WSI] epoch=7 iteration=1120 slide=tumor_066 N=7 {'train_loss_cls': 1.59375, 'train_loss_sr': 0.3648826479911804, 'train_loss_total': 1.6302382946014404, 'max_memory_allocated': 5350505472, 'max_memory_reserved': 32321306624}
[WSI] epoch=7 iteration=1121 slide=normal_074 N=14 {'train_loss_cls': 0.126953125, 'train_loss_sr': 0.2569306492805481, 'train_loss_total': 0.15264618396759033, 'max_memory_allocated': 10522024448, 'max_memory_reserved': 32321306624}
[WSI] epoch=7 iteration=1122 slide=normal_093 N=8 {'train_loss_cls': 0.193359375, 'train_loss_sr': 0.2489960491657257, 'train_loss_total': 0.21825897693634033, 'max_memory_allocated': 6088915456, 'max_memory_reserved': 32321306624}
[WSI] epoch=7 iteration=1123 slide=normal_048 N=3 {'train_loss_cls': 0.51953125, 'train_loss_sr': 0.21911732852458954, 'train_loss_total': 0.5414429903030396, 'max_memory_allocated': 2394831872, 'max_memory_reserved': 32321306624}
[WSI] epoch=7 iteration=1124 slide=tumor_080 N=6 {'train_loss_cls': 1.1640625, 'train_loss_sr': 0.13379187881946564, 'train_loss_total': 1.1774417161941528, 'max_memory_allocated': 4611984384, 'max_memory_reserved': 32321306624}
[WSI] epoch=7 iteration=1125 slide=tumor_074 N=5 {'train_loss_cls': 1.140625, 'train_loss_sr': 0.17251096665859222, 'train_loss_total': 1.1578761339187622, 'max_memory_allocated': 3872514560, 'max_memory_reserved': 32321306624}
[WSI] epoch=7 iteration=1126 slide=tumor_007 N=12 {'train_loss_cls': 0.92578125, 'train_loss_sr': 0.18281057476997375, 'train_loss_total': 0.9440622925758362, 'max_memory_allocated': 9044601344, 'max_memory_reserved': 32321306624}
[WSI] epoch=7 iteration=1127 slide=normal_139 N=12 {'train_loss_cls': 0.423828125, 'train_loss_sr': 0.22722794115543365, 'train_loss_total': 0.4465509057044983, 'max_memory_allocated': 9045199360, 'max_memory_reserved': 32321306624}
[WSI] epoch=7 iteration=1128 slide=normal_129 N=19 {'train_loss_cls': 0.46484375, 'train_loss_sr': 0.19706377387046814, 'train_loss_total': 0.4845501184463501, 'max_memory_allocated': 14217494528, 'max_memory_reserved': 32321306624}
[WSI] epoch=7 iteration=1129 slide=normal_036 N=7 {'train_loss_cls': 0.314453125, 'train_loss_sr': 0.20871640741825104, 'train_loss_total': 0.335324764251709, 'max_memory_allocated': 5349792256, 'max_memory_reserved': 32321306624}
[gradient] slide_id=normal_135 N=13 {'rdn': 1.340076208114624, 'region_encoder': 0.0, 'abmil': 0.3771863281726837, 'classifier': 3.9650368690490723, 'p2w': 0.4573747515678406}
[WSI] epoch=7 iteration=1130 slide=normal_135 N=13 {'train_loss_cls': 0.310546875, 'train_loss_sr': 0.12736406922340393, 'train_loss_total': 0.32328328490257263, 'max_memory_allocated': 9783589376, 'max_memory_reserved': 32321306624}
[WSI] epoch=7 iteration=1131 slide=normal_145 N=20 {'train_loss_cls': 0.51953125, 'train_loss_sr': 0.15545061230659485, 'train_loss_total': 0.5350763201713562, 'max_memory_allocated': 14956718592, 'max_memory_reserved': 32321306624}
[WSI] epoch=7 iteration=1132 slide=tumor_046 N=19 {'train_loss_cls': 1.015625, 'train_loss_sr': 0.19567100703716278, 'train_loss_total': 1.0351921319961548, 'max_memory_allocated': 14217406976, 'max_memory_reserved': 32321306624}
[WSI] epoch=7 iteration=1133 slide=normal_128 N=11 {'train_loss_cls': 0.439453125, 'train_loss_sr': 0.16204960644245148, 'train_loss_total': 0.45565807819366455, 'max_memory_allocated': 8306637312, 'max_memory_reserved': 32321306624}
[WSI] epoch=7 iteration=1134 slide=normal_011 N=14 {'train_loss_cls': 0.416015625, 'train_loss_sr': 0.15968608856201172, 'train_loss_total': 0.4319842457771301, 'max_memory_allocated': 10522671616, 'max_memory_reserved': 32321306624}
[WSI] epoch=7 iteration=1135 slide=normal_113 N=19 {'train_loss_cls': 0.267578125, 'train_loss_sr': 0.1067381277680397, 'train_loss_total': 0.2782519459724426, 'max_memory_allocated': 14217072640, 'max_memory_reserved': 32321306624}
[WSI] epoch=7 iteration=1136 slide=normal_049 N=2 {'train_loss_cls': 0.455078125, 'train_loss_sr': 0.16856569051742554, 'train_loss_total': 0.4719347059726715, 'max_memory_allocated': 1706920448, 'max_memory_reserved': 32321306624}
[WSI] epoch=7 iteration=1137 slide=normal_015 N=5 {'train_loss_cls': 0.421875, 'train_loss_sr': 0.2006029486656189, 'train_loss_total': 0.44193530082702637, 'max_memory_allocated': 3873807872, 'max_memory_reserved': 32321306624}
[WSI] epoch=7 iteration=1138 slide=tumor_019 N=2 {'train_loss_cls': 0.7890625, 'train_loss_sr': 0.18333885073661804, 'train_loss_total': 0.807396411895752, 'max_memory_allocated': 1707362816, 'max_memory_reserved': 32321306624}
[WSI] epoch=7 iteration=1139 slide=normal_061 N=12 {'train_loss_cls': 0.265625, 'train_loss_sr': 0.153461754322052, 'train_loss_total': 0.2809711694717407, 'max_memory_allocated': 9044867584, 'max_memory_reserved': 32321306624}
[gradient] slide_id=normal_006 N=1 {'rdn': 1.047332763671875, 'region_encoder': 0.0, 'abmil': 0.0, 'classifier': 5.436878681182861, 'p2w': 0.10371209681034088}
[WSI] epoch=7 iteration=1140 slide=normal_006 N=1 {'train_loss_cls': 0.376953125, 'train_loss_sr': 0.19773708283901215, 'train_loss_total': 0.3967268466949463, 'max_memory_allocated': 917191168, 'max_memory_reserved': 32321306624}
[WSI] epoch=7 iteration=1141 slide=normal_107 N=16 {'train_loss_cls': 0.255859375, 'train_loss_sr': 0.17248474061489105, 'train_loss_total': 0.2731078565120697, 'max_memory_allocated': 12000995840, 'max_memory_reserved': 32321306624}
[WSI] epoch=7 iteration=1142 slide=normal_032 N=9 {'train_loss_cls': 0.44140625, 'train_loss_sr': 0.2154015302658081, 'train_loss_total': 0.46294641494750977, 'max_memory_allocated': 6828035072, 'max_memory_reserved': 32321306624}
[WSI] epoch=7 iteration=1143 slide=normal_133 N=10 {'train_loss_cls': 0.1611328125, 'train_loss_sr': 0.17743059992790222, 'train_loss_total': 0.1788758784532547, 'max_memory_allocated': 7567005184, 'max_memory_reserved': 32321306624}
[WSI] epoch=7 iteration=1144 slide=tumor_054 N=17 {'train_loss_cls': 1.28125, 'train_loss_sr': 0.14035972952842712, 'train_loss_total': 1.295285940170288, 'max_memory_allocated': 12740033024, 'max_memory_reserved': 32321306624}
[WSI] epoch=7 iteration=1145 slide=tumor_009 N=12 {'train_loss_cls': 1.2421875, 'train_loss_sr': 0.15346497297286987, 'train_loss_total': 1.2575340270996094, 'max_memory_allocated': 9045495296, 'max_memory_reserved': 32321306624}
[WSI] epoch=7 iteration=1146 slide=normal_002 N=2 {'train_loss_cls': 0.2216796875, 'train_loss_sr': 0.20268701016902924, 'train_loss_total': 0.24194839596748352, 'max_memory_allocated': 1707362816, 'max_memory_reserved': 32321306624}
[WSI] epoch=7 iteration=1147 slide=tumor_093 N=14 {'train_loss_cls': 1.21875, 'train_loss_sr': 0.1823505461215973, 'train_loss_total': 1.2369850873947144, 'max_memory_allocated': 10523030528, 'max_memory_reserved': 32321306624}
[WSI] epoch=7 iteration=1148 slide=tumor_088 N=12 {'train_loss_cls': 1.1953125, 'train_loss_sr': 0.15446677803993225, 'train_loss_total': 1.210759162902832, 'max_memory_allocated': 9044978176, 'max_memory_reserved': 32321306624}
[WSI] epoch=7 iteration=1149 slide=normal_111 N=31 {'train_loss_cls': 0.3046875, 'train_loss_sr': 0.11202506721019745, 'train_loss_total': 0.31589001417160034, 'max_memory_allocated': 23085947392, 'max_memory_reserved': 32321306624}
[gradient] slide_id=tumor_111 N=4 {'rdn': 2.012576103210449, 'region_encoder': 0.0, 'abmil': 0.0711292028427124, 'classifier': 12.580076217651367, 'p2w': 0.7590762376785278}
[WSI] epoch=7 iteration=1150 slide=tumor_111 N=4 {'train_loss_cls': 0.86328125, 'train_loss_sr': 0.17523503303527832, 'train_loss_total': 0.8808047771453857, 'max_memory_allocated': 3132185088, 'max_memory_reserved': 32321306624}
[WSI] epoch=7 iteration=1151 slide=tumor_052 N=15 {'train_loss_cls': 1.3671875, 'train_loss_sr': 0.211359441280365, 'train_loss_total': 1.388323426246643, 'max_memory_allocated': 11262650880, 'max_memory_reserved': 32321306624}
[WSI] epoch=7 iteration=1152 slide=tumor_058 N=5 {'train_loss_cls': 0.890625, 'train_loss_sr': 0.14516732096672058, 'train_loss_total': 0.9051417112350464, 'max_memory_allocated': 3872283136, 'max_memory_reserved': 32321306624}
[WSI] epoch=7 iteration=1153 slide=normal_070 N=16 {'train_loss_cls': 0.45703125, 'train_loss_sr': 0.20224568247795105, 'train_loss_total': 0.47725582122802734, 'max_memory_allocated': 12001548800, 'max_memory_reserved': 32321306624}
[WSI] epoch=7 iteration=1154 slide=tumor_078 N=15 {'train_loss_cls': 0.859375, 'train_loss_sr': 0.14371079206466675, 'train_loss_total': 0.8737460970878601, 'max_memory_allocated': 11262212096, 'max_memory_reserved': 32321306624}
[WSI] epoch=7 iteration=1155 slide=tumor_008 N=14 {'train_loss_cls': 0.7578125, 'train_loss_sr': 0.16750851273536682, 'train_loss_total': 0.7745633721351624, 'max_memory_allocated': 10522286592, 'max_memory_reserved': 32321306624}
[WSI] epoch=7 iteration=1156 slide=tumor_045 N=10 {'train_loss_cls': 0.88671875, 'train_loss_sr': 0.16442903876304626, 'train_loss_total': 0.9031616449356079, 'max_memory_allocated': 7566662144, 'max_memory_reserved': 32321306624}
[WSI] epoch=7 iteration=1157 slide=normal_040 N=16 {'train_loss_cls': 0.380859375, 'train_loss_sr': 0.16533420979976654, 'train_loss_total': 0.39739280939102173, 'max_memory_allocated': 12001548800, 'max_memory_reserved': 32321306624}
[WSI] epoch=7 iteration=1158 slide=normal_063 N=7 {'train_loss_cls': 0.74609375, 'train_loss_sr': 0.1772574931383133, 'train_loss_total': 0.7638195157051086, 'max_memory_allocated': 5350234624, 'max_memory_reserved': 32321306624}
[WSI] epoch=7 iteration=1159 slide=tumor_089 N=26 {'train_loss_cls': 0.63671875, 'train_loss_sr': 0.13876323401927948, 'train_loss_total': 0.6505950689315796, 'max_memory_allocated': 19389955584, 'max_memory_reserved': 32321306624}
[gradient] slide_id=tumor_042 N=4 {'rdn': 1.9810887575149536, 'region_encoder': 0.0, 'abmil': 0.15130995213985443, 'classifier': 8.605037689208984, 'p2w': 0.5313588976860046}
[WSI] epoch=7 iteration=1160 slide=tumor_042 N=4 {'train_loss_cls': 0.80859375, 'train_loss_sr': 0.12425968050956726, 'train_loss_total': 0.82101970911026, 'max_memory_allocated': 3132744192, 'max_memory_reserved': 32321306624}
[WSI] epoch=7 iteration=1161 slide=tumor_041 N=5 {'train_loss_cls': 0.54296875, 'train_loss_sr': 0.1148664653301239, 'train_loss_total': 0.5544553995132446, 'max_memory_allocated': 3872500736, 'max_memory_reserved': 32321306624}
[WSI] epoch=7 iteration=1162 slide=tumor_108 N=22 {'train_loss_cls': 0.62109375, 'train_loss_sr': 0.09594923257827759, 'train_loss_total': 0.6306886672973633, 'max_memory_allocated': 16434248192, 'max_memory_reserved': 32321306624}
[WSI] epoch=7 iteration=1163 slide=normal_003 N=7 {'train_loss_cls': 0.7109375, 'train_loss_sr': 0.13252152502536774, 'train_loss_total': 0.7241896390914917, 'max_memory_allocated': 5350566400, 'max_memory_reserved': 32321306624}
[WSI] epoch=7 iteration=1164 slide=normal_052 N=15 {'train_loss_cls': 0.76171875, 'train_loss_sr': 0.14158710837364197, 'train_loss_total': 0.7758774757385254, 'max_memory_allocated': 11262740992, 'max_memory_reserved': 32321306624}
[WSI] epoch=7 iteration=1165 slide=tumor_071 N=12 {'train_loss_cls': 0.43359375, 'train_loss_sr': 0.14731861650943756, 'train_loss_total': 0.44832560420036316, 'max_memory_allocated': 9044856320, 'max_memory_reserved': 32321306624}
[WSI] epoch=7 iteration=1166 slide=tumor_061 N=13 {'train_loss_cls': 0.296875, 'train_loss_sr': 0.13625279068946838, 'train_loss_total': 0.31050026416778564, 'max_memory_allocated': 9783106048, 'max_memory_reserved': 32321306624}
[WSI] epoch=7 iteration=1167 slide=tumor_001 N=7 {'train_loss_cls': 0.55078125, 'train_loss_sr': 0.10771714150905609, 'train_loss_total': 0.5615529417991638, 'max_memory_allocated': 5350013440, 'max_memory_reserved': 32321306624}
[WSI] epoch=7 iteration=1168 slide=tumor_109 N=10 {'train_loss_cls': 0.48828125, 'train_loss_sr': 0.08441764116287231, 'train_loss_total': 0.4967230260372162, 'max_memory_allocated': 7566883328, 'max_memory_reserved': 32321306624}
[WSI] epoch=7 iteration=1169 slide=tumor_021 N=16 {'train_loss_cls': 0.44140625, 'train_loss_sr': 0.14053738117218018, 'train_loss_total': 0.45545998215675354, 'max_memory_allocated': 12001237504, 'max_memory_reserved': 32321306624}
[gradient] slide_id=tumor_082 N=3 {'rdn': 1.3137542009353638, 'region_encoder': 0.0, 'abmil': 0.06787566840648651, 'classifier': 5.794792652130127, 'p2w': 0.5008899569511414}
[WSI] epoch=7 iteration=1170 slide=tumor_082 N=3 {'train_loss_cls': 0.34765625, 'train_loss_sr': 0.10960344225168228, 'train_loss_total': 0.35861659049987793, 'max_memory_allocated': 2395163648, 'max_memory_reserved': 32321306624}
[WSI] epoch=7 iteration=1171 slide=tumor_035 N=4 {'train_loss_cls': 0.21484375, 'train_loss_sr': 0.16417989134788513, 'train_loss_total': 0.231261745095253, 'max_memory_allocated': 3132350464, 'max_memory_reserved': 32321306624}
[WSI] epoch=7 iteration=1172 slide=normal_008 N=1 {'train_loss_cls': 0.73046875, 'train_loss_sr': 0.2111206352710724, 'train_loss_total': 0.7515808343887329, 'max_memory_allocated': 916409344, 'max_memory_reserved': 32321306624}
[WSI] epoch=7 iteration=1173 slide=normal_151 N=16 {'train_loss_cls': 1.03125, 'train_loss_sr': 0.15186214447021484, 'train_loss_total': 1.0464361906051636, 'max_memory_allocated': 12001790464, 'max_memory_reserved': 32321306624}
[WSI] epoch=7 iteration=1174 slide=tumor_081 N=6 {'train_loss_cls': 0.2314453125, 'train_loss_sr': 0.1443295031785965, 'train_loss_total': 0.24587826430797577, 'max_memory_allocated': 4612004864, 'max_memory_reserved': 32321306624}
[WSI] epoch=7 iteration=1175 slide=normal_156 N=13 {'train_loss_cls': 0.95703125, 'train_loss_sr': 0.15389925241470337, 'train_loss_total': 0.9724211692810059, 'max_memory_allocated': 9783368192, 'max_memory_reserved': 32321306624}
[WSI] epoch=7 iteration=1176 slide=normal_084 N=1 {'train_loss_cls': 0.70703125, 'train_loss_sr': 0.1485532820224762, 'train_loss_total': 0.7218865752220154, 'max_memory_allocated': 916147200, 'max_memory_reserved': 32321306624}
[WSI] epoch=7 iteration=1177 slide=normal_078 N=6 {'train_loss_cls': 0.9375, 'train_loss_sr': 0.1814563274383545, 'train_loss_total': 0.9556456208229065, 'max_memory_allocated': 4613184000, 'max_memory_reserved': 32321306624}
[WSI] epoch=7 iteration=1178 slide=tumor_044 N=12 {'train_loss_cls': 0.2353515625, 'train_loss_sr': 0.192072331905365, 'train_loss_total': 0.254558801651001, 'max_memory_allocated': 9044666880, 'max_memory_reserved': 32321306624}
[WSI] epoch=7 iteration=1179 slide=normal_096 N=7 {'train_loss_cls': 0.60546875, 'train_loss_sr': 0.16697123646736145, 'train_loss_total': 0.622165858745575, 'max_memory_allocated': 5349792256, 'max_memory_reserved': 32321306624}
[gradient] slide_id=tumor_011 N=6 {'rdn': 4.204535961151123, 'region_encoder': 0.0, 'abmil': 2.0510830879211426, 'classifier': 10.341358184814453, 'p2w': 0.24114800989627838}
[WSI] epoch=7 iteration=1180 slide=tumor_011 N=6 {'train_loss_cls': 0.890625, 'train_loss_sr': 0.15722475945949554, 'train_loss_total': 0.9063474535942078, 'max_memory_allocated': 4612723712, 'max_memory_reserved': 32321306624}
[WSI] epoch=7 iteration=1181 slide=normal_158 N=18 {'train_loss_cls': 0.7578125, 'train_loss_sr': 0.14965084195137024, 'train_loss_total': 0.7727775573730469, 'max_memory_allocated': 13479184384, 'max_memory_reserved': 32321306624}
[WSI] epoch=7 iteration=1182 slide=tumor_072 N=20 {'train_loss_cls': 0.482421875, 'train_loss_sr': 0.14797598123550415, 'train_loss_total': 0.4972194731235504, 'max_memory_allocated': 14956517888, 'max_memory_reserved': 32321306624}
[WSI] epoch=7 iteration=1183 slide=tumor_012 N=7 {'train_loss_cls': 0.67578125, 'train_loss_sr': 0.1979810893535614, 'train_loss_total': 0.6955793499946594, 'max_memory_allocated': 5350308352, 'max_memory_reserved': 32321306624}
[WSI] epoch=7 iteration=1184 slide=normal_088 N=14 {'train_loss_cls': 0.8984375, 'train_loss_sr': 0.19331035017967224, 'train_loss_total': 0.9177685379981995, 'max_memory_allocated': 10522208768, 'max_memory_reserved': 32321306624}
[WSI] epoch=7 iteration=1185 slide=normal_012 N=3 {'train_loss_cls': 0.8671875, 'train_loss_sr': 0.18755677342414856, 'train_loss_total': 0.8859431743621826, 'max_memory_allocated': 2394467328, 'max_memory_reserved': 32321306624}
[WSI] epoch=7 iteration=1186 slide=normal_120 N=10 {'train_loss_cls': 0.671875, 'train_loss_sr': 0.13958004117012024, 'train_loss_total': 0.6858329772949219, 'max_memory_allocated': 7566440960, 'max_memory_reserved': 32321306624}
[WSI] epoch=7 iteration=1187 slide=tumor_004 N=15 {'train_loss_cls': 0.421875, 'train_loss_sr': 0.16444841027259827, 'train_loss_total': 0.4383198320865631, 'max_memory_allocated': 11262188032, 'max_memory_reserved': 32321306624}
[WSI] epoch=7 iteration=1188 slide=tumor_020 N=7 {'train_loss_cls': 0.36328125, 'train_loss_sr': 0.15855425596237183, 'train_loss_total': 0.37913668155670166, 'max_memory_allocated': 5350675456, 'max_memory_reserved': 32321306624}
[WSI] epoch=7 iteration=1189 slide=normal_079 N=8 {'train_loss_cls': 0.734375, 'train_loss_sr': 0.19307604432106018, 'train_loss_total': 0.7536826133728027, 'max_memory_allocated': 6088382976, 'max_memory_reserved': 32321306624}
[gradient] slide_id=normal_047 N=5 {'rdn': 1.5406112670898438, 'region_encoder': 0.0, 'abmil': 0.44132235646247864, 'classifier': 7.543064594268799, 'p2w': 0.4333121180534363}
[WSI] epoch=7 iteration=1190 slide=normal_047 N=5 {'train_loss_cls': 0.734375, 'train_loss_sr': 0.16005802154541016, 'train_loss_total': 0.75038081407547, 'max_memory_allocated': 3873143296, 'max_memory_reserved': 32321306624}
[WSI] epoch=7 iteration=1191 slide=tumor_016 N=5 {'train_loss_cls': 0.474609375, 'train_loss_sr': 0.15661956369876862, 'train_loss_total': 0.49027132987976074, 'max_memory_allocated': 3872569856, 'max_memory_reserved': 32321306624}
[WSI] epoch=7 iteration=1192 slide=normal_031 N=6 {'train_loss_cls': 0.84375, 'train_loss_sr': 0.18478867411613464, 'train_loss_total': 0.8622288703918457, 'max_memory_allocated': 4612094976, 'max_memory_reserved': 32321306624}
[WSI] epoch=7 iteration=1193 slide=normal_102 N=11 {'train_loss_cls': 0.63671875, 'train_loss_sr': 0.08673463761806488, 'train_loss_total': 0.6453922390937805, 'max_memory_allocated': 8305621504, 'max_memory_reserved': 32321306624}
[WSI] epoch=7 iteration=1194 slide=tumor_106 N=22 {'train_loss_cls': 0.52734375, 'train_loss_sr': 0.09644700586795807, 'train_loss_total': 0.5369884371757507, 'max_memory_allocated': 16434158080, 'max_memory_reserved': 32321306624}
[WSI] epoch=7 iteration=1195 slide=tumor_068 N=15 {'train_loss_cls': 0.58203125, 'train_loss_sr': 0.14056578278541565, 'train_loss_total': 0.5960878133773804, 'max_memory_allocated': 11263563264, 'max_memory_reserved': 32321306624}
[WSI] epoch=7 iteration=1196 slide=normal_087 N=11 {'train_loss_cls': 0.77734375, 'train_loss_sr': 0.13946262001991272, 'train_loss_total': 0.7912899851799011, 'max_memory_allocated': 8305420800, 'max_memory_reserved': 32321306624}
[WSI] epoch=7 iteration=1197 slide=tumor_098 N=9 {'train_loss_cls': 0.5390625, 'train_loss_sr': 0.10053981840610504, 'train_loss_total': 0.5491164922714233, 'max_memory_allocated': 6828311552, 'max_memory_reserved': 32321306624}
[WSI] epoch=7 iteration=1198 slide=normal_106 N=15 {'train_loss_cls': 0.80078125, 'train_loss_sr': 0.10311039537191391, 'train_loss_total': 0.8110923171043396, 'max_memory_allocated': 11262077440, 'max_memory_reserved': 32321306624}
[WSI] epoch=7 iteration=1199 slide=normal_041 N=7 {'train_loss_cls': 0.46484375, 'train_loss_sr': 0.16671666502952576, 'train_loss_total': 0.48151540756225586, 'max_memory_allocated': 5350103552, 'max_memory_reserved': 32321306624}
[gradient] slide_id=tumor_077 N=14 {'rdn': 2.9659860134124756, 'region_encoder': 0.0, 'abmil': 0.41484731435775757, 'classifier': 8.648416519165039, 'p2w': 0.5666719079017639}
[WSI] epoch=7 iteration=1200 slide=tumor_077 N=14 {'train_loss_cls': 1.0625, 'train_loss_sr': 0.12530408799648285, 'train_loss_total': 1.0750304460525513, 'max_memory_allocated': 10522716672, 'max_memory_reserved': 32321306624}
[WSI] epoch=7 iteration=1201 slide=normal_077 N=5 {'train_loss_cls': 0.57421875, 'train_loss_sr': 0.16010671854019165, 'train_loss_total': 0.5902293920516968, 'max_memory_allocated': 3872245760, 'max_memory_reserved': 32321306624}
[WSI] epoch=7 iteration=1202 slide=normal_081 N=6 {'train_loss_cls': 0.73046875, 'train_loss_sr': 0.1465282440185547, 'train_loss_total': 0.7451215982437134, 'max_memory_allocated': 4612405760, 'max_memory_reserved': 32321306624}
[WSI] epoch=7 iteration=1203 slide=normal_065 N=6 {'train_loss_cls': 0.85546875, 'train_loss_sr': 0.16317714750766754, 'train_loss_total': 0.8717864751815796, 'max_memory_allocated': 4612115456, 'max_memory_reserved': 32321306624}
[WSI] epoch=7 iteration=1204 slide=normal_121 N=13 {'train_loss_cls': 0.4609375, 'train_loss_sr': 0.14785714447498322, 'train_loss_total': 0.4757232069969177, 'max_memory_allocated': 9783589376, 'max_memory_reserved': 32321306624}
[WSI] epoch=7 iteration=1205 slide=normal_076 N=24 {'train_loss_cls': 0.46875, 'train_loss_sr': 0.1749965101480484, 'train_loss_total': 0.4862496554851532, 'max_memory_allocated': 17912437248, 'max_memory_reserved': 32321306624}
[WSI] epoch=7 iteration=1206 slide=normal_066 N=26 {'train_loss_cls': 0.484375, 'train_loss_sr': 0.16817842423915863, 'train_loss_total': 0.5011928677558899, 'max_memory_allocated': 19390732800, 'max_memory_reserved': 32321306624}
[WSI] epoch=7 iteration=1207 slide=tumor_107 N=6 {'train_loss_cls': 0.33984375, 'train_loss_sr': 0.1347641795873642, 'train_loss_total': 0.3533201813697815, 'max_memory_allocated': 4612226048, 'max_memory_reserved': 32321306624}
[WSI] epoch=7 iteration=1208 slide=normal_044 N=4 {'train_loss_cls': 0.8515625, 'train_loss_sr': 0.10152795165777206, 'train_loss_total': 0.8617153167724609, 'max_memory_allocated': 3134056448, 'max_memory_reserved': 32321306624}
[WSI] epoch=7 iteration=1209 slide=tumor_095 N=29 {'train_loss_cls': 1.234375, 'train_loss_sr': 0.10648266971111298, 'train_loss_total': 1.245023250579834, 'max_memory_allocated': 21607398912, 'max_memory_reserved': 32321306624}
[gradient] slide_id=tumor_005 N=4 {'rdn': 6.021670341491699, 'region_encoder': 0.0, 'abmil': 3.1589515209198, 'classifier': 11.351921081542969, 'p2w': 1.1076040267944336}
[WSI] epoch=7 iteration=1210 slide=tumor_005 N=4 {'train_loss_cls': 1.21875, 'train_loss_sr': 0.13141143321990967, 'train_loss_total': 1.23189115524292, 'max_memory_allocated': 3133880832, 'max_memory_reserved': 32321306624}
[WSI] epoch=7 iteration=1211 slide=normal_155 N=11 {'train_loss_cls': 0.27734375, 'train_loss_sr': 0.12893760204315186, 'train_loss_total': 0.29023751616477966, 'max_memory_allocated': 8305732096, 'max_memory_reserved': 32321306624}
[WSI] epoch=7 iteration=1212 slide=tumor_043 N=4 {'train_loss_cls': 0.82421875, 'train_loss_sr': 0.15976256132125854, 'train_loss_total': 0.8401950001716614, 'max_memory_allocated': 3133598208, 'max_memory_reserved': 32321306624}
[WSI] epoch=7 iteration=1213 slide=normal_062 N=2 {'train_loss_cls': 0.470703125, 'train_loss_sr': 0.1813126504421234, 'train_loss_total': 0.4888343811035156, 'max_memory_allocated': 1707141632, 'max_memory_reserved': 32321306624}
[WSI] epoch=7 iteration=1214 slide=tumor_038 N=2 {'train_loss_cls': 0.73046875, 'train_loss_sr': 0.1562487781047821, 'train_loss_total': 0.7460936307907104, 'max_memory_allocated': 1706789376, 'max_memory_reserved': 32321306624}
[WSI] epoch=7 iteration=1215 slide=normal_064 N=9 {'train_loss_cls': 0.3515625, 'train_loss_sr': 0.1339302361011505, 'train_loss_total': 0.36495551466941833, 'max_memory_allocated': 6827788800, 'max_memory_reserved': 32321306624}
[WSI] epoch=7 iteration=1216 slide=normal_159 N=14 {'train_loss_cls': 0.49609375, 'train_loss_sr': 0.10872252285480499, 'train_loss_total': 0.5069659948348999, 'max_memory_allocated': 10522616320, 'max_memory_reserved': 32321306624}
[WSI] epoch=7 iteration=1217 slide=normal_153 N=12 {'train_loss_cls': 0.412109375, 'train_loss_sr': 0.12318110466003418, 'train_loss_total': 0.42442747950553894, 'max_memory_allocated': 9046260224, 'max_memory_reserved': 32321306624}
[WSI] epoch=7 iteration=1218 slide=tumor_083 N=14 {'train_loss_cls': 0.90234375, 'train_loss_sr': 0.10423117130994797, 'train_loss_total': 0.9127668738365173, 'max_memory_allocated': 10522790400, 'max_memory_reserved': 32321306624}
[epoch] {'epoch': 7, 'train_loss_cls': 0.6367411997126436, 'train_loss_sr': 0.17603861283639383, 'train_loss_total': 0.6543450610305386, 'train_auc': 0.8410135135135135, 'train_acc': 0.632183908045977, 'train_bacc': 0.5693243243243243, 'val_loss': 0.7124800248579546, 'val_auc': 0.4650238473767886, 'val_acc': 0.5795454545454546, 'val_bacc': 0.5037095919448861, 'max_memory_allocated': 26042599424, 'max_memory_reserved': 32321306624}
/root/miniconda3/envs/myconda/lib/python3.10/site-packages/torch/utils/checkpoint.py:1399: FutureWarning: `torch.cpu.amp.autocast(args...)` is deprecated. Please use `torch.amp.autocast('cpu', args...)` instead.
  with device_autocast_ctx, torch.cpu.amp.autocast(**cpu_autocast_kwargs), recompute_context:  # type: ignore[attr-defined]
[WSI] epoch=8 iteration=1219 slide=normal_107 N=16 {'train_loss_cls': 0.306640625, 'train_loss_sr': 0.10427471995353699, 'train_loss_total': 0.31706809997558594, 'max_memory_allocated': 12001769984, 'max_memory_reserved': 32321306624}
[gradient] slide_id=tumor_077 N=14 {'rdn': 4.164498329162598, 'region_encoder': 0.0, 'abmil': 0.45326870679855347, 'classifier': 7.89153528213501, 'p2w': 0.6587365865707397}
[WSI] epoch=8 iteration=1220 slide=tumor_077 N=14 {'train_loss_cls': 1.3046875, 'train_loss_sr': 0.11972981691360474, 'train_loss_total': 1.3166605234146118, 'max_memory_allocated': 10522044928, 'max_memory_reserved': 32321306624}
[WSI] epoch=8 iteration=1221 slide=normal_104 N=19 {'train_loss_cls': 0.44921875, 'train_loss_sr': 0.1298663318157196, 'train_loss_total': 0.4622053802013397, 'max_memory_allocated': 14216944128, 'max_memory_reserved': 32321306624}
[WSI] epoch=8 iteration=1222 slide=normal_087 N=11 {'train_loss_cls': 0.466796875, 'train_loss_sr': 0.18372735381126404, 'train_loss_total': 0.4851696193218231, 'max_memory_allocated': 8305953280, 'max_memory_reserved': 32321306624}
[WSI] epoch=8 iteration=1223 slide=tumor_027 N=13 {'train_loss_cls': 0.76171875, 'train_loss_sr': 0.19853152334690094, 'train_loss_total': 0.7815719246864319, 'max_memory_allocated': 9783126528, 'max_memory_reserved': 32321306624}
[WSI] epoch=8 iteration=1224 slide=normal_083 N=3 {'train_loss_cls': 0.306640625, 'train_loss_sr': 0.1755618155002594, 'train_loss_total': 0.32419681549072266, 'max_memory_allocated': 2395040768, 'max_memory_reserved': 32321306624}
[WSI] epoch=8 iteration=1225 slide=normal_148 N=5 {'train_loss_cls': 0.55078125, 'train_loss_sr': 0.10955598205327988, 'train_loss_total': 0.5617368221282959, 'max_memory_allocated': 3873659392, 'max_memory_reserved': 32321306624}
[WSI] epoch=8 iteration=1226 slide=normal_031 N=6 {'train_loss_cls': 0.494140625, 'train_loss_sr': 0.16518248617649078, 'train_loss_total': 0.510658860206604, 'max_memory_allocated': 4612949504, 'max_memory_reserved': 32321306624}
[WSI] epoch=8 iteration=1227 slide=tumor_073 N=19 {'train_loss_cls': 0.8046875, 'train_loss_sr': 0.13139909505844116, 'train_loss_total': 0.8178274035453796, 'max_memory_allocated': 14217898496, 'max_memory_reserved': 32321306624}
[WSI] epoch=8 iteration=1228 slide=normal_089 N=20 {'train_loss_cls': 0.4140625, 'train_loss_sr': 0.13798683881759644, 'train_loss_total': 0.42786118388175964, 'max_memory_allocated': 14956259840, 'max_memory_reserved': 32321306624}
[WSI] epoch=8 iteration=1229 slide=tumor_081 N=6 {'train_loss_cls': 0.671875, 'train_loss_sr': 0.1563338339328766, 'train_loss_total': 0.6875084042549133, 'max_memory_allocated': 4612004864, 'max_memory_reserved': 32321306624}
[gradient] slide_id=normal_095 N=14 {'rdn': 1.6072893142700195, 'region_encoder': 0.0, 'abmil': 0.32126277685165405, 'classifier': 5.938623905181885, 'p2w': 0.4988850951194763}
[WSI] epoch=8 iteration=1230 slide=normal_095 N=14 {'train_loss_cls': 0.51953125, 'train_loss_sr': 0.16242748498916626, 'train_loss_total': 0.5357739925384521, 'max_memory_allocated': 10522632192, 'max_memory_reserved': 32321306624}
[WSI] epoch=8 iteration=1231 slide=tumor_021 N=16 {'train_loss_cls': 0.91015625, 'train_loss_sr': 0.14405712485313416, 'train_loss_total': 0.9245619773864746, 'max_memory_allocated': 12000778752, 'max_memory_reserved': 32321306624}
[WSI] epoch=8 iteration=1232 slide=normal_120 N=10 {'train_loss_cls': 0.3203125, 'train_loss_sr': 0.13256773352622986, 'train_loss_total': 0.3335692882537842, 'max_memory_allocated': 7566551552, 'max_memory_reserved': 32321306624}
[WSI] epoch=8 iteration=1233 slide=normal_088 N=14 {'train_loss_cls': 0.443359375, 'train_loss_sr': 0.14099445939064026, 'train_loss_total': 0.45745882391929626, 'max_memory_allocated': 10522286592, 'max_memory_reserved': 32321306624}
[WSI] epoch=8 iteration=1234 slide=tumor_048 N=15 {'train_loss_cls': 0.84765625, 'train_loss_sr': 0.13584241271018982, 'train_loss_total': 0.8612405061721802, 'max_memory_allocated': 11262851584, 'max_memory_reserved': 32321306624}
[WSI] epoch=8 iteration=1235 slide=normal_038 N=1 {'train_loss_cls': 0.36328125, 'train_loss_sr': 0.12128566205501556, 'train_loss_total': 0.3754098117351532, 'max_memory_allocated': 916474880, 'max_memory_reserved': 32321306624}
[WSI] epoch=8 iteration=1236 slide=tumor_082 N=3 {'train_loss_cls': 0.890625, 'train_loss_sr': 0.06301884353160858, 'train_loss_total': 0.8969268798828125, 'max_memory_allocated': 2394115072, 'max_memory_reserved': 32321306624}
[WSI] epoch=8 iteration=1237 slide=tumor_072 N=20 {'train_loss_cls': 0.84375, 'train_loss_sr': 0.12261570990085602, 'train_loss_total': 0.8560115694999695, 'max_memory_allocated': 14956718592, 'max_memory_reserved': 32321306624}
[WSI] epoch=8 iteration=1238 slide=normal_159 N=14 {'train_loss_cls': 0.59765625, 'train_loss_sr': 0.15457244217395782, 'train_loss_total': 0.613113522529602, 'max_memory_allocated': 10522286592, 'max_memory_reserved': 32321306624}
[WSI] epoch=8 iteration=1239 slide=tumor_011 N=6 {'train_loss_cls': 1.1328125, 'train_loss_sr': 0.15252208709716797, 'train_loss_total': 1.1480647325515747, 'max_memory_allocated': 4612426752, 'max_memory_reserved': 32321306624}
[gradient] slide_id=normal_047 N=5 {'rdn': 1.6955368518829346, 'region_encoder': 0.0, 'abmil': 0.43666818737983704, 'classifier': 4.972462177276611, 'p2w': 0.2709466516971588}
[WSI] epoch=8 iteration=1240 slide=normal_047 N=5 {'train_loss_cls': 0.462890625, 'train_loss_sr': 0.16881504654884338, 'train_loss_total': 0.4797721207141876, 'max_memory_allocated': 3872479744, 'max_memory_reserved': 32321306624}
[WSI] epoch=8 iteration=1241 slide=tumor_074 N=5 {'train_loss_cls': 0.9765625, 'train_loss_sr': 0.12477385252714157, 'train_loss_total': 0.9890398979187012, 'max_memory_allocated': 3872827904, 'max_memory_reserved': 32321306624}
[WSI] epoch=8 iteration=1242 slide=tumor_008 N=14 {'train_loss_cls': 0.90234375, 'train_loss_sr': 0.15144670009613037, 'train_loss_total': 0.9174883961677551, 'max_memory_allocated': 10523003392, 'max_memory_reserved': 32321306624}
[WSI] epoch=8 iteration=1243 slide=tumor_044 N=12 {'train_loss_cls': 0.640625, 'train_loss_sr': 0.1503613144159317, 'train_loss_total': 0.6556611061096191, 'max_memory_allocated': 9045358080, 'max_memory_reserved': 32321306624}
[WSI] epoch=8 iteration=1244 slide=tumor_003 N=7 {'train_loss_cls': 1.078125, 'train_loss_sr': 0.11705146729946136, 'train_loss_total': 1.0898301601409912, 'max_memory_allocated': 5349792256, 'max_memory_reserved': 32321306624}
[WSI] epoch=8 iteration=1245 slide=tumor_079 N=14 {'train_loss_cls': 0.349609375, 'train_loss_sr': 0.07544967532157898, 'train_loss_total': 0.35715433955192566, 'max_memory_allocated': 10522597888, 'max_memory_reserved': 32321306624}
[WSI] epoch=8 iteration=1246 slide=tumor_097 N=18 {'train_loss_cls': 0.70703125, 'train_loss_sr': 0.10991379618644714, 'train_loss_total': 0.7180226445198059, 'max_memory_allocated': 13478707200, 'max_memory_reserved': 32321306624}
[WSI] epoch=8 iteration=1247 slide=normal_157 N=16 {'train_loss_cls': 0.76171875, 'train_loss_sr': 0.13259389996528625, 'train_loss_total': 0.7749781608581543, 'max_memory_allocated': 12001209856, 'max_memory_reserved': 32321306624}
[WSI] epoch=8 iteration=1248 slide=normal_093 N=8 {'train_loss_cls': 0.435546875, 'train_loss_sr': 0.14304465055465698, 'train_loss_total': 0.4498513340950012, 'max_memory_allocated': 6089120256, 'max_memory_reserved': 32321306624}
[WSI] epoch=8 iteration=1249 slide=tumor_054 N=17 {'train_loss_cls': 0.76953125, 'train_loss_sr': 0.11872680485248566, 'train_loss_total': 0.7814039587974548, 'max_memory_allocated': 12740061696, 'max_memory_reserved': 32321306624}
[gradient] slide_id=tumor_080 N=6 {'rdn': 1.5843449831008911, 'region_encoder': 0.0, 'abmil': 0.0851450189948082, 'classifier': 6.932686805725098, 'p2w': 0.32974618673324585}
[WSI] epoch=8 iteration=1250 slide=tumor_080 N=6 {'train_loss_cls': 0.58984375, 'train_loss_sr': 0.12894666194915771, 'train_loss_total': 0.6027384400367737, 'max_memory_allocated': 4612537344, 'max_memory_reserved': 32321306624}
[WSI] epoch=8 iteration=1251 slide=normal_040 N=16 {'train_loss_cls': 0.69921875, 'train_loss_sr': 0.13516488671302795, 'train_loss_total': 0.7127352356910706, 'max_memory_allocated': 12002638336, 'max_memory_reserved': 32321306624}
[WSI] epoch=8 iteration=1252 slide=normal_068 N=6 {'train_loss_cls': 0.953125, 'train_loss_sr': 0.14394032955169678, 'train_loss_total': 0.9675190448760986, 'max_memory_allocated': 4613000192, 'max_memory_reserved': 32321306624}
[WSI] epoch=8 iteration=1253 slide=tumor_071 N=12 {'train_loss_cls': 0.380859375, 'train_loss_sr': 0.1366972029209137, 'train_loss_total': 0.3945291042327881, 'max_memory_allocated': 9045051904, 'max_memory_reserved': 32321306624}
[WSI] epoch=8 iteration=1254 slide=normal_156 N=13 {'train_loss_cls': 0.671875, 'train_loss_sr': 0.09705580770969391, 'train_loss_total': 0.6815806031227112, 'max_memory_allocated': 9783126528, 'max_memory_reserved': 32321306624}
[WSI] epoch=8 iteration=1255 slide=normal_022 N=6 {'train_loss_cls': 0.52734375, 'train_loss_sr': 0.11984948813915253, 'train_loss_total': 0.5393286943435669, 'max_memory_allocated': 4612426752, 'max_memory_reserved': 32321306624}
[WSI] epoch=8 iteration=1256 slide=normal_096 N=7 {'train_loss_cls': 0.392578125, 'train_loss_sr': 0.10709357261657715, 'train_loss_total': 0.40328747034072876, 'max_memory_allocated': 5350099456, 'max_memory_reserved': 32321306624}
[WSI] epoch=8 iteration=1257 slide=normal_041 N=7 {'train_loss_cls': 0.7578125, 'train_loss_sr': 0.11539885401725769, 'train_loss_total': 0.769352376461029, 'max_memory_allocated': 5349792256, 'max_memory_reserved': 32321306624}
[WSI] epoch=8 iteration=1258 slide=tumor_017 N=9 {'train_loss_cls': 0.5078125, 'train_loss_sr': 0.13963183760643005, 'train_loss_total': 0.5217756628990173, 'max_memory_allocated': 6828051456, 'max_memory_reserved': 32321306624}
[WSI] epoch=8 iteration=1259 slide=tumor_102 N=35 {'train_loss_cls': 0.486328125, 'train_loss_sr': 0.13002702593803406, 'train_loss_total': 0.4993308186531067, 'max_memory_allocated': 26041850880, 'max_memory_reserved': 32321306624}
[gradient] slide_id=normal_079 N=8 {'rdn': 1.9730021953582764, 'region_encoder': 0.0, 'abmil': 0.12963075935840607, 'classifier': 6.674874305725098, 'p2w': 0.9673665761947632}
[WSI] epoch=8 iteration=1260 slide=normal_079 N=8 {'train_loss_cls': 0.609375, 'train_loss_sr': 0.14147132635116577, 'train_loss_total': 0.623522162437439, 'max_memory_allocated': 6088251904, 'max_memory_reserved': 32321306624}
[WSI] epoch=8 iteration=1261 slide=normal_007 N=3 {'train_loss_cls': 0.7890625, 'train_loss_sr': 0.1324794888496399, 'train_loss_total': 0.8023104667663574, 'max_memory_allocated': 2395294720, 'max_memory_reserved': 32321306624}
[WSI] epoch=8 iteration=1262 slide=tumor_060 N=6 {'train_loss_cls': 0.6171875, 'train_loss_sr': 0.06549873948097229, 'train_loss_total': 0.6237373948097229, 'max_memory_allocated': 4611984384, 'max_memory_reserved': 32321306624}
[WSI] epoch=8 iteration=1263 slide=normal_139 N=12 {'train_loss_cls': 0.73046875, 'train_loss_sr': 0.07889880239963531, 'train_loss_total': 0.7383586168289185, 'max_memory_allocated': 9045088768, 'max_memory_reserved': 32321306624}
[WSI] epoch=8 iteration=1264 slide=tumor_107 N=6 {'train_loss_cls': 0.203125, 'train_loss_sr': 0.1064540296792984, 'train_loss_total': 0.21377040445804596, 'max_memory_allocated': 4613324800, 'max_memory_reserved': 32321306624}
[WSI] epoch=8 iteration=1265 slide=normal_116 N=8 {'train_loss_cls': 0.46875, 'train_loss_sr': 0.12058110535144806, 'train_loss_total': 0.4808081090450287, 'max_memory_allocated': 6089136640, 'max_memory_reserved': 32321306624}
[WSI] epoch=8 iteration=1266 slide=tumor_068 N=15 {'train_loss_cls': 0.6328125, 'train_loss_sr': 0.14271731674671173, 'train_loss_total': 0.6470842361450195, 'max_memory_allocated': 11263019520, 'max_memory_reserved': 32321306624}
[WSI] epoch=8 iteration=1267 slide=normal_136 N=15 {'train_loss_cls': 0.55859375, 'train_loss_sr': 0.11127446591854095, 'train_loss_total': 0.5697212219238281, 'max_memory_allocated': 11262319104, 'max_memory_reserved': 32321306624}
