/root/miniconda3/envs/myconda/lib/python3.10/site-packages/torch/utils/checkpoint.py:1399: FutureWarning: `torch.cpu.amp.autocast(args...)` is deprecated. Please use `torch.amp.autocast('cpu', args...)` instead.
  with device_autocast_ctx, torch.cpu.amp.autocast(**cpu_autocast_kwargs), recompute_context:  # type: ignore[attr-defined]
Decoder equivalence and checkpoint gate passed: RDN-B/G0=64/D=8/C=8/G=64
/root/miniconda3/envs/myconda/lib/python3.10/site-packages/torch/utils/checkpoint.py:1399: FutureWarning: `torch.cpu.amp.autocast(args...)` is deprecated. Please use `torch.amp.autocast('cpu', args...)` instead.
  with device_autocast_ctx, torch.cpu.amp.autocast(**cpu_autocast_kwargs), recompute_context:  # type: ignore[attr-defined]
[WSI] epoch=1 iteration=1 slide=tumor_035 N=4 {'train_loss_cls': 0.57421875, 'train_loss_sr': 0.7249482870101929, 'train_loss_total': 0.6467135548591614, 'max_memory_allocated': 3033640960, 'max_memory_reserved': 3550478336}
[WSI] epoch=1 iteration=2 slide=normal_155 N=11 {'train_loss_cls': 1.1328125, 'train_loss_sr': 0.7998350262641907, 'train_loss_total': 1.2127959728240967, 'max_memory_allocated': 8305946112, 'max_memory_reserved': 9676259328}
[WSI] epoch=1 iteration=3 slide=normal_148 N=5 {'train_loss_cls': 1.0625, 'train_loss_sr': 0.7668513059616089, 'train_loss_total': 1.1391851902008057, 'max_memory_allocated': 3872676352, 'max_memory_reserved': 9676259328}
[WSI] epoch=1 iteration=4 slide=tumor_068 N=15 {'train_loss_cls': 0.546875, 'train_loss_sr': 0.5767195224761963, 'train_loss_total': 0.6045469641685486, 'max_memory_allocated': 11262752768, 'max_memory_reserved': 17127440384}
[WSI] epoch=1 iteration=5 slide=tumor_038 N=2 {'train_loss_cls': 0.5625, 'train_loss_sr': 0.4102262854576111, 'train_loss_total': 0.6035226583480835, 'max_memory_allocated': 1707252224, 'max_memory_reserved': 17127440384}
[WSI] epoch=1 iteration=6 slide=normal_078 N=6 {'train_loss_cls': 0.85546875, 'train_loss_sr': 0.29056674242019653, 'train_loss_total': 0.8845254182815552, 'max_memory_allocated': 4613118976, 'max_memory_reserved': 17127440384}
[WSI] epoch=1 iteration=7 slide=normal_097 N=17 {'train_loss_cls': 0.82421875, 'train_loss_sr': 0.3578774034976959, 'train_loss_total': 0.8600065112113953, 'max_memory_allocated': 12740245504, 'max_memory_reserved': 24580718592}
[WSI] epoch=1 iteration=8 slide=normal_141 N=7 {'train_loss_cls': 0.7265625, 'train_loss_sr': 0.43278297781944275, 'train_loss_total': 0.7698407769203186, 'max_memory_allocated': 5351066624, 'max_memory_reserved': 24580718592}
[WSI] epoch=1 iteration=9 slide=normal_136 N=15 {'train_loss_cls': 0.6328125, 'train_loss_sr': 0.3270075023174286, 'train_loss_total': 0.665513277053833, 'max_memory_allocated': 11263064064, 'max_memory_reserved': 24580718592}
[gradient] slide_id=normal_135 N=13 {'rdn': 1.526353120803833, 'region_encoder': 0.0, 'abmil': 0.02357381023466587, 'classifier': 9.173503875732422, 'p2w': 0.7801850438117981}
[WSI] epoch=1 iteration=10 slide=normal_135 N=13 {'train_loss_cls': 0.5546875, 'train_loss_sr': 0.2262914478778839, 'train_loss_total': 0.5773166418075562, 'max_memory_allocated': 9783237120, 'max_memory_reserved': 24580718592}
[WSI] epoch=1 iteration=11 slide=normal_038 N=1 {'train_loss_cls': 0.4453125, 'train_loss_sr': 0.1692635416984558, 'train_loss_total': 0.4622388482093811, 'max_memory_allocated': 916605952, 'max_memory_reserved': 24580718592}
[WSI] epoch=1 iteration=12 slide=normal_066 N=26 {'train_loss_cls': 0.34765625, 'train_loss_sr': 0.2813566327095032, 'train_loss_total': 0.37579190731048584, 'max_memory_allocated': 19390527488, 'max_memory_reserved': 38839255040}
[WSI] epoch=1 iteration=13 slide=normal_008 N=1 {'train_loss_cls': 0.228515625, 'train_loss_sr': 0.3111514151096344, 'train_loss_total': 0.2596307694911957, 'max_memory_allocated': 916474880, 'max_memory_reserved': 38839255040}
[WSI] epoch=1 iteration=14 slide=tumor_052 N=15 {'train_loss_cls': 2.0625, 'train_loss_sr': 0.4208870828151703, 'train_loss_total': 2.104588747024536, 'max_memory_allocated': 11263248384, 'max_memory_reserved': 38839255040}
[WSI] epoch=1 iteration=15 slide=normal_018 N=3 {'train_loss_cls': 0.1689453125, 'train_loss_sr': 0.3667529821395874, 'train_loss_total': 0.20562061667442322, 'max_memory_allocated': 2394926080, 'max_memory_reserved': 38839255040}
[WSI] epoch=1 iteration=16 slide=tumor_103 N=18 {'train_loss_cls': 1.7890625, 'train_loss_sr': 0.2993071973323822, 'train_loss_total': 1.8189932107925415, 'max_memory_allocated': 13478328832, 'max_memory_reserved': 38839255040}
[WSI] epoch=1 iteration=17 slide=tumor_084 N=9 {'train_loss_cls': 1.6953125, 'train_loss_sr': 0.21313798427581787, 'train_loss_total': 1.7166262865066528, 'max_memory_allocated': 6829308416, 'max_memory_reserved': 38839255040}
[WSI] epoch=1 iteration=18 slide=normal_044 N=4 {'train_loss_cls': 0.216796875, 'train_loss_sr': 0.2024698257446289, 'train_loss_total': 0.2370438575744629, 'max_memory_allocated': 3132839936, 'max_memory_reserved': 38839255040}
[WSI] epoch=1 iteration=19 slide=normal_107 N=16 {'train_loss_cls': 0.2578125, 'train_loss_sr': 0.1927950084209442, 'train_loss_total': 0.27709200978279114, 'max_memory_allocated': 12001680896, 'max_memory_reserved': 38839255040}
[gradient] slide_id=tumor_024 N=16 {'rdn': 3.052105188369751, 'region_encoder': 0.0, 'abmil': 0.04392542690038681, 'classifier': 16.170011520385742, 'p2w': 0.8338688611984253}
[WSI] epoch=1 iteration=20 slide=tumor_024 N=16 {'train_loss_cls': 1.4140625, 'train_loss_sr': 0.2623938322067261, 'train_loss_total': 1.4403018951416016, 'max_memory_allocated': 12001905152, 'max_memory_reserved': 38839255040}
[WSI] epoch=1 iteration=21 slide=normal_077 N=5 {'train_loss_cls': 0.283203125, 'train_loss_sr': 0.20919126272201538, 'train_loss_total': 0.3041222393512726, 'max_memory_allocated': 3872798720, 'max_memory_reserved': 38839255040}
[WSI] epoch=1 iteration=22 slide=normal_159 N=14 {'train_loss_cls': 0.3359375, 'train_loss_sr': 0.14849041402339935, 'train_loss_total': 0.3507865369319916, 'max_memory_allocated': 10522814976, 'max_memory_reserved': 38839255040}
[WSI] epoch=1 iteration=23 slide=normal_126 N=17 {'train_loss_cls': 0.3359375, 'train_loss_sr': 0.192302405834198, 'train_loss_total': 0.3551677465438843, 'max_memory_allocated': 12740134912, 'max_memory_reserved': 38839255040}
[WSI] epoch=1 iteration=24 slide=tumor_043 N=4 {'train_loss_cls': 1.265625, 'train_loss_sr': 0.23297715187072754, 'train_loss_total': 1.288922667503357, 'max_memory_allocated': 3133302784, 'max_memory_reserved': 38839255040}
[WSI] epoch=1 iteration=25 slide=tumor_048 N=15 {'train_loss_cls': 1.3125, 'train_loss_sr': 0.22433941066265106, 'train_loss_total': 1.3349339962005615, 'max_memory_allocated': 11263347200, 'max_memory_reserved': 38839255040}
[WSI] epoch=1 iteration=26 slide=normal_032 N=9 {'train_loss_cls': 0.357421875, 'train_loss_sr': 0.1863631308078766, 'train_loss_total': 0.3760581910610199, 'max_memory_allocated': 6827764224, 'max_memory_reserved': 38839255040}
[WSI] epoch=1 iteration=27 slide=tumor_109 N=10 {'train_loss_cls': 1.1796875, 'train_loss_sr': 0.14306935667991638, 'train_loss_total': 1.193994402885437, 'max_memory_allocated': 7566129664, 'max_memory_reserved': 38839255040}
[WSI] epoch=1 iteration=28 slide=tumor_003 N=7 {'train_loss_cls': 1.125, 'train_loss_sr': 0.1825026273727417, 'train_loss_total': 1.1432502269744873, 'max_memory_allocated': 5350402560, 'max_memory_reserved': 38839255040}
[WSI] epoch=1 iteration=29 slide=normal_111 N=31 {'train_loss_cls': 0.439453125, 'train_loss_sr': 0.15033334493637085, 'train_loss_total': 0.4544864594936371, 'max_memory_allocated': 23085647872, 'max_memory_reserved': 40921726976}
[gradient] slide_id=normal_035 N=1 {'rdn': 1.4297170639038086, 'region_encoder': 0.0, 'abmil': 0.0, 'classifier': 7.873480319976807, 'p2w': 0.5472871661186218}
[WSI] epoch=1 iteration=30 slide=normal_035 N=1 {'train_loss_cls': 0.451171875, 'train_loss_sr': 0.1838691681623459, 'train_loss_total': 0.46955880522727966, 'max_memory_allocated': 916147200, 'max_memory_reserved': 26778533888}
[WSI] epoch=1 iteration=31 slide=normal_154 N=20 {'train_loss_cls': 0.470703125, 'train_loss_sr': 0.2067091464996338, 'train_loss_total': 0.49137404561042786, 'max_memory_allocated': 14956718592, 'max_memory_reserved': 26778533888}
[WSI] epoch=1 iteration=32 slide=normal_014 N=2 {'train_loss_cls': 0.51953125, 'train_loss_sr': 0.12003709375858307, 'train_loss_total': 0.5315349698066711, 'max_memory_allocated': 1707584000, 'max_memory_reserved': 26778533888}
[WSI] epoch=1 iteration=33 slide=tumor_098 N=9 {'train_loss_cls': 0.96875, 'train_loss_sr': 0.24970364570617676, 'train_loss_total': 0.9937203526496887, 'max_memory_allocated': 6827567616, 'max_memory_reserved': 26778533888}
[WSI] epoch=1 iteration=34 slide=normal_121 N=13 {'train_loss_cls': 0.498046875, 'train_loss_sr': 0.19392861425876617, 'train_loss_total': 0.5174397230148315, 'max_memory_allocated': 9783237120, 'max_memory_reserved': 26778533888}
[WSI] epoch=1 iteration=35 slide=normal_100 N=8 {'train_loss_cls': 0.5, 'train_loss_sr': 0.22792889177799225, 'train_loss_total': 0.5227928757667542, 'max_memory_allocated': 6088911360, 'max_memory_reserved': 26778533888}
[WSI] epoch=1 iteration=36 slide=tumor_088 N=12 {'train_loss_cls': 0.921875, 'train_loss_sr': 0.13259412348270416, 'train_loss_total': 0.9351344108581543, 'max_memory_allocated': 9044666880, 'max_memory_reserved': 26778533888}
[WSI] epoch=1 iteration=37 slide=normal_076 N=24 {'train_loss_cls': 0.52734375, 'train_loss_sr': 0.18654833734035492, 'train_loss_total': 0.5459985733032227, 'max_memory_allocated': 17913121280, 'max_memory_reserved': 26778533888}
[WSI] epoch=1 iteration=38 slide=normal_158 N=18 {'train_loss_cls': 0.49609375, 'train_loss_sr': 0.13771215081214905, 'train_loss_total': 0.5098649859428406, 'max_memory_allocated': 13478443520, 'max_memory_reserved': 26778533888}
[WSI] epoch=1 iteration=39 slide=normal_071 N=5 {'train_loss_cls': 0.50390625, 'train_loss_sr': 0.20012211799621582, 'train_loss_total': 0.5239184498786926, 'max_memory_allocated': 3872974848, 'max_memory_reserved': 26778533888}
[gradient] slide_id=tumor_034 N=6 {'rdn': 1.686065435409546, 'region_encoder': 0.0, 'abmil': 0.007021964993327856, 'classifier': 12.264369010925293, 'p2w': 0.7550356984138489}
[WSI] epoch=1 iteration=40 slide=tumor_034 N=6 {'train_loss_cls': 0.94921875, 'train_loss_sr': 0.17106643319129944, 'train_loss_total': 0.9663254022598267, 'max_memory_allocated': 4612094976, 'max_memory_reserved': 26778533888}
[WSI] epoch=1 iteration=41 slide=normal_089 N=20 {'train_loss_cls': 0.46875, 'train_loss_sr': 0.201153963804245, 'train_loss_total': 0.4888654053211212, 'max_memory_allocated': 14956939776, 'max_memory_reserved': 26778533888}
[WSI] epoch=1 iteration=42 slide=normal_114 N=24 {'train_loss_cls': 0.466796875, 'train_loss_sr': 0.16582675278186798, 'train_loss_total': 0.4833795428276062, 'max_memory_allocated': 17912714240, 'max_memory_reserved': 26778533888}
[WSI] epoch=1 iteration=43 slide=normal_058 N=7 {'train_loss_cls': 0.443359375, 'train_loss_sr': 0.18201005458831787, 'train_loss_total': 0.46156036853790283, 'max_memory_allocated': 5349746688, 'max_memory_reserved': 26778533888}
[WSI] epoch=1 iteration=44 slide=normal_049 N=2 {'train_loss_cls': 0.412109375, 'train_loss_sr': 0.07755696773529053, 'train_loss_total': 0.41986507177352905, 'max_memory_allocated': 1707303936, 'max_memory_reserved': 26778533888}
[WSI] epoch=1 iteration=45 slide=tumor_011 N=6 {'train_loss_cls': 1.171875, 'train_loss_sr': 0.1407826840877533, 'train_loss_total': 1.1859532594680786, 'max_memory_allocated': 4612647936, 'max_memory_reserved': 26778533888}
[WSI] epoch=1 iteration=46 slide=normal_095 N=14 {'train_loss_cls': 0.3515625, 'train_loss_sr': 0.16005811095237732, 'train_loss_total': 0.36756831407546997, 'max_memory_allocated': 10522266112, 'max_memory_reserved': 26778533888}
[WSI] epoch=1 iteration=47 slide=normal_151 N=16 {'train_loss_cls': 0.35546875, 'train_loss_sr': 0.157870352268219, 'train_loss_total': 0.3712557852268219, 'max_memory_allocated': 12000975360, 'max_memory_reserved': 26778533888}
[WSI] epoch=1 iteration=48 slide=normal_015 N=5 {'train_loss_cls': 0.34765625, 'train_loss_sr': 0.16075356304645538, 'train_loss_total': 0.36373159289360046, 'max_memory_allocated': 3873151488, 'max_memory_reserved': 26778533888}
[WSI] epoch=1 iteration=49 slide=tumor_047 N=15 {'train_loss_cls': 1.3046875, 'train_loss_sr': 0.1476350575685501, 'train_loss_total': 1.3194509744644165, 'max_memory_allocated': 11262409216, 'max_memory_reserved': 26778533888}
[gradient] slide_id=tumor_095 N=29 {'rdn': 2.065108299255371, 'region_encoder': 0.0, 'abmil': 0.012190582230687141, 'classifier': 14.55078411102295, 'p2w': 0.7882596850395203}
[WSI] epoch=1 iteration=50 slide=tumor_095 N=29 {'train_loss_cls': 1.265625, 'train_loss_sr': 0.1319037526845932, 'train_loss_total': 1.2788153886795044, 'max_memory_allocated': 21607246336, 'max_memory_reserved': 26778533888}
[WSI] epoch=1 iteration=51 slide=normal_084 N=1 {'train_loss_cls': 0.294921875, 'train_loss_sr': 0.08828487247228622, 'train_loss_total': 0.3037503659725189, 'max_memory_allocated': 916868096, 'max_memory_reserved': 26778533888}
[WSI] epoch=1 iteration=52 slide=normal_133 N=10 {'train_loss_cls': 0.3359375, 'train_loss_sr': 0.15292644500732422, 'train_loss_total': 0.3512301445007324, 'max_memory_allocated': 7566756352, 'max_memory_reserved': 26778533888}
[WSI] epoch=1 iteration=53 slide=tumor_049 N=3 {'train_loss_cls': 1.28125, 'train_loss_sr': 0.17351941764354706, 'train_loss_total': 1.2986019849777222, 'max_memory_allocated': 2394246144, 'max_memory_reserved': 26778533888}
[WSI] epoch=1 iteration=54 slide=tumor_060 N=6 {'train_loss_cls': 1.2890625, 'train_loss_sr': 0.17501305043697357, 'train_loss_total': 1.3065638542175293, 'max_memory_allocated': 4611853312, 'max_memory_reserved': 26778533888}
[WSI] epoch=1 iteration=55 slide=tumor_002 N=5 {'train_loss_cls': 1.1796875, 'train_loss_sr': 0.14082631468772888, 'train_loss_total': 1.193770170211792, 'max_memory_allocated': 3872331776, 'max_memory_reserved': 26778533888}
[WSI] epoch=1 iteration=56 slide=tumor_066 N=7 {'train_loss_cls': 1.09375, 'train_loss_sr': 0.1717248558998108, 'train_loss_total': 1.1109224557876587, 'max_memory_allocated': 5349661184, 'max_memory_reserved': 26778533888}
[WSI] epoch=1 iteration=57 slide=normal_037 N=8 {'train_loss_cls': 0.45703125, 'train_loss_sr': 0.16123703122138977, 'train_loss_total': 0.4731549620628357, 'max_memory_allocated': 6088448512, 'max_memory_reserved': 26778533888}
[WSI] epoch=1 iteration=58 slide=normal_129 N=19 {'train_loss_cls': 0.486328125, 'train_loss_sr': 0.13725636899471283, 'train_loss_total': 0.5000537633895874, 'max_memory_allocated': 14216985088, 'max_memory_reserved': 26778533888}
[WSI] epoch=1 iteration=59 slide=tumor_005 N=4 {'train_loss_cls': 0.96484375, 'train_loss_sr': 0.1818084418773651, 'train_loss_total': 0.9830245971679688, 'max_memory_allocated': 3133417984, 'max_memory_reserved': 26778533888}
[gradient] slide_id=normal_068 N=6 {'rdn': 0.8084696531295776, 'region_encoder': 0.0, 'abmil': 0.020030075684189796, 'classifier': 8.229327201843262, 'p2w': 0.20994465053081512}
[WSI] epoch=1 iteration=60 slide=normal_068 N=6 {'train_loss_cls': 0.55078125, 'train_loss_sr': 0.15687960386276245, 'train_loss_total': 0.5664691925048828, 'max_memory_allocated': 4612004864, 'max_memory_reserved': 26778533888}
[WSI] epoch=1 iteration=61 slide=normal_088 N=14 {'train_loss_cls': 0.55859375, 'train_loss_sr': 0.13452374935150146, 'train_loss_total': 0.5720461010932922, 'max_memory_allocated': 10522155520, 'max_memory_reserved': 26778533888}
[WSI] epoch=1 iteration=62 slide=tumor_017 N=9 {'train_loss_cls': 0.8359375, 'train_loss_sr': 0.12910518050193787, 'train_loss_total': 0.8488480448722839, 'max_memory_allocated': 6827346432, 'max_memory_reserved': 26778533888}
[WSI] epoch=1 iteration=63 slide=tumor_019 N=2 {'train_loss_cls': 0.79296875, 'train_loss_sr': 0.22170287370681763, 'train_loss_total': 0.8151390552520752, 'max_memory_allocated': 1706920448, 'max_memory_reserved': 26778533888}
[WSI] epoch=1 iteration=64 slide=tumor_058 N=5 {'train_loss_cls': 0.796875, 'train_loss_sr': 0.15637542307376862, 'train_loss_total': 0.8125125169754028, 'max_memory_allocated': 3872283136, 'max_memory_reserved': 26778533888}
[WSI] epoch=1 iteration=65 slide=tumor_083 N=14 {'train_loss_cls': 0.71875, 'train_loss_sr': 0.10367774218320847, 'train_loss_total': 0.729117751121521, 'max_memory_allocated': 10522824704, 'max_memory_reserved': 26778533888}
[WSI] epoch=1 iteration=66 slide=tumor_025 N=9 {'train_loss_cls': 0.640625, 'train_loss_sr': 0.13944104313850403, 'train_loss_total': 0.6545690894126892, 'max_memory_allocated': 6827855360, 'max_memory_reserved': 26778533888}
[WSI] epoch=1 iteration=67 slide=tumor_001 N=7 {'train_loss_cls': 0.61328125, 'train_loss_sr': 0.1574200540781021, 'train_loss_total': 0.6290232539176941, 'max_memory_allocated': 5349530112, 'max_memory_reserved': 26778533888}
[WSI] epoch=1 iteration=68 slide=tumor_008 N=14 {'train_loss_cls': 0.5546875, 'train_loss_sr': 0.1673143357038498, 'train_loss_total': 0.5714189410209656, 'max_memory_allocated': 10523171328, 'max_memory_reserved': 26778533888}
[WSI] epoch=1 iteration=69 slide=normal_152 N=5 {'train_loss_cls': 0.95703125, 'train_loss_sr': 0.13488295674324036, 'train_loss_total': 0.9705195426940918, 'max_memory_allocated': 3872627200, 'max_memory_reserved': 26778533888}
[gradient] slide_id=tumor_074 N=5 {'rdn': 1.2086567878723145, 'region_encoder': 0.0, 'abmil': 0.006397159770131111, 'classifier': 7.02610969543457, 'p2w': 0.5832965970039368}
[WSI] epoch=1 iteration=70 slide=tumor_074 N=5 {'train_loss_cls': 0.45703125, 'train_loss_sr': 0.12788721919059753, 'train_loss_total': 0.46981996297836304, 'max_memory_allocated': 3873196032, 'max_memory_reserved': 26778533888}
[WSI] epoch=1 iteration=71 slide=tumor_081 N=6 {'train_loss_cls': 0.41015625, 'train_loss_sr': 0.11587772518396378, 'train_loss_total': 0.4217440187931061, 'max_memory_allocated': 4612119552, 'max_memory_reserved': 26778533888}
[WSI] epoch=1 iteration=72 slide=normal_106 N=15 {'train_loss_cls': 1.140625, 'train_loss_sr': 0.16902339458465576, 'train_loss_total': 1.1575273275375366, 'max_memory_allocated': 11262188032, 'max_memory_reserved': 26778533888}
[WSI] epoch=1 iteration=73 slide=normal_105 N=12 {'train_loss_cls': 1.1328125, 'train_loss_sr': 0.14182820916175842, 'train_loss_total': 1.1469953060150146, 'max_memory_allocated': 9044646400, 'max_memory_reserved': 26778533888}
[WSI] epoch=1 iteration=74 slide=normal_156 N=13 {'train_loss_cls': 1.15625, 'train_loss_sr': 0.11827071756124496, 'train_loss_total': 1.1680771112442017, 'max_memory_allocated': 9783589376, 'max_memory_reserved': 26778533888}
[WSI] epoch=1 iteration=75 slide=normal_065 N=6 {'train_loss_cls': 1.1484375, 'train_loss_sr': 0.19884517788887024, 'train_loss_total': 1.168321967124939, 'max_memory_allocated': 4612004864, 'max_memory_reserved': 26778533888}
[WSI] epoch=1 iteration=76 slide=tumor_041 N=5 {'train_loss_cls': 0.39453125, 'train_loss_sr': 0.20149695873260498, 'train_loss_total': 0.41468095779418945, 'max_memory_allocated': 3873143808, 'max_memory_reserved': 26778533888}
[WSI] epoch=1 iteration=77 slide=normal_048 N=3 {'train_loss_cls': 1.1640625, 'train_loss_sr': 0.1625150740146637, 'train_loss_total': 1.180314064025879, 'max_memory_allocated': 2395839488, 'max_memory_reserved': 26778533888}
[WSI] epoch=1 iteration=78 slide=normal_074 N=14 {'train_loss_cls': 1.015625, 'train_loss_sr': 0.16313503682613373, 'train_loss_total': 1.0319385528564453, 'max_memory_allocated': 10522784256, 'max_memory_reserved': 26778533888}
[WSI] epoch=1 iteration=79 slide=tumor_045 N=10 {'train_loss_cls': 0.451171875, 'train_loss_sr': 0.1720307171344757, 'train_loss_total': 0.46837493777275085, 'max_memory_allocated': 7566182912, 'max_memory_reserved': 26778533888}
[gradient] slide_id=tumor_012 N=7 {'rdn': 1.3245266675949097, 'region_encoder': 0.0, 'abmil': 0.05192922055721283, 'classifier': 6.078146934509277, 'p2w': 0.28600987792015076}
[WSI] epoch=1 iteration=80 slide=tumor_012 N=7 {'train_loss_cls': 0.53515625, 'train_loss_sr': 0.1789616346359253, 'train_loss_total': 0.5530524253845215, 'max_memory_allocated': 5350119936, 'max_memory_reserved': 26778533888}
[WSI] epoch=1 iteration=81 slide=tumor_077 N=14 {'train_loss_cls': 0.55859375, 'train_loss_sr': 0.16810688376426697, 'train_loss_total': 0.5754044651985168, 'max_memory_allocated': 10522487296, 'max_memory_reserved': 26778533888}
[WSI] epoch=1 iteration=82 slide=normal_040 N=16 {'train_loss_cls': 0.87890625, 'train_loss_sr': 0.17766647040843964, 'train_loss_total': 0.8966729044914246, 'max_memory_allocated': 12001016320, 'max_memory_reserved': 26778533888}
[WSI] epoch=1 iteration=83 slide=normal_051 N=3 {'train_loss_cls': 0.97265625, 'train_loss_sr': 0.11432746797800064, 'train_loss_total': 0.9840890169143677, 'max_memory_allocated': 2394266624, 'max_memory_reserved': 26778533888}
[WSI] epoch=1 iteration=84 slide=normal_153 N=12 {'train_loss_cls': 0.8125, 'train_loss_sr': 0.16504746675491333, 'train_loss_total': 0.8290047645568848, 'max_memory_allocated': 9045088768, 'max_memory_reserved': 26778533888}
[WSI] epoch=1 iteration=85 slide=normal_119 N=14 {'train_loss_cls': 0.71484375, 'train_loss_sr': 0.18114560842514038, 'train_loss_total': 0.7329583168029785, 'max_memory_allocated': 10522376704, 'max_memory_reserved': 26778533888}
[WSI] epoch=1 iteration=86 slide=normal_128 N=11 {'train_loss_cls': 0.65625, 'train_loss_sr': 0.1118592917919159, 'train_loss_total': 0.6674359440803528, 'max_memory_allocated': 8305531392, 'max_memory_reserved': 26778533888}
[WSI] epoch=1 iteration=87 slide=tumor_020 N=7 {'train_loss_cls': 0.7890625, 'train_loss_sr': 0.23349252343177795, 'train_loss_total': 0.8124117255210876, 'max_memory_allocated': 5349882368, 'max_memory_reserved': 26778533888}
[WSI] epoch=1 iteration=88 slide=tumor_027 N=13 {'train_loss_cls': 0.80078125, 'train_loss_sr': 0.2674589455127716, 'train_loss_total': 0.8275271654129028, 'max_memory_allocated': 9783637504, 'max_memory_reserved': 26778533888}
[WSI] epoch=1 iteration=89 slide=normal_028 N=5 {'train_loss_cls': 0.59765625, 'train_loss_sr': 0.21440041065216064, 'train_loss_total': 0.6190962791442871, 'max_memory_allocated': 3873205248, 'max_memory_reserved': 26778533888}
[gradient] slide_id=tumor_015 N=27 {'rdn': 2.6012158393859863, 'region_encoder': 0.0, 'abmil': 0.06565633416175842, 'classifier': 6.966974258422852, 'p2w': 0.8516626358032227}
[WSI] epoch=1 iteration=90 slide=tumor_015 N=27 {'train_loss_cls': 0.81640625, 'train_loss_sr': 0.2422468662261963, 'train_loss_total': 0.8406309485435486, 'max_memory_allocated': 20129389056, 'max_memory_reserved': 26778533888}
[WSI] epoch=1 iteration=91 slide=tumor_044 N=12 {'train_loss_cls': 0.80859375, 'train_loss_sr': 0.2972993552684784, 'train_loss_total': 0.838323712348938, 'max_memory_allocated': 9045199360, 'max_memory_reserved': 26778533888}
[WSI] epoch=1 iteration=92 slide=tumor_089 N=26 {'train_loss_cls': 0.80078125, 'train_loss_sr': 0.19583500921726227, 'train_loss_total': 0.820364773273468, 'max_memory_allocated': 19390605824, 'max_memory_reserved': 26778533888}
[WSI] epoch=1 iteration=93 slide=tumor_037 N=10 {'train_loss_cls': 0.7734375, 'train_loss_sr': 0.24478308856487274, 'train_loss_total': 0.7979158163070679, 'max_memory_allocated': 7566369280, 'max_memory_reserved': 26778533888}
[WSI] epoch=1 iteration=94 slide=tumor_042 N=4 {'train_loss_cls': 0.71875, 'train_loss_sr': 0.265174925327301, 'train_loss_total': 0.7452675104141235, 'max_memory_allocated': 3133471744, 'max_memory_reserved': 26778533888}
[WSI] epoch=1 iteration=95 slide=normal_103 N=8 {'train_loss_cls': 0.6796875, 'train_loss_sr': 0.1968589723110199, 'train_loss_total': 0.6993734240531921, 'max_memory_allocated': 6088546816, 'max_memory_reserved': 26778533888}
[WSI] epoch=1 iteration=96 slide=normal_142 N=20 {'train_loss_cls': 0.7109375, 'train_loss_sr': 0.19085419178009033, 'train_loss_total': 0.7300229072570801, 'max_memory_allocated': 14957191168, 'max_memory_reserved': 26778533888}
[WSI] epoch=1 iteration=97 slide=normal_120 N=10 {'train_loss_cls': 0.6796875, 'train_loss_sr': 0.2152167558670044, 'train_loss_total': 0.7012091875076294, 'max_memory_allocated': 7566551552, 'max_memory_reserved': 26778533888}
[WSI] epoch=1 iteration=98 slide=tumor_016 N=5 {'train_loss_cls': 0.66015625, 'train_loss_sr': 0.21287056803703308, 'train_loss_total': 0.6814433336257935, 'max_memory_allocated': 3872680448, 'max_memory_reserved': 26778533888}
[WSI] epoch=1 iteration=99 slide=normal_157 N=16 {'train_loss_cls': 0.6875, 'train_loss_sr': 0.183771550655365, 'train_loss_total': 0.7058771848678589, 'max_memory_allocated': 12001719296, 'max_memory_reserved': 26778533888}
[gradient] slide_id=normal_116 N=8 {'rdn': 1.0374252796173096, 'region_encoder': 0.0, 'abmil': 0.003772907657548785, 'classifier': 6.910255432128906, 'p2w': 0.3933377265930176}
[WSI] epoch=1 iteration=100 slide=normal_116 N=8 {'train_loss_cls': 0.68359375, 'train_loss_sr': 0.14496687054634094, 'train_loss_total': 0.6980904340744019, 'max_memory_allocated': 6088567808, 'max_memory_reserved': 26778533888}
[WSI] epoch=1 iteration=101 slide=tumor_009 N=12 {'train_loss_cls': 0.7109375, 'train_loss_sr': 0.16104651987552643, 'train_loss_total': 0.7270421385765076, 'max_memory_allocated': 9045002752, 'max_memory_reserved': 26778533888}
[WSI] epoch=1 iteration=102 slide=normal_064 N=9 {'train_loss_cls': 0.69921875, 'train_loss_sr': 0.16693085432052612, 'train_loss_total': 0.715911865234375, 'max_memory_allocated': 6827899392, 'max_memory_reserved': 26778533888}
[WSI] epoch=1 iteration=103 slide=normal_087 N=11 {'train_loss_cls': 0.671875, 'train_loss_sr': 0.18522995710372925, 'train_loss_total': 0.6903979778289795, 'max_memory_allocated': 8306285056, 'max_memory_reserved': 26778533888}
[WSI] epoch=1 iteration=104 slide=normal_104 N=19 {'train_loss_cls': 0.609375, 'train_loss_sr': 0.11282047629356384, 'train_loss_total': 0.6206570267677307, 'max_memory_allocated': 14217628160, 'max_memory_reserved': 26778533888}
[WSI] epoch=1 iteration=105 slide=normal_002 N=2 {'train_loss_cls': 0.578125, 'train_loss_sr': 0.11610940098762512, 'train_loss_total': 0.5897359251976013, 'max_memory_allocated': 1707772416, 'max_memory_reserved': 26778533888}
[WSI] epoch=1 iteration=106 slide=tumor_022 N=7 {'train_loss_cls': 0.828125, 'train_loss_sr': 0.12271599471569061, 'train_loss_total': 0.8403965830802917, 'max_memory_allocated': 5349992960, 'max_memory_reserved': 26778533888}
[WSI] epoch=1 iteration=107 slide=tumor_073 N=19 {'train_loss_cls': 0.87109375, 'train_loss_sr': 0.12288859486579895, 'train_loss_total': 0.8833826184272766, 'max_memory_allocated': 14217148928, 'max_memory_reserved': 26778533888}
[WSI] epoch=1 iteration=108 slide=tumor_028 N=17 {'train_loss_cls': 0.86328125, 'train_loss_sr': 0.1712585836648941, 'train_loss_total': 0.8804070949554443, 'max_memory_allocated': 12739664384, 'max_memory_reserved': 26778533888}
[WSI] epoch=1 iteration=109 slide=normal_012 N=3 {'train_loss_cls': 0.546875, 'train_loss_sr': 0.19292408227920532, 'train_loss_total': 0.566167414188385, 'max_memory_allocated': 2394356736, 'max_memory_reserved': 26778533888}
[gradient] slide_id=normal_070 N=16 {'rdn': 0.8573988080024719, 'region_encoder': 0.0, 'abmil': 0.024267075583338737, 'classifier': 7.042006492614746, 'p2w': 0.19371247291564941}
[WSI] epoch=1 iteration=110 slide=normal_070 N=16 {'train_loss_cls': 0.54296875, 'train_loss_sr': 0.1889829933643341, 'train_loss_total': 0.5618670582771301, 'max_memory_allocated': 12001438208, 'max_memory_reserved': 26778533888}
[WSI] epoch=1 iteration=111 slide=normal_079 N=8 {'train_loss_cls': 0.53515625, 'train_loss_sr': 0.1446332037448883, 'train_loss_total': 0.5496195554733276, 'max_memory_allocated': 6088468992, 'max_memory_reserved': 26778533888}
[WSI] epoch=1 iteration=112 slide=normal_031 N=6 {'train_loss_cls': 0.494140625, 'train_loss_sr': 0.17648738622665405, 'train_loss_total': 0.5117893815040588, 'max_memory_allocated': 4612004864, 'max_memory_reserved': 26778533888}
[WSI] epoch=1 iteration=113 slide=normal_093 N=8 {'train_loss_cls': 0.482421875, 'train_loss_sr': 0.13591927289962769, 'train_loss_total': 0.4960137903690338, 'max_memory_allocated': 6088911360, 'max_memory_reserved': 26778533888}
[WSI] epoch=1 iteration=114 slide=tumor_004 N=15 {'train_loss_cls': 0.98828125, 'train_loss_sr': 0.10106904804706573, 'train_loss_total': 0.9983881711959839, 'max_memory_allocated': 11262298624, 'max_memory_reserved': 26778533888}
[WSI] epoch=1 iteration=115 slide=tumor_080 N=6 {'train_loss_cls': 0.984375, 'train_loss_sr': 0.14604797959327698, 'train_loss_total': 0.9989798069000244, 'max_memory_allocated': 4612639744, 'max_memory_reserved': 26778533888}
[WSI] epoch=1 iteration=116 slide=tumor_082 N=3 {'train_loss_cls': 1.0546875, 'train_loss_sr': 0.23113058507442474, 'train_loss_total': 1.0778005123138428, 'max_memory_allocated': 2394135552, 'max_memory_reserved': 26778533888}
[WSI] epoch=1 iteration=117 slide=normal_039 N=9 {'train_loss_cls': 0.462890625, 'train_loss_sr': 0.24183273315429688, 'train_loss_total': 0.4870738983154297, 'max_memory_allocated': 6829067264, 'max_memory_reserved': 26778533888}
[WSI] epoch=1 iteration=118 slide=tumor_102 N=35 {'train_loss_cls': 0.99609375, 'train_loss_sr': 0.1808892786502838, 'train_loss_total': 1.014182686805725, 'max_memory_allocated': 26042046464, 'max_memory_reserved': 39436943360}
[WSI] epoch=1 iteration=119 slide=tumor_093 N=14 {'train_loss_cls': 0.9765625, 'train_loss_sr': 0.1324446201324463, 'train_loss_total': 0.9898069500923157, 'max_memory_allocated': 10523221504, 'max_memory_reserved': 29381099520}
[gradient] slide_id=normal_053 N=18 {'rdn': 0.8064210414886475, 'region_encoder': 0.0, 'abmil': 0.013375261798501015, 'classifier': 6.020183086395264, 'p2w': 0.22040964663028717}
[WSI] epoch=1 iteration=120 slide=normal_053 N=18 {'train_loss_cls': 0.5078125, 'train_loss_sr': 0.1416143923997879, 'train_loss_total': 0.5219739675521851, 'max_memory_allocated': 13478644224, 'max_memory_reserved': 29387390976}
[WSI] epoch=1 iteration=121 slide=tumor_054 N=17 {'train_loss_cls': 0.9296875, 'train_loss_sr': 0.16152748465538025, 'train_loss_total': 0.9458402395248413, 'max_memory_allocated': 12739279360, 'max_memory_reserved': 29406265344}
[WSI] epoch=1 iteration=122 slide=normal_113 N=19 {'train_loss_cls': 0.54296875, 'train_loss_sr': 0.12597069144248962, 'train_loss_total': 0.5555658340454102, 'max_memory_allocated': 14216964608, 'max_memory_reserved': 29412556800}
[WSI] epoch=1 iteration=123 slide=tumor_021 N=16 {'train_loss_cls': 0.8359375, 'train_loss_sr': 0.11077094078063965, 'train_loss_total': 0.8470146059989929, 'max_memory_allocated': 12001548800, 'max_memory_reserved': 29412556800}
[WSI] epoch=1 iteration=124 slide=normal_139 N=12 {'train_loss_cls': 0.57421875, 'train_loss_sr': 0.11409851908683777, 'train_loss_total': 0.5856286287307739, 'max_memory_allocated': 9044646400, 'max_memory_reserved': 29412556800}
[WSI] epoch=1 iteration=125 slide=tumor_086 N=23 {'train_loss_cls': 0.8046875, 'train_loss_sr': 0.14430692791938782, 'train_loss_total': 0.8191182017326355, 'max_memory_allocated': 17173674496, 'max_memory_reserved': 29441916928}
[WSI] epoch=1 iteration=126 slide=tumor_061 N=13 {'train_loss_cls': 0.76953125, 'train_loss_sr': 0.15467897057533264, 'train_loss_total': 0.7849991321563721, 'max_memory_allocated': 9783492608, 'max_memory_reserved': 29441916928}
[WSI] epoch=1 iteration=127 slide=tumor_078 N=15 {'train_loss_cls': 0.73046875, 'train_loss_sr': 0.09703867882490158, 'train_loss_total': 0.7401726245880127, 'max_memory_allocated': 11262056960, 'max_memory_reserved': 29441916928}
[WSI] epoch=1 iteration=128 slide=tumor_046 N=19 {'train_loss_cls': 0.74609375, 'train_loss_sr': 0.13452500104904175, 'train_loss_total': 0.7595462799072266, 'max_memory_allocated': 14218496512, 'max_memory_reserved': 29441916928}
[WSI] epoch=1 iteration=129 slide=normal_067 N=12 {'train_loss_cls': 0.6875, 'train_loss_sr': 0.10224683582782745, 'train_loss_total': 0.6977246999740601, 'max_memory_allocated': 9045662208, 'max_memory_reserved': 29441916928}
[gradient] slide_id=tumor_050 N=10 {'rdn': 0.8095394968986511, 'region_encoder': 0.0, 'abmil': 0.031690556555986404, 'classifier': 6.379962921142578, 'p2w': 0.17480237782001495}
[WSI] epoch=1 iteration=130 slide=tumor_050 N=10 {'train_loss_cls': 0.6953125, 'train_loss_sr': 0.13426625728607178, 'train_loss_total': 0.7087391018867493, 'max_memory_allocated': 7566680064, 'max_memory_reserved': 29441916928}
[WSI] epoch=1 iteration=131 slide=normal_029 N=1 {'train_loss_cls': 0.77734375, 'train_loss_sr': 0.06922406703233719, 'train_loss_total': 0.7842661738395691, 'max_memory_allocated': 916925440, 'max_memory_reserved': 29441916928}
[WSI] epoch=1 iteration=132 slide=tumor_071 N=12 {'train_loss_cls': 0.6328125, 'train_loss_sr': 0.12929078936576843, 'train_loss_total': 0.6457415819168091, 'max_memory_allocated': 9044515328, 'max_memory_reserved': 29441916928}
[WSI] epoch=1 iteration=133 slide=normal_108 N=2 {'train_loss_cls': 0.76953125, 'train_loss_sr': 0.1419556736946106, 'train_loss_total': 0.7837268114089966, 'max_memory_allocated': 1707051520, 'max_memory_reserved': 29441916928}
[WSI] epoch=1 iteration=134 slide=tumor_097 N=18 {'train_loss_cls': 0.61328125, 'train_loss_sr': 0.09397052228450775, 'train_loss_total': 0.622678279876709, 'max_memory_allocated': 13478644224, 'max_memory_reserved': 29441916928}
[WSI] epoch=1 iteration=135 slide=normal_085 N=5 {'train_loss_cls': 0.8125, 'train_loss_sr': 0.13090942800045013, 'train_loss_total': 0.825590968132019, 'max_memory_allocated': 3872856576, 'max_memory_reserved': 29441916928}
[WSI] epoch=1 iteration=136 slide=normal_145 N=20 {'train_loss_cls': 0.79296875, 'train_loss_sr': 0.11483822762966156, 'train_loss_total': 0.8044525980949402, 'max_memory_allocated': 14957506560, 'max_memory_reserved': 29441916928}
[WSI] epoch=1 iteration=137 slide=normal_041 N=7 {'train_loss_cls': 0.80078125, 'train_loss_sr': 0.09271357953548431, 'train_loss_total': 0.8100526332855225, 'max_memory_allocated': 5351008768, 'max_memory_reserved': 29441916928}
[WSI] epoch=1 iteration=138 slide=tumor_105 N=6 {'train_loss_cls': 0.59765625, 'train_loss_sr': 0.11949042230844498, 'train_loss_total': 0.6096053123474121, 'max_memory_allocated': 4612094976, 'max_memory_reserved': 29441916928}
[WSI] epoch=1 iteration=139 slide=tumor_111 N=4 {'train_loss_cls': 0.5703125, 'train_loss_sr': 0.14563804864883423, 'train_loss_total': 0.584876298904419, 'max_memory_allocated': 3132185088, 'max_memory_reserved': 29441916928}
[gradient] slide_id=normal_023 N=2 {'rdn': 1.2012606859207153, 'region_encoder': 0.0, 'abmil': 0.0013284571468830109, 'classifier': 6.878527641296387, 'p2w': 0.33916500210762024}
[WSI] epoch=1 iteration=140 slide=normal_023 N=2 {'train_loss_cls': 0.76171875, 'train_loss_sr': 0.13825546205043793, 'train_loss_total': 0.775544285774231, 'max_memory_allocated': 1707252224, 'max_memory_reserved': 29441916928}
[WSI] epoch=1 iteration=141 slide=normal_003 N=7 {'train_loss_cls': 0.81640625, 'train_loss_sr': 0.14093512296676636, 'train_loss_total': 0.8304997682571411, 'max_memory_allocated': 5350434816, 'max_memory_reserved': 29441916928}
[WSI] epoch=1 iteration=142 slide=tumor_072 N=20 {'train_loss_cls': 0.62109375, 'train_loss_sr': 0.1297496259212494, 'train_loss_total': 0.6340687274932861, 'max_memory_allocated': 14956296704, 'max_memory_reserved': 29441916928}
[WSI] epoch=1 iteration=143 slide=normal_081 N=6 {'train_loss_cls': 0.80078125, 'train_loss_sr': 0.1884939819574356, 'train_loss_total': 0.8196306228637695, 'max_memory_allocated': 4612299776, 'max_memory_reserved': 29441916928}
[WSI] epoch=1 iteration=144 slide=normal_047 N=5 {'train_loss_cls': 0.76171875, 'train_loss_sr': 0.16845455765724182, 'train_loss_total': 0.7785642147064209, 'max_memory_allocated': 3873696256, 'max_memory_reserved': 29441916928}
[WSI] epoch=1 iteration=145 slide=normal_054 N=1 {'train_loss_cls': 0.76171875, 'train_loss_sr': 0.20686420798301697, 'train_loss_total': 0.7824051976203918, 'max_memory_allocated': 916704256, 'max_memory_reserved': 29441916928}
[WSI] epoch=1 iteration=146 slide=normal_052 N=15 {'train_loss_cls': 0.73046875, 'train_loss_sr': 0.11732923984527588, 'train_loss_total': 0.7422016859054565, 'max_memory_allocated': 11262740992, 'max_memory_reserved': 29441916928}
[WSI] epoch=1 iteration=147 slide=normal_007 N=3 {'train_loss_cls': 0.7578125, 'train_loss_sr': 0.12154863774776459, 'train_loss_total': 0.7699673771858215, 'max_memory_allocated': 2394811392, 'max_memory_reserved': 29441916928}
[WSI] epoch=1 iteration=148 slide=normal_124 N=19 {'train_loss_cls': 0.6640625, 'train_loss_sr': 0.08318547159433365, 'train_loss_total': 0.6723810434341431, 'max_memory_allocated': 14216985088, 'max_memory_reserved': 29441916928}
[WSI] epoch=1 iteration=149 slide=normal_063 N=7 {'train_loss_cls': 0.6484375, 'train_loss_sr': 0.11470475047826767, 'train_loss_total': 0.6599079966545105, 'max_memory_allocated': 5351158272, 'max_memory_reserved': 29441916928}
[gradient] slide_id=normal_146 N=17 {'rdn': 1.1633161306381226, 'region_encoder': 0.0, 'abmil': 0.02025461010634899, 'classifier': 5.293675899505615, 'p2w': 0.46218255162239075}
[WSI] epoch=1 iteration=150 slide=normal_146 N=17 {'train_loss_cls': 0.59375, 'train_loss_sr': 0.11839339137077332, 'train_loss_total': 0.6055893301963806, 'max_memory_allocated': 12739552256, 'max_memory_reserved': 29441916928}
[WSI] epoch=1 iteration=151 slide=normal_022 N=6 {'train_loss_cls': 0.52734375, 'train_loss_sr': 0.13836552202701569, 'train_loss_total': 0.5411803126335144, 'max_memory_allocated': 4611873792, 'max_memory_reserved': 29441916928}
[WSI] epoch=1 iteration=152 slide=normal_011 N=14 {'train_loss_cls': 0.498046875, 'train_loss_sr': 0.15974117815494537, 'train_loss_total': 0.5140209794044495, 'max_memory_allocated': 10523040256, 'max_memory_reserved': 29441916928}
[WSI] epoch=1 iteration=153 slide=tumor_057 N=4 {'train_loss_cls': 1.0859375, 'train_loss_sr': 0.17835551500320435, 'train_loss_total': 1.1037729978561401, 'max_memory_allocated': 3133037056, 'max_memory_reserved': 29441916928}
[WSI] epoch=1 iteration=154 slide=normal_109 N=10 {'train_loss_cls': 0.435546875, 'train_loss_sr': 0.20378565788269043, 'train_loss_total': 0.45592543482780457, 'max_memory_allocated': 7566728704, 'max_memory_reserved': 29441916928}
[WSI] epoch=1 iteration=155 slide=normal_080 N=15 {'train_loss_cls': 0.39453125, 'train_loss_sr': 0.21949882805347443, 'train_loss_total': 0.4164811372756958, 'max_memory_allocated': 11262319104, 'max_memory_reserved': 29441916928}
[WSI] epoch=1 iteration=156 slide=tumor_087 N=10 {'train_loss_cls': 1.1875, 'train_loss_sr': 0.1612030267715454, 'train_loss_total': 1.2036203145980835, 'max_memory_allocated': 7566957056, 'max_memory_reserved': 29441916928}
[WSI] epoch=1 iteration=157 slide=normal_026 N=5 {'train_loss_cls': 0.3515625, 'train_loss_sr': 0.2438034862279892, 'train_loss_total': 0.3759428560733795, 'max_memory_allocated': 3874028032, 'max_memory_reserved': 29441916928}
[WSI] epoch=1 iteration=158 slide=normal_131 N=18 {'train_loss_cls': 0.36328125, 'train_loss_sr': 0.26302826404571533, 'train_loss_total': 0.3895840644836426, 'max_memory_allocated': 13478194688, 'max_memory_reserved': 29441916928}
[WSI] epoch=1 iteration=159 slide=tumor_007 N=12 {'train_loss_cls': 1.25, 'train_loss_sr': 0.19411152601242065, 'train_loss_total': 1.2694112062454224, 'max_memory_allocated': 9044747264, 'max_memory_reserved': 29441916928}
[gradient] slide_id=tumor_079 N=14 {'rdn': 3.5924642086029053, 'region_encoder': 0.0, 'abmil': 0.01937084086239338, 'classifier': 10.261062622070312, 'p2w': 0.9381868839263916}
[WSI] epoch=1 iteration=160 slide=tumor_079 N=14 {'train_loss_cls': 1.2421875, 'train_loss_sr': 0.18170544505119324, 'train_loss_total': 1.2603580951690674, 'max_memory_allocated': 10523313664, 'max_memory_reserved': 29441916928}
[WSI] epoch=1 iteration=161 slide=tumor_040 N=10 {'train_loss_cls': 1.21875, 'train_loss_sr': 0.18110135197639465, 'train_loss_total': 1.2368601560592651, 'max_memory_allocated': 7566572032, 'max_memory_reserved': 29441916928}
[WSI] epoch=1 iteration=162 slide=tumor_039 N=4 {'train_loss_cls': 1.1953125, 'train_loss_sr': 0.22795087099075317, 'train_loss_total': 1.2181075811386108, 'max_memory_allocated': 3132758528, 'max_memory_reserved': 29441916928}
[WSI] epoch=1 iteration=163 slide=tumor_106 N=22 {'train_loss_cls': 0.9921875, 'train_loss_sr': 0.24163436889648438, 'train_loss_total': 1.0163509845733643, 'max_memory_allocated': 16433936896, 'max_memory_reserved': 29441916928}
[WSI] epoch=1 iteration=164 slide=normal_006 N=1 {'train_loss_cls': 0.478515625, 'train_loss_sr': 0.15780514478683472, 'train_loss_total': 0.494296133518219, 'max_memory_allocated': 917384192, 'max_memory_reserved': 29441916928}
[WSI] epoch=1 iteration=165 slide=normal_102 N=11 {'train_loss_cls': 0.50390625, 'train_loss_sr': 0.13531237840652466, 'train_loss_total': 0.5174374580383301, 'max_memory_allocated': 8305269248, 'max_memory_reserved': 29441916928}
[WSI] epoch=1 iteration=166 slide=normal_036 N=7 {'train_loss_cls': 0.51171875, 'train_loss_sr': 0.1748037487268448, 'train_loss_total': 0.5291991233825684, 'max_memory_allocated': 5350877696, 'max_memory_reserved': 29441916928}
[WSI] epoch=1 iteration=167 slide=tumor_094 N=16 {'train_loss_cls': 0.875, 'train_loss_sr': 0.14053648710250854, 'train_loss_total': 0.8890536427497864, 'max_memory_allocated': 12001387520, 'max_memory_reserved': 29441916928}
[WSI] epoch=1 iteration=168 slide=normal_096 N=7 {'train_loss_cls': 0.486328125, 'train_loss_sr': 0.12373142689466476, 'train_loss_total': 0.498701274394989, 'max_memory_allocated': 5349992960, 'max_memory_reserved': 29441916928}
[WSI] epoch=1 iteration=169 slide=normal_144 N=12 {'train_loss_cls': 0.5234375, 'train_loss_sr': 0.11747375130653381, 'train_loss_total': 0.5351848602294922, 'max_memory_allocated': 9044978176, 'max_memory_reserved': 29441916928}
[gradient] slide_id=normal_062 N=2 {'rdn': 1.0539088249206543, 'region_encoder': 0.0, 'abmil': 0.01670679822564125, 'classifier': 4.748615264892578, 'p2w': 0.4787170886993408}
[WSI] epoch=1 iteration=170 slide=normal_062 N=2 {'train_loss_cls': 0.55078125, 'train_loss_sr': 0.12763658165931702, 'train_loss_total': 0.5635449290275574, 'max_memory_allocated': 1707772416, 'max_memory_reserved': 29441916928}
[WSI] epoch=1 iteration=171 slide=tumor_107 N=6 {'train_loss_cls': 0.8828125, 'train_loss_sr': 0.13216084241867065, 'train_loss_total': 0.8960285782814026, 'max_memory_allocated': 4612852736, 'max_memory_reserved': 29441916928}
[WSI] epoch=1 iteration=172 slide=tumor_108 N=22 {'train_loss_cls': 0.87890625, 'train_loss_sr': 0.11973722279071808, 'train_loss_total': 0.8908799886703491, 'max_memory_allocated': 16434379264, 'max_memory_reserved': 29441916928}
[WSI] epoch=1 iteration=173 slide=normal_061 N=12 {'train_loss_cls': 0.5, 'train_loss_sr': 0.1912534534931183, 'train_loss_total': 0.5191253423690796, 'max_memory_allocated': 9044791296, 'max_memory_reserved': 29441916928}
[WSI] epoch=1 iteration=174 slide=normal_083 N=3 {'train_loss_cls': 0.484375, 'train_loss_sr': 0.15557289123535156, 'train_loss_total': 0.49993228912353516, 'max_memory_allocated': 2394356736, 'max_memory_reserved': 29441916928}
[epoch] {'epoch': 1, 'train_loss_cls': 0.7342571390086207, 'train_loss_sr': 0.18783791598746147, 'train_loss_total': 0.7530409340885864, 'train_auc': 0.6774324324324325, 'train_acc': 0.5747126436781609, 'train_bacc': 0.5, 'val_loss': 0.6782004616477273, 'val_auc': 0.5906200317965025, 'val_acc': 0.5795454545454546, 'val_bacc': 0.5, 'max_memory_allocated': 26042046464, 'max_memory_reserved': 40921726976}
/root/miniconda3/envs/myconda/lib/python3.10/site-packages/torch/utils/checkpoint.py:1399: FutureWarning: `torch.cpu.amp.autocast(args...)` is deprecated. Please use `torch.amp.autocast('cpu', args...)` instead.
  with device_autocast_ctx, torch.cpu.amp.autocast(**cpu_autocast_kwargs), recompute_context:  # type: ignore[attr-defined]
[WSI] epoch=2 iteration=175 slide=tumor_002 N=5 {'train_loss_cls': 0.90625, 'train_loss_sr': 0.15918496251106262, 'train_loss_total': 0.922168493270874, 'max_memory_allocated': 3872479744, 'max_memory_reserved': 32237420544}
[WSI] epoch=2 iteration=176 slide=normal_032 N=9 {'train_loss_cls': 0.51171875, 'train_loss_sr': 0.15400464832782745, 'train_loss_total': 0.5271192193031311, 'max_memory_allocated': 6827630592, 'max_memory_reserved': 32237420544}
[WSI] epoch=2 iteration=177 slide=normal_015 N=5 {'train_loss_cls': 0.5078125, 'train_loss_sr': 0.14929917454719543, 'train_loss_total': 0.5227423906326294, 'max_memory_allocated': 3872286720, 'max_memory_reserved': 32237420544}
[WSI] epoch=2 iteration=178 slide=normal_039 N=9 {'train_loss_cls': 0.5, 'train_loss_sr': 0.1492905616760254, 'train_loss_total': 0.5149290561676025, 'max_memory_allocated': 6827366912, 'max_memory_reserved': 32237420544}
[WSI] epoch=2 iteration=179 slide=normal_084 N=1 {'train_loss_cls': 0.447265625, 'train_loss_sr': 0.0693327933549881, 'train_loss_total': 0.4541988968849182, 'max_memory_allocated': 916483072, 'max_memory_reserved': 32237420544}
[gradient] slide_id=normal_146 N=17 {'rdn': 0.8831337094306946, 'region_encoder': 0.0, 'abmil': 0.008879340253770351, 'classifier': 5.107364177703857, 'p2w': 0.28156018257141113}
[WSI] epoch=2 iteration=180 slide=normal_146 N=17 {'train_loss_cls': 0.48046875, 'train_loss_sr': 0.140895813703537, 'train_loss_total': 0.49455833435058594, 'max_memory_allocated': 12739501056, 'max_memory_reserved': 32237420544}
[WSI] epoch=2 iteration=181 slide=normal_121 N=13 {'train_loss_cls': 0.46875, 'train_loss_sr': 0.12864950299263, 'train_loss_total': 0.48161494731903076, 'max_memory_allocated': 9783568896, 'max_memory_reserved': 32237420544}
[WSI] epoch=2 iteration=182 slide=normal_023 N=2 {'train_loss_cls': 0.390625, 'train_loss_sr': 0.12891238927841187, 'train_loss_total': 0.4035162329673767, 'max_memory_allocated': 1707051520, 'max_memory_reserved': 32237420544}
[WSI] epoch=2 iteration=183 slide=tumor_073 N=19 {'train_loss_cls': 1.0546875, 'train_loss_sr': 0.09144099056720734, 'train_loss_total': 1.0638315677642822, 'max_memory_allocated': 14217061376, 'max_memory_reserved': 32237420544}
[WSI] epoch=2 iteration=184 slide=normal_012 N=3 {'train_loss_cls': 0.38671875, 'train_loss_sr': 0.19693464040756226, 'train_loss_total': 0.4064122140407562, 'max_memory_allocated': 2394467328, 'max_memory_reserved': 32237420544}
[WSI] epoch=2 iteration=185 slide=normal_124 N=19 {'train_loss_cls': 0.380859375, 'train_loss_sr': 0.20619645714759827, 'train_loss_total': 0.40147900581359863, 'max_memory_allocated': 14217296384, 'max_memory_reserved': 32237420544}
[WSI] epoch=2 iteration=186 slide=normal_054 N=1 {'train_loss_cls': 0.306640625, 'train_loss_sr': 0.17634883522987366, 'train_loss_total': 0.32427549362182617, 'max_memory_allocated': 916147200, 'max_memory_reserved': 32237420544}
[WSI] epoch=2 iteration=187 slide=normal_006 N=1 {'train_loss_cls': 0.30078125, 'train_loss_sr': 0.20425227284431458, 'train_loss_total': 0.3212064802646637, 'max_memory_allocated': 917036032, 'max_memory_reserved': 32237420544}
[WSI] epoch=2 iteration=188 slide=tumor_097 N=18 {'train_loss_cls': 1.4609375, 'train_loss_sr': 0.3348914682865143, 'train_loss_total': 1.4944266080856323, 'max_memory_allocated': 13478607360, 'max_memory_reserved': 32237420544}
[WSI] epoch=2 iteration=189 slide=tumor_003 N=7 {'train_loss_cls': 1.4296875, 'train_loss_sr': 0.19656342267990112, 'train_loss_total': 1.4493438005447388, 'max_memory_allocated': 5350767104, 'max_memory_reserved': 32237420544}
[gradient] slide_id=normal_153 N=12 {'rdn': 1.7307132482528687, 'region_encoder': 0.0, 'abmil': 0.022818919271230698, 'classifier': 4.515228748321533, 'p2w': 0.832545816898346}
[WSI] epoch=2 iteration=190 slide=normal_153 N=12 {'train_loss_cls': 0.318359375, 'train_loss_sr': 0.23878207802772522, 'train_loss_total': 0.34223759174346924, 'max_memory_allocated': 9045441024, 'max_memory_reserved': 32237420544}
[WSI] epoch=2 iteration=191 slide=normal_035 N=1 {'train_loss_cls': 0.265625, 'train_loss_sr': 0.27934762835502625, 'train_loss_total': 0.2935597598552704, 'max_memory_allocated': 916147200, 'max_memory_reserved': 32237420544}
[WSI] epoch=2 iteration=192 slide=tumor_047 N=15 {'train_loss_cls': 1.2890625, 'train_loss_sr': 0.2547250986099243, 'train_loss_total': 1.3145350217819214, 'max_memory_allocated': 11263314432, 'max_memory_reserved': 32237420544}
[WSI] epoch=2 iteration=193 slide=tumor_021 N=16 {'train_loss_cls': 1.1953125, 'train_loss_sr': 0.35417526960372925, 'train_loss_total': 1.2307300567626953, 'max_memory_allocated': 12001967616, 'max_memory_reserved': 32237420544}
[WSI] epoch=2 iteration=194 slide=tumor_072 N=20 {'train_loss_cls': 1.0859375, 'train_loss_sr': 0.28599679470062256, 'train_loss_total': 1.114537239074707, 'max_memory_allocated': 14957255168, 'max_memory_reserved': 32237420544}
[WSI] epoch=2 iteration=195 slide=tumor_088 N=12 {'train_loss_cls': 1.1171875, 'train_loss_sr': 0.243446946144104, 'train_loss_total': 1.1415321826934814, 'max_memory_allocated': 9045563392, 'max_memory_reserved': 32237420544}
[WSI] epoch=2 iteration=196 slide=normal_036 N=7 {'train_loss_cls': 0.408203125, 'train_loss_sr': 0.28300604224205017, 'train_loss_total': 0.43650373816490173, 'max_memory_allocated': 5349992960, 'max_memory_reserved': 32237420544}
[WSI] epoch=2 iteration=197 slide=tumor_034 N=6 {'train_loss_cls': 0.9921875, 'train_loss_sr': 0.20826417207717896, 'train_loss_total': 1.0130139589309692, 'max_memory_allocated': 4612115456, 'max_memory_reserved': 32237420544}
[WSI] epoch=2 iteration=198 slide=normal_133 N=10 {'train_loss_cls': 0.486328125, 'train_loss_sr': 0.13726334273815155, 'train_loss_total': 0.5000544786453247, 'max_memory_allocated': 7566957056, 'max_memory_reserved': 32237420544}
[WSI] epoch=2 iteration=199 slide=tumor_061 N=13 {'train_loss_cls': 0.9296875, 'train_loss_sr': 0.19393524527549744, 'train_loss_total': 0.9490810036659241, 'max_memory_allocated': 9783458304, 'max_memory_reserved': 32237420544}
[gradient] slide_id=tumor_045 N=10 {'rdn': 1.201725959777832, 'region_encoder': 0.0, 'abmil': 0.019332140684127808, 'classifier': 7.69155740737915, 'p2w': 0.27789509296417236}
[WSI] epoch=2 iteration=200 slide=tumor_045 N=10 {'train_loss_cls': 0.8984375, 'train_loss_sr': 0.20203395187854767, 'train_loss_total': 0.9186409115791321, 'max_memory_allocated': 7567235584, 'max_memory_reserved': 32237420544}
[WSI] epoch=2 iteration=201 slide=normal_154 N=20 {'train_loss_cls': 0.53125, 'train_loss_sr': 0.18415282666683197, 'train_loss_total': 0.5496652722358704, 'max_memory_allocated': 14956296704, 'max_memory_reserved': 32237420544}
[WSI] epoch=2 iteration=202 slide=tumor_028 N=17 {'train_loss_cls': 0.84375, 'train_loss_sr': 0.14158841967582703, 'train_loss_total': 0.8579088449478149, 'max_memory_allocated': 12739684864, 'max_memory_reserved': 32237420544}
[WSI] epoch=2 iteration=203 slide=tumor_106 N=22 {'train_loss_cls': 0.79296875, 'train_loss_sr': 0.17465154826641083, 'train_loss_total': 0.8104339241981506, 'max_memory_allocated': 16434358784, 'max_memory_reserved': 32237420544}
[WSI] epoch=2 iteration=204 slide=normal_131 N=18 {'train_loss_cls': 0.61328125, 'train_loss_sr': 0.21279561519622803, 'train_loss_total': 0.6345608234405518, 'max_memory_allocated': 13478423040, 'max_memory_reserved': 32237420544}
[WSI] epoch=2 iteration=205 slide=normal_089 N=20 {'train_loss_cls': 0.62890625, 'train_loss_sr': 0.16077739000320435, 'train_loss_total': 0.6449840068817139, 'max_memory_allocated': 14956608000, 'max_memory_reserved': 32237420544}
[WSI] epoch=2 iteration=206 slide=tumor_098 N=9 {'train_loss_cls': 0.7421875, 'train_loss_sr': 0.12258542329072952, 'train_loss_total': 0.7544460296630859, 'max_memory_allocated': 6827104768, 'max_memory_reserved': 32237420544}
[WSI] epoch=2 iteration=207 slide=normal_028 N=5 {'train_loss_cls': 0.6171875, 'train_loss_sr': 0.1999213695526123, 'train_loss_total': 0.6371796131134033, 'max_memory_allocated': 3872904704, 'max_memory_reserved': 32237420544}
[WSI] epoch=2 iteration=208 slide=normal_095 N=14 {'train_loss_cls': 0.6640625, 'train_loss_sr': 0.17879776656627655, 'train_loss_total': 0.6819422841072083, 'max_memory_allocated': 10522376704, 'max_memory_reserved': 32237420544}
[WSI] epoch=2 iteration=209 slide=normal_007 N=3 {'train_loss_cls': 0.703125, 'train_loss_sr': 0.15828557312488556, 'train_loss_total': 0.718953549861908, 'max_memory_allocated': 2395978752, 'max_memory_reserved': 32237420544}
[gradient] slide_id=tumor_016 N=5 {'rdn': 1.2876839637756348, 'region_encoder': 0.0, 'abmil': 0.06650981307029724, 'classifier': 5.309275150299072, 'p2w': 0.5398151278495789}
[WSI] epoch=2 iteration=210 slide=tumor_016 N=5 {'train_loss_cls': 0.71875, 'train_loss_sr': 0.18341940641403198, 'train_loss_total': 0.7370919585227966, 'max_memory_allocated': 3872939520, 'max_memory_reserved': 32237420544}
[WSI] epoch=2 iteration=211 slide=tumor_071 N=12 {'train_loss_cls': 0.71875, 'train_loss_sr': 0.1811174899339676, 'train_loss_total': 0.7368617653846741, 'max_memory_allocated': 9045050368, 'max_memory_reserved': 32237420544}
[WSI] epoch=2 iteration=212 slide=tumor_087 N=10 {'train_loss_cls': 0.73046875, 'train_loss_sr': 0.15453775227069855, 'train_loss_total': 0.7459225058555603, 'max_memory_allocated': 7566330368, 'max_memory_reserved': 32237420544}
[WSI] epoch=2 iteration=213 slide=tumor_022 N=7 {'train_loss_cls': 0.69921875, 'train_loss_sr': 0.15786561369895935, 'train_loss_total': 0.7150053381919861, 'max_memory_allocated': 5350103552, 'max_memory_reserved': 32237420544}
[WSI] epoch=2 iteration=214 slide=normal_049 N=2 {'train_loss_cls': 0.68359375, 'train_loss_sr': 0.22520244121551514, 'train_loss_total': 0.7061139941215515, 'max_memory_allocated': 1707141632, 'max_memory_reserved': 32237420544}
[WSI] epoch=2 iteration=215 slide=normal_040 N=16 {'train_loss_cls': 0.6953125, 'train_loss_sr': 0.20544706284999847, 'train_loss_total': 0.715857207775116, 'max_memory_allocated': 12000975360, 'max_memory_reserved': 32237420544}
[WSI] epoch=2 iteration=216 slide=tumor_027 N=13 {'train_loss_cls': 0.6796875, 'train_loss_sr': 0.18694302439689636, 'train_loss_total': 0.698381781578064, 'max_memory_allocated': 9783679488, 'max_memory_reserved': 32237420544}
[WSI] epoch=2 iteration=217 slide=normal_052 N=15 {'train_loss_cls': 0.703125, 'train_loss_sr': 0.18396244943141937, 'train_loss_total': 0.721521258354187, 'max_memory_allocated': 11263646208, 'max_memory_reserved': 32237420544}
[WSI] epoch=2 iteration=218 slide=tumor_009 N=12 {'train_loss_cls': 0.69921875, 'train_loss_sr': 0.2053113877773285, 'train_loss_total': 0.7197498679161072, 'max_memory_allocated': 9044515328, 'max_memory_reserved': 32237420544}
[WSI] epoch=2 iteration=219 slide=normal_065 N=6 {'train_loss_cls': 0.7109375, 'train_loss_sr': 0.20975103974342346, 'train_loss_total': 0.7319126129150391, 'max_memory_allocated': 4611853312, 'max_memory_reserved': 32237420544}
[gradient] slide_id=normal_078 N=6 {'rdn': 0.9521915912628174, 'region_encoder': 0.0, 'abmil': 0.04987126216292381, 'classifier': 4.647275447845459, 'p2w': 0.3502591550350189}
[WSI] epoch=2 iteration=220 slide=normal_078 N=6 {'train_loss_cls': 0.71875, 'train_loss_sr': 0.18682357668876648, 'train_loss_total': 0.7374323606491089, 'max_memory_allocated': 4612115456, 'max_memory_reserved': 32237420544}
[WSI] epoch=2 iteration=221 slide=normal_014 N=2 {'train_loss_cls': 0.67578125, 'train_loss_sr': 0.17562416195869446, 'train_loss_total': 0.6933436393737793, 'max_memory_allocated': 1707051520, 'max_memory_reserved': 32237420544}
[WSI] epoch=2 iteration=222 slide=normal_080 N=15 {'train_loss_cls': 0.70703125, 'train_loss_sr': 0.11984390020370483, 'train_loss_total': 0.7190156579017639, 'max_memory_allocated': 11262319104, 'max_memory_reserved': 32237420544}
[WSI] epoch=2 iteration=223 slide=tumor_052 N=15 {'train_loss_cls': 0.7265625, 'train_loss_sr': 0.15846151113510132, 'train_loss_total': 0.7424086332321167, 'max_memory_allocated': 11262056960, 'max_memory_reserved': 32237420544}
[WSI] epoch=2 iteration=224 slide=tumor_048 N=15 {'train_loss_cls': 0.7265625, 'train_loss_sr': 0.15387137234210968, 'train_loss_total': 0.7419496178627014, 'max_memory_allocated': 11262540288, 'max_memory_reserved': 32237420544}
[WSI] epoch=2 iteration=225 slide=normal_048 N=3 {'train_loss_cls': 0.70703125, 'train_loss_sr': 0.16338947415351868, 'train_loss_total': 0.7233701944351196, 'max_memory_allocated': 2394577920, 'max_memory_reserved': 32237420544}
[WSI] epoch=2 iteration=226 slide=normal_152 N=5 {'train_loss_cls': 0.6796875, 'train_loss_sr': 0.15306872129440308, 'train_loss_total': 0.6949943900108337, 'max_memory_allocated': 3872587776, 'max_memory_reserved': 32237420544}
[WSI] epoch=2 iteration=227 slide=tumor_093 N=14 {'train_loss_cls': 0.703125, 'train_loss_sr': 0.10823720693588257, 'train_loss_total': 0.7139487266540527, 'max_memory_allocated': 10522044928, 'max_memory_reserved': 32237420544}
[WSI] epoch=2 iteration=228 slide=normal_066 N=26 {'train_loss_cls': 0.65625, 'train_loss_sr': 0.19168812036514282, 'train_loss_total': 0.6754187941551208, 'max_memory_allocated': 19390310912, 'max_memory_reserved': 32256294912}
[WSI] epoch=2 iteration=229 slide=normal_071 N=5 {'train_loss_cls': 0.63671875, 'train_loss_sr': 0.1545238345861435, 'train_loss_total': 0.6521711349487305, 'max_memory_allocated': 3872348672, 'max_memory_reserved': 32256294912}
[gradient] slide_id=normal_002 N=2 {'rdn': 1.4215123653411865, 'region_encoder': 0.0, 'abmil': 0.01410598959773779, 'classifier': 3.9622552394866943, 'p2w': 0.6247453689575195}
[WSI] epoch=2 iteration=230 slide=normal_002 N=2 {'train_loss_cls': 0.60546875, 'train_loss_sr': 0.08338934183120728, 'train_loss_total': 0.6138076782226562, 'max_memory_allocated': 1706789376, 'max_memory_reserved': 32256294912}
[WSI] epoch=2 iteration=231 slide=normal_102 N=11 {'train_loss_cls': 0.609375, 'train_loss_sr': 0.08704735338687897, 'train_loss_total': 0.6180797219276428, 'max_memory_allocated': 8305842688, 'max_memory_reserved': 32256294912}
[WSI] epoch=2 iteration=232 slide=tumor_074 N=5 {'train_loss_cls': 0.78125, 'train_loss_sr': 0.15119224786758423, 'train_loss_total': 0.796369194984436, 'max_memory_allocated': 3873147392, 'max_memory_reserved': 32256294912}
[WSI] epoch=2 iteration=233 slide=normal_151 N=16 {'train_loss_cls': 0.59765625, 'train_loss_sr': 0.13776090741157532, 'train_loss_total': 0.6114323139190674, 'max_memory_allocated': 12002675200, 'max_memory_reserved': 32256294912}
[WSI] epoch=2 iteration=234 slide=tumor_011 N=6 {'train_loss_cls': 0.83984375, 'train_loss_sr': 0.14436887204647064, 'train_loss_total': 0.8542806506156921, 'max_memory_allocated': 4612120064, 'max_memory_reserved': 32256294912}
[WSI] epoch=2 iteration=235 slide=normal_111 N=31 {'train_loss_cls': 0.5703125, 'train_loss_sr': 0.1750437468290329, 'train_loss_total': 0.5878168940544128, 'max_memory_allocated': 23085079040, 'max_memory_reserved': 32264683520}
[WSI] epoch=2 iteration=236 slide=tumor_107 N=6 {'train_loss_cls': 0.78125, 'train_loss_sr': 0.2288886308670044, 'train_loss_total': 0.8041388392448425, 'max_memory_allocated': 4612302336, 'max_memory_reserved': 32264683520}
[WSI] epoch=2 iteration=237 slide=normal_047 N=5 {'train_loss_cls': 0.546875, 'train_loss_sr': 0.14721094071865082, 'train_loss_total': 0.5615960955619812, 'max_memory_allocated': 3872569856, 'max_memory_reserved': 32264683520}
[WSI] epoch=2 iteration=238 slide=normal_097 N=17 {'train_loss_cls': 0.546875, 'train_loss_sr': 0.1756666600704193, 'train_loss_total': 0.5644416809082031, 'max_memory_allocated': 12739942912, 'max_memory_reserved': 32264683520}
[WSI] epoch=2 iteration=239 slide=normal_008 N=1 {'train_loss_cls': 0.466796875, 'train_loss_sr': 0.22449873387813568, 'train_loss_total': 0.48924675583839417, 'max_memory_allocated': 916147200, 'max_memory_reserved': 32264683520}
[gradient] slide_id=tumor_089 N=26 {'rdn': 1.6577035188674927, 'region_encoder': 0.0, 'abmil': 0.021412434056401253, 'classifier': 4.237887382507324, 'p2w': 0.778492271900177}
[WSI] epoch=2 iteration=240 slide=tumor_089 N=26 {'train_loss_cls': 0.82421875, 'train_loss_sr': 0.18495172262191772, 'train_loss_total': 0.8427139520645142, 'max_memory_allocated': 19391158784, 'max_memory_reserved': 32264683520}
[WSI] epoch=2 iteration=241 slide=tumor_035 N=4 {'train_loss_cls': 0.84765625, 'train_loss_sr': 0.27814409136772156, 'train_loss_total': 0.8754706382751465, 'max_memory_allocated': 3132758528, 'max_memory_reserved': 32264683520}
[WSI] epoch=2 iteration=242 slide=tumor_060 N=6 {'train_loss_cls': 0.9140625, 'train_loss_sr': 0.28018829226493835, 'train_loss_total': 0.9420813322067261, 'max_memory_allocated': 4613000192, 'max_memory_reserved': 32264683520}
[WSI] epoch=2 iteration=243 slide=normal_026 N=5 {'train_loss_cls': 0.5234375, 'train_loss_sr': 0.19157078862190247, 'train_loss_total': 0.5425945520401001, 'max_memory_allocated': 3873589760, 'max_memory_reserved': 32264683520}
[WSI] epoch=2 iteration=244 slide=normal_128 N=11 {'train_loss_cls': 0.51953125, 'train_loss_sr': 0.2036961019039154, 'train_loss_total': 0.5399008393287659, 'max_memory_allocated': 8305420800, 'max_memory_reserved': 32264683520}
[WSI] epoch=2 iteration=245 slide=normal_159 N=14 {'train_loss_cls': 0.57421875, 'train_loss_sr': 0.2723938226699829, 'train_loss_total': 0.6014581322669983, 'max_memory_allocated': 10522376704, 'max_memory_reserved': 32264683520}
[WSI] epoch=2 iteration=246 slide=normal_120 N=10 {'train_loss_cls': 0.515625, 'train_loss_sr': 0.18895724415779114, 'train_loss_total': 0.5345207452774048, 'max_memory_allocated': 7567993856, 'max_memory_reserved': 32264683520}
[WSI] epoch=2 iteration=247 slide=tumor_105 N=6 {'train_loss_cls': 0.85546875, 'train_loss_sr': 0.19334594905376434, 'train_loss_total': 0.874803364276886, 'max_memory_allocated': 4613630976, 'max_memory_reserved': 32264683520}
[WSI] epoch=2 iteration=248 slide=normal_038 N=1 {'train_loss_cls': 0.498046875, 'train_loss_sr': 0.265092134475708, 'train_loss_total': 0.5245561003684998, 'max_memory_allocated': 916162048, 'max_memory_reserved': 32264683520}
[WSI] epoch=2 iteration=249 slide=normal_037 N=8 {'train_loss_cls': 0.515625, 'train_loss_sr': 0.2288505733013153, 'train_loss_total': 0.5385100841522217, 'max_memory_allocated': 6088715776, 'max_memory_reserved': 32264683520}
[gradient] slide_id=tumor_024 N=16 {'rdn': 1.484616994857788, 'region_encoder': 0.0, 'abmil': 0.05580390617251396, 'classifier': 4.4215168952941895, 'p2w': 0.34872758388519287}
[WSI] epoch=2 iteration=250 slide=tumor_024 N=16 {'train_loss_cls': 0.90234375, 'train_loss_sr': 0.1909700483083725, 'train_loss_total': 0.9214407801628113, 'max_memory_allocated': 12003132928, 'max_memory_reserved': 32264683520}
[WSI] epoch=2 iteration=251 slide=normal_068 N=6 {'train_loss_cls': 0.52734375, 'train_loss_sr': 0.18571823835372925, 'train_loss_total': 0.5459156036376953, 'max_memory_allocated': 4612551168, 'max_memory_reserved': 32264683520}
[WSI] epoch=2 iteration=252 slide=normal_083 N=3 {'train_loss_cls': 0.439453125, 'train_loss_sr': 0.1859634965658188, 'train_loss_total': 0.458049476146698, 'max_memory_allocated': 2394156032, 'max_memory_reserved': 32264683520}
[WSI] epoch=2 iteration=253 slide=normal_062 N=2 {'train_loss_cls': 0.498046875, 'train_loss_sr': 0.2149079293012619, 'train_loss_total': 0.5195376873016357, 'max_memory_allocated': 1706892800, 'max_memory_reserved': 32264683520}
[WSI] epoch=2 iteration=254 slide=normal_063 N=7 {'train_loss_cls': 0.4765625, 'train_loss_sr': 0.2143801748752594, 'train_loss_total': 0.49800050258636475, 'max_memory_allocated': 5350676992, 'max_memory_reserved': 32264683520}
[WSI] epoch=2 iteration=255 slide=tumor_004 N=15 {'train_loss_cls': 1.0390625, 'train_loss_sr': 0.20197102427482605, 'train_loss_total': 1.0592596530914307, 'max_memory_allocated': 11262061056, 'max_memory_reserved': 32264683520}
[WSI] epoch=2 iteration=256 slide=tumor_094 N=16 {'train_loss_cls': 1.0390625, 'train_loss_sr': 0.26351985335350037, 'train_loss_total': 1.0654144287109375, 'max_memory_allocated': 12001438208, 'max_memory_reserved': 32264683520}
[WSI] epoch=2 iteration=257 slide=normal_058 N=7 {'train_loss_cls': 0.462890625, 'train_loss_sr': 0.31080135703086853, 'train_loss_total': 0.49397075176239014, 'max_memory_allocated': 5350124032, 'max_memory_reserved': 32264683520}
[WSI] epoch=2 iteration=258 slide=normal_018 N=3 {'train_loss_cls': 0.42578125, 'train_loss_sr': 0.32761192321777344, 'train_loss_total': 0.45854243636131287, 'max_memory_allocated': 2395646976, 'max_memory_reserved': 32264683520}
[WSI] epoch=2 iteration=259 slide=normal_074 N=14 {'train_loss_cls': 0.458984375, 'train_loss_sr': 0.2367270290851593, 'train_loss_total': 0.4826570749282837, 'max_memory_allocated': 10522065408, 'max_memory_reserved': 32264683520}
[gradient] slide_id=tumor_020 N=7 {'rdn': 3.090299367904663, 'region_encoder': 0.0, 'abmil': 0.028743628412485123, 'classifier': 6.357293605804443, 'p2w': 1.118997573852539}
[WSI] epoch=2 iteration=260 slide=tumor_020 N=7 {'train_loss_cls': 1.0703125, 'train_loss_sr': 0.15298029780387878, 'train_loss_total': 1.0856105089187622, 'max_memory_allocated': 5349771776, 'max_memory_reserved': 32264683520}
[WSI] epoch=2 iteration=261 slide=tumor_037 N=10 {'train_loss_cls': 0.96875, 'train_loss_sr': 0.1872754544019699, 'train_loss_total': 0.9874775409698486, 'max_memory_allocated': 7566385664, 'max_memory_reserved': 32264683520}
[WSI] epoch=2 iteration=262 slide=normal_139 N=12 {'train_loss_cls': 0.478515625, 'train_loss_sr': 0.19868358969688416, 'train_loss_total': 0.4983839988708496, 'max_memory_allocated': 9045374464, 'max_memory_reserved': 32264683520}
[WSI] epoch=2 iteration=263 slide=normal_126 N=17 {'train_loss_cls': 0.5078125, 'train_loss_sr': 0.19186682999134064, 'train_loss_total': 0.5269991755485535, 'max_memory_allocated': 12739389952, 'max_memory_reserved': 32264683520}
[WSI] epoch=2 iteration=264 slide=tumor_103 N=18 {'train_loss_cls': 0.953125, 'train_loss_sr': 0.1221085712313652, 'train_loss_total': 0.9653358459472656, 'max_memory_allocated': 13478894080, 'max_memory_reserved': 32264683520}
[WSI] epoch=2 iteration=265 slide=normal_064 N=9 {'train_loss_cls': 0.484375, 'train_loss_sr': 0.13875287771224976, 'train_loss_total': 0.498250275850296, 'max_memory_allocated': 6827145728, 'max_memory_reserved': 32264683520}
[WSI] epoch=2 iteration=266 slide=normal_141 N=7 {'train_loss_cls': 0.453125, 'train_loss_sr': 0.18789038062095642, 'train_loss_total': 0.47191405296325684, 'max_memory_allocated': 5349530112, 'max_memory_reserved': 32264683520}
[WSI] epoch=2 iteration=267 slide=normal_053 N=18 {'train_loss_cls': 0.46484375, 'train_loss_sr': 0.20839428901672363, 'train_loss_total': 0.4856831729412079, 'max_memory_allocated': 13478014976, 'max_memory_reserved': 32264683520}
[WSI] epoch=2 iteration=268 slide=tumor_039 N=4 {'train_loss_cls': 0.984375, 'train_loss_sr': 0.07123418152332306, 'train_loss_total': 0.9914984107017517, 'max_memory_allocated': 3132308992, 'max_memory_reserved': 32264683520}
[WSI] epoch=2 iteration=269 slide=normal_022 N=6 {'train_loss_cls': 0.427734375, 'train_loss_sr': 0.16309449076652527, 'train_loss_total': 0.4440438151359558, 'max_memory_allocated': 4612537344, 'max_memory_reserved': 32264683520}
[gradient] slide_id=normal_107 N=16 {'rdn': 1.4164572954177856, 'region_encoder': 0.0, 'abmil': 0.04185311123728752, 'classifier': 3.288388729095459, 'p2w': 0.5931714177131653}
[WSI] epoch=2 iteration=270 slide=normal_107 N=16 {'train_loss_cls': 0.474609375, 'train_loss_sr': 0.13229399919509888, 'train_loss_total': 0.4878387749195099, 'max_memory_allocated': 12001057792, 'max_memory_reserved': 32264683520}
[WSI] epoch=2 iteration=271 slide=normal_106 N=15 {'train_loss_cls': 0.4765625, 'train_loss_sr': 0.1404825896024704, 'train_loss_total': 0.4906107485294342, 'max_memory_allocated': 11263011328, 'max_memory_reserved': 32264683520}
[WSI] epoch=2 iteration=272 slide=normal_129 N=19 {'train_loss_cls': 0.474609375, 'train_loss_sr': 0.10867787897586823, 'train_loss_total': 0.48547714948654175, 'max_memory_allocated': 14217980416, 'max_memory_reserved': 32264683520}
[WSI] epoch=2 iteration=273 slide=normal_051 N=3 {'train_loss_cls': 0.427734375, 'train_loss_sr': 0.18226714432239532, 'train_loss_total': 0.4459610879421234, 'max_memory_allocated': 2394909696, 'max_memory_reserved': 32264683520}
[WSI] epoch=2 iteration=274 slide=tumor_015 N=27 {'train_loss_cls': 1.03125, 'train_loss_sr': 0.19694161415100098, 'train_loss_total': 1.050944209098816, 'max_memory_allocated': 20129610240, 'max_memory_reserved': 32264683520}
[WSI] epoch=2 iteration=275 slide=normal_100 N=8 {'train_loss_cls': 0.41015625, 'train_loss_sr': 0.15378975868225098, 'train_loss_total': 0.4255352318286896, 'max_memory_allocated': 6088799744, 'max_memory_reserved': 32264683520}
[WSI] epoch=2 iteration=276 slide=normal_096 N=7 {'train_loss_cls': 0.337890625, 'train_loss_sr': 0.1325131058692932, 'train_loss_total': 0.35114192962646484, 'max_memory_allocated': 5349550592, 'max_memory_reserved': 32264683520}
[WSI] epoch=2 iteration=277 slide=tumor_043 N=4 {'train_loss_cls': 1.1328125, 'train_loss_sr': 0.23911024630069733, 'train_loss_total': 1.1567234992980957, 'max_memory_allocated': 3132185088, 'max_memory_reserved': 32264683520}
[WSI] epoch=2 iteration=278 slide=normal_105 N=12 {'train_loss_cls': 0.400390625, 'train_loss_sr': 0.2598101496696472, 'train_loss_total': 0.42637163400650024, 'max_memory_allocated': 9044777472, 'max_memory_reserved': 32264683520}
[WSI] epoch=2 iteration=279 slide=tumor_054 N=17 {'train_loss_cls': 1.2578125, 'train_loss_sr': 0.2354961335659027, 'train_loss_total': 1.2813620567321777, 'max_memory_allocated': 12739981824, 'max_memory_reserved': 32264683520}
[gradient] slide_id=tumor_040 N=10 {'rdn': 2.556511163711548, 'region_encoder': 0.0, 'abmil': 0.029593797400593758, 'classifier': 7.23602819442749, 'p2w': 0.4041270315647125}
[WSI] epoch=2 iteration=280 slide=tumor_040 N=10 {'train_loss_cls': 1.1640625, 'train_loss_sr': 0.15728214383125305, 'train_loss_total': 1.179790735244751, 'max_memory_allocated': 7566866944, 'max_memory_reserved': 32264683520}
[WSI] epoch=2 iteration=281 slide=tumor_042 N=4 {'train_loss_cls': 1.234375, 'train_loss_sr': 0.1569574475288391, 'train_loss_total': 1.2500706911087036, 'max_memory_allocated': 3133037056, 'max_memory_reserved': 32264683520}
[WSI] epoch=2 iteration=282 slide=tumor_049 N=3 {'train_loss_cls': 0.9765625, 'train_loss_sr': 0.21601711213588715, 'train_loss_total': 0.9981642365455627, 'max_memory_allocated': 2395573248, 'max_memory_reserved': 32264683520}
[WSI] epoch=2 iteration=283 slide=tumor_001 N=7 {'train_loss_cls': 1.0703125, 'train_loss_sr': 0.2511357069015503, 'train_loss_total': 1.095426082611084, 'max_memory_allocated': 5349882368, 'max_memory_reserved': 32264683520}
[WSI] epoch=2 iteration=284 slide=tumor_086 N=23 {'train_loss_cls': 0.92578125, 'train_loss_sr': 0.20244534313678741, 'train_loss_total': 0.9460257887840271, 'max_memory_allocated': 17173010944, 'max_memory_reserved': 32264683520}
[WSI] epoch=2 iteration=285 slide=normal_108 N=2 {'train_loss_cls': 0.494140625, 'train_loss_sr': 0.23312817513942719, 'train_loss_total': 0.5174534320831299, 'max_memory_allocated': 1707252224, 'max_memory_reserved': 32264683520}
[WSI] epoch=2 iteration=286 slide=tumor_078 N=15 {'train_loss_cls': 0.80078125, 'train_loss_sr': 0.21659064292907715, 'train_loss_total': 0.8224403262138367, 'max_memory_allocated': 11262823936, 'max_memory_reserved': 32264683520}
[WSI] epoch=2 iteration=287 slide=tumor_017 N=9 {'train_loss_cls': 0.890625, 'train_loss_sr': 0.21287865936756134, 'train_loss_total': 0.9119128584861755, 'max_memory_allocated': 6828325376, 'max_memory_reserved': 32264683520}
[WSI] epoch=2 iteration=288 slide=normal_088 N=14 {'train_loss_cls': 0.5625, 'train_loss_sr': 0.21607953310012817, 'train_loss_total': 0.5841079354286194, 'max_memory_allocated': 10522286592, 'max_memory_reserved': 32264683520}
[WSI] epoch=2 iteration=289 slide=tumor_044 N=12 {'train_loss_cls': 0.765625, 'train_loss_sr': 0.21377946436405182, 'train_loss_total': 0.7870029211044312, 'max_memory_allocated': 9045795840, 'max_memory_reserved': 32264683520}
[gradient] slide_id=normal_145 N=20 {'rdn': 0.8514761328697205, 'region_encoder': 0.0, 'abmil': 0.015821127220988274, 'classifier': 3.7175803184509277, 'p2w': 0.4582689702510834}
[WSI] epoch=2 iteration=290 slide=normal_145 N=20 {'train_loss_cls': 0.61328125, 'train_loss_sr': 0.18552011251449585, 'train_loss_total': 0.6318332552909851, 'max_memory_allocated': 14957402624, 'max_memory_reserved': 32264683520}
[WSI] epoch=2 iteration=291 slide=normal_003 N=7 {'train_loss_cls': 0.58984375, 'train_loss_sr': 0.1937543749809265, 'train_loss_total': 0.6092191934585571, 'max_memory_allocated': 5350098944, 'max_memory_reserved': 32264683520}
[WSI] epoch=2 iteration=292 slide=normal_155 N=11 {'train_loss_cls': 0.609375, 'train_loss_sr': 0.16747629642486572, 'train_loss_total': 0.6261226534843445, 'max_memory_allocated': 8305842688, 'max_memory_reserved': 32264683520}
[WSI] epoch=2 iteration=293 slide=tumor_077 N=14 {'train_loss_cls': 0.80078125, 'train_loss_sr': 0.14255650341510773, 'train_loss_total': 0.8150368928909302, 'max_memory_allocated': 10522376704, 'max_memory_reserved': 32264683520}
[WSI] epoch=2 iteration=294 slide=normal_119 N=14 {'train_loss_cls': 0.59375, 'train_loss_sr': 0.16604077816009521, 'train_loss_total': 0.6103540658950806, 'max_memory_allocated': 10522950144, 'max_memory_reserved': 32264683520}
[WSI] epoch=2 iteration=295 slide=tumor_019 N=2 {'train_loss_cls': 0.73046875, 'train_loss_sr': 0.12819743156433105, 'train_loss_total': 0.743288516998291, 'max_memory_allocated': 1706789376, 'max_memory_reserved': 32264683520}
[WSI] epoch=2 iteration=296 slide=normal_156 N=13 {'train_loss_cls': 0.58984375, 'train_loss_sr': 0.14603236317634583, 'train_loss_total': 0.6044470071792603, 'max_memory_allocated': 9783106048, 'max_memory_reserved': 32264683520}
[WSI] epoch=2 iteration=297 slide=normal_142 N=20 {'train_loss_cls': 0.61328125, 'train_loss_sr': 0.17237885296344757, 'train_loss_total': 0.6305191516876221, 'max_memory_allocated': 14956517888, 'max_memory_reserved': 32264683520}
[WSI] epoch=2 iteration=298 slide=normal_135 N=13 {'train_loss_cls': 0.60546875, 'train_loss_sr': 0.16801920533180237, 'train_loss_total': 0.6222706437110901, 'max_memory_allocated': 9783340544, 'max_memory_reserved': 32264683520}
[WSI] epoch=2 iteration=299 slide=tumor_038 N=2 {'train_loss_cls': 0.8203125, 'train_loss_sr': 0.17326471209526062, 'train_loss_total': 0.8376389741897583, 'max_memory_allocated': 1708336128, 'max_memory_reserved': 32264683520}
[gradient] slide_id=tumor_082 N=3 {'rdn': 0.9467049837112427, 'region_encoder': 0.0, 'abmil': 0.010546563193202019, 'classifier': 5.520026683807373, 'p2w': 0.3430088758468628}
[WSI] epoch=2 iteration=300 slide=tumor_082 N=3 {'train_loss_cls': 0.7890625, 'train_loss_sr': 0.09680262953042984, 'train_loss_total': 0.7987427711486816, 'max_memory_allocated': 2394930176, 'max_memory_reserved': 32264683520}
[WSI] epoch=2 iteration=301 slide=normal_109 N=10 {'train_loss_cls': 0.60546875, 'train_loss_sr': 0.12688951194286346, 'train_loss_total': 0.618157684803009, 'max_memory_allocated': 7567097344, 'max_memory_reserved': 32264683520}
[WSI] epoch=2 iteration=302 slide=normal_011 N=14 {'train_loss_cls': 0.5859375, 'train_loss_sr': 0.12752261757850647, 'train_loss_total': 0.5986897349357605, 'max_memory_allocated': 10522286592, 'max_memory_reserved': 32264683520}
[WSI] epoch=2 iteration=303 slide=normal_085 N=5 {'train_loss_cls': 0.59375, 'train_loss_sr': 0.1520722657442093, 'train_loss_total': 0.6089572310447693, 'max_memory_allocated': 3872680448, 'max_memory_reserved': 32264683520}
[WSI] epoch=2 iteration=304 slide=normal_031 N=6 {'train_loss_cls': 0.60546875, 'train_loss_sr': 0.1749739944934845, 'train_loss_total': 0.6229661703109741, 'max_memory_allocated': 4611894272, 'max_memory_reserved': 32264683520}
[WSI] epoch=2 iteration=305 slide=normal_076 N=24 {'train_loss_cls': 0.6015625, 'train_loss_sr': 0.18617475032806396, 'train_loss_total': 0.6201799511909485, 'max_memory_allocated': 17911994880, 'max_memory_reserved': 32264683520}
[WSI] epoch=2 iteration=306 slide=normal_029 N=1 {'train_loss_cls': 0.482421875, 'train_loss_sr': 0.09104876965284348, 'train_loss_total': 0.4915267527103424, 'max_memory_allocated': 916158976, 'max_memory_reserved': 32264683520}
[WSI] epoch=2 iteration=307 slide=tumor_012 N=7 {'train_loss_cls': 0.95703125, 'train_loss_sr': 0.19288606941699982, 'train_loss_total': 0.9763198494911194, 'max_memory_allocated': 5349792256, 'max_memory_reserved': 32264683520}
[WSI] epoch=2 iteration=308 slide=normal_070 N=16 {'train_loss_cls': 0.51171875, 'train_loss_sr': 0.1766003966331482, 'train_loss_total': 0.5293787717819214, 'max_memory_allocated': 12001552896, 'max_memory_reserved': 32264683520}
[WSI] epoch=2 iteration=309 slide=tumor_008 N=14 {'train_loss_cls': 0.94140625, 'train_loss_sr': 0.14858266711235046, 'train_loss_total': 0.9562644958496094, 'max_memory_allocated': 10522597888, 'max_memory_reserved': 32264683520}
[gradient] slide_id=normal_087 N=11 {'rdn': 0.8976109027862549, 'region_encoder': 0.0, 'abmil': 0.021656889468431473, 'classifier': 4.676950454711914, 'p2w': 0.2659991383552551}
[WSI] epoch=2 iteration=310 slide=normal_087 N=11 {'train_loss_cls': 0.5390625, 'train_loss_sr': 0.15412253141403198, 'train_loss_total': 0.5544747710227966, 'max_memory_allocated': 8305400320, 'max_memory_reserved': 32264683520}
[WSI] epoch=2 iteration=311 slide=tumor_068 N=15 {'train_loss_cls': 0.9453125, 'train_loss_sr': 0.14133405685424805, 'train_loss_total': 0.9594458937644958, 'max_memory_allocated': 11262994432, 'max_memory_reserved': 32264683520}
[WSI] epoch=2 iteration=312 slide=normal_044 N=4 {'train_loss_cls': 0.4921875, 'train_loss_sr': 0.12420263886451721, 'train_loss_total': 0.5046077370643616, 'max_memory_allocated': 3133331968, 'max_memory_reserved': 32264683520}
[WSI] epoch=2 iteration=313 slide=tumor_084 N=9 {'train_loss_cls': 0.96875, 'train_loss_sr': 0.11791755259037018, 'train_loss_total': 0.9805417656898499, 'max_memory_allocated': 6828047360, 'max_memory_reserved': 32264683520}
[WSI] epoch=2 iteration=314 slide=normal_148 N=5 {'train_loss_cls': 0.5078125, 'train_loss_sr': 0.11783377826213837, 'train_loss_total': 0.5195958614349365, 'max_memory_allocated': 3872553472, 'max_memory_reserved': 32264683520}
[WSI] epoch=2 iteration=315 slide=tumor_095 N=29 {'train_loss_cls': 0.93359375, 'train_loss_sr': 0.08432003855705261, 'train_loss_total': 0.9420257806777954, 'max_memory_allocated': 21607045632, 'max_memory_reserved': 32264683520}
[WSI] epoch=2 iteration=316 slide=normal_136 N=15 {'train_loss_cls': 0.49609375, 'train_loss_sr': 0.1265738606452942, 'train_loss_total': 0.5087511539459229, 'max_memory_allocated': 11262077440, 'max_memory_reserved': 32264683520}
[WSI] epoch=2 iteration=317 slide=normal_093 N=8 {'train_loss_cls': 0.46875, 'train_loss_sr': 0.13599079847335815, 'train_loss_total': 0.48234906792640686, 'max_memory_allocated': 6088694272, 'max_memory_reserved': 32264683520}
[WSI] epoch=2 iteration=318 slide=tumor_079 N=14 {'train_loss_cls': 0.953125, 'train_loss_sr': 0.10171595215797424, 'train_loss_total': 0.9632965922355652, 'max_memory_allocated': 10523003392, 'max_memory_reserved': 32264683520}
[WSI] epoch=2 iteration=319 slide=normal_158 N=18 {'train_loss_cls': 0.462890625, 'train_loss_sr': 0.09360295534133911, 'train_loss_total': 0.47225090861320496, 'max_memory_allocated': 13478332928, 'max_memory_reserved': 32264683520}
[gradient] slide_id=tumor_041 N=5 {'rdn': 1.4433420896530151, 'region_encoder': 0.0, 'abmil': 0.05810752511024475, 'classifier': 7.071532249450684, 'p2w': 0.5111221671104431}
[WSI] epoch=2 iteration=320 slide=tumor_041 N=5 {'train_loss_cls': 0.9609375, 'train_loss_sr': 0.09492264688014984, 'train_loss_total': 0.9704297780990601, 'max_memory_allocated': 3872238080, 'max_memory_reserved': 32264683520}
[WSI] epoch=2 iteration=321 slide=normal_067 N=12 {'train_loss_cls': 0.498046875, 'train_loss_sr': 0.1295655220746994, 'train_loss_total': 0.5110034346580505, 'max_memory_allocated': 9045380096, 'max_memory_reserved': 32264683520}
[WSI] epoch=2 iteration=322 slide=tumor_058 N=5 {'train_loss_cls': 0.9765625, 'train_loss_sr': 0.116202712059021, 'train_loss_total': 0.988182783126831, 'max_memory_allocated': 3873454592, 'max_memory_reserved': 32264683520}
[WSI] epoch=2 iteration=323 slide=normal_041 N=7 {'train_loss_cls': 0.47265625, 'train_loss_sr': 0.1339404284954071, 'train_loss_total': 0.4860503077507019, 'max_memory_allocated': 5350320640, 'max_memory_reserved': 32264683520}
[WSI] epoch=2 iteration=324 slide=tumor_109 N=10 {'train_loss_cls': 0.91015625, 'train_loss_sr': 0.10200387984514236, 'train_loss_total': 0.9203566312789917, 'max_memory_allocated': 7566350848, 'max_memory_reserved': 32264683520}
[WSI] epoch=2 iteration=325 slide=tumor_007 N=12 {'train_loss_cls': 0.890625, 'train_loss_sr': 0.15363839268684387, 'train_loss_total': 0.9059888124465942, 'max_memory_allocated': 9045088768, 'max_memory_reserved': 32264683520}
[WSI] epoch=2 iteration=326 slide=tumor_083 N=14 {'train_loss_cls': 0.890625, 'train_loss_sr': 0.09928679466247559, 'train_loss_total': 0.9005537033081055, 'max_memory_allocated': 10523281920, 'max_memory_reserved': 32264683520}
[WSI] epoch=2 iteration=327 slide=normal_157 N=16 {'train_loss_cls': 0.51953125, 'train_loss_sr': 0.12507955729961395, 'train_loss_total': 0.532039225101471, 'max_memory_allocated': 12001926144, 'max_memory_reserved': 32264683520}
[WSI] epoch=2 iteration=328 slide=tumor_046 N=19 {'train_loss_cls': 0.85546875, 'train_loss_sr': 0.16781701147556305, 'train_loss_total': 0.8722504377365112, 'max_memory_allocated': 14217006080, 'max_memory_reserved': 32264683520}
[WSI] epoch=2 iteration=329 slide=tumor_102 N=35 {'train_loss_cls': 0.8203125, 'train_loss_sr': 0.1262427419424057, 'train_loss_total': 0.8329367637634277, 'max_memory_allocated': 26042099712, 'max_memory_reserved': 32300335104}
[gradient] slide_id=tumor_025 N=9 {'rdn': 0.8775563836097717, 'region_encoder': 0.0, 'abmil': 0.07131099700927734, 'classifier': 6.11497688293457, 'p2w': 0.2567045986652374}
[WSI] epoch=2 iteration=330 slide=tumor_025 N=9 {'train_loss_cls': 0.80859375, 'train_loss_sr': 0.12586601078510284, 'train_loss_total': 0.8211803436279297, 'max_memory_allocated': 6827678208, 'max_memory_reserved': 32300335104}
[WSI] epoch=2 iteration=331 slide=tumor_066 N=7 {'train_loss_cls': 0.75390625, 'train_loss_sr': 0.11296921223402023, 'train_loss_total': 0.7652031779289246, 'max_memory_allocated': 5349792256, 'max_memory_reserved': 32300335104}
[WSI] epoch=2 iteration=332 slide=normal_081 N=6 {'train_loss_cls': 0.6640625, 'train_loss_sr': 0.16566583514213562, 'train_loss_total': 0.6806290745735168, 'max_memory_allocated': 4612826112, 'max_memory_reserved': 32300335104}
[WSI] epoch=2 iteration=333 slide=tumor_050 N=10 {'train_loss_cls': 0.77734375, 'train_loss_sr': 0.1459326148033142, 'train_loss_total': 0.791936993598938, 'max_memory_allocated': 7566793216, 'max_memory_reserved': 32300335104}
[WSI] epoch=2 iteration=334 slide=normal_077 N=5 {'train_loss_cls': 0.7109375, 'train_loss_sr': 0.14429475367069244, 'train_loss_total': 0.7253669500350952, 'max_memory_allocated': 3872424448, 'max_memory_reserved': 32300335104}
[WSI] epoch=2 iteration=335 slide=normal_114 N=24 {'train_loss_cls': 0.68359375, 'train_loss_sr': 0.12835454940795898, 'train_loss_total': 0.6964291930198669, 'max_memory_allocated': 17912125952, 'max_memory_reserved': 32300335104}
[WSI] epoch=2 iteration=336 slide=normal_104 N=19 {'train_loss_cls': 0.67578125, 'train_loss_sr': 0.10529092699289322, 'train_loss_total': 0.686310350894928, 'max_memory_allocated': 14217406976, 'max_memory_reserved': 32300335104}
[WSI] epoch=2 iteration=337 slide=normal_061 N=12 {'train_loss_cls': 0.64453125, 'train_loss_sr': 0.17767474055290222, 'train_loss_total': 0.6622987389564514, 'max_memory_allocated': 9044674048, 'max_memory_reserved': 32300335104}
[WSI] epoch=2 iteration=338 slide=tumor_080 N=6 {'train_loss_cls': 0.69921875, 'train_loss_sr': 0.11179707944393158, 'train_loss_total': 0.7103984355926514, 'max_memory_allocated': 4611949568, 'max_memory_reserved': 32300335104}
[WSI] epoch=2 iteration=339 slide=tumor_005 N=4 {'train_loss_cls': 0.74609375, 'train_loss_sr': 0.08060461282730103, 'train_loss_total': 0.7541542053222656, 'max_memory_allocated': 3132185088, 'max_memory_reserved': 32300335104}
[gradient] slide_id=normal_079 N=8 {'rdn': 0.8986300230026245, 'region_encoder': 0.0, 'abmil': 0.015139201655983925, 'classifier': 3.4943437576293945, 'p2w': 0.4230087101459503}
[WSI] epoch=2 iteration=340 slide=normal_079 N=8 {'train_loss_cls': 0.69921875, 'train_loss_sr': 0.13280144333839417, 'train_loss_total': 0.7124989032745361, 'max_memory_allocated': 6088382976, 'max_memory_reserved': 32300335104}
[WSI] epoch=2 iteration=341 slide=normal_113 N=19 {'train_loss_cls': 0.66796875, 'train_loss_sr': 0.11203070729970932, 'train_loss_total': 0.6791718006134033, 'max_memory_allocated': 14217980416, 'max_memory_reserved': 32300335104}
[WSI] epoch=2 iteration=342 slide=normal_103 N=8 {'train_loss_cls': 0.6796875, 'train_loss_sr': 0.11267541348934174, 'train_loss_total': 0.6909550428390503, 'max_memory_allocated': 6088224256, 'max_memory_reserved': 32300335104}
[WSI] epoch=2 iteration=343 slide=normal_144 N=12 {'train_loss_cls': 0.74609375, 'train_loss_sr': 0.10952519625425339, 'train_loss_total': 0.7570462822914124, 'max_memory_allocated': 9044556288, 'max_memory_reserved': 32300335104}
[WSI] epoch=2 iteration=344 slide=tumor_108 N=22 {'train_loss_cls': 0.70703125, 'train_loss_sr': 0.10127118229866028, 'train_loss_total': 0.7171583771705627, 'max_memory_allocated': 16434743296, 'max_memory_reserved': 32300335104}
[WSI] epoch=2 iteration=345 slide=tumor_111 N=4 {'train_loss_cls': 0.66015625, 'train_loss_sr': 0.1335574984550476, 'train_loss_total': 0.6735119819641113, 'max_memory_allocated': 3132185088, 'max_memory_reserved': 32300335104}
[WSI] epoch=2 iteration=346 slide=tumor_057 N=4 {'train_loss_cls': 0.7109375, 'train_loss_sr': 0.11088715493679047, 'train_loss_total': 0.7220262289047241, 'max_memory_allocated': 3132312576, 'max_memory_reserved': 32300335104}
[WSI] epoch=2 iteration=347 slide=normal_116 N=8 {'train_loss_cls': 0.6640625, 'train_loss_sr': 0.129754900932312, 'train_loss_total': 0.6770380139350891, 'max_memory_allocated': 6088120832, 'max_memory_reserved': 32300335104}
[WSI] epoch=2 iteration=348 slide=tumor_081 N=6 {'train_loss_cls': 0.71875, 'train_loss_sr': 0.12371963262557983, 'train_loss_total': 0.7311219573020935, 'max_memory_allocated': 4613006336, 'max_memory_reserved': 32300335104}
[epoch] {'epoch': 2, 'train_loss_cls': 0.6963115122126436, 'train_loss_sr': 0.1709332680650826, 'train_loss_total': 0.7134048378673093, 'train_auc': 0.707972972972973, 'train_acc': 0.632183908045977, 'train_bacc': 0.6114864864864865, 'val_loss': 0.6965997869318182, 'val_auc': 0.3942766295707472, 'val_acc': 0.5113636363636364, 'val_bacc': 0.4671436142024378, 'max_memory_allocated': 26042099712, 'max_memory_reserved': 32300335104}
/root/miniconda3/envs/myconda/lib/python3.10/site-packages/torch/utils/checkpoint.py:1399: FutureWarning: `torch.cpu.amp.autocast(args...)` is deprecated. Please use `torch.amp.autocast('cpu', args...)` instead.
  with device_autocast_ctx, torch.cpu.amp.autocast(**cpu_autocast_kwargs), recompute_context:  # type: ignore[attr-defined]
[WSI] epoch=3 iteration=349 slide=normal_146 N=17 {'train_loss_cls': 0.65234375, 'train_loss_sr': 0.12895292043685913, 'train_loss_total': 0.6652390360832214, 'max_memory_allocated': 12739922432, 'max_memory_reserved': 32300335104}
[gradient] slide_id=normal_133 N=10 {'rdn': 0.8310155272483826, 'region_encoder': 0.0, 'abmil': 0.038682203739881516, 'classifier': 2.8099160194396973, 'p2w': 0.30128341913223267}
[WSI] epoch=3 iteration=350 slide=normal_133 N=10 {'train_loss_cls': 0.66796875, 'train_loss_sr': 0.10746267437934875, 'train_loss_total': 0.6787149906158447, 'max_memory_allocated': 7566219776, 'max_memory_reserved': 32300335104}
[WSI] epoch=3 iteration=351 slide=normal_159 N=14 {'train_loss_cls': 0.671875, 'train_loss_sr': 0.11724469065666199, 'train_loss_total': 0.6835994720458984, 'max_memory_allocated': 10523032576, 'max_memory_reserved': 32300335104}
[WSI] epoch=3 iteration=352 slide=tumor_048 N=15 {'train_loss_cls': 0.7109375, 'train_loss_sr': 0.12547288835048676, 'train_loss_total': 0.7234848141670227, 'max_memory_allocated': 11262409216, 'max_memory_reserved': 32300335104}
[WSI] epoch=3 iteration=353 slide=normal_085 N=5 {'train_loss_cls': 0.671875, 'train_loss_sr': 0.17411276698112488, 'train_loss_total': 0.6892862915992737, 'max_memory_allocated': 3873364480, 'max_memory_reserved': 32300335104}
[WSI] epoch=3 iteration=354 slide=normal_035 N=1 {'train_loss_cls': 0.63671875, 'train_loss_sr': 0.06536468863487244, 'train_loss_total': 0.6432552337646484, 'max_memory_allocated': 916278272, 'max_memory_reserved': 32300335104}
[WSI] epoch=3 iteration=355 slide=normal_142 N=20 {'train_loss_cls': 0.66796875, 'train_loss_sr': 0.11514218896627426, 'train_loss_total': 0.6794829964637756, 'max_memory_allocated': 14957271552, 'max_memory_reserved': 32300335104}
[WSI] epoch=3 iteration=356 slide=normal_102 N=11 {'train_loss_cls': 0.6171875, 'train_loss_sr': 0.12995058298110962, 'train_loss_total': 0.6301825642585754, 'max_memory_allocated': 8305269248, 'max_memory_reserved': 32300335104}
[WSI] epoch=3 iteration=357 slide=normal_074 N=14 {'train_loss_cls': 0.6171875, 'train_loss_sr': 0.16747631132602692, 'train_loss_total': 0.6339351534843445, 'max_memory_allocated': 10522913280, 'max_memory_reserved': 32300335104}
[WSI] epoch=3 iteration=358 slide=normal_002 N=2 {'train_loss_cls': 0.5546875, 'train_loss_sr': 0.18969416618347168, 'train_loss_total': 0.5736569166183472, 'max_memory_allocated': 1707449344, 'max_memory_reserved': 32300335104}
[WSI] epoch=3 iteration=359 slide=tumor_041 N=5 {'train_loss_cls': 0.77734375, 'train_loss_sr': 0.16290777921676636, 'train_loss_total': 0.7936345338821411, 'max_memory_allocated': 3873017856, 'max_memory_reserved': 32300335104}
[gradient] slide_id=normal_119 N=14 {'rdn': 1.7649856805801392, 'region_encoder': 0.0, 'abmil': 0.014924682676792145, 'classifier': 3.4837026596069336, 'p2w': 1.0160796642303467}
[WSI] epoch=3 iteration=360 slide=normal_119 N=14 {'train_loss_cls': 0.53515625, 'train_loss_sr': 0.15608176589012146, 'train_loss_total': 0.5507644414901733, 'max_memory_allocated': 10522176000, 'max_memory_reserved': 32300335104}
[WSI] epoch=3 iteration=361 slide=normal_012 N=3 {'train_loss_cls': 0.56640625, 'train_loss_sr': 0.21849480271339417, 'train_loss_total': 0.5882557034492493, 'max_memory_allocated': 2394799104, 'max_memory_reserved': 32300335104}
[WSI] epoch=3 iteration=362 slide=normal_120 N=10 {'train_loss_cls': 0.439453125, 'train_loss_sr': 0.25024962425231934, 'train_loss_total': 0.464478075504303, 'max_memory_allocated': 7566129664, 'max_memory_reserved': 32300335104}
[WSI] epoch=3 iteration=363 slide=normal_153 N=12 {'train_loss_cls': 0.45703125, 'train_loss_sr': 0.1543506681919098, 'train_loss_total': 0.4724663197994232, 'max_memory_allocated': 9044515328, 'max_memory_reserved': 32300335104}
[WSI] epoch=3 iteration=364 slide=tumor_028 N=17 {'train_loss_cls': 1.171875, 'train_loss_sr': 0.320922315120697, 'train_loss_total': 1.2039672136306763, 'max_memory_allocated': 12740217344, 'max_memory_reserved': 32300335104}
[WSI] epoch=3 iteration=365 slide=tumor_079 N=14 {'train_loss_cls': 1.203125, 'train_loss_sr': 0.3097984194755554, 'train_loss_total': 1.234104871749878, 'max_memory_allocated': 10522176000, 'max_memory_reserved': 32300335104}
[WSI] epoch=3 iteration=366 slide=tumor_044 N=12 {'train_loss_cls': 0.94140625, 'train_loss_sr': 0.474161833524704, 'train_loss_total': 0.9888224601745605, 'max_memory_allocated': 9045502464, 'max_memory_reserved': 32300335104}
[WSI] epoch=3 iteration=367 slide=normal_135 N=13 {'train_loss_cls': 0.50390625, 'train_loss_sr': 0.41573765873908997, 'train_loss_total': 0.5454800128936768, 'max_memory_allocated': 9783458304, 'max_memory_reserved': 32300335104}
[WSI] epoch=3 iteration=368 slide=tumor_072 N=20 {'train_loss_cls': 0.8828125, 'train_loss_sr': 0.2871397137641907, 'train_loss_total': 0.9115264415740967, 'max_memory_allocated': 14956718592, 'max_memory_reserved': 32300335104}
[WSI] epoch=3 iteration=369 slide=normal_081 N=6 {'train_loss_cls': 0.59375, 'train_loss_sr': 0.2107386738061905, 'train_loss_total': 0.6148238778114319, 'max_memory_allocated': 4612500480, 'max_memory_reserved': 32300335104}
[gradient] slide_id=normal_080 N=15 {'rdn': 1.0999259948730469, 'region_encoder': 0.0, 'abmil': 0.051191605627536774, 'classifier': 2.859084367752075, 'p2w': 0.5964182615280151}
[WSI] epoch=3 iteration=370 slide=normal_080 N=15 {'train_loss_cls': 0.6015625, 'train_loss_sr': 0.24058769643306732, 'train_loss_total': 0.6256212592124939, 'max_memory_allocated': 11262787072, 'max_memory_reserved': 32300335104}
[WSI] epoch=3 iteration=371 slide=normal_052 N=15 {'train_loss_cls': 0.59765625, 'train_loss_sr': 0.270204097032547, 'train_loss_total': 0.6246766448020935, 'max_memory_allocated': 11262973440, 'max_memory_reserved': 32300335104}
[WSI] epoch=3 iteration=372 slide=tumor_083 N=14 {'train_loss_cls': 0.81640625, 'train_loss_sr': 0.27687495946884155, 'train_loss_total': 0.8440937399864197, 'max_memory_allocated': 10522470912, 'max_memory_reserved': 32300335104}
[WSI] epoch=3 iteration=373 slide=normal_023 N=2 {'train_loss_cls': 0.515625, 'train_loss_sr': 0.23866817355155945, 'train_loss_total': 0.5394918322563171, 'max_memory_allocated': 1707051520, 'max_memory_reserved': 32300335104}
[WSI] epoch=3 iteration=374 slide=tumor_027 N=13 {'train_loss_cls': 0.81640625, 'train_loss_sr': 0.17718878388404846, 'train_loss_total': 0.8341251015663147, 'max_memory_allocated': 9783862784, 'max_memory_reserved': 32300335104}
[WSI] epoch=3 iteration=375 slide=normal_003 N=7 {'train_loss_cls': 0.57421875, 'train_loss_sr': 0.15105609595775604, 'train_loss_total': 0.5893243551254272, 'max_memory_allocated': 5349571072, 'max_memory_reserved': 32300335104}
[WSI] epoch=3 iteration=376 slide=tumor_046 N=19 {'train_loss_cls': 0.8671875, 'train_loss_sr': 0.17196539044380188, 'train_loss_total': 0.884384036064148, 'max_memory_allocated': 14217095680, 'max_memory_reserved': 32300335104}
[WSI] epoch=3 iteration=377 slide=normal_121 N=13 {'train_loss_cls': 0.55078125, 'train_loss_sr': 0.14327749609947205, 'train_loss_total': 0.5651090145111084, 'max_memory_allocated': 9783368192, 'max_memory_reserved': 32300335104}
[WSI] epoch=3 iteration=378 slide=tumor_095 N=29 {'train_loss_cls': 0.82421875, 'train_loss_sr': 0.1376078724861145, 'train_loss_total': 0.8379795551300049, 'max_memory_allocated': 21607156224, 'max_memory_reserved': 32300335104}
[WSI] epoch=3 iteration=379 slide=normal_054 N=1 {'train_loss_cls': 0.5546875, 'train_loss_sr': 0.14843657612800598, 'train_loss_total': 0.5695311427116394, 'max_memory_allocated': 916610048, 'max_memory_reserved': 32300335104}
[gradient] slide_id=normal_014 N=2 {'rdn': 0.8206967711448669, 'region_encoder': 0.0, 'abmil': 0.03838304802775383, 'classifier': 3.933284044265747, 'p2w': 0.15320904552936554}
[WSI] epoch=3 iteration=380 slide=normal_014 N=2 {'train_loss_cls': 0.515625, 'train_loss_sr': 0.21814127266407013, 'train_loss_total': 0.5374391078948975, 'max_memory_allocated': 1707452928, 'max_memory_reserved': 32300335104}
[WSI] epoch=3 iteration=381 slide=normal_088 N=14 {'train_loss_cls': 0.546875, 'train_loss_sr': 0.17136329412460327, 'train_loss_total': 0.5640113353729248, 'max_memory_allocated': 10522065408, 'max_memory_reserved': 32300335104}
[WSI] epoch=3 iteration=382 slide=normal_067 N=12 {'train_loss_cls': 0.53515625, 'train_loss_sr': 0.1838410198688507, 'train_loss_total': 0.5535403490066528, 'max_memory_allocated': 9044556288, 'max_memory_reserved': 32300335104}
[WSI] epoch=3 iteration=383 slide=normal_152 N=5 {'train_loss_cls': 0.51953125, 'train_loss_sr': 0.16495651006698608, 'train_loss_total': 0.5360268950462341, 'max_memory_allocated': 3872348672, 'max_memory_reserved': 32300335104}
[WSI] epoch=3 iteration=384 slide=normal_026 N=5 {'train_loss_cls': 0.5078125, 'train_loss_sr': 0.1653527021408081, 'train_loss_total': 0.5243477821350098, 'max_memory_allocated': 3873071104, 'max_memory_reserved': 32300335104}
[WSI] epoch=3 iteration=385 slide=normal_097 N=17 {'train_loss_cls': 0.462890625, 'train_loss_sr': 0.15175840258598328, 'train_loss_total': 0.47806647419929504, 'max_memory_allocated': 12740000256, 'max_memory_reserved': 32300335104}
[WSI] epoch=3 iteration=386 slide=tumor_094 N=16 {'train_loss_cls': 0.9375, 'train_loss_sr': 0.08167622238397598, 'train_loss_total': 0.9456676244735718, 'max_memory_allocated': 12001880576, 'max_memory_reserved': 32300335104}
[WSI] epoch=3 iteration=387 slide=tumor_077 N=14 {'train_loss_cls': 0.99609375, 'train_loss_sr': 0.11989196389913559, 'train_loss_total': 1.0080829858779907, 'max_memory_allocated': 10522819072, 'max_memory_reserved': 32300335104}
[WSI] epoch=3 iteration=388 slide=tumor_045 N=10 {'train_loss_cls': 1.015625, 'train_loss_sr': 0.20109790563583374, 'train_loss_total': 1.03573477268219, 'max_memory_allocated': 7567654400, 'max_memory_reserved': 32300335104}
[WSI] epoch=3 iteration=389 slide=normal_015 N=5 {'train_loss_cls': 0.4375, 'train_loss_sr': 0.21099057793617249, 'train_loss_total': 0.4585990607738495, 'max_memory_allocated': 3872819712, 'max_memory_reserved': 32300335104}
[gradient] slide_id=tumor_108 N=22 {'rdn': 1.2427958250045776, 'region_encoder': 0.0, 'abmil': 0.0465831495821476, 'classifier': 5.745203018188477, 'p2w': 0.478022962808609}
[WSI] epoch=3 iteration=390 slide=tumor_108 N=22 {'train_loss_cls': 0.98046875, 'train_loss_sr': 0.15521930158138275, 'train_loss_total': 0.9959906935691833, 'max_memory_allocated': 16433936896, 'max_memory_reserved': 32300335104}
[WSI] epoch=3 iteration=391 slide=normal_064 N=9 {'train_loss_cls': 0.431640625, 'train_loss_sr': 0.16620007157325745, 'train_loss_total': 0.448260635137558, 'max_memory_allocated': 6827588096, 'max_memory_reserved': 32300335104}
[WSI] epoch=3 iteration=392 slide=normal_044 N=4 {'train_loss_cls': 0.47265625, 'train_loss_sr': 0.13596156239509583, 'train_loss_total': 0.48625239729881287, 'max_memory_allocated': 3133090304, 'max_memory_reserved': 32300335104}
[WSI] epoch=3 iteration=393 slide=normal_106 N=15 {'train_loss_cls': 0.458984375, 'train_loss_sr': 0.1728573888540268, 'train_loss_total': 0.4762701094150543, 'max_memory_allocated': 11262994432, 'max_memory_reserved': 32300335104}
[WSI] epoch=3 iteration=394 slide=tumor_102 N=35 {'train_loss_cls': 0.984375, 'train_loss_sr': 0.2266388088464737, 'train_loss_total': 1.0070388317108154, 'max_memory_allocated': 26041438208, 'max_memory_reserved': 32300335104}
[WSI] epoch=3 iteration=395 slide=normal_007 N=3 {'train_loss_cls': 0.48046875, 'train_loss_sr': 0.2153872549533844, 'train_loss_total': 0.5020074844360352, 'max_memory_allocated': 2394799104, 'max_memory_reserved': 32300335104}
[WSI] epoch=3 iteration=396 slide=normal_105 N=12 {'train_loss_cls': 0.486328125, 'train_loss_sr': 0.20052582025527954, 'train_loss_total': 0.5063806772232056, 'max_memory_allocated': 9045330432, 'max_memory_reserved': 32300335104}
[WSI] epoch=3 iteration=397 slide=normal_083 N=3 {'train_loss_cls': 0.37109375, 'train_loss_sr': 0.26632529497146606, 'train_loss_total': 0.39772626757621765, 'max_memory_allocated': 2395294720, 'max_memory_reserved': 32300335104}
[WSI] epoch=3 iteration=398 slide=normal_077 N=5 {'train_loss_cls': 0.41796875, 'train_loss_sr': 0.22889912128448486, 'train_loss_total': 0.4408586621284485, 'max_memory_allocated': 3872217600, 'max_memory_reserved': 32300335104}
[WSI] epoch=3 iteration=399 slide=tumor_037 N=10 {'train_loss_cls': 0.9921875, 'train_loss_sr': 0.19582819938659668, 'train_loss_total': 1.0117703676223755, 'max_memory_allocated': 7566088704, 'max_memory_reserved': 32300335104}
[gradient] slide_id=tumor_057 N=4 {'rdn': 2.3063738346099854, 'region_encoder': 0.0, 'abmil': 0.04288936406373978, 'classifier': 8.759061813354492, 'p2w': 0.12371061742305756}
[WSI] epoch=3 iteration=400 slide=tumor_057 N=4 {'train_loss_cls': 1.1796875, 'train_loss_sr': 0.15908613801002502, 'train_loss_total': 1.1955960988998413, 'max_memory_allocated': 3132221952, 'max_memory_reserved': 32300335104}
[WSI] epoch=3 iteration=401 slide=normal_144 N=12 {'train_loss_cls': 0.40234375, 'train_loss_sr': 0.17496977746486664, 'train_loss_total': 0.4198407232761383, 'max_memory_allocated': 9044756992, 'max_memory_reserved': 32300335104}
[WSI] epoch=3 iteration=402 slide=normal_065 N=6 {'train_loss_cls': 0.41015625, 'train_loss_sr': 0.24386660754680634, 'train_loss_total': 0.4345429241657257, 'max_memory_allocated': 4612217856, 'max_memory_reserved': 32300335104}
[WSI] epoch=3 iteration=403 slide=normal_131 N=18 {'train_loss_cls': 0.423828125, 'train_loss_sr': 0.2534761428833008, 'train_loss_total': 0.44917574524879456, 'max_memory_allocated': 13478717952, 'max_memory_reserved': 32300335104}
[WSI] epoch=3 iteration=404 slide=tumor_040 N=10 {'train_loss_cls': 1.1171875, 'train_loss_sr': 0.21751563251018524, 'train_loss_total': 1.1389390230178833, 'max_memory_allocated': 7566887936, 'max_memory_reserved': 32300335104}
[WSI] epoch=3 iteration=405 slide=normal_141 N=7 {'train_loss_cls': 0.404296875, 'train_loss_sr': 0.17401231825351715, 'train_loss_total': 0.42169809341430664, 'max_memory_allocated': 5349882368, 'max_memory_reserved': 32300335104}
[WSI] epoch=3 iteration=406 slide=tumor_074 N=5 {'train_loss_cls': 1.078125, 'train_loss_sr': 0.17238539457321167, 'train_loss_total': 1.0953634977340698, 'max_memory_allocated': 3872791040, 'max_memory_reserved': 32300335104}
[WSI] epoch=3 iteration=407 slide=tumor_088 N=12 {'train_loss_cls': 1.109375, 'train_loss_sr': 0.10462184250354767, 'train_loss_total': 1.1198371648788452, 'max_memory_allocated': 9044818432, 'max_memory_reserved': 32300335104}
[WSI] epoch=3 iteration=408 slide=normal_029 N=1 {'train_loss_cls': 0.353515625, 'train_loss_sr': 0.09093271940946579, 'train_loss_total': 0.3626089096069336, 'max_memory_allocated': 916147200, 'max_memory_reserved': 32300335104}
[WSI] epoch=3 iteration=409 slide=tumor_109 N=10 {'train_loss_cls': 0.9921875, 'train_loss_sr': 0.07414063066244125, 'train_loss_total': 0.9996015429496765, 'max_memory_allocated': 7566683648, 'max_memory_reserved': 32300335104}
[gradient] slide_id=normal_155 N=11 {'rdn': 1.2638758420944214, 'region_encoder': 0.0, 'abmil': 0.07506538927555084, 'classifier': 3.4442522525787354, 'p2w': 0.3875144124031067}
[WSI] epoch=3 iteration=410 slide=normal_155 N=11 {'train_loss_cls': 0.46484375, 'train_loss_sr': 0.12357446551322937, 'train_loss_total': 0.4772011935710907, 'max_memory_allocated': 8305420800, 'max_memory_reserved': 32300335104}
[WSI] epoch=3 iteration=411 slide=normal_089 N=20 {'train_loss_cls': 0.421875, 'train_loss_sr': 0.16082680225372314, 'train_loss_total': 0.43795767426490784, 'max_memory_allocated': 14956608000, 'max_memory_reserved': 32300335104}
[WSI] epoch=3 iteration=412 slide=normal_096 N=7 {'train_loss_cls': 0.373046875, 'train_loss_sr': 0.13560643792152405, 'train_loss_total': 0.3866075277328491, 'max_memory_allocated': 5350013440, 'max_memory_reserved': 32300335104}
[WSI] epoch=3 iteration=413 slide=normal_063 N=7 {'train_loss_cls': 0.47265625, 'train_loss_sr': 0.15865188837051392, 'train_loss_total': 0.48852142691612244, 'max_memory_allocated': 5349792256, 'max_memory_reserved': 32300335104}
[WSI] epoch=3 iteration=414 slide=normal_047 N=5 {'train_loss_cls': 0.4609375, 'train_loss_sr': 0.15322263538837433, 'train_loss_total': 0.4762597680091858, 'max_memory_allocated': 3873023488, 'max_memory_reserved': 32300335104}
[WSI] epoch=3 iteration=415 slide=tumor_106 N=22 {'train_loss_cls': 0.95703125, 'train_loss_sr': 0.150053933262825, 'train_loss_total': 0.9720366597175598, 'max_memory_allocated': 16434158080, 'max_memory_reserved': 32300335104}
[WSI] epoch=3 iteration=416 slide=normal_126 N=17 {'train_loss_cls': 0.5, 'train_loss_sr': 0.1445123255252838, 'train_loss_total': 0.5144512057304382, 'max_memory_allocated': 12740078592, 'max_memory_reserved': 32300335104}
[WSI] epoch=3 iteration=417 slide=normal_070 N=16 {'train_loss_cls': 0.419921875, 'train_loss_sr': 0.15200141072273254, 'train_loss_total': 0.435122013092041, 'max_memory_allocated': 12000990720, 'max_memory_reserved': 32300335104}
[WSI] epoch=3 iteration=418 slide=normal_062 N=2 {'train_loss_cls': 0.45703125, 'train_loss_sr': 0.1356630027294159, 'train_loss_total': 0.4705975651741028, 'max_memory_allocated': 1707867136, 'max_memory_reserved': 32300335104}
[WSI] epoch=3 iteration=419 slide=tumor_016 N=5 {'train_loss_cls': 1.1875, 'train_loss_sr': 0.10470259189605713, 'train_loss_total': 1.1979702711105347, 'max_memory_allocated': 3872840192, 'max_memory_reserved': 32300335104}
[gradient] slide_id=normal_151 N=16 {'rdn': 1.2522181272506714, 'region_encoder': 0.0, 'abmil': 0.03775971755385399, 'classifier': 3.3564140796661377, 'p2w': 0.39313316345214844}
[WSI] epoch=3 iteration=420 slide=normal_151 N=16 {'train_loss_cls': 0.431640625, 'train_loss_sr': 0.14360803365707397, 'train_loss_total': 0.44600144028663635, 'max_memory_allocated': 12001180160, 'max_memory_reserved': 32300335104}
[WSI] epoch=3 iteration=421 slide=normal_116 N=8 {'train_loss_cls': 0.435546875, 'train_loss_sr': 0.13710616528987885, 'train_loss_total': 0.449257493019104, 'max_memory_allocated': 6088161792, 'max_memory_reserved': 32300335104}
[WSI] epoch=3 iteration=422 slide=normal_156 N=13 {'train_loss_cls': 0.4140625, 'train_loss_sr': 0.12300797551870346, 'train_loss_total': 0.4263632893562317, 'max_memory_allocated': 9783593984, 'max_memory_reserved': 32300335104}
[WSI] epoch=3 iteration=423 slide=normal_109 N=10 {'train_loss_cls': 0.427734375, 'train_loss_sr': 0.08688032627105713, 'train_loss_total': 0.4364224076271057, 'max_memory_allocated': 7566551552, 'max_memory_reserved': 32300335104}
[WSI] epoch=3 iteration=424 slide=normal_061 N=12 {'train_loss_cls': 0.33984375, 'train_loss_sr': 0.14452767372131348, 'train_loss_total': 0.3542965054512024, 'max_memory_allocated': 9045963776, 'max_memory_reserved': 32300335104}
[WSI] epoch=3 iteration=425 slide=normal_039 N=9 {'train_loss_cls': 0.35546875, 'train_loss_sr': 0.16922958195209503, 'train_loss_total': 0.3723917007446289, 'max_memory_allocated': 6827335680, 'max_memory_reserved': 32300335104}
[WSI] epoch=3 iteration=426 slide=normal_079 N=8 {'train_loss_cls': 0.345703125, 'train_loss_sr': 0.20683902502059937, 'train_loss_total': 0.3663870394229889, 'max_memory_allocated': 6089240064, 'max_memory_reserved': 32300335104}
[WSI] epoch=3 iteration=427 slide=tumor_081 N=6 {'train_loss_cls': 1.2890625, 'train_loss_sr': 0.16593386232852936, 'train_loss_total': 1.305655837059021, 'max_memory_allocated': 4611894272, 'max_memory_reserved': 32300335104}
[WSI] epoch=3 iteration=428 slide=normal_071 N=5 {'train_loss_cls': 0.337890625, 'train_loss_sr': 0.13133880496025085, 'train_loss_total': 0.3510245084762573, 'max_memory_allocated': 3872680448, 'max_memory_reserved': 32300335104}
[WSI] epoch=3 iteration=429 slide=tumor_019 N=2 {'train_loss_cls': 1.25, 'train_loss_sr': 0.14553821086883545, 'train_loss_total': 1.2645537853240967, 'max_memory_allocated': 1707051520, 'max_memory_reserved': 32300335104}
[gradient] slide_id=normal_113 N=19 {'rdn': 1.1964975595474243, 'region_encoder': 0.0, 'abmil': 0.025086596608161926, 'classifier': 3.172407865524292, 'p2w': 0.5342827439308167}
[WSI] epoch=3 iteration=430 slide=normal_113 N=19 {'train_loss_cls': 0.3359375, 'train_loss_sr': 0.11104756593704224, 'train_loss_total': 0.3470422625541687, 'max_memory_allocated': 14217628160, 'max_memory_reserved': 32300335104}
[WSI] epoch=3 iteration=431 slide=normal_018 N=3 {'train_loss_cls': 0.3046875, 'train_loss_sr': 0.17219379544258118, 'train_loss_total': 0.3219068646430969, 'max_memory_allocated': 2394721280, 'max_memory_reserved': 32300335104}
[WSI] epoch=3 iteration=432 slide=tumor_047 N=15 {'train_loss_cls': 1.328125, 'train_loss_sr': 0.16756896674633026, 'train_loss_total': 1.3448818922042847, 'max_memory_allocated': 11262481408, 'max_memory_reserved': 32300335104}
[WSI] epoch=3 iteration=433 slide=normal_049 N=2 {'train_loss_cls': 0.275390625, 'train_loss_sr': 0.1861361563205719, 'train_loss_total': 0.2940042316913605, 'max_memory_allocated': 1707252224, 'max_memory_reserved': 32300335104}
[WSI] epoch=3 iteration=434 slide=tumor_021 N=16 {'train_loss_cls': 1.2421875, 'train_loss_sr': 0.16023842990398407, 'train_loss_total': 1.258211374282837, 'max_memory_allocated': 12001126912, 'max_memory_reserved': 32300335104}
[WSI] epoch=3 iteration=435 slide=tumor_009 N=12 {'train_loss_cls': 1.2578125, 'train_loss_sr': 0.1486051380634308, 'train_loss_total': 1.2726730108261108, 'max_memory_allocated': 9045420544, 'max_memory_reserved': 32300335104}
[WSI] epoch=3 iteration=436 slide=tumor_054 N=17 {'train_loss_cls': 1.2734375, 'train_loss_sr': 0.12289965152740479, 'train_loss_total': 1.2857275009155273, 'max_memory_allocated': 12739701248, 'max_memory_reserved': 32300335104}
[WSI] epoch=3 iteration=437 slide=normal_104 N=19 {'train_loss_cls': 0.3828125, 'train_loss_sr': 0.14067672193050385, 'train_loss_total': 0.396880179643631, 'max_memory_allocated': 14216964608, 'max_memory_reserved': 32300335104}
[WSI] epoch=3 iteration=438 slide=tumor_066 N=7 {'train_loss_cls': 1.109375, 'train_loss_sr': 0.15892483294010162, 'train_loss_total': 1.125267505645752, 'max_memory_allocated': 5349661184, 'max_memory_reserved': 32300335104}
[WSI] epoch=3 iteration=439 slide=tumor_022 N=7 {'train_loss_cls': 1.0234375, 'train_loss_sr': 0.17426128685474396, 'train_loss_total': 1.0408636331558228, 'max_memory_allocated': 5350096384, 'max_memory_reserved': 32300335104}
[gradient] slide_id=normal_158 N=18 {'rdn': 0.9504193663597107, 'region_encoder': 0.0, 'abmil': 0.030831540003418922, 'classifier': 4.189561367034912, 'p2w': 0.26820528507232666}
[WSI] epoch=3 iteration=440 slide=normal_158 N=18 {'train_loss_cls': 0.42578125, 'train_loss_sr': 0.1455683410167694, 'train_loss_total': 0.4403380751609802, 'max_memory_allocated': 13478423040, 'max_memory_reserved': 32300335104}
[WSI] epoch=3 iteration=441 slide=normal_095 N=14 {'train_loss_cls': 0.44140625, 'train_loss_sr': 0.20573464035987854, 'train_loss_total': 0.4619797170162201, 'max_memory_allocated': 10522487296, 'max_memory_reserved': 32300335104}
[WSI] epoch=3 iteration=442 slide=normal_040 N=16 {'train_loss_cls': 0.4609375, 'train_loss_sr': 0.1416328102350235, 'train_loss_total': 0.4751007854938507, 'max_memory_allocated': 12001272320, 'max_memory_reserved': 32300335104}
[WSI] epoch=3 iteration=443 slide=normal_036 N=7 {'train_loss_cls': 0.486328125, 'train_loss_sr': 0.14335618913173676, 'train_loss_total': 0.5006637573242188, 'max_memory_allocated': 5349771776, 'max_memory_reserved': 32300335104}
[WSI] epoch=3 iteration=444 slide=tumor_049 N=3 {'train_loss_cls': 0.8046875, 'train_loss_sr': 0.15402716398239136, 'train_loss_total': 0.8200902342796326, 'max_memory_allocated': 2394577920, 'max_memory_reserved': 32300335104}
[WSI] epoch=3 iteration=445 slide=normal_107 N=16 {'train_loss_cls': 0.48046875, 'train_loss_sr': 0.10984332114458084, 'train_loss_total': 0.4914530813694, 'max_memory_allocated': 12000999936, 'max_memory_reserved': 32300335104}
[WSI] epoch=3 iteration=446 slide=tumor_001 N=7 {'train_loss_cls': 0.9609375, 'train_loss_sr': 0.14437153935432434, 'train_loss_total': 0.9753746390342712, 'max_memory_allocated': 5350545920, 'max_memory_reserved': 32300335104}
[WSI] epoch=3 iteration=447 slide=tumor_111 N=4 {'train_loss_cls': 0.87109375, 'train_loss_sr': 0.15205758810043335, 'train_loss_total': 0.8862994909286499, 'max_memory_allocated': 3132316160, 'max_memory_reserved': 32300335104}
[WSI] epoch=3 iteration=448 slide=normal_154 N=20 {'train_loss_cls': 0.5, 'train_loss_sr': 0.08473387360572815, 'train_loss_total': 0.5084733963012695, 'max_memory_allocated': 14956902912, 'max_memory_reserved': 32300335104}
[WSI] epoch=3 iteration=449 slide=normal_032 N=9 {'train_loss_cls': 0.5859375, 'train_loss_sr': 0.162123441696167, 'train_loss_total': 0.6021498441696167, 'max_memory_allocated': 6827457024, 'max_memory_reserved': 32300335104}
[gradient] slide_id=tumor_020 N=7 {'rdn': 1.0779623985290527, 'region_encoder': 0.0, 'abmil': 0.048139043152332306, 'classifier': 4.685321807861328, 'p2w': 0.424689918756485}
[WSI] epoch=3 iteration=450 slide=tumor_020 N=7 {'train_loss_cls': 0.85546875, 'train_loss_sr': 0.14354200661182404, 'train_loss_total': 0.8698229789733887, 'max_memory_allocated': 5349992960, 'max_memory_reserved': 32300335104}
[WSI] epoch=3 iteration=451 slide=normal_037 N=8 {'train_loss_cls': 0.56640625, 'train_loss_sr': 0.1681801676750183, 'train_loss_total': 0.5832242965698242, 'max_memory_allocated': 6089806848, 'max_memory_reserved': 32300335104}
[WSI] epoch=3 iteration=452 slide=tumor_093 N=14 {'train_loss_cls': 0.8359375, 'train_loss_sr': 0.19188275933265686, 'train_loss_total': 0.8551257848739624, 'max_memory_allocated': 10522176000, 'max_memory_reserved': 32300335104}
[WSI] epoch=3 iteration=453 slide=normal_028 N=5 {'train_loss_cls': 0.5078125, 'train_loss_sr': 0.14679695665836334, 'train_loss_total': 0.5224921703338623, 'max_memory_allocated': 3872680448, 'max_memory_reserved': 32300335104}
[WSI] epoch=3 iteration=454 slide=normal_114 N=24 {'train_loss_cls': 0.56640625, 'train_loss_sr': 0.15880107879638672, 'train_loss_total': 0.5822863578796387, 'max_memory_allocated': 17911994880, 'max_memory_reserved': 32300335104}
[WSI] epoch=3 iteration=455 slide=tumor_004 N=15 {'train_loss_cls': 0.90625, 'train_loss_sr': 0.18809354305267334, 'train_loss_total': 0.9250593781471252, 'max_memory_allocated': 11263166976, 'max_memory_reserved': 32300335104}
[WSI] epoch=3 iteration=456 slide=tumor_025 N=9 {'train_loss_cls': 0.81640625, 'train_loss_sr': 0.17259320616722107, 'train_loss_total': 0.8336655497550964, 'max_memory_allocated': 6827781632, 'max_memory_reserved': 32300335104}
[WSI] epoch=3 iteration=457 slide=tumor_007 N=12 {'train_loss_cls': 0.765625, 'train_loss_sr': 0.15184330940246582, 'train_loss_total': 0.7808093428611755, 'max_memory_allocated': 9044998656, 'max_memory_reserved': 32300335104}
[WSI] epoch=3 iteration=458 slide=tumor_002 N=5 {'train_loss_cls': 0.875, 'train_loss_sr': 0.13241934776306152, 'train_loss_total': 0.8882419466972351, 'max_memory_allocated': 3872791040, 'max_memory_reserved': 32300335104}
[WSI] epoch=3 iteration=459 slide=normal_108 N=2 {'train_loss_cls': 0.55859375, 'train_loss_sr': 0.1518803834915161, 'train_loss_total': 0.5737817883491516, 'max_memory_allocated': 1707252224, 'max_memory_reserved': 32300335104}
[gradient] slide_id=tumor_012 N=7 {'rdn': 1.0360573530197144, 'region_encoder': 0.0, 'abmil': 0.14724689722061157, 'classifier': 4.10301399230957, 'p2w': 0.2865507900714874}
[WSI] epoch=3 iteration=460 slide=tumor_012 N=7 {'train_loss_cls': 0.8046875, 'train_loss_sr': 0.17032727599143982, 'train_loss_total': 0.8217202425003052, 'max_memory_allocated': 5350972416, 'max_memory_reserved': 32300335104}
[WSI] epoch=3 iteration=461 slide=tumor_038 N=2 {'train_loss_cls': 0.67578125, 'train_loss_sr': 0.17777672410011292, 'train_loss_total': 0.693558931350708, 'max_memory_allocated': 1706832384, 'max_memory_reserved': 32300335104}
[WSI] epoch=3 iteration=462 slide=normal_145 N=20 {'train_loss_cls': 0.671875, 'train_loss_sr': 0.1334685981273651, 'train_loss_total': 0.6852218508720398, 'max_memory_allocated': 14956255744, 'max_memory_reserved': 32300335104}
[WSI] epoch=3 iteration=463 slide=normal_148 N=5 {'train_loss_cls': 0.70703125, 'train_loss_sr': 0.09587304294109344, 'train_loss_total': 0.716618537902832, 'max_memory_allocated': 3872217600, 'max_memory_reserved': 32300335104}
[WSI] epoch=3 iteration=464 slide=normal_078 N=6 {'train_loss_cls': 0.6484375, 'train_loss_sr': 0.10146979987621307, 'train_loss_total': 0.658584475517273, 'max_memory_allocated': 4612115456, 'max_memory_reserved': 32300335104}
[WSI] epoch=3 iteration=465 slide=normal_084 N=1 {'train_loss_cls': 0.57421875, 'train_loss_sr': 0.06720412522554398, 'train_loss_total': 0.5809391736984253, 'max_memory_allocated': 916147200, 'max_memory_reserved': 32300335104}
[WSI] epoch=3 iteration=466 slide=tumor_082 N=3 {'train_loss_cls': 0.6875, 'train_loss_sr': 0.12007202953100204, 'train_loss_total': 0.6995071768760681, 'max_memory_allocated': 2394377216, 'max_memory_reserved': 32300335104}
[WSI] epoch=3 iteration=467 slide=normal_139 N=12 {'train_loss_cls': 0.6953125, 'train_loss_sr': 0.0994512289762497, 'train_loss_total': 0.7052575945854187, 'max_memory_allocated': 9045396992, 'max_memory_reserved': 32300335104}
[WSI] epoch=3 iteration=468 slide=tumor_005 N=4 {'train_loss_cls': 0.78515625, 'train_loss_sr': 0.19428759813308716, 'train_loss_total': 0.8045849800109863, 'max_memory_allocated': 3132185088, 'max_memory_reserved': 32300335104}
[WSI] epoch=3 iteration=469 slide=normal_068 N=6 {'train_loss_cls': 0.69140625, 'train_loss_sr': 0.1695326864719391, 'train_loss_total': 0.7083595395088196, 'max_memory_allocated': 4612856832, 'max_memory_reserved': 32300335104}
[gradient] slide_id=normal_051 N=3 {'rdn': 1.3596010208129883, 'region_encoder': 0.0, 'abmil': 0.06300187110900879, 'classifier': 6.094417095184326, 'p2w': 0.5887979865074158}
[WSI] epoch=3 iteration=470 slide=normal_051 N=3 {'train_loss_cls': 0.73046875, 'train_loss_sr': 0.1874406784772873, 'train_loss_total': 0.7492128014564514, 'max_memory_allocated': 2395646976, 'max_memory_reserved': 32300335104}
[WSI] epoch=3 iteration=471 slide=tumor_073 N=19 {'train_loss_cls': 0.7890625, 'train_loss_sr': 0.1256953775882721, 'train_loss_total': 0.8016320466995239, 'max_memory_allocated': 14217963520, 'max_memory_reserved': 32300335104}
[WSI] epoch=3 iteration=472 slide=normal_103 N=8 {'train_loss_cls': 0.59375, 'train_loss_sr': 0.11054885387420654, 'train_loss_total': 0.6048048734664917, 'max_memory_allocated': 6088583680, 'max_memory_reserved': 32300335104}
[WSI] epoch=3 iteration=473 slide=normal_087 N=11 {'train_loss_cls': 0.703125, 'train_loss_sr': 0.14278849959373474, 'train_loss_total': 0.7174038290977478, 'max_memory_allocated': 8306063872, 'max_memory_reserved': 32300335104}
[WSI] epoch=3 iteration=474 slide=tumor_071 N=12 {'train_loss_cls': 0.73828125, 'train_loss_sr': 0.1271694004535675, 'train_loss_total': 0.7509981989860535, 'max_memory_allocated': 9045088768, 'max_memory_reserved': 32300335104}
[WSI] epoch=3 iteration=475 slide=tumor_043 N=4 {'train_loss_cls': 0.7265625, 'train_loss_sr': 0.14946511387825012, 'train_loss_total': 0.7415090203285217, 'max_memory_allocated': 3132226560, 'max_memory_reserved': 32300335104}
[WSI] epoch=3 iteration=476 slide=normal_076 N=24 {'train_loss_cls': 0.671875, 'train_loss_sr': 0.15489086508750916, 'train_loss_total': 0.6873641014099121, 'max_memory_allocated': 17912326656, 'max_memory_reserved': 32300335104}
[WSI] epoch=3 iteration=477 slide=tumor_084 N=9 {'train_loss_cls': 0.80078125, 'train_loss_sr': 0.09749656915664673, 'train_loss_total': 0.8105309009552002, 'max_memory_allocated': 6827104768, 'max_memory_reserved': 32300335104}
[WSI] epoch=3 iteration=478 slide=normal_136 N=15 {'train_loss_cls': 0.62109375, 'train_loss_sr': 0.10819116234779358, 'train_loss_total': 0.631912887096405, 'max_memory_allocated': 11262319104, 'max_memory_reserved': 32300335104}
[WSI] epoch=3 iteration=479 slide=normal_129 N=19 {'train_loss_cls': 0.62890625, 'train_loss_sr': 0.10085524618625641, 'train_loss_total': 0.6389917731285095, 'max_memory_allocated': 14216944128, 'max_memory_reserved': 32300335104}
[gradient] slide_id=normal_022 N=6 {'rdn': 1.0023409128189087, 'region_encoder': 0.0, 'abmil': 0.07597542554140091, 'classifier': 3.370729446411133, 'p2w': 0.41150203347206116}
[WSI] epoch=3 iteration=480 slide=normal_022 N=6 {'train_loss_cls': 0.6015625, 'train_loss_sr': 0.15014812350273132, 'train_loss_total': 0.6165773272514343, 'max_memory_allocated': 4612447232, 'max_memory_reserved': 32300335104}
[WSI] epoch=3 iteration=481 slide=tumor_078 N=15 {'train_loss_cls': 0.72265625, 'train_loss_sr': 0.12234478443861008, 'train_loss_total': 0.7348906993865967, 'max_memory_allocated': 11262409216, 'max_memory_reserved': 32300335104}
[WSI] epoch=3 iteration=482 slide=tumor_105 N=6 {'train_loss_cls': 0.78515625, 'train_loss_sr': 0.11909959465265274, 'train_loss_total': 0.7970662117004395, 'max_memory_allocated': 4612537344, 'max_memory_reserved': 32300335104}
[WSI] epoch=3 iteration=483 slide=normal_058 N=7 {'train_loss_cls': 0.59765625, 'train_loss_sr': 0.19684183597564697, 'train_loss_total': 0.6173404455184937, 'max_memory_allocated': 5349882368, 'max_memory_reserved': 32300335104}
[WSI] epoch=3 iteration=484 slide=tumor_087 N=10 {'train_loss_cls': 0.8359375, 'train_loss_sr': 0.10606677085161209, 'train_loss_total': 0.8465442061424255, 'max_memory_allocated': 7566129664, 'max_memory_reserved': 32300335104}
[WSI] epoch=3 iteration=485 slide=tumor_098 N=9 {'train_loss_cls': 0.80859375, 'train_loss_sr': 0.10625513643026352, 'train_loss_total': 0.8192192912101746, 'max_memory_allocated': 6828121088, 'max_memory_reserved': 32300335104}
[WSI] epoch=3 iteration=486 slide=tumor_080 N=6 {'train_loss_cls': 0.7734375, 'train_loss_sr': 0.1227622926235199, 'train_loss_total': 0.7857137322425842, 'max_memory_allocated': 4612278784, 'max_memory_reserved': 32300335104}
[WSI] epoch=3 iteration=487 slide=tumor_097 N=18 {'train_loss_cls': 0.7578125, 'train_loss_sr': 0.11132164299488068, 'train_loss_total': 0.7689446806907654, 'max_memory_allocated': 13477964288, 'max_memory_reserved': 32300335104}
[WSI] epoch=3 iteration=488 slide=tumor_039 N=4 {'train_loss_cls': 0.69921875, 'train_loss_sr': 0.14605996012687683, 'train_loss_total': 0.7138247489929199, 'max_memory_allocated': 3132185088, 'max_memory_reserved': 32300335104}
[WSI] epoch=3 iteration=489 slide=tumor_058 N=5 {'train_loss_cls': 0.75, 'train_loss_sr': 0.1416199505329132, 'train_loss_total': 0.764162003993988, 'max_memory_allocated': 3872801280, 'max_memory_reserved': 32300335104}
[gradient] slide_id=normal_128 N=11 {'rdn': 1.0828481912612915, 'region_encoder': 0.0, 'abmil': 0.015370195731520653, 'classifier': 3.083488702774048, 'p2w': 0.5867558121681213}
[WSI] epoch=3 iteration=490 slide=normal_128 N=11 {'train_loss_cls': 0.625, 'train_loss_sr': 0.11498600989580154, 'train_loss_total': 0.6364986300468445, 'max_memory_allocated': 8305531392, 'max_memory_reserved': 32300335104}
[WSI] epoch=3 iteration=491 slide=normal_011 N=14 {'train_loss_cls': 0.67578125, 'train_loss_sr': 0.15714120864868164, 'train_loss_total': 0.6914953589439392, 'max_memory_allocated': 10522151424, 'max_memory_reserved': 32300335104}
[WSI] epoch=3 iteration=492 slide=tumor_042 N=4 {'train_loss_cls': 0.765625, 'train_loss_sr': 0.11119288206100464, 'train_loss_total': 0.7767443060874939, 'max_memory_allocated': 3132447232, 'max_memory_reserved': 32300335104}
[WSI] epoch=3 iteration=493 slide=normal_038 N=1 {'train_loss_cls': 0.66015625, 'train_loss_sr': 0.09292768687009811, 'train_loss_total': 0.6694490313529968, 'max_memory_allocated': 916409344, 'max_memory_reserved': 32300335104}
[WSI] epoch=3 iteration=494 slide=tumor_003 N=7 {'train_loss_cls': 0.7421875, 'train_loss_sr': 0.1454850137233734, 'train_loss_total': 0.7567359805107117, 'max_memory_allocated': 5350103552, 'max_memory_reserved': 32300335104}
[WSI] epoch=3 iteration=495 slide=tumor_017 N=9 {'train_loss_cls': 0.66796875, 'train_loss_sr': 0.13974139094352722, 'train_loss_total': 0.681942880153656, 'max_memory_allocated': 6827748864, 'max_memory_reserved': 32300335104}
[WSI] epoch=3 iteration=496 slide=tumor_060 N=6 {'train_loss_cls': 0.6640625, 'train_loss_sr': 0.08458806574344635, 'train_loss_total': 0.6725212931632996, 'max_memory_allocated': 4611894272, 'max_memory_reserved': 32300335104}
[WSI] epoch=3 iteration=497 slide=normal_006 N=1 {'train_loss_cls': 0.62890625, 'train_loss_sr': 0.1759657859802246, 'train_loss_total': 0.6465028524398804, 'max_memory_allocated': 916147200, 'max_memory_reserved': 32300335104}
[WSI] epoch=3 iteration=498 slide=tumor_103 N=18 {'train_loss_cls': 0.6484375, 'train_loss_sr': 0.13959196209907532, 'train_loss_total': 0.6623966693878174, 'max_memory_allocated': 13478312448, 'max_memory_reserved': 32300335104}
[WSI] epoch=3 iteration=499 slide=normal_157 N=16 {'train_loss_cls': 0.78515625, 'train_loss_sr': 0.1608673334121704, 'train_loss_total': 0.801243007183075, 'max_memory_allocated': 12001307648, 'max_memory_reserved': 32300335104}
[gradient] slide_id=tumor_050 N=10 {'rdn': 1.0947233438491821, 'region_encoder': 0.0, 'abmil': 0.09114417433738708, 'classifier': 3.189338445663452, 'p2w': 0.41638273000717163}
[WSI] epoch=3 iteration=500 slide=tumor_050 N=10 {'train_loss_cls': 0.67578125, 'train_loss_sr': 0.16110943257808685, 'train_loss_total': 0.6918922066688538, 'max_memory_allocated': 7566309376, 'max_memory_reserved': 32300335104}
[WSI] epoch=3 iteration=501 slide=tumor_011 N=6 {'train_loss_cls': 0.625, 'train_loss_sr': 0.13194972276687622, 'train_loss_total': 0.6381949782371521, 'max_memory_allocated': 4612779008, 'max_memory_reserved': 32300335104}
[WSI] epoch=3 iteration=502 slide=tumor_034 N=6 {'train_loss_cls': 0.59765625, 'train_loss_sr': 0.12805065512657166, 'train_loss_total': 0.6104612946510315, 'max_memory_allocated': 4613331968, 'max_memory_reserved': 32300335104}
[WSI] epoch=3 iteration=503 slide=normal_053 N=18 {'train_loss_cls': 0.796875, 'train_loss_sr': 0.1491253525018692, 'train_loss_total': 0.8117875456809998, 'max_memory_allocated': 13478274048, 'max_memory_reserved': 32300335104}
[WSI] epoch=3 iteration=504 slide=normal_066 N=26 {'train_loss_cls': 0.859375, 'train_loss_sr': 0.1671701967716217, 'train_loss_total': 0.8760920166969299, 'max_memory_allocated': 19390290432, 'max_memory_reserved': 32300335104}
[WSI] epoch=3 iteration=505 slide=tumor_061 N=13 {'train_loss_cls': 0.49609375, 'train_loss_sr': 0.15677906572818756, 'train_loss_total': 0.5117716789245605, 'max_memory_allocated': 9783679488, 'max_memory_reserved': 32300335104}
[WSI] epoch=3 iteration=506 slide=normal_041 N=7 {'train_loss_cls': 0.890625, 'train_loss_sr': 0.15753868222236633, 'train_loss_total': 0.9063788652420044, 'max_memory_allocated': 5350345216, 'max_memory_reserved': 32300335104}
[WSI] epoch=3 iteration=507 slide=normal_093 N=8 {'train_loss_cls': 0.75390625, 'train_loss_sr': 0.1106778085231781, 'train_loss_total': 0.764974057674408, 'max_memory_allocated': 6089859584, 'max_memory_reserved': 32300335104}
[WSI] epoch=3 iteration=508 slide=tumor_015 N=27 {'train_loss_cls': 0.5390625, 'train_loss_sr': 0.16693317890167236, 'train_loss_total': 0.5557557940483093, 'max_memory_allocated': 20129077760, 'max_memory_reserved': 32300335104}
[WSI] epoch=3 iteration=509 slide=tumor_024 N=16 {'train_loss_cls': 0.56640625, 'train_loss_sr': 0.1717906892299652, 'train_loss_total': 0.5835853219032288, 'max_memory_allocated': 12000778752, 'max_memory_reserved': 32300335104}
[gradient] slide_id=normal_100 N=8 {'rdn': 1.1861995458602905, 'region_encoder': 0.0, 'abmil': 0.18277810513973236, 'classifier': 6.135213851928711, 'p2w': 0.21834471821784973}
[WSI] epoch=3 iteration=510 slide=normal_100 N=8 {'train_loss_cls': 0.91796875, 'train_loss_sr': 0.17387354373931885, 'train_loss_total': 0.935356080532074, 'max_memory_allocated': 6088382976, 'max_memory_reserved': 32300335104}
[WSI] epoch=3 iteration=511 slide=normal_031 N=6 {'train_loss_cls': 0.875, 'train_loss_sr': 0.15057533979415894, 'train_loss_total': 0.8900575637817383, 'max_memory_allocated': 4611873792, 'max_memory_reserved': 32300335104}
[WSI] epoch=3 iteration=512 slide=tumor_008 N=14 {'train_loss_cls': 0.609375, 'train_loss_sr': 0.15372058749198914, 'train_loss_total': 0.6247470378875732, 'max_memory_allocated': 10522266112, 'max_memory_reserved': 32300335104}
[WSI] epoch=3 iteration=513 slide=normal_111 N=31 {'train_loss_cls': 0.78125, 'train_loss_sr': 0.08279909938573837, 'train_loss_total': 0.7895299196243286, 'max_memory_allocated': 23085431296, 'max_memory_reserved': 32300335104}
[WSI] epoch=3 iteration=514 slide=tumor_068 N=15 {'train_loss_cls': 0.5625, 'train_loss_sr': 0.12247858941555023, 'train_loss_total': 0.5747478604316711, 'max_memory_allocated': 11262132736, 'max_memory_reserved': 32300335104}
[WSI] epoch=3 iteration=515 slide=tumor_089 N=26 {'train_loss_cls': 0.5703125, 'train_loss_sr': 0.12237539887428284, 'train_loss_total': 0.582550048828125, 'max_memory_allocated': 19391748608, 'max_memory_reserved': 32300335104}
[WSI] epoch=3 iteration=516 slide=tumor_052 N=15 {'train_loss_cls': 0.5859375, 'train_loss_sr': 0.1657331883907318, 'train_loss_total': 0.6025108098983765, 'max_memory_allocated': 11262091264, 'max_memory_reserved': 32300335104}
[WSI] epoch=3 iteration=517 slide=tumor_035 N=4 {'train_loss_cls': 0.53125, 'train_loss_sr': 0.18710686266422272, 'train_loss_total': 0.5499606728553772, 'max_memory_allocated': 3132316160, 'max_memory_reserved': 32300335104}
[WSI] epoch=3 iteration=518 slide=tumor_086 N=23 {'train_loss_cls': 0.5859375, 'train_loss_sr': 0.12545865774154663, 'train_loss_total': 0.5984833836555481, 'max_memory_allocated': 17173805568, 'max_memory_reserved': 32300335104}
[WSI] epoch=3 iteration=519 slide=normal_124 N=19 {'train_loss_cls': 0.8046875, 'train_loss_sr': 0.11916116625070572, 'train_loss_total': 0.8166036009788513, 'max_memory_allocated': 14217406976, 'max_memory_reserved': 32300335104}
[gradient] slide_id=normal_008 N=1 {'rdn': 1.458129644393921, 'region_encoder': 0.0, 'abmil': 0.0, 'classifier': 5.8192033767700195, 'p2w': 0.06309816241264343}
[WSI] epoch=3 iteration=520 slide=normal_008 N=1 {'train_loss_cls': 0.69921875, 'train_loss_sr': 0.15523406863212585, 'train_loss_total': 0.7147421836853027, 'max_memory_allocated': 916147200, 'max_memory_reserved': 32300335104}
[WSI] epoch=3 iteration=521 slide=tumor_107 N=6 {'train_loss_cls': 0.46875, 'train_loss_sr': 0.10918834060430527, 'train_loss_total': 0.47966882586479187, 'max_memory_allocated': 4613116416, 'max_memory_reserved': 32300335104}
[WSI] epoch=3 iteration=522 slide=normal_048 N=3 {'train_loss_cls': 0.95703125, 'train_loss_sr': 0.11264261603355408, 'train_loss_total': 0.9682955145835876, 'max_memory_allocated': 2395646976, 'max_memory_reserved': 32300335104}
[epoch] {'epoch': 3, 'train_loss_cls': 0.6799905711206896, 'train_loss_sr': 0.15839418443455094, 'train_loss_total': 0.6958299900951057, 'train_auc': 0.6833783783783784, 'train_acc': 0.4540229885057471, 'train_bacc': 0.525, 'val_loss': 0.7278053977272727, 'val_auc': 0.4093799682034976, 'val_acc': 0.4318181818181818, 'val_bacc': 0.5098039215686274, 'max_memory_allocated': 26041438208, 'max_memory_reserved': 32300335104}
/root/miniconda3/envs/myconda/lib/python3.10/site-packages/torch/utils/checkpoint.py:1399: FutureWarning: `torch.cpu.amp.autocast(args...)` is deprecated. Please use `torch.amp.autocast('cpu', args...)` instead.
  with device_autocast_ctx, torch.cpu.amp.autocast(**cpu_autocast_kwargs), recompute_context:  # type: ignore[attr-defined]
[WSI] epoch=4 iteration=523 slide=normal_040 N=16 {'train_loss_cls': 0.796875, 'train_loss_sr': 0.13077661395072937, 'train_loss_total': 0.8099526762962341, 'max_memory_allocated': 12001237504, 'max_memory_reserved': 32300335104}
[WSI] epoch=4 iteration=524 slide=normal_062 N=2 {'train_loss_cls': 0.79296875, 'train_loss_sr': 0.21658813953399658, 'train_loss_total': 0.8146275877952576, 'max_memory_allocated': 1706789376, 'max_memory_reserved': 32300335104}
[WSI] epoch=4 iteration=525 slide=tumor_098 N=9 {'train_loss_cls': 0.578125, 'train_loss_sr': 0.08706657588481903, 'train_loss_total': 0.5868316292762756, 'max_memory_allocated': 6827457024, 'max_memory_reserved': 32300335104}
[WSI] epoch=4 iteration=526 slide=normal_106 N=15 {'train_loss_cls': 0.8203125, 'train_loss_sr': 0.10271450132131577, 'train_loss_total': 0.830583930015564, 'max_memory_allocated': 11262740992, 'max_memory_reserved': 32300335104}
[WSI] epoch=4 iteration=527 slide=normal_146 N=17 {'train_loss_cls': 0.73046875, 'train_loss_sr': 0.12690360844135284, 'train_loss_total': 0.7431591153144836, 'max_memory_allocated': 12739922432, 'max_memory_reserved': 32300335104}
[WSI] epoch=4 iteration=528 slide=tumor_011 N=6 {'train_loss_cls': 0.64453125, 'train_loss_sr': 0.14490355551242828, 'train_loss_total': 0.6590216159820557, 'max_memory_allocated': 4611853312, 'max_memory_reserved': 32300335104}
[WSI] epoch=4 iteration=529 slide=normal_044 N=4 {'train_loss_cls': 0.70703125, 'train_loss_sr': 0.09083811938762665, 'train_loss_total': 0.7161150574684143, 'max_memory_allocated': 3132312576, 'max_memory_reserved': 32300335104}
[gradient] slide_id=normal_070 N=16 {'rdn': 0.8574000000953674, 'region_encoder': 0.0, 'abmil': 0.10236851125955582, 'classifier': 4.646515369415283, 'p2w': 0.15369755029678345}
[WSI] epoch=4 iteration=530 slide=normal_070 N=16 {'train_loss_cls': 0.7890625, 'train_loss_sr': 0.14453262090682983, 'train_loss_total': 0.8035157918930054, 'max_memory_allocated': 12001873920, 'max_memory_reserved': 32300335104}
[WSI] epoch=4 iteration=531 slide=normal_048 N=3 {'train_loss_cls': 0.79296875, 'train_loss_sr': 0.1168937161564827, 'train_loss_total': 0.8046581149101257, 'max_memory_allocated': 2394246144, 'max_memory_reserved': 32300335104}
[WSI] epoch=4 iteration=532 slide=normal_096 N=7 {'train_loss_cls': 0.625, 'train_loss_sr': 0.10516414046287537, 'train_loss_total': 0.6355164051055908, 'max_memory_allocated': 5349571584, 'max_memory_reserved': 32300335104}
[WSI] epoch=4 iteration=533 slide=normal_007 N=3 {'train_loss_cls': 0.765625, 'train_loss_sr': 0.11462100595235825, 'train_loss_total': 0.7770870923995972, 'max_memory_allocated': 2395814912, 'max_memory_reserved': 32300335104}
[WSI] epoch=4 iteration=534 slide=tumor_083 N=14 {'train_loss_cls': 0.71875, 'train_loss_sr': 0.07045212388038635, 'train_loss_total': 0.7257952094078064, 'max_memory_allocated': 10522850304, 'max_memory_reserved': 32300335104}
[WSI] epoch=4 iteration=535 slide=tumor_039 N=4 {'train_loss_cls': 0.70703125, 'train_loss_sr': 0.0769321396946907, 'train_loss_total': 0.7147244811058044, 'max_memory_allocated': 3133200896, 'max_memory_reserved': 32300335104}
[WSI] epoch=4 iteration=536 slide=tumor_009 N=12 {'train_loss_cls': 0.76171875, 'train_loss_sr': 0.10402975231409073, 'train_loss_total': 0.7721217274665833, 'max_memory_allocated': 9045076480, 'max_memory_reserved': 32300335104}
[WSI] epoch=4 iteration=537 slide=normal_023 N=2 {'train_loss_cls': 0.515625, 'train_loss_sr': 0.07028332352638245, 'train_loss_total': 0.522653341293335, 'max_memory_allocated': 1707772416, 'max_memory_reserved': 32300335104}
[WSI] epoch=4 iteration=538 slide=normal_080 N=15 {'train_loss_cls': 0.625, 'train_loss_sr': 0.10985046625137329, 'train_loss_total': 0.6359850168228149, 'max_memory_allocated': 11262315520, 'max_memory_reserved': 32300335104}
[WSI] epoch=4 iteration=539 slide=normal_135 N=13 {'train_loss_cls': 0.62890625, 'train_loss_sr': 0.09728239476680756, 'train_loss_total': 0.6386345028877258, 'max_memory_allocated': 9783257600, 'max_memory_reserved': 32300335104}
[gradient] slide_id=tumor_060 N=6 {'rdn': 0.8789188861846924, 'region_encoder': 0.0, 'abmil': 0.04612118378281593, 'classifier': 3.1791250705718994, 'p2w': 0.14659036695957184}
[WSI] epoch=4 iteration=540 slide=tumor_060 N=6 {'train_loss_cls': 0.79296875, 'train_loss_sr': 0.06949354708194733, 'train_loss_total': 0.7999181151390076, 'max_memory_allocated': 4612389888, 'max_memory_reserved': 32300335104}
[WSI] epoch=4 iteration=541 slide=tumor_057 N=4 {'train_loss_cls': 0.81640625, 'train_loss_sr': 0.11013766378164291, 'train_loss_total': 0.8274199962615967, 'max_memory_allocated': 3132188672, 'max_memory_reserved': 32300335104}
[WSI] epoch=4 iteration=542 slide=normal_111 N=31 {'train_loss_cls': 0.578125, 'train_loss_sr': 0.06924334168434143, 'train_loss_total': 0.5850493311882019, 'max_memory_allocated': 23085606912, 'max_memory_reserved': 32300335104}
[WSI] epoch=4 iteration=543 slide=tumor_107 N=6 {'train_loss_cls': 0.7109375, 'train_loss_sr': 0.08909723907709122, 'train_loss_total': 0.7198472023010254, 'max_memory_allocated': 4611922432, 'max_memory_reserved': 32300335104}
[WSI] epoch=4 iteration=544 slide=normal_066 N=26 {'train_loss_cls': 0.61328125, 'train_loss_sr': 0.13010156154632568, 'train_loss_total': 0.6262913942337036, 'max_memory_allocated': 19390511616, 'max_memory_reserved': 32300335104}
[WSI] epoch=4 iteration=545 slide=normal_026 N=5 {'train_loss_cls': 0.578125, 'train_loss_sr': 0.19088688492774963, 'train_loss_total': 0.5972136855125427, 'max_memory_allocated': 3872393728, 'max_memory_reserved': 32300335104}
[WSI] epoch=4 iteration=546 slide=normal_076 N=24 {'train_loss_cls': 0.61328125, 'train_loss_sr': 0.15281301736831665, 'train_loss_total': 0.6285625696182251, 'max_memory_allocated': 17912745472, 'max_memory_reserved': 32300335104}
[WSI] epoch=4 iteration=547 slide=tumor_012 N=7 {'train_loss_cls': 0.81640625, 'train_loss_sr': 0.1723085641860962, 'train_loss_total': 0.8336371183395386, 'max_memory_allocated': 5349718528, 'max_memory_reserved': 32300335104}
[WSI] epoch=4 iteration=548 slide=tumor_087 N=10 {'train_loss_cls': 0.81640625, 'train_loss_sr': 0.10759642720222473, 'train_loss_total': 0.8271659016609192, 'max_memory_allocated': 7566572032, 'max_memory_reserved': 32300335104}
[WSI] epoch=4 iteration=549 slide=normal_067 N=12 {'train_loss_cls': 0.578125, 'train_loss_sr': 0.12993842363357544, 'train_loss_total': 0.5911188125610352, 'max_memory_allocated': 9044887040, 'max_memory_reserved': 32300335104}
[gradient] slide_id=normal_126 N=17 {'rdn': 0.7837177515029907, 'region_encoder': 0.0, 'abmil': 0.023456135764718056, 'classifier': 2.2774159908294678, 'p2w': 0.4357357323169708}
[WSI] epoch=4 iteration=550 slide=normal_126 N=17 {'train_loss_cls': 0.6015625, 'train_loss_sr': 0.11688683927059174, 'train_loss_total': 0.6132512092590332, 'max_memory_allocated': 12739871232, 'max_memory_reserved': 32300335104}
[WSI] epoch=4 iteration=551 slide=tumor_105 N=6 {'train_loss_cls': 0.79296875, 'train_loss_sr': 0.09749527275562286, 'train_loss_total': 0.8027182817459106, 'max_memory_allocated': 4612660224, 'max_memory_reserved': 32300335104}
[WSI] epoch=4 iteration=552 slide=tumor_027 N=13 {'train_loss_cls': 0.83203125, 'train_loss_sr': 0.1416637897491455, 'train_loss_total': 0.8461976051330566, 'max_memory_allocated': 9783368192, 'max_memory_reserved': 32300335104}
[WSI] epoch=4 iteration=553 slide=normal_014 N=2 {'train_loss_cls': 0.53125, 'train_loss_sr': 0.20136070251464844, 'train_loss_total': 0.5513860583305359, 'max_memory_allocated': 1707833856, 'max_memory_reserved': 32300335104}
[WSI] epoch=4 iteration=554 slide=tumor_035 N=4 {'train_loss_cls': 0.70703125, 'train_loss_sr': 0.17111819982528687, 'train_loss_total': 0.7241430878639221, 'max_memory_allocated': 3132692480, 'max_memory_reserved': 32300335104}
[WSI] epoch=4 iteration=555 slide=normal_113 N=19 {'train_loss_cls': 0.578125, 'train_loss_sr': 0.09706805646419525, 'train_loss_total': 0.5878317952156067, 'max_memory_allocated': 14217095680, 'max_memory_reserved': 32300335104}
[WSI] epoch=4 iteration=556 slide=normal_152 N=5 {'train_loss_cls': 0.59375, 'train_loss_sr': 0.11060766875743866, 'train_loss_total': 0.6048107743263245, 'max_memory_allocated': 3873004032, 'max_memory_reserved': 32300335104}
[WSI] epoch=4 iteration=557 slide=tumor_106 N=22 {'train_loss_cls': 0.78515625, 'train_loss_sr': 0.12253616005182266, 'train_loss_total': 0.7974098920822144, 'max_memory_allocated': 16433895936, 'max_memory_reserved': 32300335104}
[WSI] epoch=4 iteration=558 slide=tumor_103 N=18 {'train_loss_cls': 0.73828125, 'train_loss_sr': 0.13314540684223175, 'train_loss_total': 0.7515957951545715, 'max_memory_allocated': 13478222336, 'max_memory_reserved': 32300335104}
[WSI] epoch=4 iteration=559 slide=tumor_082 N=3 {'train_loss_cls': 0.77734375, 'train_loss_sr': 0.09356765449047089, 'train_loss_total': 0.7867004871368408, 'max_memory_allocated': 2394799104, 'max_memory_reserved': 32300335104}
[gradient] slide_id=normal_049 N=2 {'rdn': 0.8352687954902649, 'region_encoder': 0.0, 'abmil': 0.005142968147993088, 'classifier': 2.8412957191467285, 'p2w': 0.46862298250198364}
[WSI] epoch=4 iteration=560 slide=normal_049 N=2 {'train_loss_cls': 0.578125, 'train_loss_sr': 0.1471600979566574, 'train_loss_total': 0.5928410291671753, 'max_memory_allocated': 1707575808, 'max_memory_reserved': 32300335104}
[WSI] epoch=4 iteration=561 slide=normal_105 N=12 {'train_loss_cls': 0.625, 'train_loss_sr': 0.1545163094997406, 'train_loss_total': 0.6404516100883484, 'max_memory_allocated': 9044756992, 'max_memory_reserved': 32300335104}
[WSI] epoch=4 iteration=562 slide=tumor_093 N=14 {'train_loss_cls': 0.765625, 'train_loss_sr': 0.09633210301399231, 'train_loss_total': 0.7752581834793091, 'max_memory_allocated': 10522819072, 'max_memory_reserved': 32300335104}
[WSI] epoch=4 iteration=563 slide=normal_022 N=6 {'train_loss_cls': 0.56640625, 'train_loss_sr': 0.08439426869153976, 'train_loss_total': 0.5748456716537476, 'max_memory_allocated': 4612758528, 'max_memory_reserved': 32300335104}
[WSI] epoch=4 iteration=564 slide=normal_128 N=11 {'train_loss_cls': 0.58203125, 'train_loss_sr': 0.0681440532207489, 'train_loss_total': 0.5888456702232361, 'max_memory_allocated': 8305400320, 'max_memory_reserved': 32300335104}
[WSI] epoch=4 iteration=565 slide=tumor_068 N=15 {'train_loss_cls': 0.78125, 'train_loss_sr': 0.12042094767093658, 'train_loss_total': 0.7932921051979065, 'max_memory_allocated': 11262319104, 'max_memory_reserved': 32300335104}
[WSI] epoch=4 iteration=566 slide=normal_088 N=14 {'train_loss_cls': 0.6015625, 'train_loss_sr': 0.12088515609502792, 'train_loss_total': 0.6136510372161865, 'max_memory_allocated': 10522376704, 'max_memory_reserved': 32300335104}
[WSI] epoch=4 iteration=567 slide=tumor_072 N=20 {'train_loss_cls': 0.75, 'train_loss_sr': 0.09698836505413055, 'train_loss_total': 0.7596988081932068, 'max_memory_allocated': 14956718592, 'max_memory_reserved': 32300335104}
[WSI] epoch=4 iteration=568 slide=normal_028 N=5 {'train_loss_cls': 0.5546875, 'train_loss_sr': 0.11693038046360016, 'train_loss_total': 0.5663805603981018, 'max_memory_allocated': 3872348672, 'max_memory_reserved': 32300335104}
[WSI] epoch=4 iteration=569 slide=tumor_019 N=2 {'train_loss_cls': 0.6796875, 'train_loss_sr': 0.12171650677919388, 'train_loss_total': 0.6918591260910034, 'max_memory_allocated': 1707031040, 'max_memory_reserved': 32300335104}
[gradient] slide_id=tumor_050 N=10 {'rdn': 1.043949842453003, 'region_encoder': 0.0, 'abmil': 0.10668708384037018, 'classifier': 2.8920133113861084, 'p2w': 0.44795146584510803}
[WSI] epoch=4 iteration=570 slide=tumor_050 N=10 {'train_loss_cls': 0.83203125, 'train_loss_sr': 0.09471024572849274, 'train_loss_total': 0.8415022492408752, 'max_memory_allocated': 7567040000, 'max_memory_reserved': 32300335104}
[WSI] epoch=4 iteration=571 slide=tumor_017 N=9 {'train_loss_cls': 0.82421875, 'train_loss_sr': 0.13399231433868408, 'train_loss_total': 0.8376179933547974, 'max_memory_allocated': 6827256320, 'max_memory_reserved': 32300335104}
[WSI] epoch=4 iteration=572 slide=normal_100 N=8 {'train_loss_cls': 0.59765625, 'train_loss_sr': 0.10674818605184555, 'train_loss_total': 0.6083310842514038, 'max_memory_allocated': 6089157120, 'max_memory_reserved': 32300335104}
[WSI] epoch=4 iteration=573 slide=normal_151 N=16 {'train_loss_cls': 0.59375, 'train_loss_sr': 0.095911905169487, 'train_loss_total': 0.6033411622047424, 'max_memory_allocated': 12000909824, 'max_memory_reserved': 32300335104}
[WSI] epoch=4 iteration=574 slide=normal_109 N=10 {'train_loss_cls': 0.63671875, 'train_loss_sr': 0.07637955248355865, 'train_loss_total': 0.6443567276000977, 'max_memory_allocated': 7568182272, 'max_memory_reserved': 32300335104}
[WSI] epoch=4 iteration=575 slide=normal_095 N=14 {'train_loss_cls': 0.5859375, 'train_loss_sr': 0.12324842810630798, 'train_loss_total': 0.598262369632721, 'max_memory_allocated': 10522024448, 'max_memory_reserved': 32300335104}
[WSI] epoch=4 iteration=576 slide=normal_051 N=3 {'train_loss_cls': 0.5234375, 'train_loss_sr': 0.13523700833320618, 'train_loss_total': 0.5369611978530884, 'max_memory_allocated': 2394513920, 'max_memory_reserved': 32300335104}
[WSI] epoch=4 iteration=577 slide=normal_029 N=1 {'train_loss_cls': 0.462890625, 'train_loss_sr': 0.11992159485816956, 'train_loss_total': 0.4748827815055847, 'max_memory_allocated': 917043712, 'max_memory_reserved': 32300335104}
[WSI] epoch=4 iteration=578 slide=normal_054 N=1 {'train_loss_cls': 0.546875, 'train_loss_sr': 0.14781250059604645, 'train_loss_total': 0.5616562366485596, 'max_memory_allocated': 916147200, 'max_memory_reserved': 32300335104}
[WSI] epoch=4 iteration=579 slide=normal_129 N=19 {'train_loss_cls': 0.609375, 'train_loss_sr': 0.09515152126550674, 'train_loss_total': 0.6188901662826538, 'max_memory_allocated': 14217206272, 'max_memory_reserved': 32300335104}
[gradient] slide_id=normal_006 N=1 {'rdn': 0.9488446116447449, 'region_encoder': 0.0, 'abmil': 0.0, 'classifier': 2.6383285522460938, 'p2w': 0.4575645625591278}
[WSI] epoch=4 iteration=580 slide=normal_006 N=1 {'train_loss_cls': 0.51171875, 'train_loss_sr': 0.044312380254268646, 'train_loss_total': 0.5161499977111816, 'max_memory_allocated': 918156288, 'max_memory_reserved': 32300335104}
[WSI] epoch=4 iteration=581 slide=tumor_042 N=4 {'train_loss_cls': 0.8203125, 'train_loss_sr': 0.10101175308227539, 'train_loss_total': 0.8304136991500854, 'max_memory_allocated': 3132647936, 'max_memory_reserved': 32300335104}
[WSI] epoch=4 iteration=582 slide=tumor_005 N=4 {'train_loss_cls': 0.96875, 'train_loss_sr': 0.09634502232074738, 'train_loss_total': 0.9783844947814941, 'max_memory_allocated': 3133000192, 'max_memory_reserved': 32300335104}
[WSI] epoch=4 iteration=583 slide=tumor_078 N=15 {'train_loss_cls': 0.7734375, 'train_loss_sr': 0.0868658572435379, 'train_loss_total': 0.7821241021156311, 'max_memory_allocated': 11263203840, 'max_memory_reserved': 32300335104}
[WSI] epoch=4 iteration=584 slide=normal_136 N=15 {'train_loss_cls': 0.58203125, 'train_loss_sr': 0.09208539128303528, 'train_loss_total': 0.5912398099899292, 'max_memory_allocated': 11262519808, 'max_memory_reserved': 32300335104}
[WSI] epoch=4 iteration=585 slide=normal_157 N=16 {'train_loss_cls': 0.546875, 'train_loss_sr': 0.10180868953466415, 'train_loss_total': 0.5570558905601501, 'max_memory_allocated': 12001438208, 'max_memory_reserved': 32300335104}
[WSI] epoch=4 iteration=586 slide=normal_084 N=1 {'train_loss_cls': 0.3828125, 'train_loss_sr': 0.04522836208343506, 'train_loss_total': 0.38733533024787903, 'max_memory_allocated': 916635648, 'max_memory_reserved': 32300335104}
[WSI] epoch=4 iteration=587 slide=normal_074 N=14 {'train_loss_cls': 0.51171875, 'train_loss_sr': 0.11652368307113647, 'train_loss_total': 0.5233711004257202, 'max_memory_allocated': 10522065408, 'max_memory_reserved': 32300335104}
[WSI] epoch=4 iteration=588 slide=tumor_001 N=7 {'train_loss_cls': 0.921875, 'train_loss_sr': 0.10988087207078934, 'train_loss_total': 0.9328631162643433, 'max_memory_allocated': 5349992960, 'max_memory_reserved': 32300335104}
[WSI] epoch=4 iteration=589 slide=tumor_020 N=7 {'train_loss_cls': 0.83203125, 'train_loss_sr': 0.09339722990989685, 'train_loss_total': 0.8413709998130798, 'max_memory_allocated': 5350631424, 'max_memory_reserved': 32300335104}
[gradient] slide_id=tumor_077 N=14 {'rdn': 1.0181338787078857, 'region_encoder': 0.0, 'abmil': 0.026038726791739464, 'classifier': 3.434168815612793, 'p2w': 0.3925568759441376}
[WSI] epoch=4 iteration=590 slide=tumor_077 N=14 {'train_loss_cls': 0.88671875, 'train_loss_sr': 0.07824095338582993, 'train_loss_total': 0.8945428729057312, 'max_memory_allocated': 10523060736, 'max_memory_reserved': 32300335104}
[WSI] epoch=4 iteration=591 slide=tumor_084 N=9 {'train_loss_cls': 0.84375, 'train_loss_sr': 0.09543473273515701, 'train_loss_total': 0.8532934784889221, 'max_memory_allocated': 6827678208, 'max_memory_reserved': 32300335104}
[WSI] epoch=4 iteration=592 slide=normal_081 N=6 {'train_loss_cls': 0.53515625, 'train_loss_sr': 0.138621985912323, 'train_loss_total': 0.5490184426307678, 'max_memory_allocated': 4612779008, 'max_memory_reserved': 32300335104}
[WSI] epoch=4 iteration=593 slide=normal_116 N=8 {'train_loss_cls': 0.546875, 'train_loss_sr': 0.09033875167369843, 'train_loss_total': 0.5559088587760925, 'max_memory_allocated': 6088141312, 'max_memory_reserved': 32300335104}
[WSI] epoch=4 iteration=594 slide=tumor_089 N=26 {'train_loss_cls': 0.78125, 'train_loss_sr': 0.10275807976722717, 'train_loss_total': 0.7915257811546326, 'max_memory_allocated': 19390179840, 'max_memory_reserved': 32300335104}
[WSI] epoch=4 iteration=595 slide=normal_148 N=5 {'train_loss_cls': 0.65625, 'train_loss_sr': 0.08739129453897476, 'train_loss_total': 0.6649891138076782, 'max_memory_allocated': 3872328192, 'max_memory_reserved': 32300335104}
[WSI] epoch=4 iteration=596 slide=normal_012 N=3 {'train_loss_cls': 0.59765625, 'train_loss_sr': 0.18327313661575317, 'train_loss_total': 0.6159835457801819, 'max_memory_allocated': 2394246144, 'max_memory_reserved': 32300335104}
[WSI] epoch=4 iteration=597 slide=tumor_074 N=5 {'train_loss_cls': 0.8046875, 'train_loss_sr': 0.1535627394914627, 'train_loss_total': 0.8200438022613525, 'max_memory_allocated': 3873057280, 'max_memory_reserved': 32300335104}
[WSI] epoch=4 iteration=598 slide=normal_039 N=9 {'train_loss_cls': 0.5546875, 'train_loss_sr': 0.14445272088050842, 'train_loss_total': 0.5691327452659607, 'max_memory_allocated': 6827104768, 'max_memory_reserved': 32300335104}
[WSI] epoch=4 iteration=599 slide=tumor_094 N=16 {'train_loss_cls': 0.80859375, 'train_loss_sr': 0.09284383058547974, 'train_loss_total': 0.8178781270980835, 'max_memory_allocated': 12002785792, 'max_memory_reserved': 32300335104}
[gradient] slide_id=normal_068 N=6 {'rdn': 0.7470409274101257, 'region_encoder': 0.0, 'abmil': 0.05869783088564873, 'classifier': 2.6429390907287598, 'p2w': 0.2348005622625351}
[WSI] epoch=4 iteration=600 slide=normal_068 N=6 {'train_loss_cls': 0.55859375, 'train_loss_sr': 0.18155910074710846, 'train_loss_total': 0.5767496824264526, 'max_memory_allocated': 4611873792, 'max_memory_reserved': 32300335104}
[WSI] epoch=4 iteration=601 slide=normal_145 N=20 {'train_loss_cls': 0.60546875, 'train_loss_sr': 0.15098997950553894, 'train_loss_total': 0.6205677390098572, 'max_memory_allocated': 14956379648, 'max_memory_reserved': 32300335104}
[WSI] epoch=4 iteration=602 slide=tumor_045 N=10 {'train_loss_cls': 0.87109375, 'train_loss_sr': 0.15723595023155212, 'train_loss_total': 0.8868173360824585, 'max_memory_allocated': 7566572032, 'max_memory_reserved': 32300335104}
[WSI] epoch=4 iteration=603 slide=normal_037 N=8 {'train_loss_cls': 0.59765625, 'train_loss_sr': 0.10824562609195709, 'train_loss_total': 0.6084808111190796, 'max_memory_allocated': 6088583680, 'max_memory_reserved': 32300335104}
[WSI] epoch=4 iteration=604 slide=tumor_108 N=22 {'train_loss_cls': 0.8125, 'train_loss_sr': 0.09857195615768433, 'train_loss_total': 0.822357177734375, 'max_memory_allocated': 16434186752, 'max_memory_reserved': 32300335104}
[WSI] epoch=4 iteration=605 slide=normal_002 N=2 {'train_loss_cls': 0.5078125, 'train_loss_sr': 0.1593400537967682, 'train_loss_total': 0.5237464904785156, 'max_memory_allocated': 1707847168, 'max_memory_reserved': 32300335104}
[WSI] epoch=4 iteration=606 slide=normal_036 N=7 {'train_loss_cls': 0.55859375, 'train_loss_sr': 0.17770913243293762, 'train_loss_total': 0.5763646364212036, 'max_memory_allocated': 5349723136, 'max_memory_reserved': 32300335104}
[WSI] epoch=4 iteration=607 slide=normal_093 N=8 {'train_loss_cls': 0.494140625, 'train_loss_sr': 0.1649058759212494, 'train_loss_total': 0.5106312036514282, 'max_memory_allocated': 6088473088, 'max_memory_reserved': 32300335104}
[WSI] epoch=4 iteration=608 slide=normal_097 N=17 {'train_loss_cls': 0.5078125, 'train_loss_sr': 0.14002758264541626, 'train_loss_total': 0.5218152403831482, 'max_memory_allocated': 12739480064, 'max_memory_reserved': 32300335104}
[WSI] epoch=4 iteration=609 slide=tumor_080 N=6 {'train_loss_cls': 0.83984375, 'train_loss_sr': 0.07913637906312943, 'train_loss_total': 0.8477573990821838, 'max_memory_allocated': 4612205568, 'max_memory_reserved': 32300335104}
[gradient] slide_id=tumor_086 N=23 {'rdn': 1.0947768688201904, 'region_encoder': 0.0, 'abmil': 0.044283539056777954, 'classifier': 3.3552803993225098, 'p2w': 0.4834149479866028}
[WSI] epoch=4 iteration=610 slide=tumor_086 N=23 {'train_loss_cls': 0.8125, 'train_loss_sr': 0.10641326755285263, 'train_loss_total': 0.82314133644104, 'max_memory_allocated': 17173658112, 'max_memory_reserved': 32300335104}
[WSI] epoch=4 iteration=611 slide=normal_121 N=13 {'train_loss_cls': 0.55859375, 'train_loss_sr': 0.10300657153129578, 'train_loss_total': 0.5688943862915039, 'max_memory_allocated': 9783679488, 'max_memory_reserved': 32300335104}
[WSI] epoch=4 iteration=612 slide=normal_142 N=20 {'train_loss_cls': 0.51953125, 'train_loss_sr': 0.11824403703212738, 'train_loss_total': 0.5313556790351868, 'max_memory_allocated': 14956517888, 'max_memory_reserved': 32300335104}
[WSI] epoch=4 iteration=613 slide=normal_124 N=19 {'train_loss_cls': 0.5078125, 'train_loss_sr': 0.09604478627443314, 'train_loss_total': 0.5174169540405273, 'max_memory_allocated': 14217296384, 'max_memory_reserved': 32300335104}
[WSI] epoch=4 iteration=614 slide=normal_108 N=2 {'train_loss_cls': 0.466796875, 'train_loss_sr': 0.12674519419670105, 'train_loss_total': 0.4794713854789734, 'max_memory_allocated': 1707280896, 'max_memory_reserved': 32300335104}
[WSI] epoch=4 iteration=615 slide=tumor_088 N=12 {'train_loss_cls': 0.953125, 'train_loss_sr': 0.13677510619163513, 'train_loss_total': 0.9668025374412537, 'max_memory_allocated': 9044535808, 'max_memory_reserved': 32300335104}
[WSI] epoch=4 iteration=616 slide=normal_139 N=12 {'train_loss_cls': 0.48828125, 'train_loss_sr': 0.10301579535007477, 'train_loss_total': 0.4985828399658203, 'max_memory_allocated': 9044646400, 'max_memory_reserved': 32300335104}
[WSI] epoch=4 iteration=617 slide=normal_064 N=9 {'train_loss_cls': 0.40625, 'train_loss_sr': 0.0977085679769516, 'train_loss_total': 0.41602087020874023, 'max_memory_allocated': 6827104768, 'max_memory_reserved': 32300335104}
[WSI] epoch=4 iteration=618 slide=normal_087 N=11 {'train_loss_cls': 0.470703125, 'train_loss_sr': 0.1466309279203415, 'train_loss_total': 0.48536622524261475, 'max_memory_allocated': 8305843712, 'max_memory_reserved': 32300335104}
[WSI] epoch=4 iteration=619 slide=tumor_016 N=5 {'train_loss_cls': 1.0703125, 'train_loss_sr': 0.14650534093379974, 'train_loss_total': 1.084963083267212, 'max_memory_allocated': 3872721408, 'max_memory_reserved': 32300335104}
[gradient] slide_id=normal_083 N=3 {'rdn': 1.0049899816513062, 'region_encoder': 0.0, 'abmil': 0.011224685236811638, 'classifier': 3.2061824798583984, 'p2w': 0.07028591632843018}
[WSI] epoch=4 iteration=620 slide=normal_083 N=3 {'train_loss_cls': 0.322265625, 'train_loss_sr': 0.17047035694122314, 'train_loss_total': 0.33931267261505127, 'max_memory_allocated': 2394246144, 'max_memory_reserved': 32300335104}
[WSI] epoch=4 iteration=621 slide=tumor_004 N=15 {'train_loss_cls': 1.09375, 'train_loss_sr': 0.16999469697475433, 'train_loss_total': 1.1107494831085205, 'max_memory_allocated': 11262319104, 'max_memory_reserved': 32300335104}
[WSI] epoch=4 iteration=622 slide=normal_063 N=7 {'train_loss_cls': 0.42578125, 'train_loss_sr': 0.18042582273483276, 'train_loss_total': 0.44382384419441223, 'max_memory_allocated': 5349771776, 'max_memory_reserved': 32300335104}
[WSI] epoch=4 iteration=623 slide=normal_052 N=15 {'train_loss_cls': 0.396484375, 'train_loss_sr': 0.12771207094192505, 'train_loss_total': 0.40925559401512146, 'max_memory_allocated': 11262409216, 'max_memory_reserved': 32300335104}
[WSI] epoch=4 iteration=624 slide=tumor_034 N=6 {'train_loss_cls': 1.0703125, 'train_loss_sr': 0.1691204011440277, 'train_loss_total': 1.0872244834899902, 'max_memory_allocated': 4612758528, 'max_memory_reserved': 32300335104}
[WSI] epoch=4 iteration=625 slide=tumor_044 N=12 {'train_loss_cls': 1.0234375, 'train_loss_sr': 0.13885070383548737, 'train_loss_total': 1.0373225212097168, 'max_memory_allocated': 9045531136, 'max_memory_reserved': 32300335104}
[WSI] epoch=4 iteration=626 slide=tumor_054 N=17 {'train_loss_cls': 1.09375, 'train_loss_sr': 0.10549727082252502, 'train_loss_total': 1.104299783706665, 'max_memory_allocated': 12739811840, 'max_memory_reserved': 32300335104}
[WSI] epoch=4 iteration=627 slide=tumor_061 N=13 {'train_loss_cls': 0.80078125, 'train_loss_sr': 0.13499164581298828, 'train_loss_total': 0.8142803907394409, 'max_memory_allocated': 9783237120, 'max_memory_reserved': 32300335104}
[WSI] epoch=4 iteration=628 slide=tumor_109 N=10 {'train_loss_cls': 0.93359375, 'train_loss_sr': 0.0954430103302002, 'train_loss_total': 0.943138062953949, 'max_memory_allocated': 7567067648, 'max_memory_reserved': 32300335104}
[WSI] epoch=4 iteration=629 slide=normal_153 N=12 {'train_loss_cls': 0.515625, 'train_loss_sr': 0.12627379596233368, 'train_loss_total': 0.528252363204956, 'max_memory_allocated': 9044556288, 'max_memory_reserved': 32300335104}
[gradient] slide_id=normal_131 N=18 {'rdn': 0.9194117784500122, 'region_encoder': 0.0, 'abmil': 0.05629663169384003, 'classifier': 2.826420783996582, 'p2w': 0.22033612430095673}
[WSI] epoch=4 iteration=630 slide=normal_131 N=18 {'train_loss_cls': 0.515625, 'train_loss_sr': 0.08249478787183762, 'train_loss_total': 0.5238744616508484, 'max_memory_allocated': 13478939136, 'max_memory_reserved': 32300335104}
[WSI] epoch=4 iteration=631 slide=tumor_021 N=16 {'train_loss_cls': 0.81640625, 'train_loss_sr': 0.13131651282310486, 'train_loss_total': 0.8295379281044006, 'max_memory_allocated': 12002414080, 'max_memory_reserved': 32300335104}
[WSI] epoch=4 iteration=632 slide=tumor_073 N=19 {'train_loss_cls': 0.83984375, 'train_loss_sr': 0.08348251134157181, 'train_loss_total': 0.8481919765472412, 'max_memory_allocated': 14217289216, 'max_memory_reserved': 32300335104}
[WSI] epoch=4 iteration=633 slide=normal_038 N=1 {'train_loss_cls': 0.55859375, 'train_loss_sr': 0.041102223098278046, 'train_loss_total': 0.5627039670944214, 'max_memory_allocated': 916261888, 'max_memory_reserved': 32300335104}
[WSI] epoch=4 iteration=634 slide=tumor_024 N=16 {'train_loss_cls': 0.83203125, 'train_loss_sr': 0.13358640670776367, 'train_loss_total': 0.8453899025917053, 'max_memory_allocated': 12000778752, 'max_memory_reserved': 32300335104}
[WSI] epoch=4 iteration=635 slide=tumor_007 N=12 {'train_loss_cls': 0.76953125, 'train_loss_sr': 0.14321178197860718, 'train_loss_total': 0.7838524580001831, 'max_memory_allocated': 9045088768, 'max_memory_reserved': 32300335104}
[WSI] epoch=4 iteration=636 slide=tumor_095 N=29 {'train_loss_cls': 0.7578125, 'train_loss_sr': 0.1090369001030922, 'train_loss_total': 0.7687162160873413, 'max_memory_allocated': 21607467520, 'max_memory_reserved': 32300335104}
[WSI] epoch=4 iteration=637 slide=normal_133 N=10 {'train_loss_cls': 0.57421875, 'train_loss_sr': 0.0939386785030365, 'train_loss_total': 0.5836126208305359, 'max_memory_allocated': 7567235584, 'max_memory_reserved': 32300335104}
[WSI] epoch=4 iteration=638 slide=normal_120 N=10 {'train_loss_cls': 0.5859375, 'train_loss_sr': 0.1243949830532074, 'train_loss_total': 0.598376989364624, 'max_memory_allocated': 7566765568, 'max_memory_reserved': 32300335104}
[WSI] epoch=4 iteration=639 slide=tumor_046 N=19 {'train_loss_cls': 0.82421875, 'train_loss_sr': 0.16375288367271423, 'train_loss_total': 0.8405940532684326, 'max_memory_allocated': 14218054144, 'max_memory_reserved': 32300335104}
[gradient] slide_id=normal_008 N=1 {'rdn': 1.2167742252349854, 'region_encoder': 0.0, 'abmil': 0.0, 'classifier': 3.484017848968506, 'p2w': 0.8067727088928223}
[WSI] epoch=4 iteration=640 slide=normal_008 N=1 {'train_loss_cls': 0.384765625, 'train_loss_sr': 0.07476261258125305, 'train_loss_total': 0.392241895198822, 'max_memory_allocated': 916147200, 'max_memory_reserved': 32300335104}
[WSI] epoch=4 iteration=641 slide=normal_154 N=20 {'train_loss_cls': 0.7109375, 'train_loss_sr': 0.1088477373123169, 'train_loss_total': 0.7218222618103027, 'max_memory_allocated': 14956407296, 'max_memory_reserved': 32300335104}
[WSI] epoch=4 iteration=642 slide=normal_011 N=14 {'train_loss_cls': 0.61328125, 'train_loss_sr': 0.1766098439693451, 'train_loss_total': 0.6309422254562378, 'max_memory_allocated': 10522266112, 'max_memory_reserved': 32300335104}
[WSI] epoch=4 iteration=643 slide=tumor_015 N=27 {'train_loss_cls': 0.68359375, 'train_loss_sr': 0.16271311044692993, 'train_loss_total': 0.6998650431632996, 'max_memory_allocated': 20129499648, 'max_memory_reserved': 32300335104}
[WSI] epoch=4 iteration=644 slide=tumor_041 N=5 {'train_loss_cls': 0.68359375, 'train_loss_sr': 0.15676334500312805, 'train_loss_total': 0.6992700695991516, 'max_memory_allocated': 3872569856, 'max_memory_reserved': 32300335104}
[WSI] epoch=4 iteration=645 slide=normal_031 N=6 {'train_loss_cls': 0.671875, 'train_loss_sr': 0.13940024375915527, 'train_loss_total': 0.6858150362968445, 'max_memory_allocated': 4612226048, 'max_memory_reserved': 32300335104}
[WSI] epoch=4 iteration=646 slide=tumor_049 N=3 {'train_loss_cls': 0.59765625, 'train_loss_sr': 0.10333642363548279, 'train_loss_total': 0.6079899072647095, 'max_memory_allocated': 2394135552, 'max_memory_reserved': 32300335104}
[WSI] epoch=4 iteration=647 slide=normal_078 N=6 {'train_loss_cls': 0.609375, 'train_loss_sr': 0.15711107850074768, 'train_loss_total': 0.6250861287117004, 'max_memory_allocated': 4612537344, 'max_memory_reserved': 32300335104}
[WSI] epoch=4 iteration=648 slide=normal_102 N=11 {'train_loss_cls': 0.61328125, 'train_loss_sr': 0.05697019398212433, 'train_loss_total': 0.6189782619476318, 'max_memory_allocated': 8305400320, 'max_memory_reserved': 32300335104}
[WSI] epoch=4 iteration=649 slide=normal_085 N=5 {'train_loss_cls': 0.65234375, 'train_loss_sr': 0.14938834309577942, 'train_loss_total': 0.6672825813293457, 'max_memory_allocated': 3872852480, 'max_memory_reserved': 32300335104}
[gradient] slide_id=tumor_038 N=2 {'rdn': 1.356582522392273, 'region_encoder': 0.0, 'abmil': 0.09090003371238708, 'classifier': 4.9181084632873535, 'p2w': 0.6655166149139404}
[WSI] epoch=4 iteration=650 slide=tumor_038 N=2 {'train_loss_cls': 0.671875, 'train_loss_sr': 0.16569063067436218, 'train_loss_total': 0.6884440779685974, 'max_memory_allocated': 1707584000, 'max_memory_reserved': 32300335104}
[WSI] epoch=4 iteration=651 slide=tumor_066 N=7 {'train_loss_cls': 0.73828125, 'train_loss_sr': 0.1705796867609024, 'train_loss_total': 0.7553392052650452, 'max_memory_allocated': 5349661184, 'max_memory_reserved': 32300335104}
[WSI] epoch=4 iteration=652 slide=tumor_058 N=5 {'train_loss_cls': 0.78515625, 'train_loss_sr': 0.1781092882156372, 'train_loss_total': 0.8029671907424927, 'max_memory_allocated': 3873298944, 'max_memory_reserved': 32300335104}
[WSI] epoch=4 iteration=653 slide=normal_141 N=7 {'train_loss_cls': 0.5390625, 'train_loss_sr': 0.13130967319011688, 'train_loss_total': 0.5521934628486633, 'max_memory_allocated': 5350214144, 'max_memory_reserved': 32300335104}
[WSI] epoch=4 iteration=654 slide=tumor_081 N=6 {'train_loss_cls': 0.76953125, 'train_loss_sr': 0.10809677094221115, 'train_loss_total': 0.7803409099578857, 'max_memory_allocated': 4612060160, 'max_memory_reserved': 32300335104}
[WSI] epoch=4 iteration=655 slide=normal_144 N=12 {'train_loss_cls': 0.75, 'train_loss_sr': 0.1094667837023735, 'train_loss_total': 0.7609466910362244, 'max_memory_allocated': 9044646400, 'max_memory_reserved': 32300335104}
[WSI] epoch=4 iteration=656 slide=normal_077 N=5 {'train_loss_cls': 0.7265625, 'train_loss_sr': 0.1501501500606537, 'train_loss_total': 0.7415775060653687, 'max_memory_allocated': 3872680448, 'max_memory_reserved': 32300335104}
[WSI] epoch=4 iteration=657 slide=normal_058 N=7 {'train_loss_cls': 0.70703125, 'train_loss_sr': 0.16268667578697205, 'train_loss_total': 0.7232999205589294, 'max_memory_allocated': 5349886976, 'max_memory_reserved': 32300335104}
[WSI] epoch=4 iteration=658 slide=normal_015 N=5 {'train_loss_cls': 0.625, 'train_loss_sr': 0.14533042907714844, 'train_loss_total': 0.6395330429077148, 'max_memory_allocated': 3872901632, 'max_memory_reserved': 32300335104}
[WSI] epoch=4 iteration=659 slide=normal_079 N=8 {'train_loss_cls': 0.640625, 'train_loss_sr': 0.17770099639892578, 'train_loss_total': 0.6583951115608215, 'max_memory_allocated': 6088382976, 'max_memory_reserved': 32300335104}
[gradient] slide_id=normal_089 N=20 {'rdn': 1.0459426641464233, 'region_encoder': 0.0, 'abmil': 0.11194629222154617, 'classifier': 4.018584728240967, 'p2w': 0.3274484872817993}
[WSI] epoch=4 iteration=660 slide=normal_089 N=20 {'train_loss_cls': 0.69921875, 'train_loss_sr': 0.17849846184253693, 'train_loss_total': 0.717068612575531, 'max_memory_allocated': 14956462592, 'max_memory_reserved': 32300335104}
[WSI] epoch=4 iteration=661 slide=normal_041 N=7 {'train_loss_cls': 0.546875, 'train_loss_sr': 0.1633630096912384, 'train_loss_total': 0.5632113218307495, 'max_memory_allocated': 5349661184, 'max_memory_reserved': 32300335104}
[WSI] epoch=4 iteration=662 slide=normal_156 N=13 {'train_loss_cls': 0.5390625, 'train_loss_sr': 0.11696194112300873, 'train_loss_total': 0.5507587194442749, 'max_memory_allocated': 9783827456, 'max_memory_reserved': 32300335104}
[WSI] epoch=4 iteration=663 slide=tumor_025 N=9 {'train_loss_cls': 0.828125, 'train_loss_sr': 0.12778118252754211, 'train_loss_total': 0.840903103351593, 'max_memory_allocated': 6828120576, 'max_memory_reserved': 32300335104}
[WSI] epoch=4 iteration=664 slide=tumor_022 N=7 {'train_loss_cls': 0.73046875, 'train_loss_sr': 0.15844886004924774, 'train_loss_total': 0.7463136315345764, 'max_memory_allocated': 5349555712, 'max_memory_reserved': 32300335104}
[WSI] epoch=4 iteration=665 slide=tumor_047 N=15 {'train_loss_cls': 0.8125, 'train_loss_sr': 0.14369980990886688, 'train_loss_total': 0.8268699645996094, 'max_memory_allocated': 11262630400, 'max_memory_reserved': 32300335104}
[WSI] epoch=4 iteration=666 slide=tumor_003 N=7 {'train_loss_cls': 0.91015625, 'train_loss_sr': 0.16049093008041382, 'train_loss_total': 0.9262053370475769, 'max_memory_allocated': 5349857792, 'max_memory_reserved': 32300335104}
[WSI] epoch=4 iteration=667 slide=normal_107 N=16 {'train_loss_cls': 0.50390625, 'train_loss_sr': 0.10493310540914536, 'train_loss_total': 0.5143995881080627, 'max_memory_allocated': 12001901056, 'max_memory_reserved': 32300335104}
[WSI] epoch=4 iteration=668 slide=normal_159 N=14 {'train_loss_cls': 0.60546875, 'train_loss_sr': 0.14615830779075623, 'train_loss_total': 0.6200845837593079, 'max_memory_allocated': 10523069952, 'max_memory_reserved': 32300335104}
[WSI] epoch=4 iteration=669 slide=tumor_002 N=5 {'train_loss_cls': 0.9296875, 'train_loss_sr': 0.15951669216156006, 'train_loss_total': 0.9456391930580139, 'max_memory_allocated': 3872669696, 'max_memory_reserved': 32300335104}
[gradient] slide_id=normal_104 N=19 {'rdn': 1.0870459079742432, 'region_encoder': 0.0, 'abmil': 0.0455140620470047, 'classifier': 2.439591407775879, 'p2w': 0.42696285247802734}
[WSI] epoch=4 iteration=670 slide=normal_104 N=19 {'train_loss_cls': 0.546875, 'train_loss_sr': 0.13199515640735626, 'train_loss_total': 0.560074508190155, 'max_memory_allocated': 14218745344, 'max_memory_reserved': 32300335104}
[WSI] epoch=4 iteration=671 slide=tumor_008 N=14 {'train_loss_cls': 0.859375, 'train_loss_sr': 0.15041041374206543, 'train_loss_total': 0.8744160532951355, 'max_memory_allocated': 10522597888, 'max_memory_reserved': 32300335104}
[WSI] epoch=4 iteration=672 slide=normal_053 N=18 {'train_loss_cls': 0.55859375, 'train_loss_sr': 0.14060653746128082, 'train_loss_total': 0.5726544260978699, 'max_memory_allocated': 13478091264, 'max_memory_reserved': 32300335104}
[WSI] epoch=4 iteration=673 slide=tumor_048 N=15 {'train_loss_cls': 0.8203125, 'train_loss_sr': 0.1615012288093567, 'train_loss_total': 0.8364626169204712, 'max_memory_allocated': 11262208512, 'max_memory_reserved': 32300335104}
[WSI] epoch=4 iteration=674 slide=tumor_079 N=14 {'train_loss_cls': 0.81640625, 'train_loss_sr': 0.07316280901432037, 'train_loss_total': 0.8237225413322449, 'max_memory_allocated': 10522044928, 'max_memory_reserved': 32300335104}
[WSI] epoch=4 iteration=675 slide=normal_018 N=3 {'train_loss_cls': 0.466796875, 'train_loss_sr': 0.1416218876838684, 'train_loss_total': 0.48095905780792236, 'max_memory_allocated': 2395088896, 'max_memory_reserved': 32300335104}
[WSI] epoch=4 iteration=676 slide=tumor_052 N=15 {'train_loss_cls': 0.8515625, 'train_loss_sr': 0.1696987748146057, 'train_loss_total': 0.8685323596000671, 'max_memory_allocated': 11262056960, 'max_memory_reserved': 32300335104}
[WSI] epoch=4 iteration=677 slide=normal_155 N=11 {'train_loss_cls': 0.62109375, 'train_loss_sr': 0.07194504141807556, 'train_loss_total': 0.6282882690429688, 'max_memory_allocated': 8305953280, 'max_memory_reserved': 32300335104}
[WSI] epoch=4 iteration=678 slide=normal_003 N=7 {'train_loss_cls': 0.60546875, 'train_loss_sr': 0.12108658254146576, 'train_loss_total': 0.6175774335861206, 'max_memory_allocated': 5349571072, 'max_memory_reserved': 32300335104}
[WSI] epoch=4 iteration=679 slide=normal_103 N=8 {'train_loss_cls': 0.5703125, 'train_loss_sr': 0.15462440252304077, 'train_loss_total': 0.5857749581336975, 'max_memory_allocated': 6089673216, 'max_memory_reserved': 32300335104}
[gradient] slide_id=normal_047 N=5 {'rdn': 0.8215293884277344, 'region_encoder': 0.0, 'abmil': 0.0911032184958458, 'classifier': 2.916912794113159, 'p2w': 0.24761812388896942}
[WSI] epoch=4 iteration=680 slide=normal_047 N=5 {'train_loss_cls': 0.62109375, 'train_loss_sr': 0.18676476180553436, 'train_loss_total': 0.6397702097892761, 'max_memory_allocated': 3872735232, 'max_memory_reserved': 32300335104}
[WSI] epoch=4 iteration=681 slide=tumor_111 N=4 {'train_loss_cls': 0.7109375, 'train_loss_sr': 0.14971505105495453, 'train_loss_total': 0.7259089946746826, 'max_memory_allocated': 3133528064, 'max_memory_reserved': 32300335104}
[WSI] epoch=4 iteration=682 slide=tumor_097 N=18 {'train_loss_cls': 0.82421875, 'train_loss_sr': 0.11779124289751053, 'train_loss_total': 0.8359978795051575, 'max_memory_allocated': 13478001152, 'max_memory_reserved': 32300335104}
[WSI] epoch=4 iteration=683 slide=normal_065 N=6 {'train_loss_cls': 0.65234375, 'train_loss_sr': 0.16373321413993835, 'train_loss_total': 0.668717086315155, 'max_memory_allocated': 4612703232, 'max_memory_reserved': 32300335104}
[WSI] epoch=4 iteration=684 slide=normal_032 N=9 {'train_loss_cls': 0.68359375, 'train_loss_sr': 0.16329236328601837, 'train_loss_total': 0.6999229788780212, 'max_memory_allocated': 6827567616, 'max_memory_reserved': 32300335104}
[WSI] epoch=4 iteration=685 slide=tumor_043 N=4 {'train_loss_cls': 0.75390625, 'train_loss_sr': 0.16051319241523743, 'train_loss_total': 0.7699575424194336, 'max_memory_allocated': 3132185088, 'max_memory_reserved': 32300335104}
[WSI] epoch=4 iteration=686 slide=normal_119 N=14 {'train_loss_cls': 0.5234375, 'train_loss_sr': 0.12166042625904083, 'train_loss_total': 0.5356035232543945, 'max_memory_allocated': 10522065408, 'max_memory_reserved': 32300335104}
[WSI] epoch=4 iteration=687 slide=tumor_037 N=10 {'train_loss_cls': 0.74609375, 'train_loss_sr': 0.10682046413421631, 'train_loss_total': 0.7567757964134216, 'max_memory_allocated': 7566350848, 'max_memory_reserved': 32300335104}
[WSI] epoch=4 iteration=688 slide=normal_114 N=24 {'train_loss_cls': 0.59375, 'train_loss_sr': 0.1263660192489624, 'train_loss_total': 0.6063866019248962, 'max_memory_allocated': 17912160768, 'max_memory_reserved': 32300335104}
[WSI] epoch=4 iteration=689 slide=tumor_040 N=10 {'train_loss_cls': 0.734375, 'train_loss_sr': 0.12721465528011322, 'train_loss_total': 0.7470964789390564, 'max_memory_allocated': 7566088704, 'max_memory_reserved': 32300335104}
[gradient] slide_id=tumor_028 N=17 {'rdn': 1.1349363327026367, 'region_encoder': 0.0, 'abmil': 0.09509768337011337, 'classifier': 3.2620632648468018, 'p2w': 0.42169618606567383}
[WSI] epoch=4 iteration=690 slide=tumor_028 N=17 {'train_loss_cls': 0.78125, 'train_loss_sr': 0.1197156086564064, 'train_loss_total': 0.7932215332984924, 'max_memory_allocated': 12739931136, 'max_memory_reserved': 32300335104}
[WSI] epoch=4 iteration=691 slide=tumor_071 N=12 {'train_loss_cls': 0.75390625, 'train_loss_sr': 0.13025301694869995, 'train_loss_total': 0.7669315338134766, 'max_memory_allocated': 9045199360, 'max_memory_reserved': 32300335104}
[WSI] epoch=4 iteration=692 slide=normal_071 N=5 {'train_loss_cls': 0.6171875, 'train_loss_sr': 0.15985935926437378, 'train_loss_total': 0.6331734657287598, 'max_memory_allocated': 3873253888, 'max_memory_reserved': 32300335104}
[WSI] epoch=4 iteration=693 slide=normal_158 N=18 {'train_loss_cls': 0.59375, 'train_loss_sr': 0.11713270097970963, 'train_loss_total': 0.6054632663726807, 'max_memory_allocated': 13478222336, 'max_memory_reserved': 32300335104}
[WSI] epoch=4 iteration=694 slide=normal_035 N=1 {'train_loss_cls': 0.56640625, 'train_loss_sr': 0.08517146110534668, 'train_loss_total': 0.5749233961105347, 'max_memory_allocated': 916490752, 'max_memory_reserved': 32300335104}
[WSI] epoch=4 iteration=695 slide=tumor_102 N=35 {'train_loss_cls': 0.765625, 'train_loss_sr': 0.136076420545578, 'train_loss_total': 0.7792326211929321, 'max_memory_allocated': 26041604096, 'max_memory_reserved': 32321306624}
[WSI] epoch=4 iteration=696 slide=normal_061 N=12 {'train_loss_cls': 0.5234375, 'train_loss_sr': 0.1864677369594574, 'train_loss_total': 0.542084276676178, 'max_memory_allocated': 9044777472, 'max_memory_reserved': 32321306624}
[epoch] {'epoch': 4, 'train_loss_cls': 0.6793956537356322, 'train_loss_sr': 0.12512565318537855, 'train_loss_total': 0.6919082199362503, 'train_auc': 0.76, 'train_acc': 0.6379310344827587, 'train_bacc': 0.5778378378378378, 'val_loss': 0.6951127485795454, 'val_auc': 0.4364069952305246, 'val_acc': 0.5340909090909091, 'val_bacc': 0.4644939056703763, 'max_memory_allocated': 26041604096, 'max_memory_reserved': 32321306624}
/root/miniconda3/envs/myconda/lib/python3.10/site-packages/torch/utils/checkpoint.py:1399: FutureWarning: `torch.cpu.amp.autocast(args...)` is deprecated. Please use `torch.amp.autocast('cpu', args...)` instead.
  with device_autocast_ctx, torch.cpu.amp.autocast(**cpu_autocast_kwargs), recompute_context:  # type: ignore[attr-defined]
[WSI] epoch=5 iteration=697 slide=normal_102 N=11 {'train_loss_cls': 0.5703125, 'train_loss_sr': 0.16291597485542297, 'train_loss_total': 0.586604118347168, 'max_memory_allocated': 8306063872, 'max_memory_reserved': 32321306624}
[WSI] epoch=5 iteration=698 slide=normal_074 N=14 {'train_loss_cls': 0.55078125, 'train_loss_sr': 0.1692907214164734, 'train_loss_total': 0.5677103400230408, 'max_memory_allocated': 10523171328, 'max_memory_reserved': 32321306624}
[WSI] epoch=5 iteration=699 slide=tumor_011 N=6 {'train_loss_cls': 0.98046875, 'train_loss_sr': 0.15067659318447113, 'train_loss_total': 0.9955363869667053, 'max_memory_allocated': 4612336640, 'max_memory_reserved': 32321306624}
[gradient] slide_id=tumor_108 N=22 {'rdn': 1.2470661401748657, 'region_encoder': 0.0, 'abmil': 0.1258961707353592, 'classifier': 3.6531572341918945, 'p2w': 0.5406585335731506}
[WSI] epoch=5 iteration=700 slide=tumor_108 N=22 {'train_loss_cls': 0.8125, 'train_loss_sr': 0.12318816035985947, 'train_loss_total': 0.8248187899589539, 'max_memory_allocated': 16434158080, 'max_memory_reserved': 32321306624}
[WSI] epoch=5 iteration=701 slide=normal_120 N=10 {'train_loss_cls': 0.51171875, 'train_loss_sr': 0.1408252716064453, 'train_loss_total': 0.5258013010025024, 'max_memory_allocated': 7566678528, 'max_memory_reserved': 32321306624}
[WSI] epoch=5 iteration=702 slide=tumor_003 N=7 {'train_loss_cls': 0.8671875, 'train_loss_sr': 0.14733394980430603, 'train_loss_total': 0.8819208741188049, 'max_memory_allocated': 5350102528, 'max_memory_reserved': 32321306624}
[WSI] epoch=5 iteration=703 slide=normal_015 N=5 {'train_loss_cls': 0.5546875, 'train_loss_sr': 0.18499532341957092, 'train_loss_total': 0.5731870532035828, 'max_memory_allocated': 3873372160, 'max_memory_reserved': 32321306624}
[WSI] epoch=5 iteration=704 slide=tumor_039 N=4 {'train_loss_cls': 0.6953125, 'train_loss_sr': 0.12396560609340668, 'train_loss_total': 0.7077090740203857, 'max_memory_allocated': 3133643264, 'max_memory_reserved': 32321306624}
[WSI] epoch=5 iteration=705 slide=tumor_015 N=27 {'train_loss_cls': 0.71875, 'train_loss_sr': 0.16212281584739685, 'train_loss_total': 0.7349622845649719, 'max_memory_allocated': 20129499648, 'max_memory_reserved': 32321306624}
[WSI] epoch=5 iteration=706 slide=tumor_073 N=19 {'train_loss_cls': 0.8359375, 'train_loss_sr': 0.09515906870365143, 'train_loss_total': 0.8454533815383911, 'max_memory_allocated': 14217206272, 'max_memory_reserved': 32321306624}
[WSI] epoch=5 iteration=707 slide=normal_006 N=1 {'train_loss_cls': 0.48046875, 'train_loss_sr': 0.17642635107040405, 'train_loss_total': 0.49811139702796936, 'max_memory_allocated': 916483072, 'max_memory_reserved': 32321306624}
[WSI] epoch=5 iteration=708 slide=normal_044 N=4 {'train_loss_cls': 0.58984375, 'train_loss_sr': 0.09874589741230011, 'train_loss_total': 0.5997183322906494, 'max_memory_allocated': 3132312064, 'max_memory_reserved': 32321306624}
[WSI] epoch=5 iteration=709 slide=normal_131 N=18 {'train_loss_cls': 0.58203125, 'train_loss_sr': 0.09005116671323776, 'train_loss_total': 0.5910363793373108, 'max_memory_allocated': 13479291392, 'max_memory_reserved': 32321306624}
[gradient] slide_id=tumor_102 N=35 {'rdn': 1.2296298742294312, 'region_encoder': 0.0, 'abmil': 0.0718667060136795, 'classifier': 3.204218626022339, 'p2w': 0.4476815462112427}
[WSI] epoch=5 iteration=710 slide=tumor_102 N=35 {'train_loss_cls': 0.734375, 'train_loss_sr': 0.13488799333572388, 'train_loss_total': 0.74786376953125, 'max_memory_allocated': 26041891840, 'max_memory_reserved': 32321306624}
[WSI] epoch=5 iteration=711 slide=normal_119 N=14 {'train_loss_cls': 0.5234375, 'train_loss_sr': 0.1124817430973053, 'train_loss_total': 0.5346856713294983, 'max_memory_allocated': 10522467328, 'max_memory_reserved': 32321306624}
[WSI] epoch=5 iteration=712 slide=normal_141 N=7 {'train_loss_cls': 0.50390625, 'train_loss_sr': 0.1008443832397461, 'train_loss_total': 0.5139907002449036, 'max_memory_allocated': 5350455808, 'max_memory_reserved': 32321306624}
[WSI] epoch=5 iteration=713 slide=tumor_105 N=6 {'train_loss_cls': 0.75, 'train_loss_sr': 0.14411480724811554, 'train_loss_total': 0.7644115090370178, 'max_memory_allocated': 4612993536, 'max_memory_reserved': 32321306624}
[WSI] epoch=5 iteration=714 slide=normal_106 N=15 {'train_loss_cls': 0.609375, 'train_loss_sr': 0.11694423854351044, 'train_loss_total': 0.6210694313049316, 'max_memory_allocated': 11262188032, 'max_memory_reserved': 32321306624}
[WSI] epoch=5 iteration=715 slide=tumor_060 N=6 {'train_loss_cls': 0.796875, 'train_loss_sr': 0.1347806453704834, 'train_loss_total': 0.8103530406951904, 'max_memory_allocated': 4612426752, 'max_memory_reserved': 32321306624}
[WSI] epoch=5 iteration=716 slide=tumor_107 N=6 {'train_loss_cls': 0.6015625, 'train_loss_sr': 0.13689684867858887, 'train_loss_total': 0.6152521967887878, 'max_memory_allocated': 4612426752, 'max_memory_reserved': 32321306624}
[WSI] epoch=5 iteration=717 slide=tumor_027 N=13 {'train_loss_cls': 0.6640625, 'train_loss_sr': 0.14820921421051025, 'train_loss_total': 0.67888343334198, 'max_memory_allocated': 9783568896, 'max_memory_reserved': 32321306624}
[WSI] epoch=5 iteration=718 slide=tumor_017 N=9 {'train_loss_cls': 0.7109375, 'train_loss_sr': 0.17324692010879517, 'train_loss_total': 0.728262186050415, 'max_memory_allocated': 6828017664, 'max_memory_reserved': 32321306624}
[WSI] epoch=5 iteration=719 slide=normal_039 N=9 {'train_loss_cls': 0.56640625, 'train_loss_sr': 0.12917715311050415, 'train_loss_total': 0.579323947429657, 'max_memory_allocated': 6827703296, 'max_memory_reserved': 32321306624}
[gradient] slide_id=normal_085 N=5 {'rdn': 1.4563096761703491, 'region_encoder': 0.0, 'abmil': 0.03230159729719162, 'classifier': 3.042165517807007, 'p2w': 0.47438016533851624}
[WSI] epoch=5 iteration=720 slide=normal_085 N=5 {'train_loss_cls': 0.6484375, 'train_loss_sr': 0.11716271936893463, 'train_loss_total': 0.6601537466049194, 'max_memory_allocated': 3872700928, 'max_memory_reserved': 32321306624}
[WSI] epoch=5 iteration=721 slide=normal_158 N=18 {'train_loss_cls': 0.65625, 'train_loss_sr': 0.09671588987112045, 'train_loss_total': 0.6659215688705444, 'max_memory_allocated': 13478291456, 'max_memory_reserved': 32321306624}
[WSI] epoch=5 iteration=722 slide=tumor_109 N=10 {'train_loss_cls': 0.734375, 'train_loss_sr': 0.08222350478172302, 'train_loss_total': 0.7425973415374756, 'max_memory_allocated': 7566977536, 'max_memory_reserved': 32321306624}
[WSI] epoch=5 iteration=723 slide=tumor_049 N=3 {'train_loss_cls': 0.4765625, 'train_loss_sr': 0.09298241138458252, 'train_loss_total': 0.4858607351779938, 'max_memory_allocated': 2394341888, 'max_memory_reserved': 32321306624}
[WSI] epoch=5 iteration=724 slide=normal_032 N=9 {'train_loss_cls': 0.83203125, 'train_loss_sr': 0.14500945806503296, 'train_loss_total': 0.8465322256088257, 'max_memory_allocated': 6827132416, 'max_memory_reserved': 32321306624}
[WSI] epoch=5 iteration=725 slide=normal_154 N=20 {'train_loss_cls': 0.73828125, 'train_loss_sr': 0.09250892698764801, 'train_loss_total': 0.7475321292877197, 'max_memory_allocated': 14956349952, 'max_memory_reserved': 32321306624}
[WSI] epoch=5 iteration=726 slide=normal_003 N=7 {'train_loss_cls': 0.671875, 'train_loss_sr': 0.09911414235830307, 'train_loss_total': 0.6817864179611206, 'max_memory_allocated': 5350015488, 'max_memory_reserved': 32321306624}
[WSI] epoch=5 iteration=727 slide=normal_047 N=5 {'train_loss_cls': 0.7265625, 'train_loss_sr': 0.15703490376472473, 'train_loss_total': 0.7422659993171692, 'max_memory_allocated': 3872286720, 'max_memory_reserved': 32321306624}
[WSI] epoch=5 iteration=728 slide=tumor_066 N=7 {'train_loss_cls': 0.74609375, 'train_loss_sr': 0.14267098903656006, 'train_loss_total': 0.760360836982727, 'max_memory_allocated': 5350287872, 'max_memory_reserved': 32321306624}
[WSI] epoch=5 iteration=729 slide=normal_026 N=5 {'train_loss_cls': 0.57421875, 'train_loss_sr': 0.14869052171707153, 'train_loss_total': 0.5890877842903137, 'max_memory_allocated': 3872598016, 'max_memory_reserved': 32321306624}
[gradient] slide_id=normal_097 N=17 {'rdn': 1.5444303750991821, 'region_encoder': 0.0, 'abmil': 0.2691337764263153, 'classifier': 3.1483471393585205, 'p2w': 0.3688860237598419}
[WSI] epoch=5 iteration=730 slide=normal_097 N=17 {'train_loss_cls': 0.60546875, 'train_loss_sr': 0.12863251566886902, 'train_loss_total': 0.618332028388977, 'max_memory_allocated': 12739369472, 'max_memory_reserved': 32321306624}
[WSI] epoch=5 iteration=731 slide=tumor_028 N=17 {'train_loss_cls': 0.77734375, 'train_loss_sr': 0.1311163306236267, 'train_loss_total': 0.7904554009437561, 'max_memory_allocated': 12739590656, 'max_memory_reserved': 32321306624}
[WSI] epoch=5 iteration=732 slide=tumor_089 N=26 {'train_loss_cls': 0.67578125, 'train_loss_sr': 0.1204165518283844, 'train_loss_total': 0.6878228783607483, 'max_memory_allocated': 19390179840, 'max_memory_reserved': 32321306624}
[WSI] epoch=5 iteration=733 slide=normal_031 N=6 {'train_loss_cls': 0.63671875, 'train_loss_sr': 0.17233556509017944, 'train_loss_total': 0.6539523005485535, 'max_memory_allocated': 4612004864, 'max_memory_reserved': 32321306624}
[WSI] epoch=5 iteration=734 slide=tumor_097 N=18 {'train_loss_cls': 0.8359375, 'train_loss_sr': 0.08258819580078125, 'train_loss_total': 0.8441963195800781, 'max_memory_allocated': 13478312448, 'max_memory_reserved': 32321306624}
[WSI] epoch=5 iteration=735 slide=normal_076 N=24 {'train_loss_cls': 0.671875, 'train_loss_sr': 0.14906616508960724, 'train_loss_total': 0.686781644821167, 'max_memory_allocated': 17911887872, 'max_memory_reserved': 32321306624}
[WSI] epoch=5 iteration=736 slide=normal_148 N=5 {'train_loss_cls': 0.609375, 'train_loss_sr': 0.12033506482839584, 'train_loss_total': 0.6214085221290588, 'max_memory_allocated': 3872901632, 'max_memory_reserved': 32321306624}
[WSI] epoch=5 iteration=737 slide=tumor_043 N=4 {'train_loss_cls': 0.75390625, 'train_loss_sr': 0.11436939239501953, 'train_loss_total': 0.765343189239502, 'max_memory_allocated': 3133106176, 'max_memory_reserved': 32321306624}
[WSI] epoch=5 iteration=738 slide=normal_068 N=6 {'train_loss_cls': 0.58203125, 'train_loss_sr': 0.14324340224266052, 'train_loss_total': 0.5963556170463562, 'max_memory_allocated': 4611894272, 'max_memory_reserved': 32321306624}
[WSI] epoch=5 iteration=739 slide=normal_070 N=16 {'train_loss_cls': 0.56640625, 'train_loss_sr': 0.16482385993003845, 'train_loss_total': 0.582888662815094, 'max_memory_allocated': 12001237504, 'max_memory_reserved': 32321306624}
[gradient] slide_id=tumor_077 N=14 {'rdn': 1.9020655155181885, 'region_encoder': 0.0, 'abmil': 0.07375677675008774, 'classifier': 3.7181591987609863, 'p2w': 0.5049026608467102}
[WSI] epoch=5 iteration=740 slide=tumor_077 N=14 {'train_loss_cls': 0.95703125, 'train_loss_sr': 0.11920540034770966, 'train_loss_total': 0.9689517617225647, 'max_memory_allocated': 10522093568, 'max_memory_reserved': 32321306624}
[WSI] epoch=5 iteration=741 slide=normal_041 N=7 {'train_loss_cls': 0.447265625, 'train_loss_sr': 0.14624415338039398, 'train_loss_total': 0.4618900418281555, 'max_memory_allocated': 5350455808, 'max_memory_reserved': 32321306624}
[WSI] epoch=5 iteration=742 slide=tumor_005 N=4 {'train_loss_cls': 0.92578125, 'train_loss_sr': 0.13429655134677887, 'train_loss_total': 0.9392108917236328, 'max_memory_allocated': 3132185088, 'max_memory_reserved': 32321306624}
[WSI] epoch=5 iteration=743 slide=normal_014 N=2 {'train_loss_cls': 0.453125, 'train_loss_sr': 0.13618873059749603, 'train_loss_total': 0.4667438864707947, 'max_memory_allocated': 1707604480, 'max_memory_reserved': 32321306624}
[WSI] epoch=5 iteration=744 slide=tumor_080 N=6 {'train_loss_cls': 0.859375, 'train_loss_sr': 0.06695917248725891, 'train_loss_total': 0.8660709261894226, 'max_memory_allocated': 4613110784, 'max_memory_reserved': 32321306624}
[WSI] epoch=5 iteration=745 slide=normal_100 N=8 {'train_loss_cls': 0.474609375, 'train_loss_sr': 0.10905711352825165, 'train_loss_total': 0.4855150878429413, 'max_memory_allocated': 6088714752, 'max_memory_reserved': 32321306624}
[WSI] epoch=5 iteration=746 slide=tumor_042 N=4 {'train_loss_cls': 0.97265625, 'train_loss_sr': 0.06853637099266052, 'train_loss_total': 0.9795098900794983, 'max_memory_allocated': 3133594112, 'max_memory_reserved': 32321306624}
[WSI] epoch=5 iteration=747 slide=tumor_045 N=10 {'train_loss_cls': 0.7578125, 'train_loss_sr': 0.1499098539352417, 'train_loss_total': 0.7728034853935242, 'max_memory_allocated': 7566710272, 'max_memory_reserved': 32321306624}
[WSI] epoch=5 iteration=748 slide=normal_153 N=12 {'train_loss_cls': 0.6171875, 'train_loss_sr': 0.132267564535141, 'train_loss_total': 0.6304142475128174, 'max_memory_allocated': 9045088768, 'max_memory_reserved': 32321306624}
[WSI] epoch=5 iteration=749 slide=tumor_078 N=15 {'train_loss_cls': 0.72265625, 'train_loss_sr': 0.11362793296575546, 'train_loss_total': 0.7340190410614014, 'max_memory_allocated': 11262740992, 'max_memory_reserved': 32321306624}
[gradient] slide_id=tumor_098 N=9 {'rdn': 2.152271270751953, 'region_encoder': 0.0, 'abmil': 0.33595287799835205, 'classifier': 4.0863447189331055, 'p2w': 0.5237853527069092}
[WSI] epoch=5 iteration=750 slide=tumor_098 N=9 {'train_loss_cls': 0.91015625, 'train_loss_sr': 0.11711309105157852, 'train_loss_total': 0.9218675494194031, 'max_memory_allocated': 6827104768, 'max_memory_reserved': 32321306624}
[WSI] epoch=5 iteration=751 slide=normal_035 N=1 {'train_loss_cls': 0.484375, 'train_loss_sr': 0.14927096664905548, 'train_loss_total': 0.49930208921432495, 'max_memory_allocated': 916388864, 'max_memory_reserved': 32321306624}
[WSI] epoch=5 iteration=752 slide=tumor_086 N=23 {'train_loss_cls': 0.7578125, 'train_loss_sr': 0.11457913368940353, 'train_loss_total': 0.7692704200744629, 'max_memory_allocated': 17173121536, 'max_memory_reserved': 32321306624}
[WSI] epoch=5 iteration=753 slide=normal_124 N=19 {'train_loss_cls': 0.546875, 'train_loss_sr': 0.1232428252696991, 'train_loss_total': 0.5591992735862732, 'max_memory_allocated': 14217797120, 'max_memory_reserved': 32321306624}
[WSI] epoch=5 iteration=754 slide=tumor_048 N=15 {'train_loss_cls': 0.81640625, 'train_loss_sr': 0.13534413278102875, 'train_loss_total': 0.829940676689148, 'max_memory_allocated': 11262077440, 'max_memory_reserved': 32321306624}
[WSI] epoch=5 iteration=755 slide=normal_139 N=12 {'train_loss_cls': 0.63671875, 'train_loss_sr': 0.121377132833004, 'train_loss_total': 0.6488564610481262, 'max_memory_allocated': 9044978176, 'max_memory_reserved': 32321306624}
[WSI] epoch=5 iteration=756 slide=tumor_009 N=12 {'train_loss_cls': 0.7421875, 'train_loss_sr': 0.14809292554855347, 'train_loss_total': 0.7569968104362488, 'max_memory_allocated': 9044916736, 'max_memory_reserved': 32321306624}
[WSI] epoch=5 iteration=757 slide=tumor_088 N=12 {'train_loss_cls': 0.7421875, 'train_loss_sr': 0.144501730799675, 'train_loss_total': 0.756637692451477, 'max_memory_allocated': 9044867584, 'max_memory_reserved': 32321306624}
[WSI] epoch=5 iteration=758 slide=normal_084 N=1 {'train_loss_cls': 0.431640625, 'train_loss_sr': 0.09461259841918945, 'train_loss_total': 0.44110187888145447, 'max_memory_allocated': 917146624, 'max_memory_reserved': 32321306624}
[WSI] epoch=5 iteration=759 slide=normal_128 N=11 {'train_loss_cls': 0.6171875, 'train_loss_sr': 0.12207137048244476, 'train_loss_total': 0.6293946504592896, 'max_memory_allocated': 8305826304, 'max_memory_reserved': 32321306624}
[gradient] slide_id=tumor_083 N=14 {'rdn': 1.2063828706741333, 'region_encoder': 0.0, 'abmil': 0.14552946388721466, 'classifier': 2.8315207958221436, 'p2w': 0.6001970171928406}
[WSI] epoch=5 iteration=760 slide=tumor_083 N=14 {'train_loss_cls': 0.66796875, 'train_loss_sr': 0.11623716354370117, 'train_loss_total': 0.679592490196228, 'max_memory_allocated': 10522320896, 'max_memory_reserved': 32321306624}
[WSI] epoch=5 iteration=761 slide=normal_103 N=8 {'train_loss_cls': 0.62890625, 'train_loss_sr': 0.14090771973133087, 'train_loss_total': 0.6429970264434814, 'max_memory_allocated': 6088379392, 'max_memory_reserved': 32321306624}
[WSI] epoch=5 iteration=762 slide=normal_008 N=1 {'train_loss_cls': 0.380859375, 'train_loss_sr': 0.10353895276784897, 'train_loss_total': 0.3912132680416107, 'max_memory_allocated': 917122048, 'max_memory_reserved': 32321306624}
[WSI] epoch=5 iteration=763 slide=normal_133 N=10 {'train_loss_cls': 0.61328125, 'train_loss_sr': 0.13208532333374023, 'train_loss_total': 0.6264897584915161, 'max_memory_allocated': 7566129664, 'max_memory_reserved': 32321306624}
[WSI] epoch=5 iteration=764 slide=normal_065 N=6 {'train_loss_cls': 0.546875, 'train_loss_sr': 0.16363562643527985, 'train_loss_total': 0.5632385611534119, 'max_memory_allocated': 4612101632, 'max_memory_reserved': 32321306624}
[WSI] epoch=5 iteration=765 slide=normal_116 N=8 {'train_loss_cls': 0.60546875, 'train_loss_sr': 0.1531650871038437, 'train_loss_total': 0.6207852363586426, 'max_memory_allocated': 6088362496, 'max_memory_reserved': 32321306624}
[WSI] epoch=5 iteration=766 slide=normal_079 N=8 {'train_loss_cls': 0.6015625, 'train_loss_sr': 0.1928543895483017, 'train_loss_total': 0.6208479404449463, 'max_memory_allocated': 6089268736, 'max_memory_reserved': 32321306624}
[WSI] epoch=5 iteration=767 slide=normal_061 N=12 {'train_loss_cls': 0.45703125, 'train_loss_sr': 0.16173574328422546, 'train_loss_total': 0.4732048213481903, 'max_memory_allocated': 9045309952, 'max_memory_reserved': 32321306624}
[WSI] epoch=5 iteration=768 slide=normal_089 N=20 {'train_loss_cls': 0.5703125, 'train_loss_sr': 0.11110299825668335, 'train_loss_total': 0.5814228057861328, 'max_memory_allocated': 14957844992, 'max_memory_reserved': 32321306624}
[WSI] epoch=5 iteration=769 slide=normal_036 N=7 {'train_loss_cls': 0.515625, 'train_loss_sr': 0.16340182721614838, 'train_loss_total': 0.5319651961326599, 'max_memory_allocated': 5351561728, 'max_memory_reserved': 32321306624}
[gradient] slide_id=normal_012 N=3 {'rdn': 1.0422455072402954, 'region_encoder': 0.0, 'abmil': 0.08441942930221558, 'classifier': 3.4568212032318115, 'p2w': 0.31970882415771484}
[WSI] epoch=5 iteration=770 slide=normal_012 N=3 {'train_loss_cls': 0.5859375, 'train_loss_sr': 0.18603602051734924, 'train_loss_total': 0.6045411229133606, 'max_memory_allocated': 2395438080, 'max_memory_reserved': 32321306624}
[WSI] epoch=5 iteration=771 slide=normal_052 N=15 {'train_loss_cls': 0.59765625, 'train_loss_sr': 0.11783674359321594, 'train_loss_total': 0.6094399094581604, 'max_memory_allocated': 11262057984, 'max_memory_reserved': 32321306624}
[WSI] epoch=5 iteration=772 slide=tumor_054 N=17 {'train_loss_cls': 0.9296875, 'train_loss_sr': 0.10350780189037323, 'train_loss_total': 0.94003826379776, 'max_memory_allocated': 12739701248, 'max_memory_reserved': 32321306624}
[WSI] epoch=5 iteration=773 slide=tumor_041 N=5 {'train_loss_cls': 0.87890625, 'train_loss_sr': 0.14118629693984985, 'train_loss_total': 0.8930248618125916, 'max_memory_allocated': 3872666624, 'max_memory_reserved': 32321306624}
[WSI] epoch=5 iteration=774 slide=tumor_095 N=29 {'train_loss_cls': 0.80078125, 'train_loss_sr': 0.0880049467086792, 'train_loss_total': 0.8095817565917969, 'max_memory_allocated': 21607215104, 'max_memory_reserved': 32321306624}
[WSI] epoch=5 iteration=775 slide=normal_155 N=11 {'train_loss_cls': 0.435546875, 'train_loss_sr': 0.0757293775677681, 'train_loss_total': 0.4431198239326477, 'max_memory_allocated': 8306121216, 'max_memory_reserved': 32321306624}
[WSI] epoch=5 iteration=776 slide=normal_095 N=14 {'train_loss_cls': 0.494140625, 'train_loss_sr': 0.14583352208137512, 'train_loss_total': 0.5087239742279053, 'max_memory_allocated': 10522864640, 'max_memory_reserved': 32321306624}
[WSI] epoch=5 iteration=777 slide=tumor_081 N=6 {'train_loss_cls': 0.99609375, 'train_loss_sr': 0.08331791311502457, 'train_loss_total': 1.0044255256652832, 'max_memory_allocated': 4613848064, 'max_memory_reserved': 32321306624}
[WSI] epoch=5 iteration=778 slide=tumor_111 N=4 {'train_loss_cls': 0.80859375, 'train_loss_sr': 0.16417741775512695, 'train_loss_total': 0.8250114917755127, 'max_memory_allocated': 3132447232, 'max_memory_reserved': 32321306624}
[WSI] epoch=5 iteration=779 slide=normal_029 N=1 {'train_loss_cls': 0.3515625, 'train_loss_sr': 0.08560268580913544, 'train_loss_total': 0.36012277007102966, 'max_memory_allocated': 916474880, 'max_memory_reserved': 32321306624}
[gradient] slide_id=normal_121 N=13 {'rdn': 1.0547034740447998, 'region_encoder': 0.0, 'abmil': 0.185015469789505, 'classifier': 3.249817132949829, 'p2w': 0.6098134517669678}
[WSI] epoch=5 iteration=780 slide=normal_121 N=13 {'train_loss_cls': 0.484375, 'train_loss_sr': 0.09668774157762527, 'train_loss_total': 0.49404376745224, 'max_memory_allocated': 9784067584, 'max_memory_reserved': 32321306624}
[WSI] epoch=5 iteration=781 slide=normal_107 N=16 {'train_loss_cls': 0.474609375, 'train_loss_sr': 0.08562717586755753, 'train_loss_total': 0.48317208886146545, 'max_memory_allocated': 12001126912, 'max_memory_reserved': 32321306624}
[WSI] epoch=5 iteration=782 slide=tumor_046 N=19 {'train_loss_cls': 0.96484375, 'train_loss_sr': 0.15142741799354553, 'train_loss_total': 0.9799864888191223, 'max_memory_allocated': 14217427456, 'max_memory_reserved': 32321306624}
[WSI] epoch=5 iteration=783 slide=normal_051 N=3 {'train_loss_cls': 0.40234375, 'train_loss_sr': 0.11457426846027374, 'train_loss_total': 0.4138011634349823, 'max_memory_allocated': 2396089344, 'max_memory_reserved': 32321306624}
[WSI] epoch=5 iteration=784 slide=tumor_024 N=16 {'train_loss_cls': 0.85546875, 'train_loss_sr': 0.19068555533885956, 'train_loss_total': 0.8745372891426086, 'max_memory_allocated': 12001180160, 'max_memory_reserved': 32321306624}
[WSI] epoch=5 iteration=785 slide=normal_038 N=1 {'train_loss_cls': 0.546875, 'train_loss_sr': 0.108498215675354, 'train_loss_total': 0.5577248334884644, 'max_memory_allocated': 916474880, 'max_memory_reserved': 32321306624}
[WSI] epoch=5 iteration=786 slide=tumor_007 N=12 {'train_loss_cls': 0.81640625, 'train_loss_sr': 0.15672142803668976, 'train_loss_total': 0.8320783972740173, 'max_memory_allocated': 9044867584, 'max_memory_reserved': 32321306624}
[WSI] epoch=5 iteration=787 slide=tumor_082 N=3 {'train_loss_cls': 0.8046875, 'train_loss_sr': 0.20432063937187195, 'train_loss_total': 0.8251195549964905, 'max_memory_allocated': 2394799104, 'max_memory_reserved': 32321306624}
[WSI] epoch=5 iteration=788 slide=tumor_093 N=14 {'train_loss_cls': 0.99609375, 'train_loss_sr': 0.15405070781707764, 'train_loss_total': 1.0114988088607788, 'max_memory_allocated': 10522286592, 'max_memory_reserved': 32321306624}
[WSI] epoch=5 iteration=789 slide=normal_049 N=2 {'train_loss_cls': 0.51953125, 'train_loss_sr': 0.15524281561374664, 'train_loss_total': 0.5350555181503296, 'max_memory_allocated': 1707584000, 'max_memory_reserved': 32321306624}
[gradient] slide_id=normal_071 N=5 {'rdn': 0.9268553256988525, 'region_encoder': 0.0, 'abmil': 0.1147080808877945, 'classifier': 3.045405387878418, 'p2w': 0.32730188965797424}
[WSI] epoch=5 iteration=790 slide=normal_071 N=5 {'train_loss_cls': 0.51171875, 'train_loss_sr': 0.15377238392829895, 'train_loss_total': 0.5270959734916687, 'max_memory_allocated': 3872479744, 'max_memory_reserved': 32321306624}
[WSI] epoch=5 iteration=791 slide=normal_040 N=16 {'train_loss_cls': 0.341796875, 'train_loss_sr': 0.1480126976966858, 'train_loss_total': 0.3565981388092041, 'max_memory_allocated': 12001954304, 'max_memory_reserved': 32321306624}
[WSI] epoch=5 iteration=792 slide=normal_083 N=3 {'train_loss_cls': 0.416015625, 'train_loss_sr': 0.15340161323547363, 'train_loss_total': 0.4313557744026184, 'max_memory_allocated': 2394377216, 'max_memory_reserved': 32321306624}
[WSI] epoch=5 iteration=793 slide=normal_066 N=26 {'train_loss_cls': 0.546875, 'train_loss_sr': 0.13789105415344238, 'train_loss_total': 0.5606641173362732, 'max_memory_allocated': 19391306240, 'max_memory_reserved': 32321306624}
[WSI] epoch=5 iteration=794 slide=normal_136 N=15 {'train_loss_cls': 0.578125, 'train_loss_sr': 0.13471029698848724, 'train_loss_total': 0.5915960073471069, 'max_memory_allocated': 11262056960, 'max_memory_reserved': 32321306624}
[WSI] epoch=5 iteration=795 slide=normal_023 N=2 {'train_loss_cls': 0.36328125, 'train_loss_sr': 0.15311092138290405, 'train_loss_total': 0.3785923421382904, 'max_memory_allocated': 1708415488, 'max_memory_reserved': 32321306624}
[WSI] epoch=5 iteration=796 slide=normal_018 N=3 {'train_loss_cls': 0.34765625, 'train_loss_sr': 0.14630943536758423, 'train_loss_total': 0.3622871935367584, 'max_memory_allocated': 2394377216, 'max_memory_reserved': 32321306624}
[WSI] epoch=5 iteration=797 slide=tumor_008 N=14 {'train_loss_cls': 1.1328125, 'train_loss_sr': 0.15119758248329163, 'train_loss_total': 1.1479322910308838, 'max_memory_allocated': 10522819072, 'max_memory_reserved': 32321306624}
[WSI] epoch=5 iteration=798 slide=tumor_103 N=18 {'train_loss_cls': 0.9609375, 'train_loss_sr': 0.10421621799468994, 'train_loss_total': 0.971359133720398, 'max_memory_allocated': 13478533632, 'max_memory_reserved': 32321306624}
[WSI] epoch=5 iteration=799 slide=normal_156 N=13 {'train_loss_cls': 0.3515625, 'train_loss_sr': 0.101178839802742, 'train_loss_total': 0.36168038845062256, 'max_memory_allocated': 9784198656, 'max_memory_reserved': 32321306624}
[gradient] slide_id=normal_058 N=7 {'rdn': 1.109765648841858, 'region_encoder': 0.0, 'abmil': 0.22584953904151917, 'classifier': 2.4817051887512207, 'p2w': 0.37849345803260803}
[WSI] epoch=5 iteration=800 slide=normal_058 N=7 {'train_loss_cls': 0.41796875, 'train_loss_sr': 0.16955780982971191, 'train_loss_total': 0.43492454290390015, 'max_memory_allocated': 5349550592, 'max_memory_reserved': 32321306624}
[WSI] epoch=5 iteration=801 slide=normal_007 N=3 {'train_loss_cls': 0.625, 'train_loss_sr': 0.16667309403419495, 'train_loss_total': 0.6416673064231873, 'max_memory_allocated': 2394115072, 'max_memory_reserved': 32321306624}
[WSI] epoch=5 iteration=802 slide=tumor_106 N=22 {'train_loss_cls': 0.98046875, 'train_loss_sr': 0.11245858669281006, 'train_loss_total': 0.991714596748352, 'max_memory_allocated': 16434690560, 'max_memory_reserved': 32321306624}
[WSI] epoch=5 iteration=803 slide=normal_111 N=31 {'train_loss_cls': 0.431640625, 'train_loss_sr': 0.0851631909608841, 'train_loss_total': 0.4401569366455078, 'max_memory_allocated': 23085120000, 'max_memory_reserved': 32321306624}
[WSI] epoch=5 iteration=804 slide=normal_077 N=5 {'train_loss_cls': 0.486328125, 'train_loss_sr': 0.13409247994422913, 'train_loss_total': 0.49973738193511963, 'max_memory_allocated': 3872311808, 'max_memory_reserved': 32321306624}
[WSI] epoch=5 iteration=805 slide=normal_081 N=6 {'train_loss_cls': 0.498046875, 'train_loss_sr': 0.12481008470058441, 'train_loss_total': 0.5105279088020325, 'max_memory_allocated': 4611873792, 'max_memory_reserved': 32321306624}
[WSI] epoch=5 iteration=806 slide=tumor_002 N=5 {'train_loss_cls': 1.109375, 'train_loss_sr': 0.0975303053855896, 'train_loss_total': 1.1191279888153076, 'max_memory_allocated': 3873538048, 'max_memory_reserved': 32321306624}
[WSI] epoch=5 iteration=807 slide=normal_087 N=11 {'train_loss_cls': 0.4296875, 'train_loss_sr': 0.14428848028182983, 'train_loss_total': 0.44411635398864746, 'max_memory_allocated': 8305269248, 'max_memory_reserved': 32321306624}
[WSI] epoch=5 iteration=808 slide=normal_053 N=18 {'train_loss_cls': 0.392578125, 'train_loss_sr': 0.1277606338262558, 'train_loss_total': 0.40535420179367065, 'max_memory_allocated': 13478754816, 'max_memory_reserved': 32321306624}
[WSI] epoch=5 iteration=809 slide=normal_062 N=2 {'train_loss_cls': 0.458984375, 'train_loss_sr': 0.14654889702796936, 'train_loss_total': 0.47363924980163574, 'max_memory_allocated': 1706789376, 'max_memory_reserved': 32321306624}
[gradient] slide_id=tumor_052 N=15 {'rdn': 2.226560592651367, 'region_encoder': 0.0, 'abmil': 0.31891781091690063, 'classifier': 5.9953413009643555, 'p2w': 0.4301862418651581}
[WSI] epoch=5 iteration=810 slide=tumor_052 N=15 {'train_loss_cls': 1.2734375, 'train_loss_sr': 0.11131802201271057, 'train_loss_total': 1.284569263458252, 'max_memory_allocated': 11262298624, 'max_memory_reserved': 32321306624}
[WSI] epoch=5 iteration=811 slide=tumor_061 N=13 {'train_loss_cls': 0.69140625, 'train_loss_sr': 0.14005768299102783, 'train_loss_total': 0.7054120302200317, 'max_memory_allocated': 9783478784, 'max_memory_reserved': 32321306624}
[WSI] epoch=5 iteration=812 slide=tumor_019 N=2 {'train_loss_cls': 0.80859375, 'train_loss_sr': 0.11408211290836334, 'train_loss_total': 0.8200019598007202, 'max_memory_allocated': 1707604480, 'max_memory_reserved': 32321306624}
[WSI] epoch=5 iteration=813 slide=normal_037 N=8 {'train_loss_cls': 0.46875, 'train_loss_sr': 0.1253695785999298, 'train_loss_total': 0.4812869429588318, 'max_memory_allocated': 6088303616, 'max_memory_reserved': 32321306624}
[WSI] epoch=5 iteration=814 slide=normal_028 N=5 {'train_loss_cls': 0.34375, 'train_loss_sr': 0.1395253837108612, 'train_loss_total': 0.3577025532722473, 'max_memory_allocated': 3872680448, 'max_memory_reserved': 32321306624}
[WSI] epoch=5 iteration=815 slide=tumor_068 N=15 {'train_loss_cls': 1.0546875, 'train_loss_sr': 0.14220157265663147, 'train_loss_total': 1.068907618522644, 'max_memory_allocated': 11262392832, 'max_memory_reserved': 32321306624}
[WSI] epoch=5 iteration=816 slide=tumor_072 N=20 {'train_loss_cls': 0.90234375, 'train_loss_sr': 0.09310813248157501, 'train_loss_total': 0.9116545915603638, 'max_memory_allocated': 14956255744, 'max_memory_reserved': 32321306624}
[WSI] epoch=5 iteration=817 slide=tumor_020 N=7 {'train_loss_cls': 0.94921875, 'train_loss_sr': 0.09011571109294891, 'train_loss_total': 0.9582303166389465, 'max_memory_allocated': 5349967360, 'max_memory_reserved': 32321306624}
[WSI] epoch=5 iteration=818 slide=normal_146 N=17 {'train_loss_cls': 0.4140625, 'train_loss_sr': 0.10999801754951477, 'train_loss_total': 0.42506229877471924, 'max_memory_allocated': 12739279360, 'max_memory_reserved': 32321306624}
[WSI] epoch=5 iteration=819 slide=normal_114 N=24 {'train_loss_cls': 0.54296875, 'train_loss_sr': 0.13229651749134064, 'train_loss_total': 0.5561984181404114, 'max_memory_allocated': 17912973824, 'max_memory_reserved': 32321306624}
[gradient] slide_id=tumor_004 N=15 {'rdn': 1.898104190826416, 'region_encoder': 0.0, 'abmil': 0.3247009217739105, 'classifier': 4.153550148010254, 'p2w': 0.8722464442253113}
[WSI] epoch=5 iteration=820 slide=tumor_004 N=15 {'train_loss_cls': 0.96875, 'train_loss_sr': 0.1326904296875, 'train_loss_total': 0.9820190668106079, 'max_memory_allocated': 11263035904, 'max_memory_reserved': 32321306624}
[WSI] epoch=5 iteration=821 slide=normal_093 N=8 {'train_loss_cls': 0.396484375, 'train_loss_sr': 0.10417453944683075, 'train_loss_total': 0.40690183639526367, 'max_memory_allocated': 6088473088, 'max_memory_reserved': 32321306624}
[WSI] epoch=5 iteration=822 slide=normal_109 N=10 {'train_loss_cls': 0.55078125, 'train_loss_sr': 0.11905457079410553, 'train_loss_total': 0.5626866817474365, 'max_memory_allocated': 7566261248, 'max_memory_reserved': 32321306624}
[WSI] epoch=5 iteration=823 slide=normal_054 N=1 {'train_loss_cls': 0.46875, 'train_loss_sr': 0.19410443305969238, 'train_loss_total': 0.4881604313850403, 'max_memory_allocated': 916365312, 'max_memory_reserved': 32321306624}
[WSI] epoch=5 iteration=824 slide=normal_080 N=15 {'train_loss_cls': 0.49609375, 'train_loss_sr': 0.14183403551578522, 'train_loss_total': 0.5102771520614624, 'max_memory_allocated': 11262208512, 'max_memory_reserved': 32321306624}
[WSI] epoch=5 iteration=825 slide=tumor_058 N=5 {'train_loss_cls': 0.97265625, 'train_loss_sr': 0.12943193316459656, 'train_loss_total': 0.9855994582176208, 'max_memory_allocated': 3872479744, 'max_memory_reserved': 32321306624}
[WSI] epoch=5 iteration=826 slide=normal_011 N=14 {'train_loss_cls': 0.5078125, 'train_loss_sr': 0.11324532330036163, 'train_loss_total': 0.5191370248794556, 'max_memory_allocated': 10522622464, 'max_memory_reserved': 32321306624}
[WSI] epoch=5 iteration=827 slide=tumor_034 N=6 {'train_loss_cls': 0.8359375, 'train_loss_sr': 0.11872047185897827, 'train_loss_total': 0.8478095531463623, 'max_memory_allocated': 4612108800, 'max_memory_reserved': 32321306624}
[WSI] epoch=5 iteration=828 slide=normal_105 N=12 {'train_loss_cls': 0.578125, 'train_loss_sr': 0.10866207629442215, 'train_loss_total': 0.5889912247657776, 'max_memory_allocated': 9044666880, 'max_memory_reserved': 32321306624}
[WSI] epoch=5 iteration=829 slide=tumor_094 N=16 {'train_loss_cls': 0.90234375, 'train_loss_sr': 0.07210436463356018, 'train_loss_total': 0.9095541834831238, 'max_memory_allocated': 12001289216, 'max_memory_reserved': 32321306624}
[gradient] slide_id=tumor_040 N=10 {'rdn': 1.3335822820663452, 'region_encoder': 0.0, 'abmil': 0.23162004351615906, 'classifier': 4.5112786293029785, 'p2w': 0.2537364065647125}
[WSI] epoch=5 iteration=830 slide=tumor_040 N=10 {'train_loss_cls': 0.8515625, 'train_loss_sr': 0.1422906219959259, 'train_loss_total': 0.8657915592193604, 'max_memory_allocated': 7566912000, 'max_memory_reserved': 32321306624}
[WSI] epoch=5 iteration=831 slide=normal_129 N=19 {'train_loss_cls': 0.54296875, 'train_loss_sr': 0.09985893964767456, 'train_loss_total': 0.5529546737670898, 'max_memory_allocated': 14217206272, 'max_memory_reserved': 32321306624}
[WSI] epoch=5 iteration=832 slide=tumor_025 N=9 {'train_loss_cls': 1.0625, 'train_loss_sr': 0.10091115534305573, 'train_loss_total': 1.0725910663604736, 'max_memory_allocated': 6828420096, 'max_memory_reserved': 32321306624}
[WSI] epoch=5 iteration=833 slide=normal_067 N=12 {'train_loss_cls': 0.478515625, 'train_loss_sr': 0.130028635263443, 'train_loss_total': 0.491518497467041, 'max_memory_allocated': 9045024256, 'max_memory_reserved': 32321306624}
[WSI] epoch=5 iteration=834 slide=tumor_071 N=12 {'train_loss_cls': 0.76953125, 'train_loss_sr': 0.09809733927249908, 'train_loss_total': 0.7793409824371338, 'max_memory_allocated': 9044777472, 'max_memory_reserved': 32321306624}
[WSI] epoch=5 iteration=835 slide=normal_145 N=20 {'train_loss_cls': 0.63671875, 'train_loss_sr': 0.10382296144962311, 'train_loss_total': 0.6471010446548462, 'max_memory_allocated': 14957009920, 'max_memory_reserved': 32321306624}
[WSI] epoch=5 iteration=836 slide=normal_144 N=12 {'train_loss_cls': 0.5703125, 'train_loss_sr': 0.12159337103366852, 'train_loss_total': 0.5824718475341797, 'max_memory_allocated': 9044978176, 'max_memory_reserved': 32321306624}
[WSI] epoch=5 iteration=837 slide=tumor_037 N=10 {'train_loss_cls': 0.76953125, 'train_loss_sr': 0.12018035352230072, 'train_loss_total': 0.7815492749214172, 'max_memory_allocated': 7566899712, 'max_memory_reserved': 32321306624}
[WSI] epoch=5 iteration=838 slide=normal_078 N=6 {'train_loss_cls': 0.4765625, 'train_loss_sr': 0.14193932712078094, 'train_loss_total': 0.49075642228126526, 'max_memory_allocated': 4612869120, 'max_memory_reserved': 32321306624}
[WSI] epoch=5 iteration=839 slide=normal_022 N=6 {'train_loss_cls': 0.44140625, 'train_loss_sr': 0.04765981063246727, 'train_loss_total': 0.44617223739624023, 'max_memory_allocated': 4612316160, 'max_memory_reserved': 32321306624}
[gradient] slide_id=normal_002 N=2 {'rdn': 0.8024216294288635, 'region_encoder': 0.0, 'abmil': 0.0670824646949768, 'classifier': 3.593092203140259, 'p2w': 0.17466877400875092}
[WSI] epoch=5 iteration=840 slide=normal_002 N=2 {'train_loss_cls': 0.40234375, 'train_loss_sr': 0.1746419370174408, 'train_loss_total': 0.41980794072151184, 'max_memory_allocated': 1706887680, 'max_memory_reserved': 32321306624}
[WSI] epoch=5 iteration=841 slide=tumor_050 N=10 {'train_loss_cls': 0.85546875, 'train_loss_sr': 0.16610386967658997, 'train_loss_total': 0.8720791339874268, 'max_memory_allocated': 7566088704, 'max_memory_reserved': 32321306624}
[WSI] epoch=5 iteration=842 slide=normal_096 N=7 {'train_loss_cls': 0.375, 'train_loss_sr': 0.13369116187095642, 'train_loss_total': 0.3883691132068634, 'max_memory_allocated': 5349792256, 'max_memory_reserved': 32321306624}
[WSI] epoch=5 iteration=843 slide=normal_126 N=17 {'train_loss_cls': 0.58203125, 'train_loss_sr': 0.114463210105896, 'train_loss_total': 0.5934775471687317, 'max_memory_allocated': 12740265472, 'max_memory_reserved': 32321306624}
[WSI] epoch=5 iteration=844 slide=normal_159 N=14 {'train_loss_cls': 0.6953125, 'train_loss_sr': 0.1322038173675537, 'train_loss_total': 0.7085328698158264, 'max_memory_allocated': 10522024448, 'max_memory_reserved': 32321306624}
[WSI] epoch=5 iteration=845 slide=tumor_057 N=4 {'train_loss_cls': 0.87890625, 'train_loss_sr': 0.13768233358860016, 'train_loss_total': 0.8926745057106018, 'max_memory_allocated': 3132471808, 'max_memory_reserved': 32321306624}
[WSI] epoch=5 iteration=846 slide=tumor_021 N=16 {'train_loss_cls': 0.78125, 'train_loss_sr': 0.1319531500339508, 'train_loss_total': 0.7944453358650208, 'max_memory_allocated': 12001659392, 'max_memory_reserved': 32321306624}
[WSI] epoch=5 iteration=847 slide=normal_113 N=19 {'train_loss_cls': 0.4375, 'train_loss_sr': 0.13270017504692078, 'train_loss_total': 0.4507700204849243, 'max_memory_allocated': 14217427456, 'max_memory_reserved': 32321306624}
[WSI] epoch=5 iteration=848 slide=normal_152 N=5 {'train_loss_cls': 0.59765625, 'train_loss_sr': 0.15993402898311615, 'train_loss_total': 0.6136496663093567, 'max_memory_allocated': 3872938496, 'max_memory_reserved': 32321306624}
[WSI] epoch=5 iteration=849 slide=normal_048 N=3 {'train_loss_cls': 0.64453125, 'train_loss_sr': 0.19258984923362732, 'train_loss_total': 0.663790225982666, 'max_memory_allocated': 2394590208, 'max_memory_reserved': 32321306624}
[gradient] slide_id=tumor_022 N=7 {'rdn': 1.67844820022583, 'region_encoder': 0.0, 'abmil': 0.047901786863803864, 'classifier': 3.8294548988342285, 'p2w': 0.8357469439506531}
[WSI] epoch=5 iteration=850 slide=tumor_022 N=7 {'train_loss_cls': 0.734375, 'train_loss_sr': 0.16079489886760712, 'train_loss_total': 0.7504544854164124, 'max_memory_allocated': 5349792256, 'max_memory_reserved': 32321306624}
[WSI] epoch=5 iteration=851 slide=tumor_038 N=2 {'train_loss_cls': 0.796875, 'train_loss_sr': 0.11819896847009659, 'train_loss_total': 0.8086948990821838, 'max_memory_allocated': 1707805184, 'max_memory_reserved': 32321306624}
[WSI] epoch=5 iteration=852 slide=tumor_016 N=5 {'train_loss_cls': 0.90234375, 'train_loss_sr': 0.1908140778541565, 'train_loss_total': 0.9214251637458801, 'max_memory_allocated': 3872680448, 'max_memory_reserved': 32321306624}
[WSI] epoch=5 iteration=853 slide=normal_157 N=16 {'train_loss_cls': 0.48828125, 'train_loss_sr': 0.21419841051101685, 'train_loss_total': 0.5097010731697083, 'max_memory_allocated': 12001905152, 'max_memory_reserved': 32321306624}
[WSI] epoch=5 iteration=854 slide=tumor_001 N=7 {'train_loss_cls': 0.8828125, 'train_loss_sr': 0.19707757234573364, 'train_loss_total': 0.9025202393531799, 'max_memory_allocated': 5349550592, 'max_memory_reserved': 32321306624}
[WSI] epoch=5 iteration=855 slide=normal_104 N=19 {'train_loss_cls': 0.546875, 'train_loss_sr': 0.19531339406967163, 'train_loss_total': 0.5664063692092896, 'max_memory_allocated': 14217517568, 'max_memory_reserved': 32321306624}
[WSI] epoch=5 iteration=856 slide=tumor_084 N=9 {'train_loss_cls': 0.90625, 'train_loss_sr': 0.19776520133018494, 'train_loss_total': 0.9260265231132507, 'max_memory_allocated': 6827235840, 'max_memory_reserved': 32321306624}
[WSI] epoch=5 iteration=857 slide=normal_063 N=7 {'train_loss_cls': 0.71484375, 'train_loss_sr': 0.19048678874969482, 'train_loss_total': 0.7338924407958984, 'max_memory_allocated': 5349992960, 'max_memory_reserved': 32321306624}
[WSI] epoch=5 iteration=858 slide=tumor_035 N=4 {'train_loss_cls': 0.515625, 'train_loss_sr': 0.19098041951656342, 'train_loss_total': 0.5347230434417725, 'max_memory_allocated': 3132962304, 'max_memory_reserved': 32321306624}
[WSI] epoch=5 iteration=859 slide=normal_108 N=2 {'train_loss_cls': 0.37890625, 'train_loss_sr': 0.18685853481292725, 'train_loss_total': 0.39759209752082825, 'max_memory_allocated': 1707286528, 'max_memory_reserved': 32321306624}
[gradient] slide_id=normal_142 N=20 {'rdn': 1.762166142463684, 'region_encoder': 0.0, 'abmil': 0.28656476736068726, 'classifier': 3.8918917179107666, 'p2w': 0.5634382367134094}
[WSI] epoch=5 iteration=860 slide=normal_142 N=20 {'train_loss_cls': 0.498046875, 'train_loss_sr': 0.21405142545700073, 'train_loss_total': 0.5194520354270935, 'max_memory_allocated': 14957179392, 'max_memory_reserved': 32321306624}
[WSI] epoch=5 iteration=861 slide=tumor_074 N=5 {'train_loss_cls': 0.67578125, 'train_loss_sr': 0.21994179487228394, 'train_loss_total': 0.6977754235267639, 'max_memory_allocated': 3872472576, 'max_memory_reserved': 32321306624}
[WSI] epoch=5 iteration=862 slide=tumor_087 N=10 {'train_loss_cls': 0.96484375, 'train_loss_sr': 0.3136933445930481, 'train_loss_total': 0.9962130784988403, 'max_memory_allocated': 7566371328, 'max_memory_reserved': 32321306624}
[WSI] epoch=5 iteration=863 slide=tumor_047 N=15 {'train_loss_cls': 0.91796875, 'train_loss_sr': 0.20915386080741882, 'train_loss_total': 0.9388841390609741, 'max_memory_allocated': 11262263808, 'max_memory_reserved': 32321306624}
[WSI] epoch=5 iteration=864 slide=tumor_012 N=7 {'train_loss_cls': 0.6953125, 'train_loss_sr': 0.23513898253440857, 'train_loss_total': 0.718826413154602, 'max_memory_allocated': 5350269440, 'max_memory_reserved': 32321306624}
[WSI] epoch=5 iteration=865 slide=normal_135 N=13 {'train_loss_cls': 0.640625, 'train_loss_sr': 0.1712653636932373, 'train_loss_total': 0.6577515602111816, 'max_memory_allocated': 9783106048, 'max_memory_reserved': 32321306624}
[WSI] epoch=5 iteration=866 slide=normal_151 N=16 {'train_loss_cls': 0.55859375, 'train_loss_sr': 0.3201977610588074, 'train_loss_total': 0.5906135439872742, 'max_memory_allocated': 12002278912, 'max_memory_reserved': 32321306624}
[WSI] epoch=5 iteration=867 slide=normal_088 N=14 {'train_loss_cls': 0.77734375, 'train_loss_sr': 0.3450641632080078, 'train_loss_total': 0.8118501901626587, 'max_memory_allocated': 10522155520, 'max_memory_reserved': 32321306624}
[WSI] epoch=5 iteration=868 slide=tumor_079 N=14 {'train_loss_cls': 0.6953125, 'train_loss_sr': 0.27122336626052856, 'train_loss_total': 0.7224348187446594, 'max_memory_allocated': 10523503104, 'max_memory_reserved': 32321306624}
[WSI] epoch=5 iteration=869 slide=normal_064 N=9 {'train_loss_cls': 0.65234375, 'train_loss_sr': 0.43203261494636536, 'train_loss_total': 0.6955469846725464, 'max_memory_allocated': 6827146752, 'max_memory_reserved': 32321306624}
[gradient] slide_id=tumor_044 N=12 {'rdn': 3.279792308807373, 'region_encoder': 0.0, 'abmil': 0.15006260573863983, 'classifier': 5.554471492767334, 'p2w': 2.0209057331085205}
[WSI] epoch=5 iteration=870 slide=tumor_044 N=12 {'train_loss_cls': 0.6796875, 'train_loss_sr': 0.40339428186416626, 'train_loss_total': 0.7200269103050232, 'max_memory_allocated': 9045883392, 'max_memory_reserved': 32321306624}
[epoch] {'epoch': 5, 'train_loss_cls': 0.660436871408046, 'train_loss_sr': 0.1427432438037519, 'train_loss_total': 0.6747111957306149, 'train_auc': 0.6643243243243243, 'train_acc': 0.603448275862069, 'train_bacc': 0.5460810810810811, 'val_loss': 0.6957341974431818, 'val_auc': 0.44780074191838903, 'val_acc': 0.5568181818181818, 'val_bacc': 0.4878113407525172, 'max_memory_allocated': 26041891840, 'max_memory_reserved': 32321306624}
/root/miniconda3/envs/myconda/lib/python3.10/site-packages/torch/utils/checkpoint.py:1399: FutureWarning: `torch.cpu.amp.autocast(args...)` is deprecated. Please use `torch.amp.autocast('cpu', args...)` instead.
  with device_autocast_ctx, torch.cpu.amp.autocast(**cpu_autocast_kwargs), recompute_context:  # type: ignore[attr-defined]
[WSI] epoch=6 iteration=871 slide=tumor_086 N=23 {'train_loss_cls': 0.84375, 'train_loss_sr': 0.3636913597583771, 'train_loss_total': 0.8801191449165344, 'max_memory_allocated': 17173084672, 'max_memory_reserved': 32321306624}
[WSI] epoch=6 iteration=872 slide=normal_083 N=3 {'train_loss_cls': 0.39453125, 'train_loss_sr': 0.47434407472610474, 'train_loss_total': 0.44196566939353943, 'max_memory_allocated': 2394577920, 'max_memory_reserved': 32321306624}
[WSI] epoch=6 iteration=873 slide=normal_003 N=7 {'train_loss_cls': 0.6328125, 'train_loss_sr': 0.3993842303752899, 'train_loss_total': 0.6727509498596191, 'max_memory_allocated': 5349992960, 'max_memory_reserved': 32321306624}
[WSI] epoch=6 iteration=874 slide=normal_093 N=8 {'train_loss_cls': 0.419921875, 'train_loss_sr': 0.3687555193901062, 'train_loss_total': 0.45679742097854614, 'max_memory_allocated': 6090025472, 'max_memory_reserved': 32321306624}
[WSI] epoch=6 iteration=875 slide=normal_154 N=20 {'train_loss_cls': 0.6484375, 'train_loss_sr': 0.44620567560195923, 'train_loss_total': 0.6930580735206604, 'max_memory_allocated': 14956829184, 'max_memory_reserved': 32321306624}
[WSI] epoch=6 iteration=876 slide=normal_032 N=9 {'train_loss_cls': 0.7265625, 'train_loss_sr': 0.43203938007354736, 'train_loss_total': 0.7697664499282837, 'max_memory_allocated': 6828251648, 'max_memory_reserved': 32321306624}
[WSI] epoch=6 iteration=877 slide=normal_071 N=5 {'train_loss_cls': 0.53125, 'train_loss_sr': 0.3132953643798828, 'train_loss_total': 0.5625795125961304, 'max_memory_allocated': 3872479744, 'max_memory_reserved': 32321306624}
[WSI] epoch=6 iteration=878 slide=tumor_072 N=20 {'train_loss_cls': 0.85546875, 'train_loss_sr': 0.3746304512023926, 'train_loss_total': 0.8929318189620972, 'max_memory_allocated': 14957403648, 'max_memory_reserved': 32321306624}
[WSI] epoch=6 iteration=879 slide=tumor_097 N=18 {'train_loss_cls': 0.91015625, 'train_loss_sr': 0.2739947736263275, 'train_loss_total': 0.937555730342865, 'max_memory_allocated': 13478849024, 'max_memory_reserved': 32321306624}
[gradient] slide_id=normal_078 N=6 {'rdn': 1.6884186267852783, 'region_encoder': 0.0, 'abmil': 0.13358661532402039, 'classifier': 4.034722328186035, 'p2w': 0.8388912081718445}
[WSI] epoch=6 iteration=880 slide=normal_078 N=6 {'train_loss_cls': 0.470703125, 'train_loss_sr': 0.24137091636657715, 'train_loss_total': 0.49484020471572876, 'max_memory_allocated': 4612316160, 'max_memory_reserved': 32321306624}
[WSI] epoch=6 iteration=881 slide=tumor_071 N=12 {'train_loss_cls': 0.81640625, 'train_loss_sr': 0.24847932159900665, 'train_loss_total': 0.8412541747093201, 'max_memory_allocated': 9044756992, 'max_memory_reserved': 32321306624}
[WSI] epoch=6 iteration=882 slide=tumor_061 N=13 {'train_loss_cls': 0.5546875, 'train_loss_sr': 0.27632254362106323, 'train_loss_total': 0.5823197364807129, 'max_memory_allocated': 9783471616, 'max_memory_reserved': 32321306624}
[WSI] epoch=6 iteration=883 slide=tumor_021 N=16 {'train_loss_cls': 0.62890625, 'train_loss_sr': 0.23528814315795898, 'train_loss_total': 0.6524350643157959, 'max_memory_allocated': 12001548800, 'max_memory_reserved': 32321306624}
[WSI] epoch=6 iteration=884 slide=tumor_073 N=19 {'train_loss_cls': 0.640625, 'train_loss_sr': 0.13267315924167633, 'train_loss_total': 0.6538923382759094, 'max_memory_allocated': 14217206272, 'max_memory_reserved': 32321306624}
[WSI] epoch=6 iteration=885 slide=normal_106 N=15 {'train_loss_cls': 0.89453125, 'train_loss_sr': 0.2871261239051819, 'train_loss_total': 0.9232438802719116, 'max_memory_allocated': 11262319104, 'max_memory_reserved': 32321306624}
[WSI] epoch=6 iteration=886 slide=normal_015 N=5 {'train_loss_cls': 0.8984375, 'train_loss_sr': 0.23277723789215088, 'train_loss_total': 0.9217151999473572, 'max_memory_allocated': 3872680448, 'max_memory_reserved': 32321306624}
[WSI] epoch=6 iteration=887 slide=normal_062 N=2 {'train_loss_cls': 0.67578125, 'train_loss_sr': 0.3632482588291168, 'train_loss_total': 0.7121060490608215, 'max_memory_allocated': 1706789376, 'max_memory_reserved': 32321306624}
[WSI] epoch=6 iteration=888 slide=tumor_084 N=9 {'train_loss_cls': 0.734375, 'train_loss_sr': 0.24872201681137085, 'train_loss_total': 0.7592471837997437, 'max_memory_allocated': 6828088832, 'max_memory_reserved': 32321306624}
[WSI] epoch=6 iteration=889 slide=tumor_040 N=10 {'train_loss_cls': 0.58203125, 'train_loss_sr': 0.25239038467407227, 'train_loss_total': 0.6072703003883362, 'max_memory_allocated': 7566350848, 'max_memory_reserved': 32321306624}
[gradient] slide_id=normal_049 N=2 {'rdn': 1.3121740818023682, 'region_encoder': 0.0, 'abmil': 0.032745230942964554, 'classifier': 5.412660121917725, 'p2w': 0.8789653182029724}
[WSI] epoch=6 iteration=890 slide=normal_049 N=2 {'train_loss_cls': 0.578125, 'train_loss_sr': 0.18987464904785156, 'train_loss_total': 0.5971124768257141, 'max_memory_allocated': 1707688960, 'max_memory_reserved': 32321306624}
[WSI] epoch=6 iteration=891 slide=normal_124 N=19 {'train_loss_cls': 0.365234375, 'train_loss_sr': 0.16948455572128296, 'train_loss_total': 0.3821828365325928, 'max_memory_allocated': 14217980416, 'max_memory_reserved': 32321306624}
[WSI] epoch=6 iteration=892 slide=normal_107 N=16 {'train_loss_cls': 0.578125, 'train_loss_sr': 0.23923692107200623, 'train_loss_total': 0.6020486950874329, 'max_memory_allocated': 12001434112, 'max_memory_reserved': 32321306624}
[WSI] epoch=6 iteration=893 slide=tumor_042 N=4 {'train_loss_cls': 0.8828125, 'train_loss_sr': 0.3705383539199829, 'train_loss_total': 0.9198663234710693, 'max_memory_allocated': 3132185088, 'max_memory_reserved': 32321306624}
[WSI] epoch=6 iteration=894 slide=normal_159 N=14 {'train_loss_cls': 0.6796875, 'train_loss_sr': 0.22337667644023895, 'train_loss_total': 0.7020251750946045, 'max_memory_allocated': 10522376704, 'max_memory_reserved': 32321306624}
[WSI] epoch=6 iteration=895 slide=tumor_080 N=6 {'train_loss_cls': 0.79296875, 'train_loss_sr': 0.16577497124671936, 'train_loss_total': 0.8095462322235107, 'max_memory_allocated': 4612316160, 'max_memory_reserved': 32321306624}
[WSI] epoch=6 iteration=896 slide=normal_129 N=19 {'train_loss_cls': 0.55859375, 'train_loss_sr': 0.24177812039852142, 'train_loss_total': 0.5827715396881104, 'max_memory_allocated': 14217296384, 'max_memory_reserved': 32321306624}
[WSI] epoch=6 iteration=897 slide=tumor_048 N=15 {'train_loss_cls': 0.82421875, 'train_loss_sr': 0.25058838725090027, 'train_loss_total': 0.8492776155471802, 'max_memory_allocated': 11262519808, 'max_memory_reserved': 32321306624}
[WSI] epoch=6 iteration=898 slide=normal_076 N=24 {'train_loss_cls': 0.65234375, 'train_loss_sr': 0.23432987928390503, 'train_loss_total': 0.6757767200469971, 'max_memory_allocated': 17912089088, 'max_memory_reserved': 32321306624}
[WSI] epoch=6 iteration=899 slide=tumor_034 N=6 {'train_loss_cls': 0.72265625, 'train_loss_sr': 0.1533844769001007, 'train_loss_total': 0.7379946708679199, 'max_memory_allocated': 4611873792, 'max_memory_reserved': 32321306624}
[gradient] slide_id=normal_085 N=5 {'rdn': 1.3870809078216553, 'region_encoder': 0.0, 'abmil': 0.06669791042804718, 'classifier': 2.869499683380127, 'p2w': 0.7900650501251221}
[WSI] epoch=6 iteration=900 slide=normal_085 N=5 {'train_loss_cls': 0.61328125, 'train_loss_sr': 0.1740570068359375, 'train_loss_total': 0.6306869387626648, 'max_memory_allocated': 3872680448, 'max_memory_reserved': 32321306624}
[WSI] epoch=6 iteration=901 slide=tumor_037 N=10 {'train_loss_cls': 0.7421875, 'train_loss_sr': 0.2269802987575531, 'train_loss_total': 0.7648855447769165, 'max_memory_allocated': 7566903808, 'max_memory_reserved': 32321306624}
[WSI] epoch=6 iteration=902 slide=normal_131 N=18 {'train_loss_cls': 0.56640625, 'train_loss_sr': 0.19777844846248627, 'train_loss_total': 0.5861840844154358, 'max_memory_allocated': 13477980672, 'max_memory_reserved': 32321306624}
[WSI] epoch=6 iteration=903 slide=tumor_102 N=35 {'train_loss_cls': 0.859375, 'train_loss_sr': 0.1792624145746231, 'train_loss_total': 0.8773012161254883, 'max_memory_allocated': 26041604096, 'max_memory_reserved': 32321306624}
[WSI] epoch=6 iteration=904 slide=tumor_050 N=10 {'train_loss_cls': 0.76953125, 'train_loss_sr': 0.13952496647834778, 'train_loss_total': 0.7834837436676025, 'max_memory_allocated': 7566662144, 'max_memory_reserved': 32321306624}
[WSI] epoch=6 iteration=905 slide=tumor_109 N=10 {'train_loss_cls': 0.77734375, 'train_loss_sr': 0.11031746864318848, 'train_loss_total': 0.7883754968643188, 'max_memory_allocated': 7566440960, 'max_memory_reserved': 32321306624}
[WSI] epoch=6 iteration=906 slide=tumor_107 N=6 {'train_loss_cls': 0.486328125, 'train_loss_sr': 0.15379664301872253, 'train_loss_total': 0.5017077922821045, 'max_memory_allocated': 4611857408, 'max_memory_reserved': 32321306624}
[WSI] epoch=6 iteration=907 slide=tumor_083 N=14 {'train_loss_cls': 0.58203125, 'train_loss_sr': 0.09841282665729523, 'train_loss_total': 0.59187251329422, 'max_memory_allocated': 10522369536, 'max_memory_reserved': 32321306624}
[WSI] epoch=6 iteration=908 slide=tumor_103 N=18 {'train_loss_cls': 0.69921875, 'train_loss_sr': 0.1445123255252838, 'train_loss_total': 0.7136699557304382, 'max_memory_allocated': 13478001152, 'max_memory_reserved': 32321306624}
[WSI] epoch=6 iteration=909 slide=normal_096 N=7 {'train_loss_cls': 0.53125, 'train_loss_sr': 0.1886163055896759, 'train_loss_total': 0.5501116514205933, 'max_memory_allocated': 5350124032, 'max_memory_reserved': 32321306624}
[gradient] slide_id=tumor_068 N=15 {'rdn': 1.5439980030059814, 'region_encoder': 0.0, 'abmil': 0.120826356112957, 'classifier': 3.4753360748291016, 'p2w': 0.9834973812103271}
[WSI] epoch=6 iteration=910 slide=tumor_068 N=15 {'train_loss_cls': 0.64453125, 'train_loss_sr': 0.1559172123670578, 'train_loss_total': 0.6601229906082153, 'max_memory_allocated': 11262740992, 'max_memory_reserved': 32321306624}
[WSI] epoch=6 iteration=911 slide=normal_039 N=9 {'train_loss_cls': 0.62890625, 'train_loss_sr': 0.1354910135269165, 'train_loss_total': 0.6424553394317627, 'max_memory_allocated': 6827651072, 'max_memory_reserved': 32321306624}
[WSI] epoch=6 iteration=912 slide=normal_047 N=5 {'train_loss_cls': 0.69921875, 'train_loss_sr': 0.1971963793039322, 'train_loss_total': 0.718938410282135, 'max_memory_allocated': 3872860160, 'max_memory_reserved': 32321306624}
[WSI] epoch=6 iteration=913 slide=normal_121 N=13 {'train_loss_cls': 0.72265625, 'train_loss_sr': 0.15139511227607727, 'train_loss_total': 0.7377957701683044, 'max_memory_allocated': 9783195648, 'max_memory_reserved': 32321306624}
[WSI] epoch=6 iteration=914 slide=tumor_046 N=19 {'train_loss_cls': 0.828125, 'train_loss_sr': 0.16129252314567566, 'train_loss_total': 0.8442542552947998, 'max_memory_allocated': 14217406976, 'max_memory_reserved': 32321306624}
[WSI] epoch=6 iteration=915 slide=tumor_009 N=12 {'train_loss_cls': 0.66796875, 'train_loss_sr': 0.1597176343202591, 'train_loss_total': 0.6839405298233032, 'max_memory_allocated': 9044535808, 'max_memory_reserved': 32321306624}
[WSI] epoch=6 iteration=916 slide=tumor_005 N=4 {'train_loss_cls': 0.498046875, 'train_loss_sr': 0.13627499341964722, 'train_loss_total': 0.5116744041442871, 'max_memory_allocated': 3133340672, 'max_memory_reserved': 32321306624}
[WSI] epoch=6 iteration=917 slide=normal_151 N=16 {'train_loss_cls': 0.55859375, 'train_loss_sr': 0.12265193462371826, 'train_loss_total': 0.5708589553833008, 'max_memory_allocated': 12002454016, 'max_memory_reserved': 32321306624}
[WSI] epoch=6 iteration=918 slide=normal_058 N=7 {'train_loss_cls': 0.62890625, 'train_loss_sr': 0.14448361098766327, 'train_loss_total': 0.643354594707489, 'max_memory_allocated': 5349902848, 'max_memory_reserved': 32321306624}
[WSI] epoch=6 iteration=919 slide=normal_089 N=20 {'train_loss_cls': 0.64453125, 'train_loss_sr': 0.14689362049102783, 'train_loss_total': 0.6592206358909607, 'max_memory_allocated': 14956550144, 'max_memory_reserved': 32321306624}
[gradient] slide_id=tumor_079 N=14 {'rdn': 1.5401490926742554, 'region_encoder': 0.0, 'abmil': 0.3505954444408417, 'classifier': 3.6703407764434814, 'p2w': 0.5977189540863037}
[WSI] epoch=6 iteration=920 slide=tumor_079 N=14 {'train_loss_cls': 0.58984375, 'train_loss_sr': 0.10567596554756165, 'train_loss_total': 0.6004113554954529, 'max_memory_allocated': 10523302400, 'max_memory_reserved': 32321306624}
[WSI] epoch=6 iteration=921 slide=normal_080 N=15 {'train_loss_cls': 0.578125, 'train_loss_sr': 0.10559531301259995, 'train_loss_total': 0.5886845588684082, 'max_memory_allocated': 11262567936, 'max_memory_reserved': 32321306624}
[WSI] epoch=6 iteration=922 slide=normal_158 N=18 {'train_loss_cls': 0.51171875, 'train_loss_sr': 0.0891411080956459, 'train_loss_total': 0.5206328630447388, 'max_memory_allocated': 13478312448, 'max_memory_reserved': 32321306624}
[WSI] epoch=6 iteration=923 slide=normal_035 N=1 {'train_loss_cls': 0.5, 'train_loss_sr': 0.10725991427898407, 'train_loss_total': 0.5107259750366211, 'max_memory_allocated': 916153856, 'max_memory_reserved': 32321306624}
[WSI] epoch=6 iteration=924 slide=normal_144 N=12 {'train_loss_cls': 0.4296875, 'train_loss_sr': 0.11032190173864365, 'train_loss_total': 0.44071969389915466, 'max_memory_allocated': 9044535808, 'max_memory_reserved': 32321306624}
[WSI] epoch=6 iteration=925 slide=normal_074 N=14 {'train_loss_cls': 0.451171875, 'train_loss_sr': 0.13395632803440094, 'train_loss_total': 0.46456751227378845, 'max_memory_allocated': 10523226624, 'max_memory_reserved': 32321306624}
[WSI] epoch=6 iteration=926 slide=tumor_066 N=7 {'train_loss_cls': 0.8046875, 'train_loss_sr': 0.1798960268497467, 'train_loss_total': 0.8226770758628845, 'max_memory_allocated': 5349979136, 'max_memory_reserved': 32321306624}
[WSI] epoch=6 iteration=927 slide=normal_048 N=3 {'train_loss_cls': 0.66796875, 'train_loss_sr': 0.13103193044662476, 'train_loss_total': 0.681071937084198, 'max_memory_allocated': 2394839552, 'max_memory_reserved': 32321306624}
[WSI] epoch=6 iteration=928 slide=normal_155 N=11 {'train_loss_cls': 0.375, 'train_loss_sr': 0.1164545789361, 'train_loss_total': 0.38664546608924866, 'max_memory_allocated': 8305719296, 'max_memory_reserved': 32321306624}
[WSI] epoch=6 iteration=929 slide=normal_156 N=13 {'train_loss_cls': 0.48828125, 'train_loss_sr': 0.08961626887321472, 'train_loss_total': 0.49724286794662476, 'max_memory_allocated': 9783679488, 'max_memory_reserved': 32321306624}
[gradient] slide_id=tumor_025 N=9 {'rdn': 1.9713925123214722, 'region_encoder': 0.0, 'abmil': 0.0997505858540535, 'classifier': 10.414810180664062, 'p2w': 0.415964812040329}
[WSI] epoch=6 iteration=930 slide=tumor_025 N=9 {'train_loss_cls': 1.09375, 'train_loss_sr': 0.1335606873035431, 'train_loss_total': 1.10710608959198, 'max_memory_allocated': 6827366912, 'max_memory_reserved': 32321306624}
[WSI] epoch=6 iteration=931 slide=normal_145 N=20 {'train_loss_cls': 0.5078125, 'train_loss_sr': 0.13979291915893555, 'train_loss_total': 0.5217918157577515, 'max_memory_allocated': 14956704768, 'max_memory_reserved': 32321306624}
[WSI] epoch=6 iteration=932 slide=normal_105 N=12 {'train_loss_cls': 0.51171875, 'train_loss_sr': 0.13338975608348846, 'train_loss_total': 0.5250577330589294, 'max_memory_allocated': 9044763136, 'max_memory_reserved': 32321306624}
[WSI] epoch=6 iteration=933 slide=tumor_088 N=12 {'train_loss_cls': 0.83984375, 'train_loss_sr': 0.09657162427902222, 'train_loss_total': 0.8495008945465088, 'max_memory_allocated': 9044777472, 'max_memory_reserved': 32321306624}
[WSI] epoch=6 iteration=934 slide=tumor_016 N=5 {'train_loss_cls': 1.1484375, 'train_loss_sr': 0.16947193443775177, 'train_loss_total': 1.1653846502304077, 'max_memory_allocated': 3872590336, 'max_memory_reserved': 32321306624}
[WSI] epoch=6 iteration=935 slide=normal_111 N=31 {'train_loss_cls': 0.57421875, 'train_loss_sr': 0.14184023439884186, 'train_loss_total': 0.5884027481079102, 'max_memory_allocated': 23086198272, 'max_memory_reserved': 32321306624}
[WSI] epoch=6 iteration=936 slide=tumor_011 N=6 {'train_loss_cls': 1.46875, 'train_loss_sr': 0.16086065769195557, 'train_loss_total': 1.4848361015319824, 'max_memory_allocated': 4612790272, 'max_memory_reserved': 32321306624}
[WSI] epoch=6 iteration=937 slide=tumor_004 N=15 {'train_loss_cls': 0.8671875, 'train_loss_sr': 0.1468612253665924, 'train_loss_total': 0.881873607635498, 'max_memory_allocated': 11262188032, 'max_memory_reserved': 32321306624}
[WSI] epoch=6 iteration=938 slide=tumor_043 N=4 {'train_loss_cls': 0.59765625, 'train_loss_sr': 0.17570486664772034, 'train_loss_total': 0.6152267456054688, 'max_memory_allocated': 3132758528, 'max_memory_reserved': 32321306624}
[WSI] epoch=6 iteration=939 slide=tumor_087 N=10 {'train_loss_cls': 0.71484375, 'train_loss_sr': 0.11694307625293732, 'train_loss_total': 0.7265380620956421, 'max_memory_allocated': 7566756352, 'max_memory_reserved': 32321306624}
[gradient] slide_id=normal_002 N=2 {'rdn': 1.0693998336791992, 'region_encoder': 0.0, 'abmil': 0.02501770667731762, 'classifier': 4.73851203918457, 'p2w': 0.09845677763223648}
[WSI] epoch=6 iteration=940 slide=normal_002 N=2 {'train_loss_cls': 0.5625, 'train_loss_sr': 0.17463181912899017, 'train_loss_total': 0.579963207244873, 'max_memory_allocated': 1708415488, 'max_memory_reserved': 32321306624}
[WSI] epoch=6 iteration=941 slide=normal_097 N=17 {'train_loss_cls': 0.69140625, 'train_loss_sr': 0.20821809768676758, 'train_loss_total': 0.7122280597686768, 'max_memory_allocated': 12740247040, 'max_memory_reserved': 32321306624}
[WSI] epoch=6 iteration=942 slide=normal_087 N=11 {'train_loss_cls': 0.703125, 'train_loss_sr': 0.15394696593284607, 'train_loss_total': 0.7185196876525879, 'max_memory_allocated': 8306305536, 'max_memory_reserved': 32321306624}
[WSI] epoch=6 iteration=943 slide=normal_128 N=11 {'train_loss_cls': 0.66796875, 'train_loss_sr': 0.15315823256969452, 'train_loss_total': 0.68328458070755, 'max_memory_allocated': 8306027008, 'max_memory_reserved': 32321306624}
[WSI] epoch=6 iteration=944 slide=normal_038 N=1 {'train_loss_cls': 0.6640625, 'train_loss_sr': 0.17161594331264496, 'train_loss_total': 0.6812241077423096, 'max_memory_allocated': 916147200, 'max_memory_reserved': 32321306624}
[WSI] epoch=6 iteration=945 slide=tumor_007 N=12 {'train_loss_cls': 0.78125, 'train_loss_sr': 0.1705373376607895, 'train_loss_total': 0.7983037233352661, 'max_memory_allocated': 9045162496, 'max_memory_reserved': 32321306624}
[WSI] epoch=6 iteration=946 slide=tumor_044 N=12 {'train_loss_cls': 0.5390625, 'train_loss_sr': 0.26186230778694153, 'train_loss_total': 0.5652487277984619, 'max_memory_allocated': 9045109248, 'max_memory_reserved': 32321306624}
[WSI] epoch=6 iteration=947 slide=tumor_002 N=5 {'train_loss_cls': 0.81640625, 'train_loss_sr': 0.169508159160614, 'train_loss_total': 0.8333570957183838, 'max_memory_allocated': 3872217600, 'max_memory_reserved': 32321306624}
[WSI] epoch=6 iteration=948 slide=tumor_020 N=7 {'train_loss_cls': 0.470703125, 'train_loss_sr': 0.18735671043395996, 'train_loss_total': 0.4894388020038605, 'max_memory_allocated': 5350214144, 'max_memory_reserved': 32321306624}
[WSI] epoch=6 iteration=949 slide=normal_104 N=19 {'train_loss_cls': 0.72265625, 'train_loss_sr': 0.21898645162582397, 'train_loss_total': 0.744554877281189, 'max_memory_allocated': 14217549312, 'max_memory_reserved': 32321306624}
[gradient] slide_id=normal_136 N=15 {'rdn': 1.113179326057434, 'region_encoder': 0.0, 'abmil': 0.16326689720153809, 'classifier': 3.6715657711029053, 'p2w': 0.4712480902671814}
[WSI] epoch=6 iteration=950 slide=normal_136 N=15 {'train_loss_cls': 0.6875, 'train_loss_sr': 0.17421090602874756, 'train_loss_total': 0.7049210667610168, 'max_memory_allocated': 11262945792, 'max_memory_reserved': 32321306624}
[WSI] epoch=6 iteration=951 slide=tumor_060 N=6 {'train_loss_cls': 0.7265625, 'train_loss_sr': 0.15990003943443298, 'train_loss_total': 0.7425525188446045, 'max_memory_allocated': 4612115456, 'max_memory_reserved': 32321306624}
[WSI] epoch=6 iteration=952 slide=normal_029 N=1 {'train_loss_cls': 0.240234375, 'train_loss_sr': 0.18320143222808838, 'train_loss_total': 0.25855451822280884, 'max_memory_allocated': 916147200, 'max_memory_reserved': 32321306624}
[WSI] epoch=6 iteration=953 slide=normal_051 N=3 {'train_loss_cls': 0.482421875, 'train_loss_sr': 0.1676604300737381, 'train_loss_total': 0.4991879165172577, 'max_memory_allocated': 2394577920, 'max_memory_reserved': 32321306624}
[WSI] epoch=6 iteration=954 slide=normal_007 N=3 {'train_loss_cls': 0.64453125, 'train_loss_sr': 0.2108866572380066, 'train_loss_total': 0.6656199097633362, 'max_memory_allocated': 2395274240, 'max_memory_reserved': 32321306624}
[WSI] epoch=6 iteration=955 slide=tumor_022 N=7 {'train_loss_cls': 0.61328125, 'train_loss_sr': 0.13593968749046326, 'train_loss_total': 0.6268752217292786, 'max_memory_allocated': 5349992960, 'max_memory_reserved': 32321306624}
[WSI] epoch=6 iteration=956 slide=tumor_019 N=2 {'train_loss_cls': 0.64453125, 'train_loss_sr': 0.12013882398605347, 'train_loss_total': 0.6565451622009277, 'max_memory_allocated': 1707219456, 'max_memory_reserved': 32321306624}
[WSI] epoch=6 iteration=957 slide=tumor_089 N=26 {'train_loss_cls': 0.70703125, 'train_loss_sr': 0.17391973733901978, 'train_loss_total': 0.7244232296943665, 'max_memory_allocated': 19390975488, 'max_memory_reserved': 32321306624}
[WSI] epoch=6 iteration=958 slide=normal_040 N=16 {'train_loss_cls': 0.56640625, 'train_loss_sr': 0.25721612572669983, 'train_loss_total': 0.5921278595924377, 'max_memory_allocated': 12002122240, 'max_memory_reserved': 32321306624}
[WSI] epoch=6 iteration=959 slide=normal_133 N=10 {'train_loss_cls': 0.421875, 'train_loss_sr': 0.17772984504699707, 'train_loss_total': 0.43964797258377075, 'max_memory_allocated': 7566088704, 'max_memory_reserved': 32321306624}
[gradient] slide_id=normal_153 N=12 {'rdn': 3.88891339302063, 'region_encoder': 0.0, 'abmil': 0.9206417202949524, 'classifier': 4.412402153015137, 'p2w': 0.8009708523750305}
[WSI] epoch=6 iteration=960 slide=normal_153 N=12 {'train_loss_cls': 0.56640625, 'train_loss_sr': 0.19389809668064117, 'train_loss_total': 0.585796058177948, 'max_memory_allocated': 9044535808, 'max_memory_reserved': 32321306624}
[WSI] epoch=6 iteration=961 slide=normal_119 N=14 {'train_loss_cls': 0.396484375, 'train_loss_sr': 0.27401578426361084, 'train_loss_total': 0.42388594150543213, 'max_memory_allocated': 10522450432, 'max_memory_reserved': 32321306624}
[WSI] epoch=6 iteration=962 slide=tumor_082 N=3 {'train_loss_cls': 0.68359375, 'train_loss_sr': 0.21080465614795685, 'train_loss_total': 0.704674243927002, 'max_memory_allocated': 2394970624, 'max_memory_reserved': 32321306624}
[WSI] epoch=6 iteration=963 slide=tumor_057 N=4 {'train_loss_cls': 0.6171875, 'train_loss_sr': 0.22583426535129547, 'train_loss_total': 0.6397709250450134, 'max_memory_allocated': 3132185088, 'max_memory_reserved': 32321306624}
[WSI] epoch=6 iteration=964 slide=tumor_074 N=5 {'train_loss_cls': 0.69140625, 'train_loss_sr': 0.3291349411010742, 'train_loss_total': 0.7243197560310364, 'max_memory_allocated': 3873700352, 'max_memory_reserved': 32321306624}
[WSI] epoch=6 iteration=965 slide=normal_120 N=10 {'train_loss_cls': 0.63671875, 'train_loss_sr': 0.2857825458049774, 'train_loss_total': 0.6652970314025879, 'max_memory_allocated': 7566088704, 'max_memory_reserved': 32321306624}
[WSI] epoch=6 iteration=966 slide=normal_152 N=5 {'train_loss_cls': 0.5078125, 'train_loss_sr': 0.27054405212402344, 'train_loss_total': 0.5348669290542603, 'max_memory_allocated': 3873693696, 'max_memory_reserved': 32321306624}
[WSI] epoch=6 iteration=967 slide=tumor_003 N=7 {'train_loss_cls': 1.0, 'train_loss_sr': 0.24186961352825165, 'train_loss_total': 1.0241869688034058, 'max_memory_allocated': 5351135232, 'max_memory_reserved': 32321306624}
[WSI] epoch=6 iteration=968 slide=normal_100 N=8 {'train_loss_cls': 0.73828125, 'train_loss_sr': 0.24558503925800323, 'train_loss_total': 0.7628397345542908, 'max_memory_allocated': 6089243136, 'max_memory_reserved': 32321306624}
[WSI] epoch=6 iteration=969 slide=normal_135 N=13 {'train_loss_cls': 0.5234375, 'train_loss_sr': 0.3005421459674835, 'train_loss_total': 0.5534917116165161, 'max_memory_allocated': 9784105472, 'max_memory_reserved': 32321306624}
[gradient] slide_id=normal_142 N=20 {'rdn': 2.3548800945281982, 'region_encoder': 0.0, 'abmil': 0.6009055972099304, 'classifier': 4.306066513061523, 'p2w': 0.5717103481292725}
[WSI] epoch=6 iteration=970 slide=normal_142 N=20 {'train_loss_cls': 0.474609375, 'train_loss_sr': 0.2199576497077942, 'train_loss_total': 0.49660512804985046, 'max_memory_allocated': 14956497408, 'max_memory_reserved': 32321306624}
[WSI] epoch=6 iteration=971 slide=normal_126 N=17 {'train_loss_cls': 0.388671875, 'train_loss_sr': 0.2703947126865387, 'train_loss_total': 0.41571134328842163, 'max_memory_allocated': 12739674112, 'max_memory_reserved': 32321306624}
[WSI] epoch=6 iteration=972 slide=normal_116 N=8 {'train_loss_cls': 0.40234375, 'train_loss_sr': 0.2641318142414093, 'train_loss_total': 0.4287569224834442, 'max_memory_allocated': 6088272384, 'max_memory_reserved': 32321306624}
[WSI] epoch=6 iteration=973 slide=normal_028 N=5 {'train_loss_cls': 0.486328125, 'train_loss_sr': 0.2401321530342102, 'train_loss_total': 0.5103413462638855, 'max_memory_allocated': 3872479744, 'max_memory_reserved': 32321306624}
[WSI] epoch=6 iteration=974 slide=tumor_093 N=14 {'train_loss_cls': 2.375, 'train_loss_sr': 0.43792808055877686, 'train_loss_total': 2.418792724609375, 'max_memory_allocated': 10522487296, 'max_memory_reserved': 32321306624}
[WSI] epoch=6 iteration=975 slide=normal_053 N=18 {'train_loss_cls': 0.3515625, 'train_loss_sr': 0.8571590185165405, 'train_loss_total': 0.4372783899307251, 'max_memory_allocated': 13478185472, 'max_memory_reserved': 32321306624}
[WSI] epoch=6 iteration=976 slide=tumor_015 N=27 {'train_loss_cls': 1.0234375, 'train_loss_sr': 1.0698877573013306, 'train_loss_total': 1.130426287651062, 'max_memory_allocated': 20129925632, 'max_memory_reserved': 32321306624}
[WSI] epoch=6 iteration=977 slide=normal_148 N=5 {'train_loss_cls': 0.77734375, 'train_loss_sr': 0.5376567840576172, 'train_loss_total': 0.8311094045639038, 'max_memory_allocated': 3872479744, 'max_memory_reserved': 32321306624}
[WSI] epoch=6 iteration=978 slide=tumor_111 N=4 {'train_loss_cls': 0.765625, 'train_loss_sr': 0.5538718700408936, 'train_loss_total': 0.8210121989250183, 'max_memory_allocated': 3132930560, 'max_memory_reserved': 32321306624}
[WSI] epoch=6 iteration=979 slide=normal_037 N=8 {'train_loss_cls': 0.75390625, 'train_loss_sr': 0.3275006413459778, 'train_loss_total': 0.7866563200950623, 'max_memory_allocated': 6088362496, 'max_memory_reserved': 32321306624}
[gradient] slide_id=tumor_095 N=29 {'rdn': 2.9426326751708984, 'region_encoder': 0.0, 'abmil': 0.6972779631614685, 'classifier': 4.345550060272217, 'p2w': 0.7960767149925232}
[WSI] epoch=6 iteration=980 slide=tumor_095 N=29 {'train_loss_cls': 1.046875, 'train_loss_sr': 0.33727389574050903, 'train_loss_total': 1.0806024074554443, 'max_memory_allocated': 21607831552, 'max_memory_reserved': 32321306624}
[WSI] epoch=6 iteration=981 slide=normal_079 N=8 {'train_loss_cls': 0.58203125, 'train_loss_sr': 0.3562277555465698, 'train_loss_total': 0.617654025554657, 'max_memory_allocated': 6088493568, 'max_memory_reserved': 32321306624}
[WSI] epoch=6 iteration=982 slide=normal_113 N=19 {'train_loss_cls': 0.306640625, 'train_loss_sr': 0.3888888955116272, 'train_loss_total': 0.3455295264720917, 'max_memory_allocated': 14217869824, 'max_memory_reserved': 32321306624}
[WSI] epoch=6 iteration=983 slide=normal_077 N=5 {'train_loss_cls': 0.59375, 'train_loss_sr': 0.4716021418571472, 'train_loss_total': 0.6409102082252502, 'max_memory_allocated': 3872248832, 'max_memory_reserved': 32321306624}
[WSI] epoch=6 iteration=984 slide=normal_054 N=1 {'train_loss_cls': 0.578125, 'train_loss_sr': 0.33556294441223145, 'train_loss_total': 0.6116812825202942, 'max_memory_allocated': 916474880, 'max_memory_reserved': 32321306624}
[WSI] epoch=6 iteration=985 slide=normal_022 N=6 {'train_loss_cls': 0.439453125, 'train_loss_sr': 0.24001319706439972, 'train_loss_total': 0.4634544551372528, 'max_memory_allocated': 4612861952, 'max_memory_reserved': 32321306624}
[WSI] epoch=6 iteration=986 slide=normal_088 N=14 {'train_loss_cls': 0.53515625, 'train_loss_sr': 0.2002841979265213, 'train_loss_total': 0.5551846623420715, 'max_memory_allocated': 10522321408, 'max_memory_reserved': 32321306624}
[WSI] epoch=6 iteration=987 slide=normal_052 N=15 {'train_loss_cls': 0.333984375, 'train_loss_sr': 0.21058352291584015, 'train_loss_total': 0.3550427258014679, 'max_memory_allocated': 11262097920, 'max_memory_reserved': 32321306624}
[WSI] epoch=6 iteration=988 slide=tumor_035 N=4 {'train_loss_cls': 0.6484375, 'train_loss_sr': 0.24900241196155548, 'train_loss_total': 0.6733377575874329, 'max_memory_allocated': 3132185088, 'max_memory_reserved': 32321306624}
[WSI] epoch=6 iteration=989 slide=tumor_028 N=17 {'train_loss_cls': 1.3828125, 'train_loss_sr': 0.25288063287734985, 'train_loss_total': 1.4081006050109863, 'max_memory_allocated': 12740082176, 'max_memory_reserved': 32321306624}
[gradient] slide_id=normal_008 N=1 {'rdn': 1.4419834613800049, 'region_encoder': 0.0, 'abmil': 0.0, 'classifier': 2.5423743724823, 'p2w': 1.2585722208023071}
[WSI] epoch=6 iteration=990 slide=normal_008 N=1 {'train_loss_cls': 0.1962890625, 'train_loss_sr': 0.3645018935203552, 'train_loss_total': 0.23273925483226776, 'max_memory_allocated': 916561920, 'max_memory_reserved': 32321306624}
[WSI] epoch=6 iteration=991 slide=normal_065 N=6 {'train_loss_cls': 0.5, 'train_loss_sr': 0.20480433106422424, 'train_loss_total': 0.5204804539680481, 'max_memory_allocated': 4612094976, 'max_memory_reserved': 32321306624}
[WSI] epoch=6 iteration=992 slide=tumor_105 N=6 {'train_loss_cls': 1.0390625, 'train_loss_sr': 0.14233535528182983, 'train_loss_total': 1.0532960891723633, 'max_memory_allocated': 4612825088, 'max_memory_reserved': 32321306624}
[WSI] epoch=6 iteration=993 slide=normal_139 N=12 {'train_loss_cls': 0.421875, 'train_loss_sr': 0.2036159187555313, 'train_loss_total': 0.44223660230636597, 'max_memory_allocated': 9044535808, 'max_memory_reserved': 32321306624}
[WSI] epoch=6 iteration=994 slide=tumor_001 N=7 {'train_loss_cls': 1.1953125, 'train_loss_sr': 0.26815032958984375, 'train_loss_total': 1.2221275568008423, 'max_memory_allocated': 5349788160, 'max_memory_reserved': 32321306624}
[WSI] epoch=6 iteration=995 slide=tumor_017 N=9 {'train_loss_cls': 0.96875, 'train_loss_sr': 0.24123609066009521, 'train_loss_total': 0.9928736090660095, 'max_memory_allocated': 6827567616, 'max_memory_reserved': 32321306624}
[WSI] epoch=6 iteration=996 slide=normal_081 N=6 {'train_loss_cls': 0.56640625, 'train_loss_sr': 0.2431594431400299, 'train_loss_total': 0.5907222032546997, 'max_memory_allocated': 4612730368, 'max_memory_reserved': 32321306624}
[WSI] epoch=6 iteration=997 slide=normal_031 N=6 {'train_loss_cls': 0.5703125, 'train_loss_sr': 0.21578416228294373, 'train_loss_total': 0.5918909311294556, 'max_memory_allocated': 4612073984, 'max_memory_reserved': 32321306624}
[WSI] epoch=6 iteration=998 slide=tumor_047 N=15 {'train_loss_cls': 0.8671875, 'train_loss_sr': 0.18295660614967346, 'train_loss_total': 0.8854831457138062, 'max_memory_allocated': 11262337536, 'max_memory_reserved': 32321306624}
[WSI] epoch=6 iteration=999 slide=normal_041 N=7 {'train_loss_cls': 0.34765625, 'train_loss_sr': 0.2037411779165268, 'train_loss_total': 0.3680303692817688, 'max_memory_allocated': 5350566400, 'max_memory_reserved': 32321306624}
[gradient] slide_id=tumor_045 N=10 {'rdn': 3.239039659500122, 'region_encoder': 0.0, 'abmil': 0.6346549391746521, 'classifier': 6.312684535980225, 'p2w': 0.409496933221817}
[WSI] epoch=6 iteration=1000 slide=tumor_045 N=10 {'train_loss_cls': 1.21875, 'train_loss_sr': 0.209239199757576, 'train_loss_total': 1.2396739721298218, 'max_memory_allocated': 7566887424, 'max_memory_reserved': 32321306624}
[WSI] epoch=6 iteration=1001 slide=normal_014 N=2 {'train_loss_cls': 0.37890625, 'train_loss_sr': 0.2186286449432373, 'train_loss_total': 0.40076911449432373, 'max_memory_allocated': 1706920448, 'max_memory_reserved': 32321306624}
[WSI] epoch=6 iteration=1002 slide=tumor_012 N=7 {'train_loss_cls': 0.97265625, 'train_loss_sr': 0.1992667317390442, 'train_loss_total': 0.9925829172134399, 'max_memory_allocated': 5349530112, 'max_memory_reserved': 32321306624}
[WSI] epoch=6 iteration=1003 slide=normal_095 N=14 {'train_loss_cls': 0.474609375, 'train_loss_sr': 0.17036296427249908, 'train_loss_total': 0.4916456639766693, 'max_memory_allocated': 10522183168, 'max_memory_reserved': 32321306624}
[WSI] epoch=6 iteration=1004 slide=tumor_058 N=5 {'train_loss_cls': 0.93359375, 'train_loss_sr': 0.15306559205055237, 'train_loss_total': 0.9489002823829651, 'max_memory_allocated': 3872700928, 'max_memory_reserved': 32321306624}
[WSI] epoch=6 iteration=1005 slide=tumor_094 N=16 {'train_loss_cls': 0.9140625, 'train_loss_sr': 0.1468977928161621, 'train_loss_total': 0.9287523031234741, 'max_memory_allocated': 12001999360, 'max_memory_reserved': 32321306624}
[WSI] epoch=6 iteration=1006 slide=tumor_098 N=9 {'train_loss_cls': 0.7421875, 'train_loss_sr': 0.18878749012947083, 'train_loss_total': 0.7610662579536438, 'max_memory_allocated': 6827401728, 'max_memory_reserved': 32321306624}
[WSI] epoch=6 iteration=1007 slide=tumor_106 N=22 {'train_loss_cls': 0.67578125, 'train_loss_sr': 0.1949179768562317, 'train_loss_total': 0.6952730417251587, 'max_memory_allocated': 16434014208, 'max_memory_reserved': 32321306624}
[WSI] epoch=6 iteration=1008 slide=normal_141 N=7 {'train_loss_cls': 0.5546875, 'train_loss_sr': 0.159481480717659, 'train_loss_total': 0.5706356763839722, 'max_memory_allocated': 5349530112, 'max_memory_reserved': 32321306624}
[WSI] epoch=6 iteration=1009 slide=normal_103 N=8 {'train_loss_cls': 0.69921875, 'train_loss_sr': 0.15105728805065155, 'train_loss_total': 0.7143244743347168, 'max_memory_allocated': 6088120832, 'max_memory_reserved': 32321306624}
[gradient] slide_id=tumor_052 N=15 {'rdn': 2.2181036472320557, 'region_encoder': 0.0, 'abmil': 0.2958995997905731, 'classifier': 4.4452691078186035, 'p2w': 0.6973423361778259}
[WSI] epoch=6 iteration=1010 slide=tumor_052 N=15 {'train_loss_cls': 0.79296875, 'train_loss_sr': 0.22540174424648285, 'train_loss_total': 0.8155089020729065, 'max_memory_allocated': 11262429696, 'max_memory_reserved': 32321306624}
[WSI] epoch=6 iteration=1011 slide=normal_146 N=17 {'train_loss_cls': 0.59765625, 'train_loss_sr': 0.188937246799469, 'train_loss_total': 0.6165499687194824, 'max_memory_allocated': 12739500544, 'max_memory_reserved': 32321306624}
[WSI] epoch=6 iteration=1012 slide=tumor_039 N=4 {'train_loss_cls': 0.55859375, 'train_loss_sr': 0.1280345916748047, 'train_loss_total': 0.5713971853256226, 'max_memory_allocated': 3133110784, 'max_memory_reserved': 32321306624}
[WSI] epoch=6 iteration=1013 slide=normal_068 N=6 {'train_loss_cls': 0.734375, 'train_loss_sr': 0.1907343566417694, 'train_loss_total': 0.7534484267234802, 'max_memory_allocated': 4612668416, 'max_memory_reserved': 32321306624}
[WSI] epoch=6 iteration=1014 slide=tumor_054 N=17 {'train_loss_cls': 0.66796875, 'train_loss_sr': 0.212030827999115, 'train_loss_total': 0.6891718506813049, 'max_memory_allocated': 12740389376, 'max_memory_reserved': 32321306624}
[WSI] epoch=6 iteration=1015 slide=tumor_078 N=15 {'train_loss_cls': 0.546875, 'train_loss_sr': 0.19837994873523712, 'train_loss_total': 0.5667129755020142, 'max_memory_allocated': 11262077440, 'max_memory_reserved': 32321306624}
[WSI] epoch=6 iteration=1016 slide=tumor_041 N=5 {'train_loss_cls': 0.51171875, 'train_loss_sr': 0.19233939051628113, 'train_loss_total': 0.5309526920318604, 'max_memory_allocated': 3873151488, 'max_memory_reserved': 32321306624}
[WSI] epoch=6 iteration=1017 slide=tumor_027 N=13 {'train_loss_cls': 0.546875, 'train_loss_sr': 0.1824275553226471, 'train_loss_total': 0.5651177763938904, 'max_memory_allocated': 9783458304, 'max_memory_reserved': 32321306624}
[WSI] epoch=6 iteration=1018 slide=normal_036 N=7 {'train_loss_cls': 0.89453125, 'train_loss_sr': 0.22566160559654236, 'train_loss_total': 0.9170973896980286, 'max_memory_allocated': 5350571008, 'max_memory_reserved': 32321306624}
[WSI] epoch=6 iteration=1019 slide=normal_011 N=14 {'train_loss_cls': 0.8828125, 'train_loss_sr': 0.2357809990644455, 'train_loss_total': 0.9063906073570251, 'max_memory_allocated': 10522044928, 'max_memory_reserved': 32321306624}
[gradient] slide_id=normal_070 N=16 {'rdn': 2.384939193725586, 'region_encoder': 0.0, 'abmil': 0.3601740598678589, 'classifier': 5.629630088806152, 'p2w': 0.40451061725616455}
[WSI] epoch=6 iteration=1020 slide=normal_070 N=16 {'train_loss_cls': 0.8828125, 'train_loss_sr': 0.19156569242477417, 'train_loss_total': 0.9019690752029419, 'max_memory_allocated': 12000975360, 'max_memory_reserved': 32321306624}
[WSI] epoch=6 iteration=1021 slide=normal_012 N=3 {'train_loss_cls': 0.85546875, 'train_loss_sr': 0.17910443246364594, 'train_loss_total': 0.8733791708946228, 'max_memory_allocated': 2394769408, 'max_memory_reserved': 32321306624}
[WSI] epoch=6 iteration=1022 slide=normal_044 N=4 {'train_loss_cls': 0.7578125, 'train_loss_sr': 0.1581542193889618, 'train_loss_total': 0.7736279368400574, 'max_memory_allocated': 3132185088, 'max_memory_reserved': 32321306624}
[WSI] epoch=6 iteration=1023 slide=normal_064 N=9 {'train_loss_cls': 0.6875, 'train_loss_sr': 0.09385126829147339, 'train_loss_total': 0.6968851089477539, 'max_memory_allocated': 6827675648, 'max_memory_reserved': 32321306624}
[WSI] epoch=6 iteration=1024 slide=normal_084 N=1 {'train_loss_cls': 0.345703125, 'train_loss_sr': 0.17526540160179138, 'train_loss_total': 0.3632296621799469, 'max_memory_allocated': 916147200, 'max_memory_reserved': 32321306624}
[WSI] epoch=6 iteration=1025 slide=tumor_024 N=16 {'train_loss_cls': 0.703125, 'train_loss_sr': 0.17657823860645294, 'train_loss_total': 0.7207828164100647, 'max_memory_allocated': 12000778752, 'max_memory_reserved': 32321306624}
[WSI] epoch=6 iteration=1026 slide=normal_108 N=2 {'train_loss_cls': 0.380859375, 'train_loss_sr': 0.13375163078308105, 'train_loss_total': 0.3942345380783081, 'max_memory_allocated': 1707010560, 'max_memory_reserved': 32321306624}
[WSI] epoch=6 iteration=1027 slide=tumor_108 N=22 {'train_loss_cls': 0.5703125, 'train_loss_sr': 0.10592678934335709, 'train_loss_total': 0.5809051990509033, 'max_memory_allocated': 16434379264, 'max_memory_reserved': 32321306624}
[WSI] epoch=6 iteration=1028 slide=tumor_038 N=2 {'train_loss_cls': 0.56640625, 'train_loss_sr': 0.13647690415382385, 'train_loss_total': 0.5800539255142212, 'max_memory_allocated': 1706789376, 'max_memory_reserved': 32321306624}
[WSI] epoch=6 iteration=1029 slide=normal_026 N=5 {'train_loss_cls': 0.50390625, 'train_loss_sr': 0.16573067009449005, 'train_loss_total': 0.5204793214797974, 'max_memory_allocated': 3872627200, 'max_memory_reserved': 32321306624}
[gradient] slide_id=normal_102 N=11 {'rdn': 2.0787084102630615, 'region_encoder': 0.0, 'abmil': 0.20733515918254852, 'classifier': 3.8083598613739014, 'p2w': 0.9529615044593811}
[WSI] epoch=6 iteration=1030 slide=normal_102 N=11 {'train_loss_cls': 0.578125, 'train_loss_sr': 0.10595425963401794, 'train_loss_total': 0.588720440864563, 'max_memory_allocated': 8305400320, 'max_memory_reserved': 32321306624}
[WSI] epoch=6 iteration=1031 slide=tumor_081 N=6 {'train_loss_cls': 0.74609375, 'train_loss_sr': 0.06148655340075493, 'train_loss_total': 0.752242386341095, 'max_memory_allocated': 4612084224, 'max_memory_reserved': 32321306624}
[WSI] epoch=6 iteration=1032 slide=tumor_077 N=14 {'train_loss_cls': 1.0546875, 'train_loss_sr': 0.11998724937438965, 'train_loss_total': 1.0666862726211548, 'max_memory_allocated': 10522217472, 'max_memory_reserved': 32321306624}
[WSI] epoch=6 iteration=1033 slide=normal_006 N=1 {'train_loss_cls': 0.390625, 'train_loss_sr': 0.19109249114990234, 'train_loss_total': 0.40973424911499023, 'max_memory_allocated': 917146624, 'max_memory_reserved': 32321306624}
[WSI] epoch=6 iteration=1034 slide=normal_067 N=12 {'train_loss_cls': 0.54296875, 'train_loss_sr': 0.21048879623413086, 'train_loss_total': 0.564017653465271, 'max_memory_allocated': 9044515328, 'max_memory_reserved': 32321306624}
[WSI] epoch=6 iteration=1035 slide=normal_109 N=10 {'train_loss_cls': 0.59375, 'train_loss_sr': 0.14835858345031738, 'train_loss_total': 0.6085858345031738, 'max_memory_allocated': 7566395392, 'max_memory_reserved': 32321306624}
[WSI] epoch=6 iteration=1036 slide=normal_063 N=7 {'train_loss_cls': 0.6484375, 'train_loss_sr': 0.1340635120868683, 'train_loss_total': 0.6618438363075256, 'max_memory_allocated': 5349550592, 'max_memory_reserved': 32321306624}
[WSI] epoch=6 iteration=1037 slide=normal_066 N=26 {'train_loss_cls': 0.62890625, 'train_loss_sr': 0.1770540475845337, 'train_loss_total': 0.6466116309165955, 'max_memory_allocated': 19390401024, 'max_memory_reserved': 32321306624}
[WSI] epoch=6 iteration=1038 slide=tumor_049 N=3 {'train_loss_cls': 0.427734375, 'train_loss_sr': 0.2035451978445053, 'train_loss_total': 0.4480888843536377, 'max_memory_allocated': 2394688512, 'max_memory_reserved': 32321306624}
[WSI] epoch=6 iteration=1039 slide=normal_157 N=16 {'train_loss_cls': 0.5234375, 'train_loss_sr': 0.2187659591436386, 'train_loss_total': 0.5453140735626221, 'max_memory_allocated': 12001866752, 'max_memory_reserved': 32321306624}
[gradient] slide_id=normal_114 N=24 {'rdn': 2.1538586616516113, 'region_encoder': 0.0, 'abmil': 0.3665391802787781, 'classifier': 3.9620797634124756, 'p2w': 0.5064408183097839}
[WSI] epoch=6 iteration=1040 slide=normal_114 N=24 {'train_loss_cls': 0.65234375, 'train_loss_sr': 0.14840048551559448, 'train_loss_total': 0.6671838164329529, 'max_memory_allocated': 17912782848, 'max_memory_reserved': 32321306624}
[WSI] epoch=6 iteration=1041 slide=normal_023 N=2 {'train_loss_cls': 0.248046875, 'train_loss_sr': 0.1513274908065796, 'train_loss_total': 0.26317963004112244, 'max_memory_allocated': 1706789376, 'max_memory_reserved': 32321306624}
[WSI] epoch=6 iteration=1042 slide=tumor_008 N=14 {'train_loss_cls': 1.0, 'train_loss_sr': 0.18734626471996307, 'train_loss_total': 1.0187345743179321, 'max_memory_allocated': 10522176000, 'max_memory_reserved': 32321306624}
[WSI] epoch=6 iteration=1043 slide=normal_018 N=3 {'train_loss_cls': 0.2451171875, 'train_loss_sr': 0.20029005408287048, 'train_loss_total': 0.2651461958885193, 'max_memory_allocated': 2394902528, 'max_memory_reserved': 32321306624}
[WSI] epoch=6 iteration=1044 slide=normal_061 N=12 {'train_loss_cls': 0.27734375, 'train_loss_sr': 0.2156061828136444, 'train_loss_total': 0.2989043593406677, 'max_memory_allocated': 9045121024, 'max_memory_reserved': 32321306624}
[epoch] {'epoch': 6, 'train_loss_cls': 0.6615369073275862, 'train_loss_sr': 0.21823616679115543, 'train_loss_total': 0.6833605248181299, 'train_auc': 0.8447972972972972, 'train_acc': 0.6609195402298851, 'train_bacc': 0.6013513513513513, 'val_loss': 0.7434858842329546, 'val_auc': 0.44515103338632744, 'val_acc': 0.5227272727272727, 'val_bacc': 0.45468998410174877, 'max_memory_allocated': 26041604096, 'max_memory_reserved': 32321306624}
/root/miniconda3/envs/myconda/lib/python3.10/site-packages/torch/utils/checkpoint.py:1399: FutureWarning: `torch.cpu.amp.autocast(args...)` is deprecated. Please use `torch.amp.autocast('cpu', args...)` instead.
  with device_autocast_ctx, torch.cpu.amp.autocast(**cpu_autocast_kwargs), recompute_context:  # type: ignore[attr-defined]
[WSI] epoch=7 iteration=1045 slide=normal_038 N=1 {'train_loss_cls': 0.373046875, 'train_loss_sr': 0.16936270892620087, 'train_loss_total': 0.3899831473827362, 'max_memory_allocated': 916147200, 'max_memory_reserved': 32321306624}
[WSI] epoch=7 iteration=1046 slide=normal_026 N=5 {'train_loss_cls': 0.296875, 'train_loss_sr': 0.18861013650894165, 'train_loss_total': 0.3157360255718231, 'max_memory_allocated': 3873169408, 'max_memory_reserved': 32321306624}
[WSI] epoch=7 iteration=1047 slide=normal_053 N=18 {'train_loss_cls': 0.1923828125, 'train_loss_sr': 0.3033434748649597, 'train_loss_total': 0.22271716594696045, 'max_memory_allocated': 13478471168, 'max_memory_reserved': 32321306624}
[WSI] epoch=7 iteration=1048 slide=tumor_017 N=9 {'train_loss_cls': 1.078125, 'train_loss_sr': 0.2709520161151886, 'train_loss_total': 1.1052201986312866, 'max_memory_allocated': 6827716608, 'max_memory_reserved': 32321306624}
[WSI] epoch=7 iteration=1049 slide=normal_141 N=7 {'train_loss_cls': 0.2060546875, 'train_loss_sr': 0.15332821011543274, 'train_loss_total': 0.22138750553131104, 'max_memory_allocated': 5350662144, 'max_memory_reserved': 32321306624}
[gradient] slide_id=normal_054 N=1 {'rdn': 2.0852019786834717, 'region_encoder': 0.0, 'abmil': 0.0, 'classifier': 4.041989803314209, 'p2w': 0.06539939343929291}
[WSI] epoch=7 iteration=1050 slide=normal_054 N=1 {'train_loss_cls': 0.44140625, 'train_loss_sr': 0.2188723385334015, 'train_loss_total': 0.46329349279403687, 'max_memory_allocated': 917036032, 'max_memory_reserved': 32321306624}
[WSI] epoch=7 iteration=1051 slide=normal_104 N=19 {'train_loss_cls': 0.271484375, 'train_loss_sr': 0.29489192366600037, 'train_loss_total': 0.3009735643863678, 'max_memory_allocated': 14217150976, 'max_memory_reserved': 32321306624}
[WSI] epoch=7 iteration=1052 slide=tumor_097 N=18 {'train_loss_cls': 1.1171875, 'train_loss_sr': 0.2670932412147522, 'train_loss_total': 1.1438968181610107, 'max_memory_allocated': 13478111744, 'max_memory_reserved': 32321306624}
[WSI] epoch=7 iteration=1053 slide=tumor_049 N=3 {'train_loss_cls': 0.44140625, 'train_loss_sr': 0.2530219554901123, 'train_loss_total': 0.4667084515094757, 'max_memory_allocated': 2394577920, 'max_memory_reserved': 32321306624}
[WSI] epoch=7 iteration=1054 slide=tumor_034 N=6 {'train_loss_cls': 0.921875, 'train_loss_sr': 0.20465171337127686, 'train_loss_total': 0.9423401951789856, 'max_memory_allocated': 4611853312, 'max_memory_reserved': 32321306624}
[WSI] epoch=7 iteration=1055 slide=tumor_025 N=9 {'train_loss_cls': 1.15625, 'train_loss_sr': 0.2737424969673157, 'train_loss_total': 1.183624267578125, 'max_memory_allocated': 6827601920, 'max_memory_reserved': 32321306624}
[WSI] epoch=7 iteration=1056 slide=normal_146 N=17 {'train_loss_cls': 0.22265625, 'train_loss_sr': 0.28711915016174316, 'train_loss_total': 0.2513681650161743, 'max_memory_allocated': 12739459072, 'max_memory_reserved': 32321306624}
[WSI] epoch=7 iteration=1057 slide=normal_035 N=1 {'train_loss_cls': 0.3828125, 'train_loss_sr': 0.21956467628479004, 'train_loss_total': 0.4047689735889435, 'max_memory_allocated': 916147200, 'max_memory_reserved': 32321306624}
[WSI] epoch=7 iteration=1058 slide=normal_116 N=8 {'train_loss_cls': 0.328125, 'train_loss_sr': 0.20348834991455078, 'train_loss_total': 0.34847384691238403, 'max_memory_allocated': 6088362496, 'max_memory_reserved': 32321306624}
[WSI] epoch=7 iteration=1059 slide=normal_014 N=2 {'train_loss_cls': 0.36328125, 'train_loss_sr': 0.27198946475982666, 'train_loss_total': 0.3904801905155182, 'max_memory_allocated': 1707813376, 'max_memory_reserved': 32321306624}
[gradient] slide_id=tumor_024 N=16 {'rdn': 2.81653094291687, 'region_encoder': 0.0, 'abmil': 0.33114203810691833, 'classifier': 5.01112174987793, 'p2w': 0.8749977350234985}
[WSI] epoch=7 iteration=1060 slide=tumor_024 N=16 {'train_loss_cls': 0.7109375, 'train_loss_sr': 0.2595192492008209, 'train_loss_total': 0.7368894219398499, 'max_memory_allocated': 12001712128, 'max_memory_reserved': 32321306624}
[WSI] epoch=7 iteration=1061 slide=normal_085 N=5 {'train_loss_cls': 0.578125, 'train_loss_sr': 0.15940290689468384, 'train_loss_total': 0.5940653085708618, 'max_memory_allocated': 3873012224, 'max_memory_reserved': 32321306624}
[WSI] epoch=7 iteration=1062 slide=tumor_057 N=4 {'train_loss_cls': 0.63671875, 'train_loss_sr': 0.18319781124591827, 'train_loss_total': 0.6550385355949402, 'max_memory_allocated': 3134106112, 'max_memory_reserved': 32321306624}
[WSI] epoch=7 iteration=1063 slide=tumor_040 N=10 {'train_loss_cls': 0.5859375, 'train_loss_sr': 0.27588945627212524, 'train_loss_total': 0.613526463508606, 'max_memory_allocated': 7566572032, 'max_memory_reserved': 32321306624}
[WSI] epoch=7 iteration=1064 slide=normal_068 N=6 {'train_loss_cls': 0.80078125, 'train_loss_sr': 0.2658040523529053, 'train_loss_total': 0.8273616433143616, 'max_memory_allocated': 4612205568, 'max_memory_reserved': 32321306624}
[WSI] epoch=7 iteration=1065 slide=tumor_028 N=17 {'train_loss_cls': 0.5625, 'train_loss_sr': 0.1931714117527008, 'train_loss_total': 0.5818171501159668, 'max_memory_allocated': 12739590656, 'max_memory_reserved': 32321306624}
[WSI] epoch=7 iteration=1066 slide=normal_080 N=15 {'train_loss_cls': 1.3828125, 'train_loss_sr': 0.16426138579845428, 'train_loss_total': 1.3992385864257812, 'max_memory_allocated': 11262298624, 'max_memory_reserved': 32321306624}
[WSI] epoch=7 iteration=1067 slide=normal_037 N=8 {'train_loss_cls': 0.72265625, 'train_loss_sr': 0.2167479395866394, 'train_loss_total': 0.7443310618400574, 'max_memory_allocated': 6088176128, 'max_memory_reserved': 32321306624}
[WSI] epoch=7 iteration=1068 slide=normal_154 N=20 {'train_loss_cls': 0.39453125, 'train_loss_sr': 0.2886723279953003, 'train_loss_total': 0.423398494720459, 'max_memory_allocated': 14956608000, 'max_memory_reserved': 32321306624}
[WSI] epoch=7 iteration=1069 slide=tumor_022 N=7 {'train_loss_cls': 0.57421875, 'train_loss_sr': 0.2586057782173157, 'train_loss_total': 0.6000792980194092, 'max_memory_allocated': 5350455808, 'max_memory_reserved': 32321306624}
[gradient] slide_id=tumor_002 N=5 {'rdn': 2.977682113647461, 'region_encoder': 0.0, 'abmil': 0.10623160004615784, 'classifier': 7.593481063842773, 'p2w': 0.34153643250465393}
[WSI] epoch=7 iteration=1070 slide=tumor_002 N=5 {'train_loss_cls': 1.1015625, 'train_loss_sr': 0.22276952862739563, 'train_loss_total': 1.1238394975662231, 'max_memory_allocated': 3872217600, 'max_memory_reserved': 32321306624}
[WSI] epoch=7 iteration=1071 slide=normal_157 N=16 {'train_loss_cls': 0.12890625, 'train_loss_sr': 0.2757742404937744, 'train_loss_total': 0.15648368000984192, 'max_memory_allocated': 12001217024, 'max_memory_reserved': 32321306624}
[WSI] epoch=7 iteration=1072 slide=normal_103 N=8 {'train_loss_cls': 0.404296875, 'train_loss_sr': 0.26774701476097107, 'train_loss_total': 0.43107157945632935, 'max_memory_allocated': 6088161792, 'max_memory_reserved': 32321306624}
[WSI] epoch=7 iteration=1073 slide=tumor_015 N=27 {'train_loss_cls': 0.82421875, 'train_loss_sr': 0.2559686303138733, 'train_loss_total': 0.8498156070709229, 'max_memory_allocated': 20128815616, 'max_memory_reserved': 32321306624}
[WSI] epoch=7 iteration=1074 slide=normal_108 N=2 {'train_loss_cls': 0.2353515625, 'train_loss_sr': 0.21647673845291138, 'train_loss_total': 0.2569992244243622, 'max_memory_allocated': 1706920448, 'max_memory_reserved': 32321306624}
[WSI] epoch=7 iteration=1075 slide=tumor_084 N=9 {'train_loss_cls': 0.88671875, 'train_loss_sr': 0.15207958221435547, 'train_loss_total': 0.9019266963005066, 'max_memory_allocated': 6828394496, 'max_memory_reserved': 32321306624}
[WSI] epoch=7 iteration=1076 slide=normal_007 N=3 {'train_loss_cls': 0.58984375, 'train_loss_sr': 0.17610350251197815, 'train_loss_total': 0.6074541211128235, 'max_memory_allocated': 2394942464, 'max_memory_reserved': 32321306624}
[WSI] epoch=7 iteration=1077 slide=normal_114 N=24 {'train_loss_cls': 0.341796875, 'train_loss_sr': 0.1773698329925537, 'train_loss_total': 0.3595338463783264, 'max_memory_allocated': 17913339904, 'max_memory_reserved': 32321306624}
[WSI] epoch=7 iteration=1078 slide=normal_029 N=1 {'train_loss_cls': 0.18359375, 'train_loss_sr': 0.12288366258144379, 'train_loss_total': 0.19588211178779602, 'max_memory_allocated': 916892160, 'max_memory_reserved': 32321306624}
[WSI] epoch=7 iteration=1079 slide=tumor_060 N=6 {'train_loss_cls': 0.7734375, 'train_loss_sr': 0.18149825930595398, 'train_loss_total': 0.7915873527526855, 'max_memory_allocated': 4612078592, 'max_memory_reserved': 32321306624}
[gradient] slide_id=tumor_094 N=16 {'rdn': 3.033039093017578, 'region_encoder': 0.0, 'abmil': 0.33874258399009705, 'classifier': 6.537588596343994, 'p2w': 0.6164003014564514}
[WSI] epoch=7 iteration=1080 slide=tumor_094 N=16 {'train_loss_cls': 1.0078125, 'train_loss_sr': 0.18255022168159485, 'train_loss_total': 1.0260674953460693, 'max_memory_allocated': 12001592832, 'max_memory_reserved': 32321306624}
[WSI] epoch=7 iteration=1081 slide=tumor_003 N=7 {'train_loss_cls': 1.2890625, 'train_loss_sr': 0.26076850295066833, 'train_loss_total': 1.3151392936706543, 'max_memory_allocated': 5350319616, 'max_memory_reserved': 32321306624}
[WSI] epoch=7 iteration=1082 slide=tumor_086 N=23 {'train_loss_cls': 0.72265625, 'train_loss_sr': 0.23728962242603302, 'train_loss_total': 0.7463852167129517, 'max_memory_allocated': 17173142016, 'max_memory_reserved': 32321306624}
[WSI] epoch=7 iteration=1083 slide=normal_119 N=14 {'train_loss_cls': 0.271484375, 'train_loss_sr': 0.21114027500152588, 'train_loss_total': 0.2925983965396881, 'max_memory_allocated': 10522065408, 'max_memory_reserved': 32321306624}
[WSI] epoch=7 iteration=1084 slide=tumor_047 N=15 {'train_loss_cls': 1.21875, 'train_loss_sr': 0.39972659945487976, 'train_loss_total': 1.2587226629257202, 'max_memory_allocated': 11262982656, 'max_memory_reserved': 32321306624}
[WSI] epoch=7 iteration=1085 slide=normal_095 N=14 {'train_loss_cls': 0.75, 'train_loss_sr': 0.2858690917491913, 'train_loss_total': 0.7785869240760803, 'max_memory_allocated': 10522487296, 'max_memory_reserved': 32321306624}
[WSI] epoch=7 iteration=1086 slide=tumor_105 N=6 {'train_loss_cls': 0.83203125, 'train_loss_sr': 0.2182018756866455, 'train_loss_total': 0.8538514375686646, 'max_memory_allocated': 4612247040, 'max_memory_reserved': 32321306624}
[WSI] epoch=7 iteration=1087 slide=normal_051 N=3 {'train_loss_cls': 0.65234375, 'train_loss_sr': 0.25911885499954224, 'train_loss_total': 0.6782556176185608, 'max_memory_allocated': 2394770432, 'max_memory_reserved': 32321306624}
[WSI] epoch=7 iteration=1088 slide=tumor_037 N=10 {'train_loss_cls': 0.5234375, 'train_loss_sr': 0.2238558679819107, 'train_loss_total': 0.5458230972290039, 'max_memory_allocated': 7566350848, 'max_memory_reserved': 32321306624}
[WSI] epoch=7 iteration=1089 slide=tumor_027 N=13 {'train_loss_cls': 0.5546875, 'train_loss_sr': 0.20686107873916626, 'train_loss_total': 0.5753735899925232, 'max_memory_allocated': 9784142336, 'max_memory_reserved': 32321306624}
[gradient] slide_id=normal_144 N=12 {'rdn': 2.905963897705078, 'region_encoder': 0.0, 'abmil': 0.2812497615814209, 'classifier': 9.603111267089844, 'p2w': 0.5241633653640747}
[WSI] epoch=7 iteration=1090 slide=normal_144 N=12 {'train_loss_cls': 0.70703125, 'train_loss_sr': 0.16886043548583984, 'train_loss_total': 0.7239173054695129, 'max_memory_allocated': 9045539328, 'max_memory_reserved': 32321306624}
[WSI] epoch=7 iteration=1091 slide=normal_105 N=12 {'train_loss_cls': 0.734375, 'train_loss_sr': 0.1640785038471222, 'train_loss_total': 0.75078284740448, 'max_memory_allocated': 9044978176, 'max_memory_reserved': 32321306624}
[WSI] epoch=7 iteration=1092 slide=tumor_087 N=10 {'train_loss_cls': 0.462890625, 'train_loss_sr': 0.17895948886871338, 'train_loss_total': 0.4807865619659424, 'max_memory_allocated': 7567235584, 'max_memory_reserved': 32321306624}
[WSI] epoch=7 iteration=1093 slide=normal_131 N=18 {'train_loss_cls': 0.83203125, 'train_loss_sr': 0.1762845665216446, 'train_loss_total': 0.8496596813201904, 'max_memory_allocated': 13478222336, 'max_memory_reserved': 32321306624}
[WSI] epoch=7 iteration=1094 slide=tumor_039 N=4 {'train_loss_cls': 0.421875, 'train_loss_sr': 0.17280523478984833, 'train_loss_total': 0.4391555190086365, 'max_memory_allocated': 3132537344, 'max_memory_reserved': 32321306624}
[WSI] epoch=7 iteration=1095 slide=normal_083 N=3 {'train_loss_cls': 0.50390625, 'train_loss_sr': 0.19036148488521576, 'train_loss_total': 0.5229424238204956, 'max_memory_allocated': 2394618368, 'max_memory_reserved': 32321306624}
[WSI] epoch=7 iteration=1096 slide=normal_067 N=12 {'train_loss_cls': 0.60546875, 'train_loss_sr': 0.20682965219020844, 'train_loss_total': 0.6261517405509949, 'max_memory_allocated': 9044867584, 'max_memory_reserved': 32321306624}
[WSI] epoch=7 iteration=1097 slide=tumor_079 N=14 {'train_loss_cls': 0.462890625, 'train_loss_sr': 0.26491183042526245, 'train_loss_total': 0.4893818199634552, 'max_memory_allocated': 10522618368, 'max_memory_reserved': 32321306624}
[WSI] epoch=7 iteration=1098 slide=tumor_103 N=18 {'train_loss_cls': 0.67578125, 'train_loss_sr': 0.29728126525878906, 'train_loss_total': 0.70550936460495, 'max_memory_allocated': 13478091264, 'max_memory_reserved': 32321306624}
[WSI] epoch=7 iteration=1099 slide=normal_126 N=17 {'train_loss_cls': 0.66015625, 'train_loss_sr': 0.3477185368537903, 'train_loss_total': 0.6949281096458435, 'max_memory_allocated': 12739811840, 'max_memory_reserved': 32321306624}
[gradient] slide_id=normal_058 N=7 {'rdn': 1.775729775428772, 'region_encoder': 0.0, 'abmil': 0.391493558883667, 'classifier': 2.689807653427124, 'p2w': 0.2966679334640503}
[WSI] epoch=7 iteration=1100 slide=normal_058 N=7 {'train_loss_cls': 0.4453125, 'train_loss_sr': 0.28770846128463745, 'train_loss_total': 0.4740833342075348, 'max_memory_allocated': 5349792256, 'max_memory_reserved': 32321306624}
[WSI] epoch=7 iteration=1101 slide=normal_142 N=20 {'train_loss_cls': 1.1875, 'train_loss_sr': 0.3218405246734619, 'train_loss_total': 1.2196840047836304, 'max_memory_allocated': 14956722688, 'max_memory_reserved': 32321306624}
[WSI] epoch=7 iteration=1102 slide=tumor_102 N=35 {'train_loss_cls': 0.73046875, 'train_loss_sr': 0.3804493546485901, 'train_loss_total': 0.7685136795043945, 'max_memory_allocated': 26042599424, 'max_memory_reserved': 32321306624}
[WSI] epoch=7 iteration=1103 slide=normal_124 N=19 {'train_loss_cls': 0.2490234375, 'train_loss_sr': 0.2867676615715027, 'train_loss_total': 0.2777002155780792, 'max_memory_allocated': 14217185792, 'max_memory_reserved': 32321306624}
[WSI] epoch=7 iteration=1104 slide=tumor_073 N=19 {'train_loss_cls': 0.68359375, 'train_loss_sr': 0.14359930157661438, 'train_loss_total': 0.6979537010192871, 'max_memory_allocated': 14217137152, 'max_memory_reserved': 32321306624}
[WSI] epoch=7 iteration=1105 slide=normal_089 N=20 {'train_loss_cls': 0.6796875, 'train_loss_sr': 0.301809698343277, 'train_loss_total': 0.7098684906959534, 'max_memory_allocated': 14956481024, 'max_memory_reserved': 32321306624}
[WSI] epoch=7 iteration=1106 slide=normal_100 N=8 {'train_loss_cls': 0.81640625, 'train_loss_sr': 0.2624000608921051, 'train_loss_total': 0.8426462411880493, 'max_memory_allocated': 6088784384, 'max_memory_reserved': 32321306624}
[WSI] epoch=7 iteration=1107 slide=normal_022 N=6 {'train_loss_cls': 0.447265625, 'train_loss_sr': 0.23375394940376282, 'train_loss_total': 0.47064101696014404, 'max_memory_allocated': 4612693504, 'max_memory_reserved': 32321306624}
[WSI] epoch=7 iteration=1108 slide=normal_071 N=5 {'train_loss_cls': 0.75, 'train_loss_sr': 0.19289064407348633, 'train_loss_total': 0.7692890763282776, 'max_memory_allocated': 3873270784, 'max_memory_reserved': 32321306624}
[WSI] epoch=7 iteration=1109 slide=normal_023 N=2 {'train_loss_cls': 0.275390625, 'train_loss_sr': 0.10143336653709412, 'train_loss_total': 0.28553396463394165, 'max_memory_allocated': 1706920448, 'max_memory_reserved': 32321306624}
[gradient] slide_id=normal_136 N=15 {'rdn': 1.728607177734375, 'region_encoder': 0.0, 'abmil': 0.21728193759918213, 'classifier': 3.148636817932129, 'p2w': 0.5694989562034607}
[WSI] epoch=7 iteration=1110 slide=normal_136 N=15 {'train_loss_cls': 0.474609375, 'train_loss_sr': 0.10635965317487717, 'train_loss_total': 0.48524534702301025, 'max_memory_allocated': 11262319104, 'max_memory_reserved': 32321306624}
[WSI] epoch=7 iteration=1111 slide=tumor_048 N=15 {'train_loss_cls': 0.81640625, 'train_loss_sr': 0.2038198560476303, 'train_loss_total': 0.8367882370948792, 'max_memory_allocated': 11262056960, 'max_memory_reserved': 32321306624}
[WSI] epoch=7 iteration=1112 slide=normal_152 N=5 {'train_loss_cls': 0.3671875, 'train_loss_sr': 0.14289328455924988, 'train_loss_total': 0.38147681951522827, 'max_memory_allocated': 3872803840, 'max_memory_reserved': 32321306624}
[WSI] epoch=7 iteration=1113 slide=normal_028 N=5 {'train_loss_cls': 0.400390625, 'train_loss_sr': 0.2049313485622406, 'train_loss_total': 0.42088377475738525, 'max_memory_allocated': 3873032704, 'max_memory_reserved': 32321306624}
[WSI] epoch=7 iteration=1114 slide=normal_148 N=5 {'train_loss_cls': 0.61328125, 'train_loss_sr': 0.258222758769989, 'train_loss_total': 0.6391035318374634, 'max_memory_allocated': 3873475072, 'max_memory_reserved': 32321306624}
[WSI] epoch=7 iteration=1115 slide=normal_109 N=10 {'train_loss_cls': 0.2890625, 'train_loss_sr': 0.41180261969566345, 'train_loss_total': 0.33024275302886963, 'max_memory_allocated': 7566115840, 'max_memory_reserved': 32321306624}
[WSI] epoch=7 iteration=1116 slide=normal_097 N=17 {'train_loss_cls': 0.0169677734375, 'train_loss_sr': 0.5311878323554993, 'train_loss_total': 0.07008655369281769, 'max_memory_allocated': 12739404800, 'max_memory_reserved': 32321306624}
[WSI] epoch=7 iteration=1117 slide=normal_018 N=3 {'train_loss_cls': 0.01470947265625, 'train_loss_sr': 0.5657910108566284, 'train_loss_total': 0.0712885707616806, 'max_memory_allocated': 2394860544, 'max_memory_reserved': 32321306624}
[WSI] epoch=7 iteration=1118 slide=tumor_050 N=10 {'train_loss_cls': 5.53125, 'train_loss_sr': 0.8374884128570557, 'train_loss_total': 5.614998817443848, 'max_memory_allocated': 7566350848, 'max_memory_reserved': 32321306624}
[WSI] epoch=7 iteration=1119 slide=normal_039 N=9 {'train_loss_cls': 0.10400390625, 'train_loss_sr': 0.2817574739456177, 'train_loss_total': 0.1321796476840973, 'max_memory_allocated': 6827104768, 'max_memory_reserved': 32321306624}
[gradient] slide_id=tumor_066 N=7 {'rdn': 3.2077724933624268, 'region_encoder': 0.0, 'abmil': 0.3709355294704437, 'classifier': 10.033804893493652, 'p2w': 0.6587135791778564}
[WSI] epoch=7 iteration=1120 slide=tumor_066 N=7 {'train_loss_cls': 1.1328125, 'train_loss_sr': 0.24932605028152466, 'train_loss_total': 1.157745122909546, 'max_memory_allocated': 5350505472, 'max_memory_reserved': 32321306624}
[WSI] epoch=7 iteration=1121 slide=normal_074 N=14 {'train_loss_cls': 0.203125, 'train_loss_sr': 0.21372973918914795, 'train_loss_total': 0.2244979739189148, 'max_memory_allocated': 10522024448, 'max_memory_reserved': 32321306624}
[WSI] epoch=7 iteration=1122 slide=normal_093 N=8 {'train_loss_cls': 0.248046875, 'train_loss_sr': 0.1829591542482376, 'train_loss_total': 0.26634278893470764, 'max_memory_allocated': 6088915456, 'max_memory_reserved': 32321306624}
[WSI] epoch=7 iteration=1123 slide=normal_048 N=3 {'train_loss_cls': 0.61328125, 'train_loss_sr': 0.1519242525100708, 'train_loss_total': 0.628473699092865, 'max_memory_allocated': 2394831872, 'max_memory_reserved': 32321306624}
[WSI] epoch=7 iteration=1124 slide=tumor_080 N=6 {'train_loss_cls': 1.015625, 'train_loss_sr': 0.23026427626609802, 'train_loss_total': 1.038651466369629, 'max_memory_allocated': 4611984384, 'max_memory_reserved': 32321306624}
[WSI] epoch=7 iteration=1125 slide=tumor_074 N=5 {'train_loss_cls': 0.796875, 'train_loss_sr': 0.22755706310272217, 'train_loss_total': 0.8196306824684143, 'max_memory_allocated': 3872514560, 'max_memory_reserved': 32321306624}
[WSI] epoch=7 iteration=1126 slide=tumor_007 N=12 {'train_loss_cls': 0.734375, 'train_loss_sr': 0.24323126673698425, 'train_loss_total': 0.7586981058120728, 'max_memory_allocated': 9044601344, 'max_memory_reserved': 32321306624}
[WSI] epoch=7 iteration=1127 slide=normal_139 N=12 {'train_loss_cls': 0.62890625, 'train_loss_sr': 0.1964055895805359, 'train_loss_total': 0.6485468149185181, 'max_memory_allocated': 9045199360, 'max_memory_reserved': 32321306624}
[WSI] epoch=7 iteration=1128 slide=normal_129 N=19 {'train_loss_cls': 0.57421875, 'train_loss_sr': 0.1902177333831787, 'train_loss_total': 0.59324049949646, 'max_memory_allocated': 14217494528, 'max_memory_reserved': 32321306624}
[WSI] epoch=7 iteration=1129 slide=normal_036 N=7 {'train_loss_cls': 0.3359375, 'train_loss_sr': 0.23074999451637268, 'train_loss_total': 0.3590124845504761, 'max_memory_allocated': 5349792256, 'max_memory_reserved': 32321306624}
[gradient] slide_id=normal_135 N=13 {'rdn': 1.9529870748519897, 'region_encoder': 0.0, 'abmil': 0.44538944959640503, 'classifier': 2.6823978424072266, 'p2w': 0.41291677951812744}
[WSI] epoch=7 iteration=1130 slide=normal_135 N=13 {'train_loss_cls': 0.3125, 'train_loss_sr': 0.12546850740909576, 'train_loss_total': 0.3250468373298645, 'max_memory_allocated': 9783589376, 'max_memory_reserved': 32321306624}
[WSI] epoch=7 iteration=1131 slide=normal_145 N=20 {'train_loss_cls': 0.7109375, 'train_loss_sr': 0.1639397144317627, 'train_loss_total': 0.7273314595222473, 'max_memory_allocated': 14956718592, 'max_memory_reserved': 32321306624}
[WSI] epoch=7 iteration=1132 slide=tumor_046 N=19 {'train_loss_cls': 0.7421875, 'train_loss_sr': 0.19710293412208557, 'train_loss_total': 0.7618978023529053, 'max_memory_allocated': 14217406976, 'max_memory_reserved': 32321306624}
[WSI] epoch=7 iteration=1133 slide=normal_128 N=11 {'train_loss_cls': 0.6953125, 'train_loss_sr': 0.12237639725208282, 'train_loss_total': 0.7075501680374146, 'max_memory_allocated': 8306637312, 'max_memory_reserved': 32321306624}
[WSI] epoch=7 iteration=1134 slide=normal_011 N=14 {'train_loss_cls': 0.53515625, 'train_loss_sr': 0.14523306488990784, 'train_loss_total': 0.5496795773506165, 'max_memory_allocated': 10522671616, 'max_memory_reserved': 32321306624}
[WSI] epoch=7 iteration=1135 slide=normal_113 N=19 {'train_loss_cls': 0.1572265625, 'train_loss_sr': 0.21725890040397644, 'train_loss_total': 0.17895245552062988, 'max_memory_allocated': 14217072640, 'max_memory_reserved': 32321306624}
[WSI] epoch=7 iteration=1136 slide=normal_049 N=2 {'train_loss_cls': 0.51953125, 'train_loss_sr': 0.2198009043931961, 'train_loss_total': 0.5415113568305969, 'max_memory_allocated': 1706920448, 'max_memory_reserved': 32321306624}
[WSI] epoch=7 iteration=1137 slide=normal_015 N=5 {'train_loss_cls': 0.39453125, 'train_loss_sr': 0.22266805171966553, 'train_loss_total': 0.41679805517196655, 'max_memory_allocated': 3873807872, 'max_memory_reserved': 32321306624}
[WSI] epoch=7 iteration=1138 slide=tumor_019 N=2 {'train_loss_cls': 0.91796875, 'train_loss_sr': 0.2173580527305603, 'train_loss_total': 0.9397045373916626, 'max_memory_allocated': 1707362816, 'max_memory_reserved': 32321306624}
[WSI] epoch=7 iteration=1139 slide=normal_061 N=12 {'train_loss_cls': 0.130859375, 'train_loss_sr': 0.33146458864212036, 'train_loss_total': 0.1640058308839798, 'max_memory_allocated': 9044867584, 'max_memory_reserved': 32321306624}
[gradient] slide_id=normal_006 N=1 {'rdn': 1.937485694885254, 'region_encoder': 0.0, 'abmil': 0.0, 'classifier': 2.3806707859039307, 'p2w': 1.0409698486328125}
[WSI] epoch=7 iteration=1140 slide=normal_006 N=1 {'train_loss_cls': 0.1640625, 'train_loss_sr': 0.31756913661956787, 'train_loss_total': 0.1958194077014923, 'max_memory_allocated': 917191168, 'max_memory_reserved': 32321306624}
[WSI] epoch=7 iteration=1141 slide=normal_107 N=16 {'train_loss_cls': 0.0986328125, 'train_loss_sr': 0.24513153731822968, 'train_loss_total': 0.12314596772193909, 'max_memory_allocated': 12000995840, 'max_memory_reserved': 32321306624}
[WSI] epoch=7 iteration=1142 slide=normal_032 N=9 {'train_loss_cls': 0.2197265625, 'train_loss_sr': 0.23743322491645813, 'train_loss_total': 0.24346987903118134, 'max_memory_allocated': 6828035072, 'max_memory_reserved': 32321306624}
[WSI] epoch=7 iteration=1143 slide=normal_133 N=10 {'train_loss_cls': 0.0869140625, 'train_loss_sr': 0.24921002984046936, 'train_loss_total': 0.1118350625038147, 'max_memory_allocated': 7567005184, 'max_memory_reserved': 32321306624}
[WSI] epoch=7 iteration=1144 slide=tumor_054 N=17 {'train_loss_cls': 2.0625, 'train_loss_sr': 0.374716579914093, 'train_loss_total': 2.0999717712402344, 'max_memory_allocated': 12740033024, 'max_memory_reserved': 32321306624}
[WSI] epoch=7 iteration=1145 slide=tumor_009 N=12 {'train_loss_cls': 1.78125, 'train_loss_sr': 0.24829599261283875, 'train_loss_total': 1.806079626083374, 'max_memory_allocated': 9045495296, 'max_memory_reserved': 32321306624}
[WSI] epoch=7 iteration=1146 slide=normal_002 N=2 {'train_loss_cls': 0.4375, 'train_loss_sr': 0.27297088503837585, 'train_loss_total': 0.46479707956314087, 'max_memory_allocated': 1707362816, 'max_memory_reserved': 32321306624}
[WSI] epoch=7 iteration=1147 slide=tumor_093 N=14 {'train_loss_cls': 2.09375, 'train_loss_sr': 0.2220856249332428, 'train_loss_total': 2.1159584522247314, 'max_memory_allocated': 10523030528, 'max_memory_reserved': 32321306624}
[WSI] epoch=7 iteration=1148 slide=tumor_088 N=12 {'train_loss_cls': 0.55078125, 'train_loss_sr': 0.2208312600851059, 'train_loss_total': 0.5728643536567688, 'max_memory_allocated': 9044978176, 'max_memory_reserved': 32321306624}
[WSI] epoch=7 iteration=1149 slide=normal_111 N=31 {'train_loss_cls': 0.64453125, 'train_loss_sr': 0.17624394595623016, 'train_loss_total': 0.6621556282043457, 'max_memory_allocated': 23085947392, 'max_memory_reserved': 32321306624}
[gradient] slide_id=tumor_111 N=4 {'rdn': 2.3836843967437744, 'region_encoder': 0.0, 'abmil': 0.029533443972468376, 'classifier': 6.665825366973877, 'p2w': 0.6091984510421753}
[WSI] epoch=7 iteration=1150 slide=tumor_111 N=4 {'train_loss_cls': 0.37890625, 'train_loss_sr': 0.19310814142227173, 'train_loss_total': 0.3982170522212982, 'max_memory_allocated': 3132185088, 'max_memory_reserved': 32321306624}
[WSI] epoch=7 iteration=1151 slide=tumor_052 N=15 {'train_loss_cls': 1.25, 'train_loss_sr': 0.26418381929397583, 'train_loss_total': 1.2764183282852173, 'max_memory_allocated': 11262650880, 'max_memory_reserved': 32321306624}
[WSI] epoch=7 iteration=1152 slide=tumor_058 N=5 {'train_loss_cls': 0.203125, 'train_loss_sr': 0.5049381256103516, 'train_loss_total': 0.2536188066005707, 'max_memory_allocated': 3872283136, 'max_memory_reserved': 32321306624}
[WSI] epoch=7 iteration=1153 slide=normal_070 N=16 {'train_loss_cls': 2.109375, 'train_loss_sr': 0.43132686614990234, 'train_loss_total': 2.152507781982422, 'max_memory_allocated': 12001548800, 'max_memory_reserved': 32321306624}
[WSI] epoch=7 iteration=1154 slide=tumor_078 N=15 {'train_loss_cls': 0.5390625, 'train_loss_sr': 0.42386168241500854, 'train_loss_total': 0.5814486742019653, 'max_memory_allocated': 11262212096, 'max_memory_reserved': 32321306624}
[WSI] epoch=7 iteration=1155 slide=tumor_008 N=14 {'train_loss_cls': 0.30078125, 'train_loss_sr': 0.37584125995635986, 'train_loss_total': 0.338365375995636, 'max_memory_allocated': 10522286592, 'max_memory_reserved': 32321306624}
[WSI] epoch=7 iteration=1156 slide=tumor_045 N=10 {'train_loss_cls': 0.55078125, 'train_loss_sr': 0.3267210125923157, 'train_loss_total': 0.583453357219696, 'max_memory_allocated': 7566662144, 'max_memory_reserved': 32321306624}
[WSI] epoch=7 iteration=1157 slide=normal_040 N=16 {'train_loss_cls': 1.453125, 'train_loss_sr': 0.5326977968215942, 'train_loss_total': 1.5063947439193726, 'max_memory_allocated': 12001548800, 'max_memory_reserved': 32321306624}
[WSI] epoch=7 iteration=1158 slide=normal_063 N=7 {'train_loss_cls': 1.1484375, 'train_loss_sr': 0.591269850730896, 'train_loss_total': 1.2075644731521606, 'max_memory_allocated': 5350234624, 'max_memory_reserved': 32321306624}
[WSI] epoch=7 iteration=1159 slide=tumor_089 N=26 {'train_loss_cls': 0.494140625, 'train_loss_sr': 0.520872950553894, 'train_loss_total': 0.5462279319763184, 'max_memory_allocated': 19389955584, 'max_memory_reserved': 32321306624}
[gradient] slide_id=tumor_042 N=4 {'rdn': 5.057080268859863, 'region_encoder': 0.0, 'abmil': 0.07709616422653198, 'classifier': 13.72085952758789, 'p2w': 1.3738317489624023}
[WSI] epoch=7 iteration=1160 slide=tumor_042 N=4 {'train_loss_cls': 0.76953125, 'train_loss_sr': 0.6226953268051147, 'train_loss_total': 0.8318007588386536, 'max_memory_allocated': 3132744192, 'max_memory_reserved': 32321306624}
[WSI] epoch=7 iteration=1161 slide=tumor_041 N=5 {'train_loss_cls': 0.65625, 'train_loss_sr': 0.3833805024623871, 'train_loss_total': 0.6945880651473999, 'max_memory_allocated': 3872500736, 'max_memory_reserved': 32321306624}
[WSI] epoch=7 iteration=1162 slide=tumor_108 N=22 {'train_loss_cls': 0.56640625, 'train_loss_sr': 0.4913656711578369, 'train_loss_total': 0.6155428290367126, 'max_memory_allocated': 16434248192, 'max_memory_reserved': 32321306624}
[WSI] epoch=7 iteration=1163 slide=normal_003 N=7 {'train_loss_cls': 0.75390625, 'train_loss_sr': 0.7503352165222168, 'train_loss_total': 0.8289397954940796, 'max_memory_allocated': 5350566400, 'max_memory_reserved': 32321306624}
[WSI] epoch=7 iteration=1164 slide=normal_052 N=15 {'train_loss_cls': 0.69140625, 'train_loss_sr': 0.6864041686058044, 'train_loss_total': 0.760046660900116, 'max_memory_allocated': 11262740992, 'max_memory_reserved': 32321306624}
[WSI] epoch=7 iteration=1165 slide=tumor_071 N=12 {'train_loss_cls': 0.474609375, 'train_loss_sr': 0.5473722815513611, 'train_loss_total': 0.5293465852737427, 'max_memory_allocated': 9044856320, 'max_memory_reserved': 32321306624}
[WSI] epoch=7 iteration=1166 slide=tumor_061 N=13 {'train_loss_cls': 0.333984375, 'train_loss_sr': 0.6905626058578491, 'train_loss_total': 0.40304064750671387, 'max_memory_allocated': 9783106048, 'max_memory_reserved': 32321306624}
[WSI] epoch=7 iteration=1167 slide=tumor_001 N=7 {'train_loss_cls': 0.6640625, 'train_loss_sr': 1.116309642791748, 'train_loss_total': 0.7756934762001038, 'max_memory_allocated': 5350013440, 'max_memory_reserved': 32321306624}
[WSI] epoch=7 iteration=1168 slide=tumor_109 N=10 {'train_loss_cls': 0.60546875, 'train_loss_sr': 0.9907660484313965, 'train_loss_total': 0.7045453786849976, 'max_memory_allocated': 7566883328, 'max_memory_reserved': 32321306624}
[WSI] epoch=7 iteration=1169 slide=tumor_021 N=16 {'train_loss_cls': 0.466796875, 'train_loss_sr': 0.6840251684188843, 'train_loss_total': 0.5351994037628174, 'max_memory_allocated': 12001237504, 'max_memory_reserved': 32321306624}
[gradient] slide_id=tumor_082 N=3 {'rdn': 1.4069116115570068, 'region_encoder': 0.0, 'abmil': 0.07572925090789795, 'classifier': 4.060110092163086, 'p2w': 0.8829472064971924}
[WSI] epoch=7 iteration=1170 slide=tumor_082 N=3 {'train_loss_cls': 0.39453125, 'train_loss_sr': 0.6146206259727478, 'train_loss_total': 0.45599332451820374, 'max_memory_allocated': 2395163648, 'max_memory_reserved': 32321306624}
[WSI] epoch=7 iteration=1171 slide=tumor_035 N=4 {'train_loss_cls': 0.2373046875, 'train_loss_sr': 0.3402869403362274, 'train_loss_total': 0.27133339643478394, 'max_memory_allocated': 3132350464, 'max_memory_reserved': 32321306624}
[WSI] epoch=7 iteration=1172 slide=normal_008 N=1 {'train_loss_cls': 0.462890625, 'train_loss_sr': 0.24240100383758545, 'train_loss_total': 0.487130731344223, 'max_memory_allocated': 916409344, 'max_memory_reserved': 32321306624}
[WSI] epoch=7 iteration=1173 slide=normal_151 N=16 {'train_loss_cls': 0.84375, 'train_loss_sr': 0.24975568056106567, 'train_loss_total': 0.8687255382537842, 'max_memory_allocated': 12001790464, 'max_memory_reserved': 32321306624}
[WSI] epoch=7 iteration=1174 slide=tumor_081 N=6 {'train_loss_cls': 0.37890625, 'train_loss_sr': 0.33746224641799927, 'train_loss_total': 0.41265246272087097, 'max_memory_allocated': 4612004864, 'max_memory_reserved': 32321306624}
[WSI] epoch=7 iteration=1175 slide=normal_156 N=13 {'train_loss_cls': 0.80078125, 'train_loss_sr': 0.4375540614128113, 'train_loss_total': 0.8445366621017456, 'max_memory_allocated': 9783368192, 'max_memory_reserved': 32321306624}
[WSI] epoch=7 iteration=1176 slide=normal_084 N=1 {'train_loss_cls': 0.5390625, 'train_loss_sr': 0.27464625239372253, 'train_loss_total': 0.5665271282196045, 'max_memory_allocated': 916147200, 'max_memory_reserved': 32321306624}
[WSI] epoch=7 iteration=1177 slide=normal_078 N=6 {'train_loss_cls': 0.9609375, 'train_loss_sr': 0.36918747425079346, 'train_loss_total': 0.9978562593460083, 'max_memory_allocated': 4613184000, 'max_memory_reserved': 32321306624}
[WSI] epoch=7 iteration=1178 slide=tumor_044 N=12 {'train_loss_cls': 0.181640625, 'train_loss_sr': 0.4566930830478668, 'train_loss_total': 0.2273099422454834, 'max_memory_allocated': 9044666880, 'max_memory_reserved': 32321306624}
[WSI] epoch=7 iteration=1179 slide=normal_096 N=7 {'train_loss_cls': 0.61328125, 'train_loss_sr': 0.42278528213500977, 'train_loss_total': 0.655559778213501, 'max_memory_allocated': 5349792256, 'max_memory_reserved': 32321306624}
[gradient] slide_id=tumor_011 N=6 {'rdn': 8.917574882507324, 'region_encoder': 0.0, 'abmil': 2.124093770980835, 'classifier': 11.639965057373047, 'p2w': 0.6391348242759705}
[WSI] epoch=7 iteration=1180 slide=tumor_011 N=6 {'train_loss_cls': 1.3203125, 'train_loss_sr': 0.3612273335456848, 'train_loss_total': 1.3564351797103882, 'max_memory_allocated': 4612723712, 'max_memory_reserved': 32321306624}
[WSI] epoch=7 iteration=1181 slide=normal_158 N=18 {'train_loss_cls': 0.59765625, 'train_loss_sr': 0.3345145881175995, 'train_loss_total': 0.6311076879501343, 'max_memory_allocated': 13479184384, 'max_memory_reserved': 32321306624}
[WSI] epoch=7 iteration=1182 slide=tumor_072 N=20 {'train_loss_cls': 0.5234375, 'train_loss_sr': 0.3209173083305359, 'train_loss_total': 0.5555292367935181, 'max_memory_allocated': 14956517888, 'max_memory_reserved': 32321306624}
[WSI] epoch=7 iteration=1183 slide=tumor_012 N=7 {'train_loss_cls': 0.5546875, 'train_loss_sr': 0.3176964819431305, 'train_loss_total': 0.5864571332931519, 'max_memory_allocated': 5350308352, 'max_memory_reserved': 32321306624}
[WSI] epoch=7 iteration=1184 slide=normal_088 N=14 {'train_loss_cls': 0.69140625, 'train_loss_sr': 0.3923183083534241, 'train_loss_total': 0.7306380867958069, 'max_memory_allocated': 10522208768, 'max_memory_reserved': 32321306624}
[WSI] epoch=7 iteration=1185 slide=normal_012 N=3 {'train_loss_cls': 1.09375, 'train_loss_sr': 0.38193219900131226, 'train_loss_total': 1.1319432258605957, 'max_memory_allocated': 2394467328, 'max_memory_reserved': 32321306624}
[WSI] epoch=7 iteration=1186 slide=normal_120 N=10 {'train_loss_cls': 0.77734375, 'train_loss_sr': 0.3080790936946869, 'train_loss_total': 0.8081516623497009, 'max_memory_allocated': 7566440960, 'max_memory_reserved': 32321306624}
[WSI] epoch=7 iteration=1187 slide=tumor_004 N=15 {'train_loss_cls': 0.484375, 'train_loss_sr': 0.22369247674942017, 'train_loss_total': 0.5067442655563354, 'max_memory_allocated': 11262188032, 'max_memory_reserved': 32321306624}
[WSI] epoch=7 iteration=1188 slide=tumor_020 N=7 {'train_loss_cls': 0.37109375, 'train_loss_sr': 0.23872309923171997, 'train_loss_total': 0.3949660658836365, 'max_memory_allocated': 5350675456, 'max_memory_reserved': 32321306624}
[WSI] epoch=7 iteration=1189 slide=normal_079 N=8 {'train_loss_cls': 0.73046875, 'train_loss_sr': 0.2213878333568573, 'train_loss_total': 0.752607524394989, 'max_memory_allocated': 6088382976, 'max_memory_reserved': 32321306624}
[gradient] slide_id=normal_047 N=5 {'rdn': 1.5168416500091553, 'region_encoder': 0.0, 'abmil': 0.07886131852865219, 'classifier': 6.158971309661865, 'p2w': 0.364512175321579}
[WSI] epoch=7 iteration=1190 slide=normal_047 N=5 {'train_loss_cls': 0.66015625, 'train_loss_sr': 0.22098806500434875, 'train_loss_total': 0.6822550296783447, 'max_memory_allocated': 3873143296, 'max_memory_reserved': 32321306624}
[WSI] epoch=7 iteration=1191 slide=tumor_016 N=5 {'train_loss_cls': 0.494140625, 'train_loss_sr': 0.2469480335712433, 'train_loss_total': 0.5188354253768921, 'max_memory_allocated': 3872569856, 'max_memory_reserved': 32321306624}
[WSI] epoch=7 iteration=1192 slide=normal_031 N=6 {'train_loss_cls': 0.80859375, 'train_loss_sr': 0.21447309851646423, 'train_loss_total': 0.8300410509109497, 'max_memory_allocated': 4612094976, 'max_memory_reserved': 32321306624}
[WSI] epoch=7 iteration=1193 slide=normal_102 N=11 {'train_loss_cls': 0.7578125, 'train_loss_sr': 0.2535938024520874, 'train_loss_total': 0.7831718921661377, 'max_memory_allocated': 8305621504, 'max_memory_reserved': 32321306624}
[WSI] epoch=7 iteration=1194 slide=tumor_106 N=22 {'train_loss_cls': 0.482421875, 'train_loss_sr': 0.16243252158164978, 'train_loss_total': 0.49866512417793274, 'max_memory_allocated': 16434158080, 'max_memory_reserved': 32321306624}
[WSI] epoch=7 iteration=1195 slide=tumor_068 N=15 {'train_loss_cls': 0.73046875, 'train_loss_sr': 0.2160666137933731, 'train_loss_total': 0.7520754337310791, 'max_memory_allocated': 11263563264, 'max_memory_reserved': 32321306624}
[WSI] epoch=7 iteration=1196 slide=normal_087 N=11 {'train_loss_cls': 0.62890625, 'train_loss_sr': 0.19477500021457672, 'train_loss_total': 0.6483837366104126, 'max_memory_allocated': 8305420800, 'max_memory_reserved': 32321306624}
[WSI] epoch=7 iteration=1197 slide=tumor_098 N=9 {'train_loss_cls': 0.74609375, 'train_loss_sr': 0.15030518174171448, 'train_loss_total': 0.7611242532730103, 'max_memory_allocated': 6828311552, 'max_memory_reserved': 32321306624}
[WSI] epoch=7 iteration=1198 slide=normal_106 N=15 {'train_loss_cls': 0.64453125, 'train_loss_sr': 0.1509591042995453, 'train_loss_total': 0.6596271395683289, 'max_memory_allocated': 11262077440, 'max_memory_reserved': 32321306624}
[WSI] epoch=7 iteration=1199 slide=normal_041 N=7 {'train_loss_cls': 0.466796875, 'train_loss_sr': 0.2082119584083557, 'train_loss_total': 0.4876180589199066, 'max_memory_allocated': 5350103552, 'max_memory_reserved': 32321306624}
[gradient] slide_id=tumor_077 N=14 {'rdn': 2.4560494422912598, 'region_encoder': 0.0, 'abmil': 0.2197200208902359, 'classifier': 8.162100791931152, 'p2w': 0.31641653180122375}
[WSI] epoch=7 iteration=1200 slide=tumor_077 N=14 {'train_loss_cls': 1.140625, 'train_loss_sr': 0.14312472939491272, 'train_loss_total': 1.154937505722046, 'max_memory_allocated': 10522716672, 'max_memory_reserved': 32321306624}
[WSI] epoch=7 iteration=1201 slide=normal_077 N=5 {'train_loss_cls': 0.48046875, 'train_loss_sr': 0.18966540694236755, 'train_loss_total': 0.49943530559539795, 'max_memory_allocated': 3872245760, 'max_memory_reserved': 32321306624}
[WSI] epoch=7 iteration=1202 slide=normal_081 N=6 {'train_loss_cls': 0.5234375, 'train_loss_sr': 0.1768796145915985, 'train_loss_total': 0.541125476360321, 'max_memory_allocated': 4612405760, 'max_memory_reserved': 32321306624}
[WSI] epoch=7 iteration=1203 slide=normal_065 N=6 {'train_loss_cls': 0.65234375, 'train_loss_sr': 0.18602055311203003, 'train_loss_total': 0.6709458231925964, 'max_memory_allocated': 4612115456, 'max_memory_reserved': 32321306624}
[WSI] epoch=7 iteration=1204 slide=normal_121 N=13 {'train_loss_cls': 0.38671875, 'train_loss_sr': 0.20734526216983795, 'train_loss_total': 0.4074532687664032, 'max_memory_allocated': 9783589376, 'max_memory_reserved': 32321306624}
[WSI] epoch=7 iteration=1205 slide=normal_076 N=24 {'train_loss_cls': 0.3828125, 'train_loss_sr': 0.2032233327627182, 'train_loss_total': 0.403134822845459, 'max_memory_allocated': 17912437248, 'max_memory_reserved': 32321306624}
[WSI] epoch=7 iteration=1206 slide=normal_066 N=26 {'train_loss_cls': 0.333984375, 'train_loss_sr': 0.26946166157722473, 'train_loss_total': 0.36093053221702576, 'max_memory_allocated': 19390732800, 'max_memory_reserved': 32321306624}
[WSI] epoch=7 iteration=1207 slide=tumor_107 N=6 {'train_loss_cls': 0.796875, 'train_loss_sr': 0.2686271071434021, 'train_loss_total': 0.8237377405166626, 'max_memory_allocated': 4612226048, 'max_memory_reserved': 32321306624}
[WSI] epoch=7 iteration=1208 slide=normal_044 N=4 {'train_loss_cls': 0.46484375, 'train_loss_sr': 0.36818087100982666, 'train_loss_total': 0.5016618371009827, 'max_memory_allocated': 3134056448, 'max_memory_reserved': 32321306624}
[WSI] epoch=7 iteration=1209 slide=tumor_095 N=29 {'train_loss_cls': 1.953125, 'train_loss_sr': 0.1660740077495575, 'train_loss_total': 1.969732403755188, 'max_memory_allocated': 21607398912, 'max_memory_reserved': 32321306624}
[gradient] slide_id=tumor_005 N=4 {'rdn': 10.868738174438477, 'region_encoder': 0.0, 'abmil': 2.105172634124756, 'classifier': 16.07355308532715, 'p2w': 0.8608630895614624}
[WSI] epoch=7 iteration=1210 slide=tumor_005 N=4 {'train_loss_cls': 1.4765625, 'train_loss_sr': 0.22824910283088684, 'train_loss_total': 1.4993873834609985, 'max_memory_allocated': 3133880832, 'max_memory_reserved': 32321306624}
[WSI] epoch=7 iteration=1211 slide=normal_155 N=11 {'train_loss_cls': 0.404296875, 'train_loss_sr': 0.2107161432504654, 'train_loss_total': 0.4253684878349304, 'max_memory_allocated': 8305732096, 'max_memory_reserved': 32321306624}
[WSI] epoch=7 iteration=1212 slide=tumor_043 N=4 {'train_loss_cls': 0.890625, 'train_loss_sr': 0.21439749002456665, 'train_loss_total': 0.9120647311210632, 'max_memory_allocated': 3133598208, 'max_memory_reserved': 32321306624}
[WSI] epoch=7 iteration=1213 slide=normal_062 N=2 {'train_loss_cls': 0.43359375, 'train_loss_sr': 0.2777180075645447, 'train_loss_total': 0.46136555075645447, 'max_memory_allocated': 1707141632, 'max_memory_reserved': 32321306624}
[WSI] epoch=7 iteration=1214 slide=tumor_038 N=2 {'train_loss_cls': 0.96484375, 'train_loss_sr': 0.24419832229614258, 'train_loss_total': 0.9892635941505432, 'max_memory_allocated': 1706789376, 'max_memory_reserved': 32321306624}
[WSI] epoch=7 iteration=1215 slide=normal_064 N=9 {'train_loss_cls': 0.27734375, 'train_loss_sr': 0.23612624406814575, 'train_loss_total': 0.3009563684463501, 'max_memory_allocated': 6827788800, 'max_memory_reserved': 32321306624}
[WSI] epoch=7 iteration=1216 slide=normal_159 N=14 {'train_loss_cls': 0.515625, 'train_loss_sr': 0.16737619042396545, 'train_loss_total': 0.5323626399040222, 'max_memory_allocated': 10522616320, 'max_memory_reserved': 32321306624}
[WSI] epoch=7 iteration=1217 slide=normal_153 N=12 {'train_loss_cls': 0.2431640625, 'train_loss_sr': 0.15895779430866241, 'train_loss_total': 0.2590598464012146, 'max_memory_allocated': 9046260224, 'max_memory_reserved': 32321306624}
[WSI] epoch=7 iteration=1218 slide=tumor_083 N=14 {'train_loss_cls': 0.52734375, 'train_loss_sr': 0.10075961798429489, 'train_loss_total': 0.5374197363853455, 'max_memory_allocated': 10522790400, 'max_memory_reserved': 32321306624}
[epoch] {'epoch': 7, 'train_loss_cls': 0.6595890439789871, 'train_loss_sr': 0.2830899668664768, 'train_loss_total': 0.6878980410167541, 'train_auc': 0.8704729729729729, 'train_acc': 0.6609195402298851, 'train_bacc': 0.6031081081081081, 'val_loss': 0.7147993607954546, 'val_auc': 0.43932167461579225, 'val_acc': 0.5568181818181818, 'val_bacc': 0.49523052464228934, 'max_memory_allocated': 26042599424, 'max_memory_reserved': 32321306624}
/root/miniconda3/envs/myconda/lib/python3.10/site-packages/torch/utils/checkpoint.py:1399: FutureWarning: `torch.cpu.amp.autocast(args...)` is deprecated. Please use `torch.amp.autocast('cpu', args...)` instead.
  with device_autocast_ctx, torch.cpu.amp.autocast(**cpu_autocast_kwargs), recompute_context:  # type: ignore[attr-defined]
[WSI] epoch=8 iteration=1219 slide=normal_107 N=16 {'train_loss_cls': 0.185546875, 'train_loss_sr': 0.10653186589479446, 'train_loss_total': 0.19620005786418915, 'max_memory_allocated': 12001769984, 'max_memory_reserved': 32321306624}
[gradient] slide_id=tumor_077 N=14 {'rdn': 2.2126543521881104, 'region_encoder': 0.0, 'abmil': 0.2977818250656128, 'classifier': 7.781434535980225, 'p2w': 0.25481653213500977}
[WSI] epoch=8 iteration=1220 slide=tumor_077 N=14 {'train_loss_cls': 1.21875, 'train_loss_sr': 0.12762236595153809, 'train_loss_total': 1.231512188911438, 'max_memory_allocated': 10522044928, 'max_memory_reserved': 32321306624}
[WSI] epoch=8 iteration=1221 slide=normal_104 N=19 {'train_loss_cls': 0.5390625, 'train_loss_sr': 0.146067276597023, 'train_loss_total': 0.5536692142486572, 'max_memory_allocated': 14216944128, 'max_memory_reserved': 32321306624}
[WSI] epoch=8 iteration=1222 slide=normal_087 N=11 {'train_loss_cls': 0.54296875, 'train_loss_sr': 0.18421727418899536, 'train_loss_total': 0.5613904595375061, 'max_memory_allocated': 8305953280, 'max_memory_reserved': 32321306624}
[WSI] epoch=8 iteration=1223 slide=tumor_027 N=13 {'train_loss_cls': 1.0234375, 'train_loss_sr': 0.1963043510913849, 'train_loss_total': 1.0430679321289062, 'max_memory_allocated': 9783126528, 'max_memory_reserved': 32321306624}
[WSI] epoch=8 iteration=1224 slide=normal_083 N=3 {'train_loss_cls': 0.326171875, 'train_loss_sr': 0.17764076590538025, 'train_loss_total': 0.3439359664916992, 'max_memory_allocated': 2395040768, 'max_memory_reserved': 32321306624}
[WSI] epoch=8 iteration=1225 slide=normal_148 N=5 {'train_loss_cls': 0.75, 'train_loss_sr': 0.14269235730171204, 'train_loss_total': 0.764269232749939, 'max_memory_allocated': 3873659392, 'max_memory_reserved': 32321306624}
[WSI] epoch=8 iteration=1226 slide=normal_031 N=6 {'train_loss_cls': 0.6328125, 'train_loss_sr': 0.17427675426006317, 'train_loss_total': 0.6502401828765869, 'max_memory_allocated': 4612949504, 'max_memory_reserved': 32321306624}
[WSI] epoch=8 iteration=1227 slide=tumor_073 N=19 {'train_loss_cls': 0.703125, 'train_loss_sr': 0.11827917397022247, 'train_loss_total': 0.7149529457092285, 'max_memory_allocated': 14217898496, 'max_memory_reserved': 32321306624}
[WSI] epoch=8 iteration=1228 slide=normal_089 N=20 {'train_loss_cls': 0.404296875, 'train_loss_sr': 0.12105575203895569, 'train_loss_total': 0.4164024591445923, 'max_memory_allocated': 14956259840, 'max_memory_reserved': 32321306624}
[WSI] epoch=8 iteration=1229 slide=tumor_081 N=6 {'train_loss_cls': 0.8671875, 'train_loss_sr': 0.11225416511297226, 'train_loss_total': 0.8784129023551941, 'max_memory_allocated': 4612004864, 'max_memory_reserved': 32321306624}
[gradient] slide_id=normal_095 N=14 {'rdn': 1.061319351196289, 'region_encoder': 0.0, 'abmil': 0.17252779006958008, 'classifier': 5.709782600402832, 'p2w': 0.23083806037902832}
[WSI] epoch=8 iteration=1230 slide=normal_095 N=14 {'train_loss_cls': 0.484375, 'train_loss_sr': 0.16372182965278625, 'train_loss_total': 0.5007472038269043, 'max_memory_allocated': 10522632192, 'max_memory_reserved': 32321306624}
[WSI] epoch=8 iteration=1231 slide=tumor_021 N=16 {'train_loss_cls': 0.625, 'train_loss_sr': 0.17193996906280518, 'train_loss_total': 0.6421939730644226, 'max_memory_allocated': 12000778752, 'max_memory_reserved': 32321306624}
[WSI] epoch=8 iteration=1232 slide=normal_120 N=10 {'train_loss_cls': 0.470703125, 'train_loss_sr': 0.1534167230129242, 'train_loss_total': 0.4860447943210602, 'max_memory_allocated': 7566551552, 'max_memory_reserved': 32321306624}
[WSI] epoch=8 iteration=1233 slide=normal_088 N=14 {'train_loss_cls': 0.44921875, 'train_loss_sr': 0.14737465977668762, 'train_loss_total': 0.46395620703697205, 'max_memory_allocated': 10522286592, 'max_memory_reserved': 32321306624}
[WSI] epoch=8 iteration=1234 slide=tumor_048 N=15 {'train_loss_cls': 0.875, 'train_loss_sr': 0.14419874548912048, 'train_loss_total': 0.8894198536872864, 'max_memory_allocated': 11262851584, 'max_memory_reserved': 32321306624}
[WSI] epoch=8 iteration=1235 slide=normal_038 N=1 {'train_loss_cls': 0.53515625, 'train_loss_sr': 0.08259361982345581, 'train_loss_total': 0.5434156060218811, 'max_memory_allocated': 916474880, 'max_memory_reserved': 32321306624}
[WSI] epoch=8 iteration=1236 slide=tumor_082 N=3 {'train_loss_cls': 0.80078125, 'train_loss_sr': 0.0742541030049324, 'train_loss_total': 0.8082066774368286, 'max_memory_allocated': 2394115072, 'max_memory_reserved': 32321306624}
[WSI] epoch=8 iteration=1237 slide=tumor_072 N=20 {'train_loss_cls': 0.71484375, 'train_loss_sr': 0.11684207618236542, 'train_loss_total': 0.7265279293060303, 'max_memory_allocated': 14956718592, 'max_memory_reserved': 32321306624}
[WSI] epoch=8 iteration=1238 slide=normal_159 N=14 {'train_loss_cls': 0.474609375, 'train_loss_sr': 0.12729117274284363, 'train_loss_total': 0.48733848333358765, 'max_memory_allocated': 10522286592, 'max_memory_reserved': 32321306624}
[WSI] epoch=8 iteration=1239 slide=tumor_011 N=6 {'train_loss_cls': 0.95703125, 'train_loss_sr': 0.13859614729881287, 'train_loss_total': 0.9708908796310425, 'max_memory_allocated': 4612426752, 'max_memory_reserved': 32321306624}
[gradient] slide_id=normal_047 N=5 {'rdn': 1.0498056411743164, 'region_encoder': 0.0, 'abmil': 0.12793320417404175, 'classifier': 4.347299575805664, 'p2w': 0.18414746224880219}
[WSI] epoch=8 iteration=1240 slide=normal_047 N=5 {'train_loss_cls': 0.451171875, 'train_loss_sr': 0.1696692705154419, 'train_loss_total': 0.46813881397247314, 'max_memory_allocated': 3872479744, 'max_memory_reserved': 32321306624}
[WSI] epoch=8 iteration=1241 slide=tumor_074 N=5 {'train_loss_cls': 0.67578125, 'train_loss_sr': 0.10862921178340912, 'train_loss_total': 0.6866441965103149, 'max_memory_allocated': 3872827904, 'max_memory_reserved': 32321306624}
[WSI] epoch=8 iteration=1242 slide=tumor_008 N=14 {'train_loss_cls': 0.90234375, 'train_loss_sr': 0.1458883136510849, 'train_loss_total': 0.9169325828552246, 'max_memory_allocated': 10523003392, 'max_memory_reserved': 32321306624}
[WSI] epoch=8 iteration=1243 slide=tumor_044 N=12 {'train_loss_cls': 0.421875, 'train_loss_sr': 0.1492041051387787, 'train_loss_total': 0.4367954134941101, 'max_memory_allocated': 9045358080, 'max_memory_reserved': 32321306624}
[WSI] epoch=8 iteration=1244 slide=tumor_003 N=7 {'train_loss_cls': 1.1015625, 'train_loss_sr': 0.10696947574615479, 'train_loss_total': 1.1122593879699707, 'max_memory_allocated': 5349792256, 'max_memory_reserved': 32321306624}
[WSI] epoch=8 iteration=1245 slide=tumor_079 N=14 {'train_loss_cls': 0.55078125, 'train_loss_sr': 0.08255992084741592, 'train_loss_total': 0.5590372681617737, 'max_memory_allocated': 10522597888, 'max_memory_reserved': 32321306624}
[WSI] epoch=8 iteration=1246 slide=tumor_097 N=18 {'train_loss_cls': 0.62890625, 'train_loss_sr': 0.10969432443380356, 'train_loss_total': 0.6398757100105286, 'max_memory_allocated': 13478707200, 'max_memory_reserved': 32321306624}
[WSI] epoch=8 iteration=1247 slide=normal_157 N=16 {'train_loss_cls': 0.77734375, 'train_loss_sr': 0.11298704892396927, 'train_loss_total': 0.7886424660682678, 'max_memory_allocated': 12001209856, 'max_memory_reserved': 32321306624}
[WSI] epoch=8 iteration=1248 slide=normal_093 N=8 {'train_loss_cls': 0.416015625, 'train_loss_sr': 0.12816619873046875, 'train_loss_total': 0.4288322329521179, 'max_memory_allocated': 6089120256, 'max_memory_reserved': 32321306624}
[WSI] epoch=8 iteration=1249 slide=tumor_054 N=17 {'train_loss_cls': 0.62109375, 'train_loss_sr': 0.12582367658615112, 'train_loss_total': 0.6336761116981506, 'max_memory_allocated': 12740061696, 'max_memory_reserved': 32321306624}
[gradient] slide_id=tumor_080 N=6 {'rdn': 0.9605104923248291, 'region_encoder': 0.0, 'abmil': 0.0453188493847847, 'classifier': 4.933833599090576, 'p2w': 0.23792217671871185}
[WSI] epoch=8 iteration=1250 slide=tumor_080 N=6 {'train_loss_cls': 0.57421875, 'train_loss_sr': 0.12154899537563324, 'train_loss_total': 0.5863736271858215, 'max_memory_allocated': 4612537344, 'max_memory_reserved': 32321306624}
[WSI] epoch=8 iteration=1251 slide=normal_040 N=16 {'train_loss_cls': 0.84765625, 'train_loss_sr': 0.13205201923847198, 'train_loss_total': 0.8608614802360535, 'max_memory_allocated': 12002638336, 'max_memory_reserved': 32321306624}
[WSI] epoch=8 iteration=1252 slide=normal_068 N=6 {'train_loss_cls': 1.0078125, 'train_loss_sr': 0.12098647654056549, 'train_loss_total': 1.0199111700057983, 'max_memory_allocated': 4613000192, 'max_memory_reserved': 32321306624}
[WSI] epoch=8 iteration=1253 slide=tumor_071 N=12 {'train_loss_cls': 0.400390625, 'train_loss_sr': 0.126811221241951, 'train_loss_total': 0.41307175159454346, 'max_memory_allocated': 9045051904, 'max_memory_reserved': 32321306624}
[WSI] epoch=8 iteration=1254 slide=normal_156 N=13 {'train_loss_cls': 0.73828125, 'train_loss_sr': 0.09161549806594849, 'train_loss_total': 0.7474427819252014, 'max_memory_allocated': 9783126528, 'max_memory_reserved': 32321306624}
[WSI] epoch=8 iteration=1255 slide=normal_022 N=6 {'train_loss_cls': 0.65234375, 'train_loss_sr': 0.10890477895736694, 'train_loss_total': 0.6632342338562012, 'max_memory_allocated': 4612426752, 'max_memory_reserved': 32321306624}
[WSI] epoch=8 iteration=1256 slide=normal_096 N=7 {'train_loss_cls': 0.52734375, 'train_loss_sr': 0.09954031556844711, 'train_loss_total': 0.537297785282135, 'max_memory_allocated': 5350099456, 'max_memory_reserved': 32321306624}
[WSI] epoch=8 iteration=1257 slide=normal_041 N=7 {'train_loss_cls': 0.64453125, 'train_loss_sr': 0.09804162383079529, 'train_loss_total': 0.6543354392051697, 'max_memory_allocated': 5349792256, 'max_memory_reserved': 32321306624}
[WSI] epoch=8 iteration=1258 slide=tumor_017 N=9 {'train_loss_cls': 0.390625, 'train_loss_sr': 0.11894556879997253, 'train_loss_total': 0.402519553899765, 'max_memory_allocated': 6828051456, 'max_memory_reserved': 32321306624}
[WSI] epoch=8 iteration=1259 slide=tumor_102 N=35 {'train_loss_cls': 0.439453125, 'train_loss_sr': 0.12196654081344604, 'train_loss_total': 0.4516497850418091, 'max_memory_allocated': 26041850880, 'max_memory_reserved': 32321306624}
[gradient] slide_id=normal_079 N=8 {'rdn': 1.3693675994873047, 'region_encoder': 0.0, 'abmil': 0.08400970697402954, 'classifier': 5.194347858428955, 'p2w': 0.514721691608429}
[WSI] epoch=8 iteration=1260 slide=normal_079 N=8 {'train_loss_cls': 0.69140625, 'train_loss_sr': 0.09818463027477264, 'train_loss_total': 0.701224684715271, 'max_memory_allocated': 6088251904, 'max_memory_reserved': 32321306624}
[WSI] epoch=8 iteration=1261 slide=normal_007 N=3 {'train_loss_cls': 0.78125, 'train_loss_sr': 0.11162713170051575, 'train_loss_total': 0.7924126982688904, 'max_memory_allocated': 2395294720, 'max_memory_reserved': 32321306624}
[WSI] epoch=8 iteration=1262 slide=tumor_060 N=6 {'train_loss_cls': 0.466796875, 'train_loss_sr': 0.06969557702541351, 'train_loss_total': 0.4737664461135864, 'max_memory_allocated': 4611984384, 'max_memory_reserved': 32321306624}
[WSI] epoch=8 iteration=1263 slide=normal_139 N=12 {'train_loss_cls': 0.73828125, 'train_loss_sr': 0.0665740817785263, 'train_loss_total': 0.7449386715888977, 'max_memory_allocated': 9045088768, 'max_memory_reserved': 32321306624}
[WSI] epoch=8 iteration=1264 slide=tumor_107 N=6 {'train_loss_cls': 0.1806640625, 'train_loss_sr': 0.11262311786413193, 'train_loss_total': 0.19192637503147125, 'max_memory_allocated': 4613324800, 'max_memory_reserved': 32321306624}
[WSI] epoch=8 iteration=1265 slide=normal_116 N=8 {'train_loss_cls': 0.494140625, 'train_loss_sr': 0.13696642220020294, 'train_loss_total': 0.5078372955322266, 'max_memory_allocated': 6089136640, 'max_memory_reserved': 32321306624}
[WSI] epoch=8 iteration=1266 slide=tumor_068 N=15 {'train_loss_cls': 0.61328125, 'train_loss_sr': 0.14994248747825623, 'train_loss_total': 0.6282755136489868, 'max_memory_allocated': 11263019520, 'max_memory_reserved': 32321306624}
[WSI] epoch=8 iteration=1267 slide=normal_136 N=15 {'train_loss_cls': 0.546875, 'train_loss_sr': 0.11732535809278488, 'train_loss_total': 0.5586075186729431, 'max_memory_allocated': 11262319104, 'max_memory_reserved': 32321306624}
[WSI] epoch=8 iteration=1268 slide=normal_133 N=10 {'train_loss_cls': 0.2177734375, 'train_loss_sr': 0.09378048032522202, 'train_loss_total': 0.22715148329734802, 'max_memory_allocated': 7566625280, 'max_memory_reserved': 32321306624}
[WSI] epoch=8 iteration=1269 slide=tumor_058 N=5 {'train_loss_cls': 0.671875, 'train_loss_sr': 0.13714474439620972, 'train_loss_total': 0.6855894923210144, 'max_memory_allocated': 3872217600, 'max_memory_reserved': 32321306624}
[gradient] slide_id=normal_121 N=13 {'rdn': 1.2446980476379395, 'region_encoder': 0.0, 'abmil': 0.3168698251247406, 'classifier': 2.505613088607788, 'p2w': 0.6153140068054199}
[WSI] epoch=8 iteration=1270 slide=normal_121 N=13 {'train_loss_cls': 0.251953125, 'train_loss_sr': 0.08862566947937012, 'train_loss_total': 0.26081568002700806, 'max_memory_allocated': 9783171584, 'max_memory_reserved': 32321306624}
[WSI] epoch=8 iteration=1271 slide=tumor_046 N=19 {'train_loss_cls': 0.8203125, 'train_loss_sr': 0.13178950548171997, 'train_loss_total': 0.8334914445877075, 'max_memory_allocated': 14217703936, 'max_memory_reserved': 32321306624}
[WSI] epoch=8 iteration=1272 slide=normal_103 N=8 {'train_loss_cls': 0.58984375, 'train_loss_sr': 0.08020585775375366, 'train_loss_total': 0.5978643298149109, 'max_memory_allocated': 6088382976, 'max_memory_reserved': 32321306624}
[WSI] epoch=8 iteration=1273 slide=normal_084 N=1 {'train_loss_cls': 0.1953125, 'train_loss_sr': 0.09402009844779968, 'train_loss_total': 0.20471450686454773, 'max_memory_allocated': 917043712, 'max_memory_reserved': 32321306624}
[WSI] epoch=8 iteration=1274 slide=normal_052 N=15 {'train_loss_cls': 0.306640625, 'train_loss_sr': 0.13363029062747955, 'train_loss_total': 0.3200036585330963, 'max_memory_allocated': 11262319104, 'max_memory_reserved': 32321306624}
[WSI] epoch=8 iteration=1275 slide=normal_053 N=18 {'train_loss_cls': 0.173828125, 'train_loss_sr': 0.13600225746631622, 'train_loss_total': 0.18742835521697998, 'max_memory_allocated': 13478754304, 'max_memory_reserved': 32321306624}
[WSI] epoch=8 iteration=1276 slide=tumor_038 N=2 {'train_loss_cls': 0.5390625, 'train_loss_sr': 0.15879571437835693, 'train_loss_total': 0.5549420714378357, 'max_memory_allocated': 1708325376, 'max_memory_reserved': 32321306624}
[WSI] epoch=8 iteration=1277 slide=tumor_108 N=22 {'train_loss_cls': 0.384765625, 'train_loss_sr': 0.10673382878303528, 'train_loss_total': 0.3954389989376068, 'max_memory_allocated': 16433895936, 'max_memory_reserved': 32321306624}
[WSI] epoch=8 iteration=1278 slide=tumor_084 N=9 {'train_loss_cls': 0.71875, 'train_loss_sr': 0.1331804096698761, 'train_loss_total': 0.7320680618286133, 'max_memory_allocated': 6827457024, 'max_memory_reserved': 32321306624}
[WSI] epoch=8 iteration=1279 slide=tumor_004 N=15 {'train_loss_cls': 0.9296875, 'train_loss_sr': 0.1224542111158371, 'train_loss_total': 0.9419329166412354, 'max_memory_allocated': 11262298624, 'max_memory_reserved': 32321306624}
[gradient] slide_id=normal_145 N=20 {'rdn': 1.4861451387405396, 'region_encoder': 0.0, 'abmil': 0.11966583132743835, 'classifier': 4.5318803787231445, 'p2w': 0.5605140924453735}
[WSI] epoch=8 iteration=1280 slide=normal_145 N=20 {'train_loss_cls': 0.609375, 'train_loss_sr': 0.1009213775396347, 'train_loss_total': 0.6194671392440796, 'max_memory_allocated': 14956386816, 'max_memory_reserved': 32321306624}
[WSI] epoch=8 iteration=1281 slide=normal_035 N=1 {'train_loss_cls': 0.447265625, 'train_loss_sr': 0.11030569672584534, 'train_loss_total': 0.45829617977142334, 'max_memory_allocated': 916147200, 'max_memory_reserved': 32321306624}
[WSI] epoch=8 iteration=1282 slide=tumor_111 N=4 {'train_loss_cls': 0.6171875, 'train_loss_sr': 0.10566319525241852, 'train_loss_total': 0.6277537941932678, 'max_memory_allocated': 3132226048, 'max_memory_reserved': 32321306624}
[WSI] epoch=8 iteration=1283 slide=tumor_012 N=7 {'train_loss_cls': 0.84765625, 'train_loss_sr': 0.1495777666568756, 'train_loss_total': 0.8626140356063843, 'max_memory_allocated': 5349882368, 'max_memory_reserved': 32321306624}
[WSI] epoch=8 iteration=1284 slide=normal_036 N=7 {'train_loss_cls': 0.208984375, 'train_loss_sr': 0.1636997014284134, 'train_loss_total': 0.22535434365272522, 'max_memory_allocated': 5349644800, 'max_memory_reserved': 32321306624}
[WSI] epoch=8 iteration=1285 slide=normal_066 N=26 {'train_loss_cls': 0.625, 'train_loss_sr': 0.13793441653251648, 'train_loss_total': 0.6387934684753418, 'max_memory_allocated': 19391306240, 'max_memory_reserved': 32321306624}
[WSI] epoch=8 iteration=1286 slide=normal_061 N=12 {'train_loss_cls': 0.36328125, 'train_loss_sr': 0.15647131204605103, 'train_loss_total': 0.37892839312553406, 'max_memory_allocated': 9045244416, 'max_memory_reserved': 32321306624}
[WSI] epoch=8 iteration=1287 slide=normal_015 N=5 {'train_loss_cls': 0.73828125, 'train_loss_sr': 0.14473819732666016, 'train_loss_total': 0.7527550458908081, 'max_memory_allocated': 3873479680, 'max_memory_reserved': 32321306624}
[WSI] epoch=8 iteration=1288 slide=normal_154 N=20 {'train_loss_cls': 0.6484375, 'train_loss_sr': 0.09749583899974823, 'train_loss_total': 0.6581870913505554, 'max_memory_allocated': 14956287488, 'max_memory_reserved': 32321306624}
[WSI] epoch=8 iteration=1289 slide=tumor_050 N=10 {'train_loss_cls': 0.7421875, 'train_loss_sr': 0.12956419587135315, 'train_loss_total': 0.755143940448761, 'max_memory_allocated': 7566627328, 'max_memory_reserved': 32321306624}
[gradient] slide_id=normal_002 N=2 {'rdn': 1.406502604484558, 'region_encoder': 0.0, 'abmil': 0.013488094322383404, 'classifier': 4.863009452819824, 'p2w': 0.6342069506645203}
[WSI] epoch=8 iteration=1290 slide=normal_002 N=2 {'train_loss_cls': 0.431640625, 'train_loss_sr': 0.11758624762296677, 'train_loss_total': 0.44339925050735474, 'max_memory_allocated': 1706789376, 'max_memory_reserved': 32321306624}
[WSI] epoch=8 iteration=1291 slide=normal_039 N=9 {'train_loss_cls': 0.439453125, 'train_loss_sr': 0.09826935827732086, 'train_loss_total': 0.4492800533771515, 'max_memory_allocated': 6827332096, 'max_memory_reserved': 32321306624}
[WSI] epoch=8 iteration=1292 slide=tumor_086 N=23 {'train_loss_cls': 0.490234375, 'train_loss_sr': 0.09864585101604462, 'train_loss_total': 0.5000989437103271, 'max_memory_allocated': 17173604864, 'max_memory_reserved': 32321306624}
[WSI] epoch=8 iteration=1293 slide=tumor_020 N=7 {'train_loss_cls': 0.32421875, 'train_loss_sr': 0.11411353945732117, 'train_loss_total': 0.3356301188468933, 'max_memory_allocated': 5349689856, 'max_memory_reserved': 32321306624}
[WSI] epoch=8 iteration=1294 slide=tumor_039 N=4 {'train_loss_cls': 0.59375, 'train_loss_sr': 0.10055545717477798, 'train_loss_total': 0.6038055419921875, 'max_memory_allocated': 3133020672, 'max_memory_reserved': 32321306624}
[WSI] epoch=8 iteration=1295 slide=tumor_025 N=9 {'train_loss_cls': 0.83984375, 'train_loss_sr': 0.1383839249610901, 'train_loss_total': 0.8536821603775024, 'max_memory_allocated': 6827366912, 'max_memory_reserved': 32321306624}
[WSI] epoch=8 iteration=1296 slide=tumor_088 N=12 {'train_loss_cls': 0.54296875, 'train_loss_sr': 0.13730104267597198, 'train_loss_total': 0.5566988587379456, 'max_memory_allocated': 9045336576, 'max_memory_reserved': 32321306624}
[WSI] epoch=8 iteration=1297 slide=normal_097 N=17 {'train_loss_cls': 0.3671875, 'train_loss_sr': 0.16467510163784027, 'train_loss_total': 0.38365501165390015, 'max_memory_allocated': 12740382720, 'max_memory_reserved': 32321306624}
[WSI] epoch=8 iteration=1298 slide=normal_058 N=7 {'train_loss_cls': 0.26171875, 'train_loss_sr': 0.1633717268705368, 'train_loss_total': 0.27805593609809875, 'max_memory_allocated': 5350566400, 'max_memory_reserved': 32321306624}
[WSI] epoch=8 iteration=1299 slide=tumor_078 N=15 {'train_loss_cls': 0.66796875, 'train_loss_sr': 0.0971464216709137, 'train_loss_total': 0.677683413028717, 'max_memory_allocated': 11262229504, 'max_memory_reserved': 32321306624}
[gradient] slide_id=tumor_047 N=15 {'rdn': 0.9258353114128113, 'region_encoder': 0.0, 'abmil': 0.09650968760251999, 'classifier': 6.720388412475586, 'p2w': 0.18102213740348816}
[WSI] epoch=8 iteration=1300 slide=tumor_047 N=15 {'train_loss_cls': 0.44140625, 'train_loss_sr': 0.13188773393630981, 'train_loss_total': 0.45459502935409546, 'max_memory_allocated': 11262097920, 'max_memory_reserved': 32321306624}
[WSI] epoch=8 iteration=1301 slide=tumor_105 N=6 {'train_loss_cls': 0.6015625, 'train_loss_sr': 0.12052660435438156, 'train_loss_total': 0.6136151552200317, 'max_memory_allocated': 4611984384, 'max_memory_reserved': 32321306624}
[WSI] epoch=8 iteration=1302 slide=normal_126 N=17 {'train_loss_cls': 0.6953125, 'train_loss_sr': 0.10267412662506104, 'train_loss_total': 0.705579936504364, 'max_memory_allocated': 12739238400, 'max_memory_reserved': 32321306624}
[WSI] epoch=8 iteration=1303 slide=tumor_095 N=29 {'train_loss_cls': 0.71484375, 'train_loss_sr': 0.09036293625831604, 'train_loss_total': 0.7238800525665283, 'max_memory_allocated': 21607025152, 'max_memory_reserved': 32321306624}
[WSI] epoch=8 iteration=1304 slide=normal_070 N=16 {'train_loss_cls': 1.0, 'train_loss_sr': 0.15609848499298096, 'train_loss_total': 1.015609860420227, 'max_memory_allocated': 12001445376, 'max_memory_reserved': 32321306624}
[WSI] epoch=8 iteration=1305 slide=tumor_035 N=4 {'train_loss_cls': 0.3125, 'train_loss_sr': 0.17581455409526825, 'train_loss_total': 0.3300814628601074, 'max_memory_allocated': 3132537344, 'max_memory_reserved': 32321306624}
[WSI] epoch=8 iteration=1306 slide=normal_085 N=5 {'train_loss_cls': 0.86328125, 'train_loss_sr': 0.14278826117515564, 'train_loss_total': 0.8775600790977478, 'max_memory_allocated': 3872338432, 'max_memory_reserved': 32321306624}
[WSI] epoch=8 iteration=1307 slide=tumor_066 N=7 {'train_loss_cls': 0.70703125, 'train_loss_sr': 0.12678691744804382, 'train_loss_total': 0.7197099328041077, 'max_memory_allocated': 5349792256, 'max_memory_reserved': 32321306624}
[WSI] epoch=8 iteration=1308 slide=tumor_087 N=10 {'train_loss_cls': 0.40234375, 'train_loss_sr': 0.10526613891124725, 'train_loss_total': 0.4128703773021698, 'max_memory_allocated': 7566088704, 'max_memory_reserved': 32321306624}
[WSI] epoch=8 iteration=1309 slide=normal_124 N=19 {'train_loss_cls': 0.1259765625, 'train_loss_sr': 0.10495386272668839, 'train_loss_total': 0.1364719420671463, 'max_memory_allocated': 14218054144, 'max_memory_reserved': 32321306624}
[gradient] slide_id=normal_151 N=16 {'rdn': 2.3428704738616943, 'region_encoder': 0.0, 'abmil': 0.6799045205116272, 'classifier': 4.857810974121094, 'p2w': 0.5530479550361633}
[WSI] epoch=8 iteration=1310 slide=normal_151 N=16 {'train_loss_cls': 0.482421875, 'train_loss_sr': 0.10698579996824265, 'train_loss_total': 0.4931204617023468, 'max_memory_allocated': 12001438208, 'max_memory_reserved': 32321306624}
[WSI] epoch=8 iteration=1311 slide=tumor_002 N=5 {'train_loss_cls': 0.76953125, 'train_loss_sr': 0.15051957964897156, 'train_loss_total': 0.7845832109451294, 'max_memory_allocated': 3872590336, 'max_memory_reserved': 32321306624}
[WSI] epoch=8 iteration=1312 slide=normal_014 N=2 {'train_loss_cls': 0.458984375, 'train_loss_sr': 0.2127600759267807, 'train_loss_total': 0.48026037216186523, 'max_memory_allocated': 1707031040, 'max_memory_reserved': 32321306624}
[WSI] epoch=8 iteration=1313 slide=normal_062 N=2 {'train_loss_cls': 0.74609375, 'train_loss_sr': 0.09261813014745712, 'train_loss_total': 0.7553555369377136, 'max_memory_allocated': 1706940928, 'max_memory_reserved': 32321306624}
[WSI] epoch=8 iteration=1314 slide=normal_078 N=6 {'train_loss_cls': 0.6328125, 'train_loss_sr': 0.174591526389122, 'train_loss_total': 0.6502716541290283, 'max_memory_allocated': 4612631552, 'max_memory_reserved': 32321306624}
[WSI] epoch=8 iteration=1315 slide=normal_128 N=11 {'train_loss_cls': 0.8046875, 'train_loss_sr': 0.12943975627422333, 'train_loss_total': 0.8176314830780029, 'max_memory_allocated': 8305752576, 'max_memory_reserved': 32321306624}
[WSI] epoch=8 iteration=1316 slide=tumor_043 N=4 {'train_loss_cls': 0.41015625, 'train_loss_sr': 0.17479348182678223, 'train_loss_total': 0.4276356101036072, 'max_memory_allocated': 3132537344, 'max_memory_reserved': 32321306624}
[WSI] epoch=8 iteration=1317 slide=tumor_089 N=26 {'train_loss_cls': 0.380859375, 'train_loss_sr': 0.1568373292684555, 'train_loss_total': 0.39654311537742615, 'max_memory_allocated': 19390421504, 'max_memory_reserved': 32321306624}
[WSI] epoch=8 iteration=1318 slide=tumor_052 N=15 {'train_loss_cls': 1.0703125, 'train_loss_sr': 0.2107037901878357, 'train_loss_total': 1.0913828611373901, 'max_memory_allocated': 11262704128, 'max_memory_reserved': 32321306624}
[WSI] epoch=8 iteration=1319 slide=tumor_009 N=12 {'train_loss_cls': 0.48046875, 'train_loss_sr': 0.16651403903961182, 'train_loss_total': 0.4971201419830322, 'max_memory_allocated': 9044777472, 'max_memory_reserved': 32321306624}
[gradient] slide_id=tumor_019 N=2 {'rdn': 1.6378811597824097, 'region_encoder': 0.0, 'abmil': 0.21231414377689362, 'classifier': 4.608545303344727, 'p2w': 0.6688411831855774}
[WSI] epoch=8 iteration=1320 slide=tumor_019 N=2 {'train_loss_cls': 0.435546875, 'train_loss_sr': 0.1801338791847229, 'train_loss_total': 0.4535602629184723, 'max_memory_allocated': 1706789376, 'max_memory_reserved': 32321306624}
[WSI] epoch=8 iteration=1321 slide=normal_003 N=7 {'train_loss_cls': 0.625, 'train_loss_sr': 0.15663862228393555, 'train_loss_total': 0.6406638622283936, 'max_memory_allocated': 5350165504, 'max_memory_reserved': 32321306624}
[WSI] epoch=8 iteration=1322 slide=normal_077 N=5 {'train_loss_cls': 1.0234375, 'train_loss_sr': 0.1639261245727539, 'train_loss_total': 1.0398300886154175, 'max_memory_allocated': 3872848384, 'max_memory_reserved': 32321306624}
[WSI] epoch=8 iteration=1323 slide=normal_100 N=8 {'train_loss_cls': 1.078125, 'train_loss_sr': 0.16457101702690125, 'train_loss_total': 1.0945820808410645, 'max_memory_allocated': 6088473088, 'max_memory_reserved': 32321306624}
[WSI] epoch=8 iteration=1324 slide=tumor_016 N=5 {'train_loss_cls': 0.15625, 'train_loss_sr': 0.21029359102249146, 'train_loss_total': 0.17727935314178467, 'max_memory_allocated': 3872868864, 'max_memory_reserved': 32321306624}
[WSI] epoch=8 iteration=1325 slide=normal_155 N=11 {'train_loss_cls': 0.30078125, 'train_loss_sr': 0.21688243746757507, 'train_loss_total': 0.3224695026874542, 'max_memory_allocated': 8305653760, 'max_memory_reserved': 32321306624}
[WSI] epoch=8 iteration=1326 slide=tumor_083 N=14 {'train_loss_cls': 0.2119140625, 'train_loss_sr': 0.17892473936080933, 'train_loss_total': 0.2298065423965454, 'max_memory_allocated': 10523134464, 'max_memory_reserved': 32321306624}
[WSI] epoch=8 iteration=1327 slide=normal_108 N=2 {'train_loss_cls': 0.251953125, 'train_loss_sr': 0.15226121246814728, 'train_loss_total': 0.2671792507171631, 'max_memory_allocated': 1707051520, 'max_memory_reserved': 32321306624}
[WSI] epoch=8 iteration=1328 slide=normal_105 N=12 {'train_loss_cls': 0.77734375, 'train_loss_sr': 0.10735482722520828, 'train_loss_total': 0.7880792617797852, 'max_memory_allocated': 9044581888, 'max_memory_reserved': 32321306624}
[WSI] epoch=8 iteration=1329 slide=tumor_001 N=7 {'train_loss_cls': 0.828125, 'train_loss_sr': 0.1537233591079712, 'train_loss_total': 0.8434973359107971, 'max_memory_allocated': 5349625856, 'max_memory_reserved': 32321306624}
[gradient] slide_id=tumor_007 N=12 {'rdn': 1.5944509506225586, 'region_encoder': 0.0, 'abmil': 0.1761019378900528, 'classifier': 4.670690059661865, 'p2w': 0.5618135929107666}
[WSI] epoch=8 iteration=1330 slide=tumor_007 N=12 {'train_loss_cls': 0.51953125, 'train_loss_sr': 0.18848708271980286, 'train_loss_total': 0.538379967212677, 'max_memory_allocated': 9044764672, 'max_memory_reserved': 32321306624}
[WSI] epoch=8 iteration=1331 slide=normal_018 N=3 {'train_loss_cls': 0.263671875, 'train_loss_sr': 0.2172185778617859, 'train_loss_total': 0.28539374470710754, 'max_memory_allocated': 2395274240, 'max_memory_reserved': 32321306624}
[WSI] epoch=8 iteration=1332 slide=tumor_028 N=17 {'train_loss_cls': 0.470703125, 'train_loss_sr': 0.18133294582366943, 'train_loss_total': 0.488836407661438, 'max_memory_allocated': 12739721728, 'max_memory_reserved': 32321306624}
[WSI] epoch=8 iteration=1333 slide=normal_080 N=15 {'train_loss_cls': 0.53515625, 'train_loss_sr': 0.15551702678203583, 'train_loss_total': 0.5507079362869263, 'max_memory_allocated': 11263314432, 'max_memory_reserved': 32321306624}
[WSI] epoch=8 iteration=1334 slide=normal_135 N=13 {'train_loss_cls': 0.1748046875, 'train_loss_sr': 0.11919719725847244, 'train_loss_total': 0.18672440946102142, 'max_memory_allocated': 9783147008, 'max_memory_reserved': 32321306624}
[WSI] epoch=8 iteration=1335 slide=tumor_103 N=18 {'train_loss_cls': 0.5234375, 'train_loss_sr': 0.13785436749458313, 'train_loss_total': 0.5372229218482971, 'max_memory_allocated': 13478738432, 'max_memory_reserved': 32321306624}
[WSI] epoch=8 iteration=1336 slide=normal_048 N=3 {'train_loss_cls': 0.875, 'train_loss_sr': 0.18898838758468628, 'train_loss_total': 0.8938988447189331, 'max_memory_allocated': 2394467328, 'max_memory_reserved': 32321306624}
[WSI] epoch=8 iteration=1337 slide=tumor_106 N=22 {'train_loss_cls': 0.373046875, 'train_loss_sr': 0.1405400037765503, 'train_loss_total': 0.38710087537765503, 'max_memory_allocated': 16434489856, 'max_memory_reserved': 32321306624}
[WSI] epoch=8 iteration=1338 slide=normal_065 N=6 {'train_loss_cls': 1.15625, 'train_loss_sr': 0.1414080560207367, 'train_loss_total': 1.1703908443450928, 'max_memory_allocated': 4612316160, 'max_memory_reserved': 32321306624}
[WSI] epoch=8 iteration=1339 slide=normal_111 N=31 {'train_loss_cls': 1.0, 'train_loss_sr': 0.11731410026550293, 'train_loss_total': 1.0117313861846924, 'max_memory_allocated': 23085210112, 'max_memory_reserved': 32321306624}
[gradient] slide_id=normal_011 N=14 {'rdn': 1.6171069145202637, 'region_encoder': 0.0, 'abmil': 0.048198945820331573, 'classifier': 4.645360946655273, 'p2w': 0.4603577256202698}
[WSI] epoch=8 iteration=1340 slide=normal_011 N=14 {'train_loss_cls': 0.470703125, 'train_loss_sr': 0.20903685688972473, 'train_loss_total': 0.49160680174827576, 'max_memory_allocated': 10522314240, 'max_memory_reserved': 32321306624}
[WSI] epoch=8 iteration=1341 slide=normal_102 N=11 {'train_loss_cls': 0.71875, 'train_loss_sr': 0.20668496191501617, 'train_loss_total': 0.7394185066223145, 'max_memory_allocated': 8305634816, 'max_memory_reserved': 32321306624}
[WSI] epoch=8 iteration=1342 slide=normal_008 N=1 {'train_loss_cls': 0.06884765625, 'train_loss_sr': 0.16400301456451416, 'train_loss_total': 0.0852479562163353, 'max_memory_allocated': 916147200, 'max_memory_reserved': 32321306624}
[WSI] epoch=8 iteration=1343 slide=normal_037 N=8 {'train_loss_cls': 0.66015625, 'train_loss_sr': 0.20622777938842773, 'train_loss_total': 0.6807790398597717, 'max_memory_allocated': 6088161792, 'max_memory_reserved': 32321306624}
[WSI] epoch=8 iteration=1344 slide=normal_076 N=24 {'train_loss_cls': 0.412109375, 'train_loss_sr': 0.2070799469947815, 'train_loss_total': 0.43281736969947815, 'max_memory_allocated': 17912015360, 'max_memory_reserved': 32321306624}
[WSI] epoch=8 iteration=1345 slide=normal_113 N=19 {'train_loss_cls': 0.0771484375, 'train_loss_sr': 0.11508204787969589, 'train_loss_total': 0.08865664154291153, 'max_memory_allocated': 14217803776, 'max_memory_reserved': 32321306624}
[WSI] epoch=8 iteration=1346 slide=tumor_040 N=10 {'train_loss_cls': 0.6484375, 'train_loss_sr': 0.13904914259910583, 'train_loss_total': 0.6623424291610718, 'max_memory_allocated': 7566219776, 'max_memory_reserved': 32321306624}
[WSI] epoch=8 iteration=1347 slide=normal_044 N=4 {'train_loss_cls': 0.53125, 'train_loss_sr': 0.1873072385787964, 'train_loss_total': 0.5499807000160217, 'max_memory_allocated': 3133221376, 'max_memory_reserved': 32321306624}
[WSI] epoch=8 iteration=1348 slide=normal_071 N=5 {'train_loss_cls': 0.478515625, 'train_loss_sr': 0.1864655464887619, 'train_loss_total': 0.49716219305992126, 'max_memory_allocated': 3872773120, 'max_memory_reserved': 32321306624}
[WSI] epoch=8 iteration=1349 slide=normal_119 N=14 {'train_loss_cls': 0.1591796875, 'train_loss_sr': 0.12653174996376038, 'train_loss_total': 0.1718328595161438, 'max_memory_allocated': 10522155520, 'max_memory_reserved': 32321306624}
[gradient] slide_id=normal_063 N=7 {'rdn': 1.4533395767211914, 'region_encoder': 0.0, 'abmil': 0.2533719837665558, 'classifier': 4.2813544273376465, 'p2w': 0.6338580250740051}
[WSI] epoch=8 iteration=1350 slide=normal_063 N=7 {'train_loss_cls': 0.359375, 'train_loss_sr': 0.1541186422109604, 'train_loss_total': 0.3747868537902832, 'max_memory_allocated': 5350346752, 'max_memory_reserved': 32321306624}
[WSI] epoch=8 iteration=1351 slide=normal_006 N=1 {'train_loss_cls': 0.1953125, 'train_loss_sr': 0.10917457193136215, 'train_loss_total': 0.20622995495796204, 'max_memory_allocated': 916601344, 'max_memory_reserved': 32321306624}
[WSI] epoch=8 iteration=1352 slide=tumor_034 N=6 {'train_loss_cls': 0.84375, 'train_loss_sr': 0.18641746044158936, 'train_loss_total': 0.8623917698860168, 'max_memory_allocated': 4612004864, 'max_memory_reserved': 32321306624}
[WSI] epoch=8 iteration=1353 slide=normal_067 N=12 {'train_loss_cls': 0.119140625, 'train_loss_sr': 0.1748608946800232, 'train_loss_total': 0.1366267204284668, 'max_memory_allocated': 9044515328, 'max_memory_reserved': 32321306624}
[WSI] epoch=8 iteration=1354 slide=tumor_094 N=16 {'train_loss_cls': 1.4375, 'train_loss_sr': 0.10476228594779968, 'train_loss_total': 1.4479762315750122, 'max_memory_allocated': 12001659392, 'max_memory_reserved': 32321306624}
[WSI] epoch=8 iteration=1355 slide=tumor_098 N=9 {'train_loss_cls': 1.375, 'train_loss_sr': 0.15337751805782318, 'train_loss_total': 1.3903377056121826, 'max_memory_allocated': 6828472832, 'max_memory_reserved': 32321306624}
[WSI] epoch=8 iteration=1356 slide=normal_109 N=10 {'train_loss_cls': 0.251953125, 'train_loss_sr': 0.16293810307979584, 'train_loss_total': 0.26824694871902466, 'max_memory_allocated': 7566219776, 'max_memory_reserved': 32321306624}
[WSI] epoch=8 iteration=1357 slide=normal_153 N=12 {'train_loss_cls': 0.0286865234375, 'train_loss_sr': 0.1568666398525238, 'train_loss_total': 0.04437318816781044, 'max_memory_allocated': 9046288896, 'max_memory_reserved': 32321306624}
[WSI] epoch=8 iteration=1358 slide=normal_029 N=1 {'train_loss_cls': 0.057861328125, 'train_loss_sr': 0.18556946516036987, 'train_loss_total': 0.07641827315092087, 'max_memory_allocated': 917036032, 'max_memory_reserved': 32321306624}
[WSI] epoch=8 iteration=1359 slide=normal_054 N=1 {'train_loss_cls': 0.2138671875, 'train_loss_sr': 0.19518685340881348, 'train_loss_total': 0.2333858758211136, 'max_memory_allocated': 916147200, 'max_memory_reserved': 32321306624}
[gradient] slide_id=normal_106 N=15 {'rdn': 1.5691049098968506, 'region_encoder': 0.0, 'abmil': 0.055979982018470764, 'classifier': 3.6042063236236572, 'p2w': 0.6636192798614502}
[WSI] epoch=8 iteration=1360 slide=normal_106 N=15 {'train_loss_cls': 0.279296875, 'train_loss_sr': 0.18492461740970612, 'train_loss_total': 0.2977893352508545, 'max_memory_allocated': 11262298624, 'max_memory_reserved': 32321306624}
[WSI] epoch=8 iteration=1361 slide=tumor_015 N=27 {'train_loss_cls': 1.5546875, 'train_loss_sr': 0.1941545009613037, 'train_loss_total': 1.5741029977798462, 'max_memory_allocated': 20128891392, 'max_memory_reserved': 32321306624}
[WSI] epoch=8 iteration=1362 slide=normal_074 N=14 {'train_loss_cls': 0.0303955078125, 'train_loss_sr': 0.1518879383802414, 'train_loss_total': 0.0455843023955822, 'max_memory_allocated': 10522728960, 'max_memory_reserved': 32321306624}
[WSI] epoch=8 iteration=1363 slide=tumor_093 N=14 {'train_loss_cls': 2.625, 'train_loss_sr': 0.1004185602068901, 'train_loss_total': 2.6350419521331787, 'max_memory_allocated': 10522671616, 'max_memory_reserved': 32321306624}
[WSI] epoch=8 iteration=1364 slide=normal_023 N=2 {'train_loss_cls': 0.091796875, 'train_loss_sr': 0.10724728554487228, 'train_loss_total': 0.10252160578966141, 'max_memory_allocated': 1707473408, 'max_memory_reserved': 32321306624}
[WSI] epoch=8 iteration=1365 slide=normal_081 N=6 {'train_loss_cls': 0.3671875, 'train_loss_sr': 0.18296507000923157, 'train_loss_total': 0.3854840099811554, 'max_memory_allocated': 4611881984, 'max_memory_reserved': 32321306624}
[WSI] epoch=8 iteration=1366 slide=normal_152 N=5 {'train_loss_cls': 0.203125, 'train_loss_sr': 0.19603011012077332, 'train_loss_total': 0.22272801399230957, 'max_memory_allocated': 3872848384, 'max_memory_reserved': 32321306624}
[WSI] epoch=8 iteration=1367 slide=tumor_024 N=16 {'train_loss_cls': 1.0859375, 'train_loss_sr': 0.19155123829841614, 'train_loss_total': 1.1050926446914673, 'max_memory_allocated': 12000975360, 'max_memory_reserved': 32321306624}
[WSI] epoch=8 iteration=1368 slide=normal_142 N=20 {'train_loss_cls': 0.18359375, 'train_loss_sr': 0.09948157519102097, 'train_loss_total': 0.19354191422462463, 'max_memory_allocated': 14956608000, 'max_memory_reserved': 32321306624}
[WSI] epoch=8 iteration=1369 slide=normal_144 N=12 {'train_loss_cls': 0.0966796875, 'train_loss_sr': 0.11391422897577286, 'train_loss_total': 0.10807111114263535, 'max_memory_allocated': 9044978176, 'max_memory_reserved': 32321306624}
[gradient] slide_id=tumor_022 N=7 {'rdn': 2.239619016647339, 'region_encoder': 0.0, 'abmil': 0.028548289090394974, 'classifier': 6.375455856323242, 'p2w': 0.4618818461894989}
[WSI] epoch=8 iteration=1370 slide=tumor_022 N=7 {'train_loss_cls': 0.82421875, 'train_loss_sr': 0.1700441837310791, 'train_loss_total': 0.8412231802940369, 'max_memory_allocated': 5350047744, 'max_memory_reserved': 32321306624}
[WSI] epoch=8 iteration=1371 slide=normal_146 N=17 {'train_loss_cls': 0.1455078125, 'train_loss_sr': 0.14146080613136292, 'train_loss_total': 0.15965388715267181, 'max_memory_allocated': 12739922432, 'max_memory_reserved': 32321306624}
[WSI] epoch=8 iteration=1372 slide=normal_026 N=5 {'train_loss_cls': 0.30078125, 'train_loss_sr': 0.13829009234905243, 'train_loss_total': 0.3146102726459503, 'max_memory_allocated': 3872217600, 'max_memory_reserved': 32321306624}
[WSI] epoch=8 iteration=1373 slide=normal_051 N=3 {'train_loss_cls': 0.138671875, 'train_loss_sr': 0.09369535744190216, 'train_loss_total': 0.14804141223430634, 'max_memory_allocated': 2395294720, 'max_memory_reserved': 32321306624}
[WSI] epoch=8 iteration=1374 slide=tumor_005 N=4 {'train_loss_cls': 0.5390625, 'train_loss_sr': 0.10230756551027298, 'train_loss_total': 0.5492932796478271, 'max_memory_allocated': 3132205568, 'max_memory_reserved': 32321306624}
[WSI] epoch=8 iteration=1375 slide=tumor_061 N=13 {'train_loss_cls': 0.3203125, 'train_loss_sr': 0.1454770863056183, 'train_loss_total': 0.3348602056503296, 'max_memory_allocated': 9783568896, 'max_memory_reserved': 32321306624}
[WSI] epoch=8 iteration=1376 slide=normal_028 N=5 {'train_loss_cls': 0.283203125, 'train_loss_sr': 0.08122982829809189, 'train_loss_total': 0.291326105594635, 'max_memory_allocated': 3872680448, 'max_memory_reserved': 32321306624}
[WSI] epoch=8 iteration=1377 slide=tumor_037 N=10 {'train_loss_cls': 0.796875, 'train_loss_sr': 0.1337449997663498, 'train_loss_total': 0.8102495074272156, 'max_memory_allocated': 7566701056, 'max_memory_reserved': 32321306624}
[WSI] epoch=8 iteration=1378 slide=normal_049 N=2 {'train_loss_cls': 0.333984375, 'train_loss_sr': 0.060516756027936935, 'train_loss_total': 0.3400360643863678, 'max_memory_allocated': 1706908160, 'max_memory_reserved': 32321306624}
[WSI] epoch=8 iteration=1379 slide=tumor_109 N=10 {'train_loss_cls': 1.265625, 'train_loss_sr': 0.0824936181306839, 'train_loss_total': 1.2738744020462036, 'max_memory_allocated': 7566350848, 'max_memory_reserved': 32321306624}
[gradient] slide_id=normal_158 N=18 {'rdn': 1.1142596006393433, 'region_encoder': 0.0, 'abmil': 0.2003345638513565, 'classifier': 2.5567104816436768, 'p2w': 0.509164571762085}
[WSI] epoch=8 iteration=1380 slide=normal_158 N=18 {'train_loss_cls': 0.2255859375, 'train_loss_sr': 0.11169607192277908, 'train_loss_total': 0.23675554990768433, 'max_memory_allocated': 13478740992, 'max_memory_reserved': 32321306624}
[WSI] epoch=8 iteration=1381 slide=normal_032 N=9 {'train_loss_cls': 0.52734375, 'train_loss_sr': 0.13768942654132843, 'train_loss_total': 0.5411127209663391, 'max_memory_allocated': 6828103680, 'max_memory_reserved': 32321306624}
[WSI] epoch=8 iteration=1382 slide=tumor_045 N=10 {'train_loss_cls': 1.296875, 'train_loss_sr': 0.12064340710639954, 'train_loss_total': 1.3089393377304077, 'max_memory_allocated': 7566088704, 'max_memory_reserved': 32321306624}
[WSI] epoch=8 iteration=1383 slide=tumor_049 N=3 {'train_loss_cls': 0.435546875, 'train_loss_sr': 0.12035702913999557, 'train_loss_total': 0.44758257269859314, 'max_memory_allocated': 2394115072, 'max_memory_reserved': 32321306624}
[WSI] epoch=8 iteration=1384 slide=normal_064 N=9 {'train_loss_cls': 0.310546875, 'train_loss_sr': 0.09901651740074158, 'train_loss_total': 0.32044851779937744, 'max_memory_allocated': 6827883008, 'max_memory_reserved': 32321306624}
[WSI] epoch=8 iteration=1385 slide=normal_141 N=7 {'train_loss_cls': 0.380859375, 'train_loss_sr': 0.1081228256225586, 'train_loss_total': 0.39167165756225586, 'max_memory_allocated': 5349550592, 'max_memory_reserved': 32321306624}
[WSI] epoch=8 iteration=1386 slide=tumor_042 N=4 {'train_loss_cls': 0.93359375, 'train_loss_sr': 0.11234100908041, 'train_loss_total': 0.9448278546333313, 'max_memory_allocated': 3132185088, 'max_memory_reserved': 32321306624}
[WSI] epoch=8 iteration=1387 slide=normal_012 N=3 {'train_loss_cls': 0.65234375, 'train_loss_sr': 0.058551184833049774, 'train_loss_total': 0.658198893070221, 'max_memory_allocated': 2394704896, 'max_memory_reserved': 32321306624}
[WSI] epoch=8 iteration=1388 slide=tumor_057 N=4 {'train_loss_cls': 0.609375, 'train_loss_sr': 0.14765837788581848, 'train_loss_total': 0.6241408586502075, 'max_memory_allocated': 3132447232, 'max_memory_reserved': 32321306624}
[WSI] epoch=8 iteration=1389 slide=normal_131 N=18 {'train_loss_cls': 0.4296875, 'train_loss_sr': 0.16734258830547333, 'train_loss_total': 0.4464217722415924, 'max_memory_allocated': 13478222336, 'max_memory_reserved': 32321306624}
[gradient] slide_id=normal_114 N=24 {'rdn': 1.4952689409255981, 'region_encoder': 0.0, 'abmil': 0.28146857023239136, 'classifier': 3.2804479598999023, 'p2w': 0.5889952182769775}
[WSI] epoch=8 iteration=1390 slide=normal_114 N=24 {'train_loss_cls': 0.458984375, 'train_loss_sr': 0.1550392210483551, 'train_loss_total': 0.4744882881641388, 'max_memory_allocated': 17913018880, 'max_memory_reserved': 32321306624}
[WSI] epoch=8 iteration=1391 slide=normal_129 N=19 {'train_loss_cls': 0.466796875, 'train_loss_sr': 0.12625877559185028, 'train_loss_total': 0.47942274808883667, 'max_memory_allocated': 14216944128, 'max_memory_reserved': 32321306624}
[WSI] epoch=8 iteration=1392 slide=tumor_041 N=5 {'train_loss_cls': 0.609375, 'train_loss_sr': 0.17062383890151978, 'train_loss_total': 0.6264373660087585, 'max_memory_allocated': 3872459264, 'max_memory_reserved': 32321306624}
[epoch] {'epoch': 8, 'train_loss_cls': 0.5693092784662356, 'train_loss_sr': 0.1371052015744064, 'train_loss_total': 0.5830198010408331, 'train_auc': 0.8994594594594595, 'train_acc': 0.7931034482758621, 'train_bacc': 0.7637837837837838, 'val_loss': 0.7556707208806818, 'val_auc': 0.4562798092209857, 'val_acc': 0.5, 'val_bacc': 0.45363010068892423, 'max_memory_allocated': 26041850880, 'max_memory_reserved': 32321306624}
/root/miniconda3/envs/myconda/lib/python3.10/site-packages/torch/utils/checkpoint.py:1399: FutureWarning: `torch.cpu.amp.autocast(args...)` is deprecated. Please use `torch.amp.autocast('cpu', args...)` instead.
  with device_autocast_ctx, torch.cpu.amp.autocast(**cpu_autocast_kwargs), recompute_context:  # type: ignore[attr-defined]
[WSI] epoch=9 iteration=1393 slide=normal_087 N=11 {'train_loss_cls': 0.61328125, 'train_loss_sr': 0.17328119277954102, 'train_loss_total': 0.630609393119812, 'max_memory_allocated': 8305953280, 'max_memory_reserved': 32321306624}
[WSI] epoch=9 iteration=1394 slide=tumor_081 N=6 {'train_loss_cls': 0.8828125, 'train_loss_sr': 0.13451474905014038, 'train_loss_total': 0.8962639570236206, 'max_memory_allocated': 4612426752, 'max_memory_reserved': 32321306624}
[WSI] epoch=9 iteration=1395 slide=normal_136 N=15 {'train_loss_cls': 0.455078125, 'train_loss_sr': 0.11663022637367249, 'train_loss_total': 0.466741144657135, 'max_memory_allocated': 11262188032, 'max_memory_reserved': 32321306624}
[WSI] epoch=9 iteration=1396 slide=normal_022 N=6 {'train_loss_cls': 0.265625, 'train_loss_sr': 0.14047645032405853, 'train_loss_total': 0.27967265248298645, 'max_memory_allocated': 4612972544, 'max_memory_reserved': 32321306624}
[WSI] epoch=9 iteration=1397 slide=tumor_046 N=19 {'train_loss_cls': 0.93359375, 'train_loss_sr': 0.1525062918663025, 'train_loss_total': 0.9488443732261658, 'max_memory_allocated': 14217803776, 'max_memory_reserved': 32321306624}
[WSI] epoch=9 iteration=1398 slide=normal_144 N=12 {'train_loss_cls': 0.1513671875, 'train_loss_sr': 0.10561394691467285, 'train_loss_total': 0.16192857921123505, 'max_memory_allocated': 9045330432, 'max_memory_reserved': 32321306624}
[WSI] epoch=9 iteration=1399 slide=normal_129 N=19 {'train_loss_cls': 0.455078125, 'train_loss_sr': 0.11761350929737091, 'train_loss_total': 0.466839462518692, 'max_memory_allocated': 14217296384, 'max_memory_reserved': 32321306624}
[gradient] slide_id=normal_003 N=7 {'rdn': 1.2098263502120972, 'region_encoder': 0.0, 'abmil': 0.2498895525932312, 'classifier': 2.994379758834839, 'p2w': 0.42568427324295044}
[WSI] epoch=9 iteration=1400 slide=normal_003 N=7 {'train_loss_cls': 0.3125, 'train_loss_sr': 0.1393042951822281, 'train_loss_total': 0.32643043994903564, 'max_memory_allocated': 5350214144, 'max_memory_reserved': 32321306624}
[WSI] epoch=9 iteration=1401 slide=normal_014 N=2 {'train_loss_cls': 0.2421875, 'train_loss_sr': 0.2237466275691986, 'train_loss_total': 0.2645621597766876, 'max_memory_allocated': 1708337152, 'max_memory_reserved': 32321306624}
[WSI] epoch=9 iteration=1402 slide=tumor_047 N=15 {'train_loss_cls': 0.69140625, 'train_loss_sr': 0.14143770933151245, 'train_loss_total': 0.7055500149726868, 'max_memory_allocated': 11262358528, 'max_memory_reserved': 32321306624}
[WSI] epoch=9 iteration=1403 slide=tumor_039 N=4 {'train_loss_cls': 0.60546875, 'train_loss_sr': 0.14076262712478638, 'train_loss_total': 0.6195449829101562, 'max_memory_allocated': 3132516864, 'max_memory_reserved': 32321306624}
[WSI] epoch=9 iteration=1404 slide=normal_040 N=16 {'train_loss_cls': 0.1396484375, 'train_loss_sr': 0.142038956284523, 'train_loss_total': 0.15385232865810394, 'max_memory_allocated': 12000909824, 'max_memory_reserved': 32321306624}
[WSI] epoch=9 iteration=1405 slide=normal_121 N=13 {'train_loss_cls': 0.2177734375, 'train_loss_sr': 0.09200707077980042, 'train_loss_total': 0.22697414457798004, 'max_memory_allocated': 9783900672, 'max_memory_reserved': 32321306624}
[WSI] epoch=9 iteration=1406 slide=normal_012 N=3 {'train_loss_cls': 0.62890625, 'train_loss_sr': 0.16323937475681305, 'train_loss_total': 0.6452301740646362, 'max_memory_allocated': 2394700800, 'max_memory_reserved': 32321306624}
[WSI] epoch=9 iteration=1407 slide=normal_007 N=3 {'train_loss_cls': 0.51953125, 'train_loss_sr': 0.15687918663024902, 'train_loss_total': 0.5352191925048828, 'max_memory_allocated': 2395294720, 'max_memory_reserved': 32321306624}
[WSI] epoch=9 iteration=1408 slide=tumor_038 N=2 {'train_loss_cls': 0.45703125, 'train_loss_sr': 0.1772477775812149, 'train_loss_total': 0.47475603222846985, 'max_memory_allocated': 1707111936, 'max_memory_reserved': 32321306624}
[WSI] epoch=9 iteration=1409 slide=tumor_037 N=10 {'train_loss_cls': 0.6640625, 'train_loss_sr': 0.1695021688938141, 'train_loss_total': 0.6810126900672913, 'max_memory_allocated': 7566846464, 'max_memory_reserved': 32321306624}
[gradient] slide_id=tumor_003 N=7 {'rdn': 2.657244920730591, 'region_encoder': 0.0, 'abmil': 0.23685690760612488, 'classifier': 7.263437271118164, 'p2w': 0.7075297832489014}
[WSI] epoch=9 iteration=1410 slide=tumor_003 N=7 {'train_loss_cls': 1.3125, 'train_loss_sr': 0.12421989440917969, 'train_loss_total': 1.32492196559906, 'max_memory_allocated': 5349571072, 'max_memory_reserved': 32321306624}
[WSI] epoch=9 iteration=1411 slide=normal_071 N=5 {'train_loss_cls': 0.63671875, 'train_loss_sr': 0.1321820616722107, 'train_loss_total': 0.6499369740486145, 'max_memory_allocated': 3873101824, 'max_memory_reserved': 32321306624}
[WSI] epoch=9 iteration=1412 slide=tumor_078 N=15 {'train_loss_cls': 0.6640625, 'train_loss_sr': 0.12035311758518219, 'train_loss_total': 0.6760978102684021, 'max_memory_allocated': 11262413312, 'max_memory_reserved': 32321306624}
[WSI] epoch=9 iteration=1413 slide=normal_031 N=6 {'train_loss_cls': 0.7734375, 'train_loss_sr': 0.19198668003082275, 'train_loss_total': 0.7926361560821533, 'max_memory_allocated': 4611853312, 'max_memory_reserved': 32321306624}
[WSI] epoch=9 iteration=1414 slide=tumor_021 N=16 {'train_loss_cls': 0.396484375, 'train_loss_sr': 0.12353534996509552, 'train_loss_total': 0.4088379144668579, 'max_memory_allocated': 12000668160, 'max_memory_reserved': 32321306624}
[WSI] epoch=9 iteration=1415 slide=tumor_060 N=6 {'train_loss_cls': 0.62890625, 'train_loss_sr': 0.09782354533672333, 'train_loss_total': 0.6386886239051819, 'max_memory_allocated': 4613181952, 'max_memory_reserved': 32321306624}
[WSI] epoch=9 iteration=1416 slide=tumor_048 N=15 {'train_loss_cls': 0.71484375, 'train_loss_sr': 0.12140057981014252, 'train_loss_total': 0.7269837856292725, 'max_memory_allocated': 11262099968, 'max_memory_reserved': 32321306624}
[WSI] epoch=9 iteration=1417 slide=tumor_035 N=4 {'train_loss_cls': 0.3203125, 'train_loss_sr': 0.14176878333091736, 'train_loss_total': 0.3344893753528595, 'max_memory_allocated': 3132930560, 'max_memory_reserved': 32321306624}
[WSI] epoch=9 iteration=1418 slide=tumor_080 N=6 {'train_loss_cls': 0.6640625, 'train_loss_sr': 0.09599189460277557, 'train_loss_total': 0.6736617088317871, 'max_memory_allocated': 4612336640, 'max_memory_reserved': 32321306624}
[WSI] epoch=9 iteration=1419 slide=tumor_084 N=9 {'train_loss_cls': 0.8203125, 'train_loss_sr': 0.09716860949993134, 'train_loss_total': 0.8300293684005737, 'max_memory_allocated': 6827710464, 'max_memory_reserved': 32321306624}
[gradient] slide_id=tumor_004 N=15 {'rdn': 1.2318024635314941, 'region_encoder': 0.0, 'abmil': 0.1506437361240387, 'classifier': 4.2140960693359375, 'p2w': 0.5738263726234436}
[WSI] epoch=9 iteration=1420 slide=tumor_004 N=15 {'train_loss_cls': 0.41796875, 'train_loss_sr': 0.11386270821094513, 'train_loss_total': 0.42935502529144287, 'max_memory_allocated': 11262056960, 'max_memory_reserved': 32321306624}
[WSI] epoch=9 iteration=1421 slide=normal_049 N=2 {'train_loss_cls': 0.55078125, 'train_loss_sr': 0.18211258947849274, 'train_loss_total': 0.5689924955368042, 'max_memory_allocated': 1707252224, 'max_memory_reserved': 32321306624}
[WSI] epoch=9 iteration=1422 slide=normal_157 N=16 {'train_loss_cls': 0.115234375, 'train_loss_sr': 0.14951518177986145, 'train_loss_total': 0.13018588721752167, 'max_memory_allocated': 12000778752, 'max_memory_reserved': 32321306624}
[WSI] epoch=9 iteration=1423 slide=normal_152 N=5 {'train_loss_cls': 0.419921875, 'train_loss_sr': 0.16080719232559204, 'train_loss_total': 0.43600258231163025, 'max_memory_allocated': 3872258560, 'max_memory_reserved': 32321306624}
[WSI] epoch=9 iteration=1424 slide=normal_067 N=12 {'train_loss_cls': 0.39453125, 'train_loss_sr': 0.14536067843437195, 'train_loss_total': 0.4090673327445984, 'max_memory_allocated': 9044678656, 'max_memory_reserved': 32321306624}
[WSI] epoch=9 iteration=1425 slide=normal_041 N=7 {'train_loss_cls': 0.1708984375, 'train_loss_sr': 0.12006264925003052, 'train_loss_total': 0.1829047054052353, 'max_memory_allocated': 5349730304, 'max_memory_reserved': 32321306624}
[WSI] epoch=9 iteration=1426 slide=tumor_034 N=6 {'train_loss_cls': 0.158203125, 'train_loss_sr': 0.159654438495636, 'train_loss_total': 0.17416857182979584, 'max_memory_allocated': 4611922432, 'max_memory_reserved': 32321306624}
[WSI] epoch=9 iteration=1427 slide=normal_028 N=5 {'train_loss_cls': 0.48828125, 'train_loss_sr': 0.16620172560214996, 'train_loss_total': 0.5049014091491699, 'max_memory_allocated': 3872479744, 'max_memory_reserved': 32321306624}
[WSI] epoch=9 iteration=1428 slide=normal_155 N=11 {'train_loss_cls': 0.400390625, 'train_loss_sr': 0.1260496973991394, 'train_loss_total': 0.4129956066608429, 'max_memory_allocated': 8305584640, 'max_memory_reserved': 32321306624}
[WSI] epoch=9 iteration=1429 slide=normal_084 N=1 {'train_loss_cls': 0.1806640625, 'train_loss_sr': 0.09627082198858261, 'train_loss_total': 0.1902911514043808, 'max_memory_allocated': 916537856, 'max_memory_reserved': 32321306624}
[gradient] slide_id=normal_058 N=7 {'rdn': 1.2340370416641235, 'region_encoder': 0.0, 'abmil': 0.07908651977777481, 'classifier': 2.243612051010132, 'p2w': 0.5476571917533875}
[WSI] epoch=9 iteration=1430 slide=normal_058 N=7 {'train_loss_cls': 0.22265625, 'train_loss_sr': 0.17556779086589813, 'train_loss_total': 0.2402130365371704, 'max_memory_allocated': 5350103552, 'max_memory_reserved': 32321306624}
[WSI] epoch=9 iteration=1431 slide=tumor_094 N=16 {'train_loss_cls': 0.2421875, 'train_loss_sr': 0.1658170521259308, 'train_loss_total': 0.2587692141532898, 'max_memory_allocated': 12001159168, 'max_memory_reserved': 32321306624}
[WSI] epoch=9 iteration=1432 slide=tumor_098 N=9 {'train_loss_cls': 0.474609375, 'train_loss_sr': 0.20381249487400055, 'train_loss_total': 0.49499061703681946, 'max_memory_allocated': 6827567616, 'max_memory_reserved': 32321306624}
[WSI] epoch=9 iteration=1433 slide=normal_018 N=3 {'train_loss_cls': 0.1552734375, 'train_loss_sr': 0.1720740646123886, 'train_loss_total': 0.17248085141181946, 'max_memory_allocated': 2394467328, 'max_memory_reserved': 32321306624}
[WSI] epoch=9 iteration=1434 slide=normal_109 N=10 {'train_loss_cls': 0.71875, 'train_loss_sr': 0.10648293048143387, 'train_loss_total': 0.7293983101844788, 'max_memory_allocated': 7566129664, 'max_memory_reserved': 32321306624}
[WSI] epoch=9 iteration=1435 slide=normal_111 N=31 {'train_loss_cls': 1.15625, 'train_loss_sr': 0.14529691636562347, 'train_loss_total': 1.1707797050476074, 'max_memory_allocated': 23085541888, 'max_memory_reserved': 32321306624}
[WSI] epoch=9 iteration=1436 slide=tumor_083 N=14 {'train_loss_cls': 0.12890625, 'train_loss_sr': 0.17248865962028503, 'train_loss_total': 0.14615511894226074, 'max_memory_allocated': 10522708480, 'max_memory_reserved': 32321306624}
[WSI] epoch=9 iteration=1437 slide=normal_066 N=26 {'train_loss_cls': 0.69921875, 'train_loss_sr': 0.16964179277420044, 'train_loss_total': 0.7161829471588135, 'max_memory_allocated': 19390511616, 'max_memory_reserved': 32321306624}
[WSI] epoch=9 iteration=1438 slide=tumor_049 N=3 {'train_loss_cls': 0.1357421875, 'train_loss_sr': 0.1484556794166565, 'train_loss_total': 0.1505877524614334, 'max_memory_allocated': 2395427328, 'max_memory_reserved': 32321306624}
[WSI] epoch=9 iteration=1439 slide=normal_126 N=17 {'train_loss_cls': 0.54296875, 'train_loss_sr': 0.14723777770996094, 'train_loss_total': 0.5576925277709961, 'max_memory_allocated': 12739238400, 'max_memory_reserved': 32321306624}
[gradient] slide_id=tumor_102 N=35 {'rdn': 5.655097007751465, 'region_encoder': 0.0, 'abmil': 1.765797734260559, 'classifier': 7.21256160736084, 'p2w': 0.4982118308544159}
[WSI] epoch=9 iteration=1440 slide=tumor_102 N=35 {'train_loss_cls': 0.83984375, 'train_loss_sr': 0.16390813887119293, 'train_loss_total': 0.8562345504760742, 'max_memory_allocated': 26041825280, 'max_memory_reserved': 32321306624}
[WSI] epoch=9 iteration=1441 slide=normal_035 N=1 {'train_loss_cls': 0.353515625, 'train_loss_sr': 0.1597655564546585, 'train_loss_total': 0.36949217319488525, 'max_memory_allocated': 917366784, 'max_memory_reserved': 32321306624}
[WSI] epoch=9 iteration=1442 slide=tumor_041 N=5 {'train_loss_cls': 0.32421875, 'train_loss_sr': 0.1914386749267578, 'train_loss_total': 0.34336262941360474, 'max_memory_allocated': 3872848384, 'max_memory_reserved': 32321306624}
[WSI] epoch=9 iteration=1443 slide=tumor_043 N=4 {'train_loss_cls': 0.384765625, 'train_loss_sr': 0.20112760365009308, 'train_loss_total': 0.4048783779144287, 'max_memory_allocated': 3133532672, 'max_memory_reserved': 32321306624}
[WSI] epoch=9 iteration=1444 slide=tumor_095 N=29 {'train_loss_cls': 0.32421875, 'train_loss_sr': 0.2091178297996521, 'train_loss_total': 0.3451305329799652, 'max_memory_allocated': 21606808064, 'max_memory_reserved': 32321306624}
[WSI] epoch=9 iteration=1445 slide=normal_114 N=24 {'train_loss_cls': 0.494140625, 'train_loss_sr': 0.19002465903759003, 'train_loss_total': 0.5131430625915527, 'max_memory_allocated': 17911904768, 'max_memory_reserved': 32321306624}
[WSI] epoch=9 iteration=1446 slide=normal_048 N=3 {'train_loss_cls': 0.7265625, 'train_loss_sr': 0.152173712849617, 'train_loss_total': 0.7417798638343811, 'max_memory_allocated': 2394819584, 'max_memory_reserved': 32321306624}
[WSI] epoch=9 iteration=1447 slide=normal_141 N=7 {'train_loss_cls': 0.37890625, 'train_loss_sr': 0.17055590450763702, 'train_loss_total': 0.39596185088157654, 'max_memory_allocated': 5349530112, 'max_memory_reserved': 32321306624}
[WSI] epoch=9 iteration=1448 slide=normal_120 N=10 {'train_loss_cls': 0.35546875, 'train_loss_sr': 0.2135557234287262, 'train_loss_total': 0.3768243193626404, 'max_memory_allocated': 7566551552, 'max_memory_reserved': 32321306624}
[WSI] epoch=9 iteration=1449 slide=normal_102 N=11 {'train_loss_cls': 0.546875, 'train_loss_sr': 0.22973471879959106, 'train_loss_total': 0.5698484778404236, 'max_memory_allocated': 8305953280, 'max_memory_reserved': 32321306624}
[gradient] slide_id=normal_077 N=5 {'rdn': 1.6321518421173096, 'region_encoder': 0.0, 'abmil': 0.5241008996963501, 'classifier': 5.459904670715332, 'p2w': 0.4575415253639221}
[WSI] epoch=9 iteration=1450 slide=normal_077 N=5 {'train_loss_cls': 0.341796875, 'train_loss_sr': 0.16051195561885834, 'train_loss_total': 0.35784807801246643, 'max_memory_allocated': 3872700928, 'max_memory_reserved': 32321306624}
[WSI] epoch=9 iteration=1451 slide=tumor_040 N=10 {'train_loss_cls': 0.5234375, 'train_loss_sr': 0.19844871759414673, 'train_loss_total': 0.5432823896408081, 'max_memory_allocated': 7566772736, 'max_memory_reserved': 32321306624}
[WSI] epoch=9 iteration=1452 slide=tumor_027 N=13 {'train_loss_cls': 1.3671875, 'train_loss_sr': 0.22301700711250305, 'train_loss_total': 1.3894891738891602, 'max_memory_allocated': 9784143360, 'max_memory_reserved': 32321306624}
[WSI] epoch=9 iteration=1453 slide=tumor_009 N=12 {'train_loss_cls': 1.3046875, 'train_loss_sr': 0.20235317945480347, 'train_loss_total': 1.324922800064087, 'max_memory_allocated': 9044998656, 'max_memory_reserved': 32321306624}
[WSI] epoch=9 iteration=1454 slide=tumor_015 N=27 {'train_loss_cls': 0.6875, 'train_loss_sr': 0.15658392012119293, 'train_loss_total': 0.7031583786010742, 'max_memory_allocated': 20129851904, 'max_memory_reserved': 32321306624}
[WSI] epoch=9 iteration=1455 slide=tumor_045 N=10 {'train_loss_cls': 0.6171875, 'train_loss_sr': 0.16959789395332336, 'train_loss_total': 0.6341472864151001, 'max_memory_allocated': 7566572032, 'max_memory_reserved': 32321306624}
[WSI] epoch=9 iteration=1456 slide=normal_096 N=7 {'train_loss_cls': 0.12255859375, 'train_loss_sr': 0.17663541436195374, 'train_loss_total': 0.14022213220596313, 'max_memory_allocated': 5350435328, 'max_memory_reserved': 32321306624}
[WSI] epoch=9 iteration=1457 slide=tumor_008 N=14 {'train_loss_cls': 1.015625, 'train_loss_sr': 0.1757502555847168, 'train_loss_total': 1.0332000255584717, 'max_memory_allocated': 10522597888, 'max_memory_reserved': 32321306624}
[WSI] epoch=9 iteration=1458 slide=tumor_025 N=9 {'train_loss_cls': 1.125, 'train_loss_sr': 0.16903874278068542, 'train_loss_total': 1.1419038772583008, 'max_memory_allocated': 6827566080, 'max_memory_reserved': 32321306624}
[WSI] epoch=9 iteration=1459 slide=tumor_106 N=22 {'train_loss_cls': 0.318359375, 'train_loss_sr': 0.12044033408164978, 'train_loss_total': 0.3304034173488617, 'max_memory_allocated': 16434600448, 'max_memory_reserved': 32321306624}
[gradient] slide_id=tumor_082 N=3 {'rdn': 3.094716787338257, 'region_encoder': 0.0, 'abmil': 0.266939252614975, 'classifier': 4.063510894775391, 'p2w': 0.33697205781936646}
[WSI] epoch=9 iteration=1460 slide=tumor_082 N=3 {'train_loss_cls': 0.51171875, 'train_loss_sr': 0.11982957273721695, 'train_loss_total': 0.5237017273902893, 'max_memory_allocated': 2394799104, 'max_memory_reserved': 32321306624}
[WSI] epoch=9 iteration=1461 slide=normal_095 N=14 {'train_loss_cls': 1.1875, 'train_loss_sr': 0.14389394223690033, 'train_loss_total': 1.2018893957138062, 'max_memory_allocated': 10522024448, 'max_memory_reserved': 32321306624}
[WSI] epoch=9 iteration=1462 slide=normal_133 N=10 {'train_loss_cls': 0.1376953125, 'train_loss_sr': 0.11614419519901276, 'train_loss_total': 0.14930972456932068, 'max_memory_allocated': 7566240256, 'max_memory_reserved': 32321306624}
[WSI] epoch=9 iteration=1463 slide=normal_080 N=15 {'train_loss_cls': 0.70703125, 'train_loss_sr': 0.1623779982328415, 'train_loss_total': 0.7232690453529358, 'max_memory_allocated': 11262056960, 'max_memory_reserved': 32321306624}
[WSI] epoch=9 iteration=1464 slide=tumor_073 N=19 {'train_loss_cls': 0.2412109375, 'train_loss_sr': 0.08210024237632751, 'train_loss_total': 0.24942095577716827, 'max_memory_allocated': 14217084928, 'max_memory_reserved': 32321306624}
[WSI] epoch=9 iteration=1465 slide=normal_026 N=5 {'train_loss_cls': 0.5859375, 'train_loss_sr': 0.11343874037265778, 'train_loss_total': 0.5972813963890076, 'max_memory_allocated': 3872700928, 'max_memory_reserved': 32321306624}
[WSI] epoch=9 iteration=1466 slide=normal_061 N=12 {'train_loss_cls': 0.65234375, 'train_loss_sr': 0.14763569831848145, 'train_loss_total': 0.667107343673706, 'max_memory_allocated': 9045441024, 'max_memory_reserved': 32321306624}
[WSI] epoch=9 iteration=1467 slide=tumor_042 N=4 {'train_loss_cls': 0.73828125, 'train_loss_sr': 0.15141433477401733, 'train_loss_total': 0.7534226775169373, 'max_memory_allocated': 3132211200, 'max_memory_reserved': 32321306624}
[WSI] epoch=9 iteration=1468 slide=normal_079 N=8 {'train_loss_cls': 0.6953125, 'train_loss_sr': 0.1556602120399475, 'train_loss_total': 0.7108784914016724, 'max_memory_allocated': 6088303616, 'max_memory_reserved': 32321306624}
[WSI] epoch=9 iteration=1469 slide=normal_053 N=18 {'train_loss_cls': 0.2294921875, 'train_loss_sr': 0.13641944527626038, 'train_loss_total': 0.24313412606716156, 'max_memory_allocated': 13478406656, 'max_memory_reserved': 32321306624}
[gradient] slide_id=tumor_005 N=4 {'rdn': 0.7734596729278564, 'region_encoder': 0.0, 'abmil': 0.0039990004152059555, 'classifier': 2.1859257221221924, 'p2w': 0.2798048257827759}
[WSI] epoch=9 iteration=1470 slide=tumor_005 N=4 {'train_loss_cls': 0.119140625, 'train_loss_sr': 0.19418865442276, 'train_loss_total': 0.138559490442276, 'max_memory_allocated': 3132865024, 'max_memory_reserved': 32321306624}
[WSI] epoch=9 iteration=1471 slide=normal_011 N=14 {'train_loss_cls': 0.60546875, 'train_loss_sr': 0.18322119116783142, 'train_loss_total': 0.6237908601760864, 'max_memory_allocated': 10522155520, 'max_memory_reserved': 32321306624}
[WSI] epoch=9 iteration=1472 slide=tumor_105 N=6 {'train_loss_cls': 0.1787109375, 'train_loss_sr': 0.11692069470882416, 'train_loss_total': 0.190403014421463, 'max_memory_allocated': 4612660224, 'max_memory_reserved': 32321306624}
[WSI] epoch=9 iteration=1473 slide=normal_052 N=15 {'train_loss_cls': 0.291015625, 'train_loss_sr': 0.1455947905778885, 'train_loss_total': 0.30557510256767273, 'max_memory_allocated': 11262171648, 'max_memory_reserved': 32321306624}
[WSI] epoch=9 iteration=1474 slide=normal_159 N=14 {'train_loss_cls': 0.9140625, 'train_loss_sr': 0.10792213678359985, 'train_loss_total': 0.9248546957969666, 'max_memory_allocated': 10522044928, 'max_memory_reserved': 32321306624}
[WSI] epoch=9 iteration=1475 slide=tumor_077 N=14 {'train_loss_cls': 1.453125, 'train_loss_sr': 0.11687356978654861, 'train_loss_total': 1.4648123979568481, 'max_memory_allocated': 10522819072, 'max_memory_reserved': 32321306624}
[WSI] epoch=9 iteration=1476 slide=normal_145 N=20 {'train_loss_cls': 0.65625, 'train_loss_sr': 0.11743561178445816, 'train_loss_total': 0.6679935455322266, 'max_memory_allocated': 14957453312, 'max_memory_reserved': 32321306624}
[WSI] epoch=9 iteration=1477 slide=normal_135 N=13 {'train_loss_cls': 0.08984375, 'train_loss_sr': 0.11085671186447144, 'train_loss_total': 0.10092942416667938, 'max_memory_allocated': 9783790080, 'max_memory_reserved': 32321306624}
[WSI] epoch=9 iteration=1478 slide=tumor_107 N=6 {'train_loss_cls': 0.0751953125, 'train_loss_sr': 0.06242813915014267, 'train_loss_total': 0.08143812417984009, 'max_memory_allocated': 4611984384, 'max_memory_reserved': 32321306624}
[WSI] epoch=9 iteration=1479 slide=normal_085 N=5 {'train_loss_cls': 0.6171875, 'train_loss_sr': 0.1263807713985443, 'train_loss_total': 0.6298255920410156, 'max_memory_allocated': 3873917440, 'max_memory_reserved': 32321306624}
[gradient] slide_id=normal_068 N=6 {'rdn': 2.4412810802459717, 'region_encoder': 0.0, 'abmil': 0.12687472999095917, 'classifier': 5.282271385192871, 'p2w': 0.12093380093574524}
[WSI] epoch=9 iteration=1480 slide=normal_068 N=6 {'train_loss_cls': 0.79296875, 'train_loss_sr': 0.19114191830158234, 'train_loss_total': 0.8120829463005066, 'max_memory_allocated': 4613200896, 'max_memory_reserved': 32321306624}
[WSI] epoch=9 iteration=1481 slide=tumor_016 N=5 {'train_loss_cls': 0.23046875, 'train_loss_sr': 0.1352931708097458, 'train_loss_total': 0.24399806559085846, 'max_memory_allocated': 3873440256, 'max_memory_reserved': 32321306624}
[WSI] epoch=9 iteration=1482 slide=tumor_058 N=5 {'train_loss_cls': 0.6328125, 'train_loss_sr': 0.1297036111354828, 'train_loss_total': 0.6457828879356384, 'max_memory_allocated': 3873040896, 'max_memory_reserved': 32321306624}
[WSI] epoch=9 iteration=1483 slide=normal_153 N=12 {'train_loss_cls': 0.486328125, 'train_loss_sr': 0.11270416527986526, 'train_loss_total': 0.4975985288619995, 'max_memory_allocated': 9044542464, 'max_memory_reserved': 32321306624}
[WSI] epoch=9 iteration=1484 slide=normal_097 N=17 {'train_loss_cls': 0.25390625, 'train_loss_sr': 0.14757570624351501, 'train_loss_total': 0.26866382360458374, 'max_memory_allocated': 12739500544, 'max_memory_reserved': 32321306624}
[WSI] epoch=9 iteration=1485 slide=tumor_086 N=23 {'train_loss_cls': 0.5546875, 'train_loss_sr': 0.09759408235549927, 'train_loss_total': 0.5644469261169434, 'max_memory_allocated': 17173142016, 'max_memory_reserved': 32321306624}
[WSI] epoch=9 iteration=1486 slide=tumor_044 N=12 {'train_loss_cls': 0.2734375, 'train_loss_sr': 0.11519203335046768, 'train_loss_total': 0.284956693649292, 'max_memory_allocated': 9044825600, 'max_memory_reserved': 32321306624}
[WSI] epoch=9 iteration=1487 slide=normal_063 N=7 {'train_loss_cls': 0.56640625, 'train_loss_sr': 0.14206871390342712, 'train_loss_total': 0.5806131362915039, 'max_memory_allocated': 5349530112, 'max_memory_reserved': 32321306624}
[WSI] epoch=9 iteration=1488 slide=normal_006 N=1 {'train_loss_cls': 0.27734375, 'train_loss_sr': 0.04408223554491997, 'train_loss_total': 0.28175196051597595, 'max_memory_allocated': 918156288, 'max_memory_reserved': 32321306624}
[WSI] epoch=9 iteration=1489 slide=tumor_089 N=26 {'train_loss_cls': 0.6484375, 'train_loss_sr': 0.14175869524478912, 'train_loss_total': 0.6626133918762207, 'max_memory_allocated': 19390421504, 'max_memory_reserved': 32321306624}
[gradient] slide_id=normal_064 N=9 {'rdn': 1.2786145210266113, 'region_encoder': 0.0, 'abmil': 0.14223042130470276, 'classifier': 3.28857421875, 'p2w': 0.5306402444839478}
[WSI] epoch=9 iteration=1490 slide=normal_064 N=9 {'train_loss_cls': 0.302734375, 'train_loss_sr': 0.198346808552742, 'train_loss_total': 0.3225690424442291, 'max_memory_allocated': 6827834368, 'max_memory_reserved': 32321306624}
[WSI] epoch=9 iteration=1491 slide=normal_078 N=6 {'train_loss_cls': 0.267578125, 'train_loss_sr': 0.22485071420669556, 'train_loss_total': 0.29006320238113403, 'max_memory_allocated': 4612426752, 'max_memory_reserved': 32321306624}
[WSI] epoch=9 iteration=1492 slide=tumor_088 N=12 {'train_loss_cls': 0.6796875, 'train_loss_sr': 0.13990935683250427, 'train_loss_total': 0.6936784386634827, 'max_memory_allocated': 9044867584, 'max_memory_reserved': 32321306624}
[WSI] epoch=9 iteration=1493 slide=normal_104 N=19 {'train_loss_cls': 0.412109375, 'train_loss_sr': 0.13569897413253784, 'train_loss_total': 0.4256792664527893, 'max_memory_allocated': 14217296384, 'max_memory_reserved': 32321306624}
[WSI] epoch=9 iteration=1494 slide=normal_039 N=9 {'train_loss_cls': 0.2412109375, 'train_loss_sr': 0.17081236839294434, 'train_loss_total': 0.25829216837882996, 'max_memory_allocated': 6827568128, 'max_memory_reserved': 32321306624}
[WSI] epoch=9 iteration=1495 slide=tumor_103 N=18 {'train_loss_cls': 0.4921875, 'train_loss_sr': 0.16484269499778748, 'train_loss_total': 0.508671760559082, 'max_memory_allocated': 13479079936, 'max_memory_reserved': 32321306624}
[WSI] epoch=9 iteration=1496 slide=normal_093 N=8 {'train_loss_cls': 0.091796875, 'train_loss_sr': 0.1395638883113861, 'train_loss_total': 0.10575326532125473, 'max_memory_allocated': 6089378304, 'max_memory_reserved': 32321306624}
[WSI] epoch=9 iteration=1497 slide=normal_146 N=17 {'train_loss_cls': 0.06689453125, 'train_loss_sr': 0.1241651177406311, 'train_loss_total': 0.07931104302406311, 'max_memory_allocated': 12739341824, 'max_memory_reserved': 32321306624}
[WSI] epoch=9 iteration=1498 slide=tumor_093 N=14 {'train_loss_cls': 1.9609375, 'train_loss_sr': 0.13162067532539368, 'train_loss_total': 1.9740995168685913, 'max_memory_allocated': 10522044928, 'max_memory_reserved': 32321306624}
[WSI] epoch=9 iteration=1499 slide=normal_081 N=6 {'train_loss_cls': 0.62109375, 'train_loss_sr': 0.1408216506242752, 'train_loss_total': 0.6351759433746338, 'max_memory_allocated': 4612205568, 'max_memory_reserved': 32321306624}
[gradient] slide_id=tumor_024 N=16 {'rdn': 2.478519916534424, 'region_encoder': 0.0, 'abmil': 0.06279823929071426, 'classifier': 4.9637861251831055, 'p2w': 0.33822202682495117}
[WSI] epoch=9 iteration=1500 slide=tumor_024 N=16 {'train_loss_cls': 0.76171875, 'train_loss_sr': 0.16465690732002258, 'train_loss_total': 0.7781844139099121, 'max_memory_allocated': 12001106432, 'max_memory_reserved': 32321306624}
[WSI] epoch=9 iteration=1501 slide=normal_074 N=14 {'train_loss_cls': 0.0284423828125, 'train_loss_sr': 0.1636093556880951, 'train_loss_total': 0.04480332136154175, 'max_memory_allocated': 10522395136, 'max_memory_reserved': 32321306624}
[WSI] epoch=9 iteration=1502 slide=tumor_022 N=7 {'train_loss_cls': 0.55859375, 'train_loss_sr': 0.14979302883148193, 'train_loss_total': 0.5735730528831482, 'max_memory_allocated': 5350324736, 'max_memory_reserved': 32321306624}
[WSI] epoch=9 iteration=1503 slide=normal_131 N=18 {'train_loss_cls': 0.4453125, 'train_loss_sr': 0.0991528183221817, 'train_loss_total': 0.455227792263031, 'max_memory_allocated': 13479005696, 'max_memory_reserved': 32321306624}
[WSI] epoch=9 iteration=1504 slide=normal_105 N=12 {'train_loss_cls': 0.51953125, 'train_loss_sr': 0.12742073833942413, 'train_loss_total': 0.5322733521461487, 'max_memory_allocated': 9045772800, 'max_memory_reserved': 32321306624}
[WSI] epoch=9 iteration=1505 slide=tumor_061 N=13 {'train_loss_cls': 0.1806640625, 'train_loss_sr': 0.12534329295158386, 'train_loss_total': 0.19319839775562286, 'max_memory_allocated': 9783703552, 'max_memory_reserved': 32321306624}
[WSI] epoch=9 iteration=1506 slide=normal_154 N=20 {'train_loss_cls': 0.466796875, 'train_loss_sr': 0.08325831592082977, 'train_loss_total': 0.47512272000312805, 'max_memory_allocated': 14957402624, 'max_memory_reserved': 32321306624}
[WSI] epoch=9 iteration=1507 slide=tumor_012 N=7 {'train_loss_cls': 0.98828125, 'train_loss_sr': 0.12424920499324799, 'train_loss_total': 1.0007061958312988, 'max_memory_allocated': 5350193152, 'max_memory_reserved': 32321306624}
[WSI] epoch=9 iteration=1508 slide=normal_100 N=8 {'train_loss_cls': 0.41796875, 'train_loss_sr': 0.14661210775375366, 'train_loss_total': 0.4326299726963043, 'max_memory_allocated': 6088206848, 'max_memory_reserved': 32321306624}
[WSI] epoch=9 iteration=1509 slide=tumor_074 N=5 {'train_loss_cls': 0.55078125, 'train_loss_sr': 0.09967470914125443, 'train_loss_total': 0.5607486963272095, 'max_memory_allocated': 3872238080, 'max_memory_reserved': 32321306624}
[gradient] slide_id=normal_151 N=16 {'rdn': 1.669973373413086, 'region_encoder': 0.0, 'abmil': 0.21781103312969208, 'classifier': 1.6281214952468872, 'p2w': 0.43385571241378784}
[WSI] epoch=9 iteration=1510 slide=normal_151 N=16 {'train_loss_cls': 0.201171875, 'train_loss_sr': 0.10267442464828491, 'train_loss_total': 0.211439311504364, 'max_memory_allocated': 12000909824, 'max_memory_reserved': 32321306624}
[WSI] epoch=9 iteration=1511 slide=tumor_108 N=22 {'train_loss_cls': 0.36328125, 'train_loss_sr': 0.10827170312404633, 'train_loss_total': 0.3741084337234497, 'max_memory_allocated': 16433909248, 'max_memory_reserved': 32321306624}
[WSI] epoch=9 iteration=1512 slide=normal_065 N=6 {'train_loss_cls': 0.9296875, 'train_loss_sr': 0.12952233850955963, 'train_loss_total': 0.9426397085189819, 'max_memory_allocated': 4612918784, 'max_memory_reserved': 32321306624}
[WSI] epoch=9 iteration=1513 slide=tumor_109 N=10 {'train_loss_cls': 1.1171875, 'train_loss_sr': 0.0697254091501236, 'train_loss_total': 1.1241600513458252, 'max_memory_allocated': 7566551552, 'max_memory_reserved': 32321306624}
[WSI] epoch=9 iteration=1514 slide=tumor_111 N=4 {'train_loss_cls': 0.62109375, 'train_loss_sr': 0.1653737723827362, 'train_loss_total': 0.6376311182975769, 'max_memory_allocated': 3132402176, 'max_memory_reserved': 32321306624}
[WSI] epoch=9 iteration=1515 slide=tumor_019 N=2 {'train_loss_cls': 0.63671875, 'train_loss_sr': 0.10384497791528702, 'train_loss_total': 0.6471032500267029, 'max_memory_allocated': 1706789376, 'max_memory_reserved': 32321306624}
[WSI] epoch=9 iteration=1516 slide=tumor_002 N=5 {'train_loss_cls': 0.97265625, 'train_loss_sr': 0.10338065028190613, 'train_loss_total': 0.9829943180084229, 'max_memory_allocated': 3872348672, 'max_memory_reserved': 32321306624}
[WSI] epoch=9 iteration=1517 slide=normal_128 N=11 {'train_loss_cls': 0.62890625, 'train_loss_sr': 0.09611738473176956, 'train_loss_total': 0.6385179758071899, 'max_memory_allocated': 8305888256, 'max_memory_reserved': 32321306624}
[WSI] epoch=9 iteration=1518 slide=normal_062 N=2 {'train_loss_cls': 0.5625, 'train_loss_sr': 0.13098374009132385, 'train_loss_total': 0.5755983591079712, 'max_memory_allocated': 1707014144, 'max_memory_reserved': 32321306624}
[WSI] epoch=9 iteration=1519 slide=normal_116 N=8 {'train_loss_cls': 0.40625, 'train_loss_sr': 0.14246663451194763, 'train_loss_total': 0.4204966723918915, 'max_memory_allocated': 6088373760, 'max_memory_reserved': 32321306624}
[gradient] slide_id=tumor_017 N=9 {'rdn': 2.4267609119415283, 'region_encoder': 0.0, 'abmil': 0.6621249318122864, 'classifier': 5.1390275955200195, 'p2w': 0.2894384562969208}
[WSI] epoch=9 iteration=1520 slide=tumor_017 N=9 {'train_loss_cls': 0.66015625, 'train_loss_sr': 0.13073457777500153, 'train_loss_total': 0.6732296943664551, 'max_memory_allocated': 6828312576, 'max_memory_reserved': 32321306624}
[WSI] epoch=9 iteration=1521 slide=normal_124 N=19 {'train_loss_cls': 0.12060546875, 'train_loss_sr': 0.11793852597475052, 'train_loss_total': 0.132399320602417, 'max_memory_allocated': 14217075200, 'max_memory_reserved': 32321306624}
[WSI] epoch=9 iteration=1522 slide=normal_076 N=24 {'train_loss_cls': 0.5546875, 'train_loss_sr': 0.13930293917655945, 'train_loss_total': 0.5686178207397461, 'max_memory_allocated': 17912437248, 'max_memory_reserved': 32321306624}
[WSI] epoch=9 iteration=1523 slide=tumor_028 N=17 {'train_loss_cls': 0.5859375, 'train_loss_sr': 0.13085299730300903, 'train_loss_total': 0.5990228056907654, 'max_memory_allocated': 12739238400, 'max_memory_reserved': 32321306624}
[WSI] epoch=9 iteration=1524 slide=normal_015 N=5 {'train_loss_cls': 0.76953125, 'train_loss_sr': 0.13706228137016296, 'train_loss_total': 0.7832374572753906, 'max_memory_allocated': 3872400384, 'max_memory_reserved': 32321306624}
[WSI] epoch=9 iteration=1525 slide=tumor_020 N=7 {'train_loss_cls': 0.244140625, 'train_loss_sr': 0.08680897951126099, 'train_loss_total': 0.25282153487205505, 'max_memory_allocated': 5350176256, 'max_memory_reserved': 32321306624}
[WSI] epoch=9 iteration=1526 slide=normal_088 N=14 {'train_loss_cls': 0.6640625, 'train_loss_sr': 0.13056927919387817, 'train_loss_total': 0.6771194338798523, 'max_memory_allocated': 10522155520, 'max_memory_reserved': 32321306624}
[WSI] epoch=9 iteration=1527 slide=normal_070 N=16 {'train_loss_cls': 0.44140625, 'train_loss_sr': 0.13842874765396118, 'train_loss_total': 0.4552491307258606, 'max_memory_allocated': 12001643008, 'max_memory_reserved': 32321306624}
[WSI] epoch=9 iteration=1528 slide=normal_083 N=3 {'train_loss_cls': 0.296875, 'train_loss_sr': 0.13848765194416046, 'train_loss_total': 0.31072375178337097, 'max_memory_allocated': 2395066880, 'max_memory_reserved': 32321306624}
[WSI] epoch=9 iteration=1529 slide=tumor_097 N=18 {'train_loss_cls': 0.921875, 'train_loss_sr': 0.09030647575855255, 'train_loss_total': 0.9309056401252747, 'max_memory_allocated': 13478312448, 'max_memory_reserved': 32321306624}
[gradient] slide_id=normal_113 N=19 {'rdn': 0.9387873411178589, 'region_encoder': 0.0, 'abmil': 0.11544501036405563, 'classifier': 1.0073374509811401, 'p2w': 0.5097641348838806}
[WSI] epoch=9 iteration=1530 slide=normal_113 N=19 {'train_loss_cls': 0.0966796875, 'train_loss_sr': 0.10064113885164261, 'train_loss_total': 0.10674379765987396, 'max_memory_allocated': 14217625600, 'max_memory_reserved': 32321306624}
[WSI] epoch=9 iteration=1531 slide=normal_148 N=5 {'train_loss_cls': 0.8828125, 'train_loss_sr': 0.07398620992898941, 'train_loss_total': 0.8902111053466797, 'max_memory_allocated': 3872609280, 'max_memory_reserved': 32321306624}
[WSI] epoch=9 iteration=1532 slide=normal_044 N=4 {'train_loss_cls': 0.609375, 'train_loss_sr': 0.11688502132892609, 'train_loss_total': 0.6210635304450989, 'max_memory_allocated': 3132557824, 'max_memory_reserved': 32321306624}
[WSI] epoch=9 iteration=1533 slide=normal_002 N=2 {'train_loss_cls': 0.2578125, 'train_loss_sr': 0.1614885926246643, 'train_loss_total': 0.2739613652229309, 'max_memory_allocated': 1706789376, 'max_memory_reserved': 32321306624}
[WSI] epoch=9 iteration=1534 slide=normal_023 N=2 {'train_loss_cls': 0.123046875, 'train_loss_sr': 0.14950060844421387, 'train_loss_total': 0.13799694180488586, 'max_memory_allocated': 1707252224, 'max_memory_reserved': 32321306624}
[WSI] epoch=9 iteration=1535 slide=tumor_072 N=20 {'train_loss_cls': 0.46875, 'train_loss_sr': 0.11600054800510406, 'train_loss_total': 0.4803500473499298, 'max_memory_allocated': 14957132800, 'max_memory_reserved': 32321306624}
[WSI] epoch=9 iteration=1536 slide=normal_032 N=9 {'train_loss_cls': 0.421875, 'train_loss_sr': 0.19581593573093414, 'train_loss_total': 0.4414565861225128, 'max_memory_allocated': 6827936256, 'max_memory_reserved': 32321306624}
[WSI] epoch=9 iteration=1537 slide=tumor_068 N=15 {'train_loss_cls': 0.59765625, 'train_loss_sr': 0.20380866527557373, 'train_loss_total': 0.6180371046066284, 'max_memory_allocated': 11263203840, 'max_memory_reserved': 32321306624}
[WSI] epoch=9 iteration=1538 slide=tumor_087 N=10 {'train_loss_cls': 1.8671875, 'train_loss_sr': 0.24302470684051514, 'train_loss_total': 1.8914899826049805, 'max_memory_allocated': 7566378496, 'max_memory_reserved': 32321306624}
[WSI] epoch=9 iteration=1539 slide=tumor_054 N=17 {'train_loss_cls': 1.3671875, 'train_loss_sr': 0.4655436873435974, 'train_loss_total': 1.4137418270111084, 'max_memory_allocated': 12739922432, 'max_memory_reserved': 32321306624}
[gradient] slide_id=tumor_066 N=7 {'rdn': 2.7469427585601807, 'region_encoder': 0.0, 'abmil': 0.38599175214767456, 'classifier': 7.563308238983154, 'p2w': 0.6397573947906494}
[WSI] epoch=9 iteration=1540 slide=tumor_066 N=7 {'train_loss_cls': 0.90234375, 'train_loss_sr': 0.2407163381576538, 'train_loss_total': 0.9264153838157654, 'max_memory_allocated': 5349992960, 'max_memory_reserved': 32321306624}
[WSI] epoch=9 iteration=1541 slide=normal_089 N=20 {'train_loss_cls': 0.52734375, 'train_loss_sr': 0.19287219643592834, 'train_loss_total': 0.5466309785842896, 'max_memory_allocated': 14956632064, 'max_memory_reserved': 32321306624}
[WSI] epoch=9 iteration=1542 slide=tumor_050 N=10 {'train_loss_cls': 2.546875, 'train_loss_sr': 0.22371137142181396, 'train_loss_total': 2.5692460536956787, 'max_memory_allocated': 7566350848, 'max_memory_reserved': 32321306624}
[WSI] epoch=9 iteration=1543 slide=normal_029 N=1 {'train_loss_cls': 0.0908203125, 'train_loss_sr': 0.3098827004432678, 'train_loss_total': 0.12180858105421066, 'max_memory_allocated': 916147200, 'max_memory_reserved': 32321306624}
[WSI] epoch=9 iteration=1544 slide=normal_103 N=8 {'train_loss_cls': 0.455078125, 'train_loss_sr': 0.2498519867658615, 'train_loss_total': 0.4800633192062378, 'max_memory_allocated': 6088130560, 'max_memory_reserved': 32321306624}
[WSI] epoch=9 iteration=1545 slide=normal_051 N=3 {'train_loss_cls': 0.234375, 'train_loss_sr': 0.1718655377626419, 'train_loss_total': 0.25156155228614807, 'max_memory_allocated': 2395110400, 'max_memory_reserved': 32321306624}
[WSI] epoch=9 iteration=1546 slide=normal_037 N=8 {'train_loss_cls': 0.84375, 'train_loss_sr': 0.2032250463962555, 'train_loss_total': 0.8640725016593933, 'max_memory_allocated': 6089243136, 'max_memory_reserved': 32321306624}
[WSI] epoch=9 iteration=1547 slide=tumor_057 N=4 {'train_loss_cls': 0.470703125, 'train_loss_sr': 0.23143327236175537, 'train_loss_total': 0.49384644627571106, 'max_memory_allocated': 3132758528, 'max_memory_reserved': 32321306624}
[WSI] epoch=9 iteration=1548 slide=normal_036 N=7 {'train_loss_cls': 0.1328125, 'train_loss_sr': 0.2414294183254242, 'train_loss_total': 0.15695543587207794, 'max_memory_allocated': 5349882368, 'max_memory_reserved': 32321306624}
[WSI] epoch=9 iteration=1549 slide=normal_107 N=16 {'train_loss_cls': 0.162109375, 'train_loss_sr': 0.14270073175430298, 'train_loss_total': 0.17637944221496582, 'max_memory_allocated': 12001521152, 'max_memory_reserved': 32321306624}
[gradient] slide_id=normal_158 N=18 {'rdn': 2.318425416946411, 'region_encoder': 0.0, 'abmil': 0.35709449648857117, 'classifier': 2.7615554332733154, 'p2w': 0.6171261668205261}
[WSI] epoch=9 iteration=1550 slide=normal_158 N=18 {'train_loss_cls': 0.279296875, 'train_loss_sr': 0.14784908294677734, 'train_loss_total': 0.29408177733421326, 'max_memory_allocated': 13478865408, 'max_memory_reserved': 32321306624}
[WSI] epoch=9 iteration=1551 slide=normal_008 N=1 {'train_loss_cls': 0.1015625, 'train_loss_sr': 0.1910165250301361, 'train_loss_total': 0.12066414952278137, 'max_memory_allocated': 916147200, 'max_memory_reserved': 32321306624}
[WSI] epoch=9 iteration=1552 slide=tumor_052 N=15 {'train_loss_cls': 0.80859375, 'train_loss_sr': 0.1926431953907013, 'train_loss_total': 0.8278580904006958, 'max_memory_allocated': 11262540288, 'max_memory_reserved': 32321306624}
[WSI] epoch=9 iteration=1553 slide=normal_106 N=15 {'train_loss_cls': 0.625, 'train_loss_sr': 0.1404474377632141, 'train_loss_total': 0.6390447616577148, 'max_memory_allocated': 11262097920, 'max_memory_reserved': 32321306624}
[WSI] epoch=9 iteration=1554 slide=normal_054 N=1 {'train_loss_cls': 0.46875, 'train_loss_sr': 0.17348074913024902, 'train_loss_total': 0.4860980808734894, 'max_memory_allocated': 916147200, 'max_memory_reserved': 32321306624}
[WSI] epoch=9 iteration=1555 slide=tumor_011 N=6 {'train_loss_cls': 0.5703125, 'train_loss_sr': 0.24227260053157806, 'train_loss_total': 0.5945397615432739, 'max_memory_allocated': 4612889600, 'max_memory_reserved': 32321306624}
[WSI] epoch=9 iteration=1556 slide=normal_108 N=2 {'train_loss_cls': 0.255859375, 'train_loss_sr': 0.2293393909931183, 'train_loss_total': 0.2787933051586151, 'max_memory_allocated': 1706920448, 'max_memory_reserved': 32321306624}
[WSI] epoch=9 iteration=1557 slide=tumor_001 N=7 {'train_loss_cls': 1.0, 'train_loss_sr': 0.22766466438770294, 'train_loss_total': 1.0227664709091187, 'max_memory_allocated': 5349661184, 'max_memory_reserved': 32321306624}
[WSI] epoch=9 iteration=1558 slide=tumor_007 N=12 {'train_loss_cls': 0.8046875, 'train_loss_sr': 0.2065345048904419, 'train_loss_total': 0.8253409266471863, 'max_memory_allocated': 9044707840, 'max_memory_reserved': 32321306624}
[WSI] epoch=9 iteration=1559 slide=normal_142 N=20 {'train_loss_cls': 0.447265625, 'train_loss_sr': 0.17221392691135406, 'train_loss_total': 0.4644870162010193, 'max_memory_allocated': 14956939776, 'max_memory_reserved': 32321306624}
[gradient] slide_id=normal_139 N=12 {'rdn': 3.885758638381958, 'region_encoder': 0.0, 'abmil': 0.9387537240982056, 'classifier': 4.490417957305908, 'p2w': 0.6630364060401917}
[WSI] epoch=9 iteration=1560 slide=normal_139 N=12 {'train_loss_cls': 0.6953125, 'train_loss_sr': 0.1710726022720337, 'train_loss_total': 0.7124197483062744, 'max_memory_allocated': 9045958656, 'max_memory_reserved': 32321306624}
[WSI] epoch=9 iteration=1561 slide=tumor_079 N=14 {'train_loss_cls': 0.5234375, 'train_loss_sr': 0.13834309577941895, 'train_loss_total': 0.5372717976570129, 'max_memory_allocated': 10522176000, 'max_memory_reserved': 32321306624}
[WSI] epoch=9 iteration=1562 slide=normal_047 N=5 {'train_loss_cls': 0.4765625, 'train_loss_sr': 0.14754672348499298, 'train_loss_total': 0.49131718277931213, 'max_memory_allocated': 3873012224, 'max_memory_reserved': 32321306624}
[WSI] epoch=9 iteration=1563 slide=normal_119 N=14 {'train_loss_cls': 0.267578125, 'train_loss_sr': 0.13723738491535187, 'train_loss_total': 0.2813018560409546, 'max_memory_allocated': 10522556928, 'max_memory_reserved': 32321306624}
[WSI] epoch=9 iteration=1564 slide=tumor_071 N=12 {'train_loss_cls': 0.54296875, 'train_loss_sr': 0.13142625987529755, 'train_loss_total': 0.5561113953590393, 'max_memory_allocated': 9045587968, 'max_memory_reserved': 32321306624}
[WSI] epoch=9 iteration=1565 slide=normal_038 N=1 {'train_loss_cls': 0.7578125, 'train_loss_sr': 0.17585015296936035, 'train_loss_total': 0.775397539138794, 'max_memory_allocated': 916409344, 'max_memory_reserved': 32321306624}
[WSI] epoch=9 iteration=1566 slide=normal_156 N=13 {'train_loss_cls': 0.341796875, 'train_loss_sr': 0.16619212925434113, 'train_loss_total': 0.3584160804748535, 'max_memory_allocated': 9783900672, 'max_memory_reserved': 32321306624}
[epoch] {'epoch': 9, 'train_loss_cls': 0.5418048727101293, 'train_loss_sr': 0.15249659084640016, 'train_loss_total': 0.5570545311289272, 'train_auc': 0.8924324324324324, 'train_acc': 0.7816091954022989, 'train_bacc': 0.7695945945945946, 'val_loss': 0.7628839666193182, 'val_auc': 0.44886062533121357, 'val_acc': 0.4318181818181818, 'val_bacc': 0.4133545310015898, 'max_memory_allocated': 26041825280, 'max_memory_reserved': 32321306624}
/root/miniconda3/envs/myconda/lib/python3.10/site-packages/torch/utils/checkpoint.py:1399: FutureWarning: `torch.cpu.amp.autocast(args...)` is deprecated. Please use `torch.amp.autocast('cpu', args...)` instead.
  with device_autocast_ctx, torch.cpu.amp.autocast(**cpu_autocast_kwargs), recompute_context:  # type: ignore[attr-defined]
[WSI] epoch=10 iteration=1567 slide=tumor_087 N=10 {'train_loss_cls': 0.64453125, 'train_loss_sr': 0.1302066445350647, 'train_loss_total': 0.6575518846511841, 'max_memory_allocated': 7566540800, 'max_memory_reserved': 32321306624}
[WSI] epoch=10 iteration=1568 slide=normal_023 N=2 {'train_loss_cls': 0.2431640625, 'train_loss_sr': 0.0865573137998581, 'train_loss_total': 0.25181978940963745, 'max_memory_allocated': 1708115968, 'max_memory_reserved': 32321306624}
[WSI] epoch=10 iteration=1569 slide=normal_022 N=6 {'train_loss_cls': 0.30078125, 'train_loss_sr': 0.19061362743377686, 'train_loss_total': 0.3198426067829132, 'max_memory_allocated': 4612115456, 'max_memory_reserved': 32321306624}
[gradient] slide_id=normal_111 N=31 {'rdn': 1.9890470504760742, 'region_encoder': 0.0, 'abmil': 0.4787170886993408, 'classifier': 2.626943349838257, 'p2w': 0.5154986381530762}
[WSI] epoch=10 iteration=1570 slide=normal_111 N=31 {'train_loss_cls': 0.3359375, 'train_loss_sr': 0.13369660079479218, 'train_loss_total': 0.3493071496486664, 'max_memory_allocated': 23085636096, 'max_memory_reserved': 32321306624}
[WSI] epoch=10 iteration=1571 slide=normal_028 N=5 {'train_loss_cls': 0.357421875, 'train_loss_sr': 0.17672249674797058, 'train_loss_total': 0.37509411573410034, 'max_memory_allocated': 3873012224, 'max_memory_reserved': 32321306624}
[WSI] epoch=10 iteration=1572 slide=tumor_020 N=7 {'train_loss_cls': 0.365234375, 'train_loss_sr': 0.1515311747789383, 'train_loss_total': 0.38038748502731323, 'max_memory_allocated': 5350345216, 'max_memory_reserved': 32321306624}
[WSI] epoch=10 iteration=1573 slide=tumor_072 N=20 {'train_loss_cls': 0.41796875, 'train_loss_sr': 0.11983568221330643, 'train_loss_total': 0.42995232343673706, 'max_memory_allocated': 14956766720, 'max_memory_reserved': 32321306624}
[WSI] epoch=10 iteration=1574 slide=tumor_040 N=10 {'train_loss_cls': 0.443359375, 'train_loss_sr': 0.14112171530723572, 'train_loss_total': 0.4574715495109558, 'max_memory_allocated': 7566625280, 'max_memory_reserved': 32321306624}
[WSI] epoch=10 iteration=1575 slide=normal_156 N=13 {'train_loss_cls': 0.271484375, 'train_loss_sr': 0.13995397090911865, 'train_loss_total': 0.2854797840118408, 'max_memory_allocated': 9783368192, 'max_memory_reserved': 32321306624}
[WSI] epoch=10 iteration=1576 slide=normal_154 N=20 {'train_loss_cls': 0.416015625, 'train_loss_sr': 0.0987347960472107, 'train_loss_total': 0.42588910460472107, 'max_memory_allocated': 14956939776, 'max_memory_reserved': 32321306624}
[WSI] epoch=10 iteration=1577 slide=tumor_109 N=10 {'train_loss_cls': 0.82421875, 'train_loss_sr': 0.09417292475700378, 'train_loss_total': 0.8336360454559326, 'max_memory_allocated': 7566088704, 'max_memory_reserved': 32321306624}
[WSI] epoch=10 iteration=1578 slide=tumor_001 N=7 {'train_loss_cls': 1.0390625, 'train_loss_sr': 0.1460590362548828, 'train_loss_total': 1.0536683797836304, 'max_memory_allocated': 5350537728, 'max_memory_reserved': 32321306624}
[WSI] epoch=10 iteration=1579 slide=normal_054 N=1 {'train_loss_cls': 0.400390625, 'train_loss_sr': 0.19084005057811737, 'train_loss_total': 0.41947463154792786, 'max_memory_allocated': 916147200, 'max_memory_reserved': 32321306624}
[gradient] slide_id=tumor_106 N=22 {'rdn': 3.0029666423797607, 'region_encoder': 0.0, 'abmil': 0.8694983124732971, 'classifier': 3.362528085708618, 'p2w': 0.5823608636856079}
[WSI] epoch=10 iteration=1580 slide=tumor_106 N=22 {'train_loss_cls': 0.4453125, 'train_loss_sr': 0.14265254139900208, 'train_loss_total': 0.459577739238739, 'max_memory_allocated': 16433929728, 'max_memory_reserved': 32321306624}
[WSI] epoch=10 iteration=1581 slide=normal_049 N=2 {'train_loss_cls': 0.39453125, 'train_loss_sr': 0.13076251745224, 'train_loss_total': 0.4076074957847595, 'max_memory_allocated': 1707826688, 'max_memory_reserved': 32321306624}
[WSI] epoch=10 iteration=1582 slide=tumor_108 N=22 {'train_loss_cls': 0.310546875, 'train_loss_sr': 0.07814904302358627, 'train_loss_total': 0.3183617889881134, 'max_memory_allocated': 16434469376, 'max_memory_reserved': 32321306624}
[WSI] epoch=10 iteration=1583 slide=normal_120 N=10 {'train_loss_cls': 0.546875, 'train_loss_sr': 0.16147887706756592, 'train_loss_total': 0.5630229115486145, 'max_memory_allocated': 7566109184, 'max_memory_reserved': 32321306624}
[WSI] epoch=10 iteration=1584 slide=normal_003 N=7 {'train_loss_cls': 0.345703125, 'train_loss_sr': 0.19555240869522095, 'train_loss_total': 0.3652583658695221, 'max_memory_allocated': 5350870528, 'max_memory_reserved': 32321306624}
[WSI] epoch=10 iteration=1585 slide=normal_124 N=19 {'train_loss_cls': 0.0732421875, 'train_loss_sr': 0.15326842665672302, 'train_loss_total': 0.0885690301656723, 'max_memory_allocated': 14217296384, 'max_memory_reserved': 32321306624}
[WSI] epoch=10 iteration=1586 slide=normal_096 N=7 {'train_loss_cls': 0.1484375, 'train_loss_sr': 0.15993504226207733, 'train_loss_total': 0.16443100571632385, 'max_memory_allocated': 5350103552, 'max_memory_reserved': 32321306624}
[WSI] epoch=10 iteration=1587 slide=tumor_060 N=6 {'train_loss_cls': 0.447265625, 'train_loss_sr': 0.12207847833633423, 'train_loss_total': 0.45947346091270447, 'max_memory_allocated': 4612758528, 'max_memory_reserved': 32321306624}
[WSI] epoch=10 iteration=1588 slide=normal_076 N=24 {'train_loss_cls': 0.47265625, 'train_loss_sr': 0.1819564402103424, 'train_loss_total': 0.49085187911987305, 'max_memory_allocated': 17911994880, 'max_memory_reserved': 32321306624}
[WSI] epoch=10 iteration=1589 slide=normal_040 N=16 {'train_loss_cls': 0.080078125, 'train_loss_sr': 0.19543474912643433, 'train_loss_total': 0.09962160140275955, 'max_memory_allocated': 12000647680, 'max_memory_reserved': 32321306624}
[gradient] slide_id=normal_071 N=5 {'rdn': 2.3723320960998535, 'region_encoder': 0.0, 'abmil': 0.3204057514667511, 'classifier': 5.197649002075195, 'p2w': 0.2572212219238281}
[WSI] epoch=10 iteration=1590 slide=normal_071 N=5 {'train_loss_cls': 0.6328125, 'train_loss_sr': 0.1895090490579605, 'train_loss_total': 0.651763379573822, 'max_memory_allocated': 3872348672, 'max_memory_reserved': 32321306624}
[WSI] epoch=10 iteration=1591 slide=tumor_037 N=10 {'train_loss_cls': 0.75, 'train_loss_sr': 0.18109267950057983, 'train_loss_total': 0.7681092619895935, 'max_memory_allocated': 7566350848, 'max_memory_reserved': 32321306624}
[WSI] epoch=10 iteration=1592 slide=tumor_058 N=5 {'train_loss_cls': 0.75, 'train_loss_sr': 0.17963361740112305, 'train_loss_total': 0.7679633498191833, 'max_memory_allocated': 3873012224, 'max_memory_reserved': 32321306624}
[WSI] epoch=10 iteration=1593 slide=tumor_078 N=15 {'train_loss_cls': 0.9765625, 'train_loss_sr': 0.12345803529024124, 'train_loss_total': 0.9889082908630371, 'max_memory_allocated': 11263203840, 'max_memory_reserved': 32321306624}
[WSI] epoch=10 iteration=1594 slide=normal_093 N=8 {'train_loss_cls': 0.2001953125, 'train_loss_sr': 0.14818865060806274, 'train_loss_total': 0.21501417458057404, 'max_memory_allocated': 6088583680, 'max_memory_reserved': 32321306624}
[WSI] epoch=10 iteration=1595 slide=tumor_054 N=17 {'train_loss_cls': 0.953125, 'train_loss_sr': 0.14442911744117737, 'train_loss_total': 0.9675679206848145, 'max_memory_allocated': 12739701248, 'max_memory_reserved': 32321306624}
[WSI] epoch=10 iteration=1596 slide=tumor_073 N=19 {'train_loss_cls': 0.408203125, 'train_loss_sr': 0.12032400071620941, 'train_loss_total': 0.4202355146408081, 'max_memory_allocated': 14217289216, 'max_memory_reserved': 32321306624}
[WSI] epoch=10 iteration=1597 slide=normal_106 N=15 {'train_loss_cls': 0.6875, 'train_loss_sr': 0.1443251371383667, 'train_loss_total': 0.7019324898719788, 'max_memory_allocated': 11263277568, 'max_memory_reserved': 32321306624}
[WSI] epoch=10 iteration=1598 slide=tumor_045 N=10 {'train_loss_cls': 0.6171875, 'train_loss_sr': 0.1622861623764038, 'train_loss_total': 0.6334161162376404, 'max_memory_allocated': 7566551552, 'max_memory_reserved': 32321306624}
[WSI] epoch=10 iteration=1599 slide=tumor_042 N=4 {'train_loss_cls': 0.6484375, 'train_loss_sr': 0.0929403156042099, 'train_loss_total': 0.6577315330505371, 'max_memory_allocated': 3132426752, 'max_memory_reserved': 32321306624}
[gradient] slide_id=normal_037 N=8 {'rdn': 3.321033000946045, 'region_encoder': 0.0, 'abmil': 0.019721588119864464, 'classifier': 8.989620208740234, 'p2w': 0.5071349740028381}
[WSI] epoch=10 iteration=1600 slide=normal_037 N=8 {'train_loss_cls': 1.125, 'train_loss_sr': 0.14721649885177612, 'train_loss_total': 1.1397216320037842, 'max_memory_allocated': 6089267712, 'max_memory_reserved': 32321306624}
[WSI] epoch=10 iteration=1601 slide=normal_014 N=2 {'train_loss_cls': 0.275390625, 'train_loss_sr': 0.1646728217601776, 'train_loss_total': 0.29185789823532104, 'max_memory_allocated': 1707452928, 'max_memory_reserved': 32321306624}
[WSI] epoch=10 iteration=1602 slide=normal_053 N=18 {'train_loss_cls': 0.1103515625, 'train_loss_sr': 0.1352972537279129, 'train_loss_total': 0.12388128787279129, 'max_memory_allocated': 13478091264, 'max_memory_reserved': 32321306624}
[WSI] epoch=10 iteration=1603 slide=normal_015 N=5 {'train_loss_cls': 0.470703125, 'train_loss_sr': 0.15425768494606018, 'train_loss_total': 0.48612889647483826, 'max_memory_allocated': 3872479744, 'max_memory_reserved': 32321306624}
[WSI] epoch=10 iteration=1604 slide=normal_041 N=7 {'train_loss_cls': 0.126953125, 'train_loss_sr': 0.1414620280265808, 'train_loss_total': 0.14109933376312256, 'max_memory_allocated': 5349530112, 'max_memory_reserved': 32321306624}
[WSI] epoch=10 iteration=1605 slide=normal_066 N=26 {'train_loss_cls': 0.515625, 'train_loss_sr': 0.12795664370059967, 'train_loss_total': 0.5284206867218018, 'max_memory_allocated': 19391175168, 'max_memory_reserved': 32321306624}
[WSI] epoch=10 iteration=1606 slide=tumor_017 N=9 {'train_loss_cls': 0.435546875, 'train_loss_sr': 0.09896516054868698, 'train_loss_total': 0.44544339179992676, 'max_memory_allocated': 6827171328, 'max_memory_reserved': 32321306624}
[WSI] epoch=10 iteration=1607 slide=tumor_097 N=18 {'train_loss_cls': 0.27734375, 'train_loss_sr': 0.1053287461400032, 'train_loss_total': 0.2878766357898712, 'max_memory_allocated': 13479116288, 'max_memory_reserved': 32321306624}
[WSI] epoch=10 iteration=1608 slide=tumor_107 N=6 {'train_loss_cls': 0.0791015625, 'train_loss_sr': 0.09915134310722351, 'train_loss_total': 0.08901669830083847, 'max_memory_allocated': 4612115456, 'max_memory_reserved': 32321306624}
[WSI] epoch=10 iteration=1609 slide=normal_047 N=5 {'train_loss_cls': 0.62890625, 'train_loss_sr': 0.17800620198249817, 'train_loss_total': 0.6467068791389465, 'max_memory_allocated': 3873076224, 'max_memory_reserved': 32321306624}
[gradient] slide_id=normal_121 N=13 {'rdn': 1.9072179794311523, 'region_encoder': 0.0, 'abmil': 0.5554287433624268, 'classifier': 1.6852949857711792, 'p2w': 0.7358668446540833}
[WSI] epoch=10 iteration=1610 slide=normal_121 N=13 {'train_loss_cls': 0.1416015625, 'train_loss_sr': 0.12632468342781067, 'train_loss_total': 0.15423403680324554, 'max_memory_allocated': 9783368192, 'max_memory_reserved': 32321306624}
[WSI] epoch=10 iteration=1611 slide=normal_051 N=3 {'train_loss_cls': 0.1953125, 'train_loss_sr': 0.06137043237686157, 'train_loss_total': 0.20144954323768616, 'max_memory_allocated': 2395536384, 'max_memory_reserved': 32321306624}
[WSI] epoch=10 iteration=1612 slide=tumor_089 N=26 {'train_loss_cls': 0.236328125, 'train_loss_sr': 0.14293211698532104, 'train_loss_total': 0.25062134861946106, 'max_memory_allocated': 19389886464, 'max_memory_reserved': 32321306624}
[WSI] epoch=10 iteration=1613 slide=tumor_022 N=7 {'train_loss_cls': 0.435546875, 'train_loss_sr': 0.17330993711948395, 'train_loss_total': 0.45287787914276123, 'max_memory_allocated': 5350103552, 'max_memory_reserved': 32321306624}
[WSI] epoch=10 iteration=1614 slide=tumor_071 N=12 {'train_loss_cls': 0.451171875, 'train_loss_sr': 0.16397106647491455, 'train_loss_total': 0.4675689935684204, 'max_memory_allocated': 9044535808, 'max_memory_reserved': 32321306624}
[WSI] epoch=10 iteration=1615 slide=tumor_048 N=15 {'train_loss_cls': 0.49609375, 'train_loss_sr': 0.1794123351573944, 'train_loss_total': 0.5140349864959717, 'max_memory_allocated': 11262084096, 'max_memory_reserved': 32321306624}
[WSI] epoch=10 iteration=1616 slide=tumor_046 N=19 {'train_loss_cls': 0.72265625, 'train_loss_sr': 0.15421709418296814, 'train_loss_total': 0.7380779385566711, 'max_memory_allocated': 14217517568, 'max_memory_reserved': 32321306624}
[WSI] epoch=10 iteration=1617 slide=tumor_088 N=12 {'train_loss_cls': 0.423828125, 'train_loss_sr': 0.12796548008918762, 'train_loss_total': 0.436624675989151, 'max_memory_allocated': 9045551616, 'max_memory_reserved': 32321306624}
[WSI] epoch=10 iteration=1618 slide=normal_159 N=14 {'train_loss_cls': 0.392578125, 'train_loss_sr': 0.12965983152389526, 'train_loss_total': 0.40554410219192505, 'max_memory_allocated': 10522339840, 'max_memory_reserved': 32321306624}
[WSI] epoch=10 iteration=1619 slide=normal_029 N=1 {'train_loss_cls': 0.09423828125, 'train_loss_sr': 0.15621010959148407, 'train_loss_total': 0.10985929518938065, 'max_memory_allocated': 916261888, 'max_memory_reserved': 32321306624}
[gradient] slide_id=normal_133 N=10 {'rdn': 0.5916661024093628, 'region_encoder': 0.0, 'abmil': 0.00966440699994564, 'classifier': 0.979483425617218, 'p2w': 0.2816002666950226}
[WSI] epoch=10 iteration=1620 slide=normal_133 N=10 {'train_loss_cls': 0.06787109375, 'train_loss_sr': 0.09786264598369598, 'train_loss_total': 0.07765735685825348, 'max_memory_allocated': 7567456768, 'max_memory_reserved': 32321306624}
[WSI] epoch=10 iteration=1621 slide=normal_008 N=1 {'train_loss_cls': 0.06787109375, 'train_loss_sr': 0.1446889489889145, 'train_loss_total': 0.08233998715877533, 'max_memory_allocated': 916519936, 'max_memory_reserved': 32321306624}
[WSI] epoch=10 iteration=1622 slide=normal_067 N=12 {'train_loss_cls': 0.373046875, 'train_loss_sr': 0.13538093864917755, 'train_loss_total': 0.38658496737480164, 'max_memory_allocated': 9045560832, 'max_memory_reserved': 32321306624}
[WSI] epoch=10 iteration=1623 slide=tumor_081 N=6 {'train_loss_cls': 0.388671875, 'train_loss_sr': 0.08122779428958893, 'train_loss_total': 0.3967946469783783, 'max_memory_allocated': 4612647936, 'max_memory_reserved': 32321306624}
[WSI] epoch=10 iteration=1624 slide=normal_151 N=16 {'train_loss_cls': 0.08984375, 'train_loss_sr': 0.14278535544872284, 'train_loss_total': 0.10412228852510452, 'max_memory_allocated': 12001016320, 'max_memory_reserved': 32321306624}
[WSI] epoch=10 iteration=1625 slide=normal_026 N=5 {'train_loss_cls': 0.326171875, 'train_loss_sr': 0.14822709560394287, 'train_loss_total': 0.34099459648132324, 'max_memory_allocated': 3872479744, 'max_memory_reserved': 32321306624}
[WSI] epoch=10 iteration=1626 slide=tumor_024 N=16 {'train_loss_cls': 0.28125, 'train_loss_sr': 0.1400991976261139, 'train_loss_total': 0.29525992274284363, 'max_memory_allocated': 12001548800, 'max_memory_reserved': 32321306624}
[WSI] epoch=10 iteration=1627 slide=normal_078 N=6 {'train_loss_cls': 0.2177734375, 'train_loss_sr': 0.15181341767311096, 'train_loss_total': 0.23295478522777557, 'max_memory_allocated': 4612316160, 'max_memory_reserved': 32321306624}
[WSI] epoch=10 iteration=1628 slide=tumor_095 N=29 {'train_loss_cls': 1.4609375, 'train_loss_sr': 0.12743744254112244, 'train_loss_total': 1.4736812114715576, 'max_memory_allocated': 21607672320, 'max_memory_reserved': 32321306624}
[WSI] epoch=10 iteration=1629 slide=tumor_084 N=9 {'train_loss_cls': 0.9296875, 'train_loss_sr': 0.12555791437625885, 'train_loss_total': 0.9422432780265808, 'max_memory_allocated': 6827696640, 'max_memory_reserved': 32321306624}
[gradient] slide_id=tumor_111 N=4 {'rdn': 1.0960416793823242, 'region_encoder': 0.0, 'abmil': 0.05882735922932625, 'classifier': 3.1583099365234375, 'p2w': 0.17699049413204193}
[WSI] epoch=10 iteration=1630 slide=tumor_111 N=4 {'train_loss_cls': 0.11767578125, 'train_loss_sr': 0.1783611923456192, 'train_loss_total': 0.13551190495491028, 'max_memory_allocated': 3132869120, 'max_memory_reserved': 32321306624}
[WSI] epoch=10 iteration=1631 slide=normal_097 N=17 {'train_loss_cls': 0.049072265625, 'train_loss_sr': 0.1700453758239746, 'train_loss_total': 0.06607680022716522, 'max_memory_allocated': 12739238400, 'max_memory_reserved': 32321306624}
[WSI] epoch=10 iteration=1632 slide=normal_035 N=1 {'train_loss_cls': 1.0546875, 'train_loss_sr': 0.14297467470169067, 'train_loss_total': 1.0689849853515625, 'max_memory_allocated': 917498880, 'max_memory_reserved': 32321306624}
[WSI] epoch=10 iteration=1633 slide=normal_088 N=14 {'train_loss_cls': 3.640625, 'train_loss_sr': 0.15786723792552948, 'train_loss_total': 3.656411647796631, 'max_memory_allocated': 10522708480, 'max_memory_reserved': 32321306624}
[WSI] epoch=10 iteration=1634 slide=normal_153 N=12 {'train_loss_cls': 0.054443359375, 'train_loss_sr': 0.20975477993488312, 'train_loss_total': 0.07541883736848831, 'max_memory_allocated': 9044515328, 'max_memory_reserved': 32321306624}
[WSI] epoch=10 iteration=1635 slide=normal_012 N=3 {'train_loss_cls': 1.1328125, 'train_loss_sr': 0.19302043318748474, 'train_loss_total': 1.1521145105361938, 'max_memory_allocated': 2394909696, 'max_memory_reserved': 32321306624}
[WSI] epoch=10 iteration=1636 slide=normal_152 N=5 {'train_loss_cls': 0.40234375, 'train_loss_sr': 0.12651322782039642, 'train_loss_total': 0.41499507427215576, 'max_memory_allocated': 3872532992, 'max_memory_reserved': 32321306624}
[WSI] epoch=10 iteration=1637 slide=tumor_028 N=17 {'train_loss_cls': 0.439453125, 'train_loss_sr': 0.12366005778312683, 'train_loss_total': 0.45181912183761597, 'max_memory_allocated': 12739500544, 'max_memory_reserved': 32321306624}
[WSI] epoch=10 iteration=1638 slide=normal_142 N=20 {'train_loss_cls': 0.224609375, 'train_loss_sr': 0.13018354773521423, 'train_loss_total': 0.23762772977352142, 'max_memory_allocated': 14957160960, 'max_memory_reserved': 32321306624}
[WSI] epoch=10 iteration=1639 slide=tumor_057 N=4 {'train_loss_cls': 0.271484375, 'train_loss_sr': 0.16210466623306274, 'train_loss_total': 0.2876948416233063, 'max_memory_allocated': 3132869120, 'max_memory_reserved': 32321306624}
[gradient] slide_id=normal_085 N=5 {'rdn': 1.980085015296936, 'region_encoder': 0.0, 'abmil': 0.28691351413726807, 'classifier': 5.619760513305664, 'p2w': 0.28389596939086914}
[WSI] epoch=10 iteration=1640 slide=normal_085 N=5 {'train_loss_cls': 0.65625, 'train_loss_sr': 0.1709616631269455, 'train_loss_total': 0.6733461618423462, 'max_memory_allocated': 3873357824, 'max_memory_reserved': 32321306624}
[WSI] epoch=10 iteration=1641 slide=normal_064 N=9 {'train_loss_cls': 0.255859375, 'train_loss_sr': 0.1630161702632904, 'train_loss_total': 0.27216100692749023, 'max_memory_allocated': 6827235840, 'max_memory_reserved': 32321306624}
[WSI] epoch=10 iteration=1642 slide=tumor_015 N=27 {'train_loss_cls': 0.6875, 'train_loss_sr': 0.13234637677669525, 'train_loss_total': 0.7007346153259277, 'max_memory_allocated': 20128946688, 'max_memory_reserved': 32321306624}
[WSI] epoch=10 iteration=1643 slide=tumor_008 N=14 {'train_loss_cls': 0.73046875, 'train_loss_sr': 0.14018604159355164, 'train_loss_total': 0.7444873452186584, 'max_memory_allocated': 10522770432, 'max_memory_reserved': 32321306624}
[WSI] epoch=10 iteration=1644 slide=tumor_041 N=5 {'train_loss_cls': 0.115234375, 'train_loss_sr': 0.1721193492412567, 'train_loss_total': 0.1324463039636612, 'max_memory_allocated': 3872410624, 'max_memory_reserved': 32321306624}
[WSI] epoch=10 iteration=1645 slide=normal_084 N=1 {'train_loss_cls': 0.076171875, 'train_loss_sr': 0.16548721492290497, 'train_loss_total': 0.09272059798240662, 'max_memory_allocated': 916158976, 'max_memory_reserved': 32321306624}
[WSI] epoch=10 iteration=1646 slide=tumor_074 N=5 {'train_loss_cls': 0.447265625, 'train_loss_sr': 0.10230475664138794, 'train_loss_total': 0.45749610662460327, 'max_memory_allocated': 3872569856, 'max_memory_reserved': 32321306624}
[WSI] epoch=10 iteration=1647 slide=tumor_080 N=6 {'train_loss_cls': 0.71875, 'train_loss_sr': 0.10032517462968826, 'train_loss_total': 0.7287825345993042, 'max_memory_allocated': 4612205568, 'max_memory_reserved': 32321306624}
[WSI] epoch=10 iteration=1648 slide=normal_128 N=11 {'train_loss_cls': 0.6171875, 'train_loss_sr': 0.12008296698331833, 'train_loss_total': 0.6291958093643188, 'max_memory_allocated': 8305500160, 'max_memory_reserved': 32321306624}
[WSI] epoch=10 iteration=1649 slide=tumor_083 N=14 {'train_loss_cls': 0.1318359375, 'train_loss_sr': 0.11781352013349533, 'train_loss_total': 0.14361728727817535, 'max_memory_allocated': 10522487296, 'max_memory_reserved': 32321306624}
[gradient] slide_id=tumor_077 N=14 {'rdn': 3.8019847869873047, 'region_encoder': 0.0, 'abmil': 0.10849882662296295, 'classifier': 8.429274559020996, 'p2w': 0.29273393750190735}
[WSI] epoch=10 iteration=1650 slide=tumor_077 N=14 {'train_loss_cls': 1.5, 'train_loss_sr': 0.10976723581552505, 'train_loss_total': 1.5109766721725464, 'max_memory_allocated': 10522397184, 'max_memory_reserved': 32321306624}
[WSI] epoch=10 iteration=1651 slide=tumor_098 N=9 {'train_loss_cls': 0.66015625, 'train_loss_sr': 0.11098095774650574, 'train_loss_total': 0.6712543368339539, 'max_memory_allocated': 6827232256, 'max_memory_reserved': 32321306624}
[WSI] epoch=10 iteration=1652 slide=tumor_004 N=15 {'train_loss_cls': 0.373046875, 'train_loss_sr': 0.1232713907957077, 'train_loss_total': 0.3853740096092224, 'max_memory_allocated': 11262097920, 'max_memory_reserved': 32321306624}
[WSI] epoch=10 iteration=1653 slide=tumor_094 N=16 {'train_loss_cls': 1.1484375, 'train_loss_sr': 0.06727471947669983, 'train_loss_total': 1.1551649570465088, 'max_memory_allocated': 12001237504, 'max_memory_reserved': 32321306624}
[WSI] epoch=10 iteration=1654 slide=normal_074 N=14 {'train_loss_cls': 0.0186767578125, 'train_loss_sr': 0.17189157009124756, 'train_loss_total': 0.035865917801856995, 'max_memory_allocated': 10522871296, 'max_memory_reserved': 32321306624}
[WSI] epoch=10 iteration=1655 slide=tumor_066 N=7 {'train_loss_cls': 0.59375, 'train_loss_sr': 0.19086840748786926, 'train_loss_total': 0.6128368377685547, 'max_memory_allocated': 5349754368, 'max_memory_reserved': 32321306624}
[WSI] epoch=10 iteration=1656 slide=tumor_079 N=14 {'train_loss_cls': 1.0546875, 'train_loss_sr': 0.17435786128044128, 'train_loss_total': 1.0721232891082764, 'max_memory_allocated': 10522100224, 'max_memory_reserved': 32321306624}
[WSI] epoch=10 iteration=1657 slide=normal_116 N=8 {'train_loss_cls': 0.47265625, 'train_loss_sr': 0.17404715716838837, 'train_loss_total': 0.490060955286026, 'max_memory_allocated': 6088694272, 'max_memory_reserved': 32321306624}
[WSI] epoch=10 iteration=1658 slide=normal_145 N=20 {'train_loss_cls': 0.81640625, 'train_loss_sr': 0.18288907408714294, 'train_loss_total': 0.8346951603889465, 'max_memory_allocated': 14957738496, 'max_memory_reserved': 32321306624}
[WSI] epoch=10 iteration=1659 slide=normal_039 N=9 {'train_loss_cls': 0.451171875, 'train_loss_sr': 0.20332899689674377, 'train_loss_total': 0.4715047776699066, 'max_memory_allocated': 6827104768, 'max_memory_reserved': 32321306624}
[gradient] slide_id=tumor_034 N=6 {'rdn': 1.9286726713180542, 'region_encoder': 0.0, 'abmil': 0.4142155051231384, 'classifier': 2.002803325653076, 'p2w': 0.3286193907260895}
[WSI] epoch=10 iteration=1660 slide=tumor_034 N=6 {'train_loss_cls': 0.1552734375, 'train_loss_sr': 0.2789507210254669, 'train_loss_total': 0.18316851556301117, 'max_memory_allocated': 4612669952, 'max_memory_reserved': 32321306624}
[WSI] epoch=10 iteration=1661 slide=normal_089 N=20 {'train_loss_cls': 0.8046875, 'train_loss_sr': 0.25562962889671326, 'train_loss_total': 0.8302504420280457, 'max_memory_allocated': 14956407296, 'max_memory_reserved': 32321306624}
[WSI] epoch=10 iteration=1662 slide=normal_031 N=6 {'train_loss_cls': 1.15625, 'train_loss_sr': 0.27810919284820557, 'train_loss_total': 1.1840609312057495, 'max_memory_allocated': 4611996672, 'max_memory_reserved': 32321306624}
[WSI] epoch=10 iteration=1663 slide=normal_095 N=14 {'train_loss_cls': 0.9375, 'train_loss_sr': 0.2643509805202484, 'train_loss_total': 0.9639350771903992, 'max_memory_allocated': 10522739712, 'max_memory_reserved': 32321306624}
[WSI] epoch=10 iteration=1664 slide=normal_081 N=6 {'train_loss_cls': 0.8046875, 'train_loss_sr': 0.20606017112731934, 'train_loss_total': 0.8252935409545898, 'max_memory_allocated': 4611853312, 'max_memory_reserved': 32321306624}
[WSI] epoch=10 iteration=1665 slide=normal_158 N=18 {'train_loss_cls': 0.703125, 'train_loss_sr': 0.15461362898349762, 'train_loss_total': 0.7185863852500916, 'max_memory_allocated': 13478312448, 'max_memory_reserved': 32321306624}
[WSI] epoch=10 iteration=1666 slide=normal_080 N=15 {'train_loss_cls': 0.49609375, 'train_loss_sr': 0.1208430826663971, 'train_loss_total': 0.5081780552864075, 'max_memory_allocated': 11262298624, 'max_memory_reserved': 32321306624}
[WSI] epoch=10 iteration=1667 slide=tumor_025 N=9 {'train_loss_cls': 1.1171875, 'train_loss_sr': 0.15338489413261414, 'train_loss_total': 1.1325260400772095, 'max_memory_allocated': 6827104768, 'max_memory_reserved': 32321306624}
[WSI] epoch=10 iteration=1668 slide=normal_032 N=9 {'train_loss_cls': 0.462890625, 'train_loss_sr': 0.18402868509292603, 'train_loss_total': 0.4812934994697571, 'max_memory_allocated': 6828373504, 'max_memory_reserved': 32321306624}
[WSI] epoch=10 iteration=1669 slide=normal_070 N=16 {'train_loss_cls': 0.330078125, 'train_loss_sr': 0.2002851963043213, 'train_loss_total': 0.3501066565513611, 'max_memory_allocated': 12001769984, 'max_memory_reserved': 32321306624}
[gradient] slide_id=normal_062 N=2 {'rdn': 2.8601603507995605, 'region_encoder': 0.0, 'abmil': 0.21232254803180695, 'classifier': 6.336206436157227, 'p2w': 1.3320969343185425}
[WSI] epoch=10 iteration=1670 slide=normal_062 N=2 {'train_loss_cls': 0.5234375, 'train_loss_sr': 0.190081387758255, 'train_loss_total': 0.5424456596374512, 'max_memory_allocated': 1707772416, 'max_memory_reserved': 32321306624}
[WSI] epoch=10 iteration=1671 slide=normal_102 N=11 {'train_loss_cls': 0.349609375, 'train_loss_sr': 0.10333123803138733, 'train_loss_total': 0.3599424958229065, 'max_memory_allocated': 8305269248, 'max_memory_reserved': 32321306624}
[WSI] epoch=10 iteration=1672 slide=normal_144 N=12 {'train_loss_cls': 0.146484375, 'train_loss_sr': 0.20009392499923706, 'train_loss_total': 0.16649377346038818, 'max_memory_allocated': 9044707840, 'max_memory_reserved': 32321306624}
[WSI] epoch=10 iteration=1673 slide=tumor_103 N=18 {'train_loss_cls': 1.640625, 'train_loss_sr': 0.23254255950450897, 'train_loss_total': 1.6638792753219604, 'max_memory_allocated': 13478312448, 'max_memory_reserved': 32321306624}
[WSI] epoch=10 iteration=1674 slide=normal_148 N=5 {'train_loss_cls': 0.296875, 'train_loss_sr': 0.5715685486793518, 'train_loss_total': 0.35403186082839966, 'max_memory_allocated': 3873356288, 'max_memory_reserved': 32321306624}
[WSI] epoch=10 iteration=1675 slide=normal_011 N=14 {'train_loss_cls': 0.1640625, 'train_loss_sr': 0.8004182577133179, 'train_loss_total': 0.2441043257713318, 'max_memory_allocated': 10522155520, 'max_memory_reserved': 32321306624}
[WSI] epoch=10 iteration=1676 slide=tumor_038 N=2 {'train_loss_cls': 2.3125, 'train_loss_sr': 0.8595660924911499, 'train_loss_total': 2.398456573486328, 'max_memory_allocated': 1707252224, 'max_memory_reserved': 32321306624}
[WSI] epoch=10 iteration=1677 slide=tumor_009 N=12 {'train_loss_cls': 1.3671875, 'train_loss_sr': 0.8733052611351013, 'train_loss_total': 1.4545180797576904, 'max_memory_allocated': 9044515328, 'max_memory_reserved': 32321306624}
[WSI] epoch=10 iteration=1678 slide=normal_146 N=17 {'train_loss_cls': 0.251953125, 'train_loss_sr': 0.7531769275665283, 'train_loss_total': 0.3272708058357239, 'max_memory_allocated': 12740606464, 'max_memory_reserved': 32321306624}
[WSI] epoch=10 iteration=1679 slide=normal_038 N=1 {'train_loss_cls': 0.443359375, 'train_loss_sr': 0.5012261867523193, 'train_loss_total': 0.49348199367523193, 'max_memory_allocated': 916601344, 'max_memory_reserved': 32321306624}
[gradient] slide_id=tumor_039 N=4 {'rdn': 4.992941856384277, 'region_encoder': 0.0, 'abmil': 0.6991636157035828, 'classifier': 11.838183403015137, 'p2w': 0.7629784941673279}
[WSI] epoch=10 iteration=1680 slide=tumor_039 N=4 {'train_loss_cls': 1.0625, 'train_loss_sr': 0.3933851718902588, 'train_loss_total': 1.10183846950531, 'max_memory_allocated': 3132758528, 'max_memory_reserved': 32321306624}
[WSI] epoch=10 iteration=1681 slide=normal_100 N=8 {'train_loss_cls': 0.328125, 'train_loss_sr': 0.30384016036987305, 'train_loss_total': 0.35850900411605835, 'max_memory_allocated': 6088735232, 'max_memory_reserved': 32321306624}
[WSI] epoch=10 iteration=1682 slide=tumor_086 N=23 {'train_loss_cls': 0.4921875, 'train_loss_sr': 0.23456554114818573, 'train_loss_total': 0.5156440734863281, 'max_memory_allocated': 17173584384, 'max_memory_reserved': 32321306624}
[WSI] epoch=10 iteration=1683 slide=tumor_082 N=3 {'train_loss_cls': 0.7734375, 'train_loss_sr': 0.3744834363460541, 'train_loss_total': 0.8108858466148376, 'max_memory_allocated': 2394909696, 'max_memory_reserved': 32321306624}
[WSI] epoch=10 iteration=1684 slide=normal_108 N=2 {'train_loss_cls': 0.1845703125, 'train_loss_sr': 0.488384485244751, 'train_loss_total': 0.23340876400470734, 'max_memory_allocated': 1707141632, 'max_memory_reserved': 32321306624}
[WSI] epoch=10 iteration=1685 slide=tumor_007 N=12 {'train_loss_cls': 0.640625, 'train_loss_sr': 0.2937501072883606, 'train_loss_total': 0.6700000166893005, 'max_memory_allocated': 9044777472, 'max_memory_reserved': 32321306624}
[WSI] epoch=10 iteration=1686 slide=tumor_016 N=5 {'train_loss_cls': 0.87109375, 'train_loss_sr': 0.26947021484375, 'train_loss_total': 0.898040771484375, 'max_memory_allocated': 3872479744, 'max_memory_reserved': 32321306624}
[WSI] epoch=10 iteration=1687 slide=tumor_068 N=15 {'train_loss_cls': 0.546875, 'train_loss_sr': 0.23762740194797516, 'train_loss_total': 0.5706377625465393, 'max_memory_allocated': 11263166976, 'max_memory_reserved': 32321306624}
[WSI] epoch=10 iteration=1688 slide=normal_141 N=7 {'train_loss_cls': 0.357421875, 'train_loss_sr': 0.2344476282596588, 'train_loss_total': 0.3808666467666626, 'max_memory_allocated': 5349571072, 'max_memory_reserved': 32321306624}
[WSI] epoch=10 iteration=1689 slide=normal_105 N=12 {'train_loss_cls': 0.6796875, 'train_loss_sr': 0.2842501401901245, 'train_loss_total': 0.7081125378608704, 'max_memory_allocated': 9044777472, 'max_memory_reserved': 32321306624}
[gradient] slide_id=tumor_027 N=13 {'rdn': 2.9240729808807373, 'region_encoder': 0.0, 'abmil': 0.40690478682518005, 'classifier': 7.6539130210876465, 'p2w': 0.7239260077476501}
[WSI] epoch=10 iteration=1690 slide=tumor_027 N=13 {'train_loss_cls': 1.046875, 'train_loss_sr': 0.30448681116104126, 'train_loss_total': 1.0773236751556396, 'max_memory_allocated': 9783458304, 'max_memory_reserved': 32321306624}
[WSI] epoch=10 iteration=1691 slide=normal_107 N=16 {'train_loss_cls': 0.3046875, 'train_loss_sr': 0.2765308916568756, 'train_loss_total': 0.3323405981063843, 'max_memory_allocated': 12001331712, 'max_memory_reserved': 32321306624}
[WSI] epoch=10 iteration=1692 slide=normal_139 N=12 {'train_loss_cls': 0.81640625, 'train_loss_sr': 0.1981617957353592, 'train_loss_total': 0.8362224102020264, 'max_memory_allocated': 9044733952, 'max_memory_reserved': 32321306624}
[WSI] epoch=10 iteration=1693 slide=normal_006 N=1 {'train_loss_cls': 0.33984375, 'train_loss_sr': 0.24862639605998993, 'train_loss_total': 0.3647063970565796, 'max_memory_allocated': 917395968, 'max_memory_reserved': 32321306624}
[WSI] epoch=10 iteration=1694 slide=normal_135 N=13 {'train_loss_cls': 0.2197265625, 'train_loss_sr': 0.2644042372703552, 'train_loss_total': 0.24616698920726776, 'max_memory_allocated': 9784180736, 'max_memory_reserved': 32321306624}
[WSI] epoch=10 iteration=1695 slide=tumor_011 N=6 {'train_loss_cls': 1.5625, 'train_loss_sr': 0.22572378814220428, 'train_loss_total': 1.58507239818573, 'max_memory_allocated': 4612115456, 'max_memory_reserved': 32321306624}
[WSI] epoch=10 iteration=1696 slide=tumor_012 N=7 {'train_loss_cls': 0.578125, 'train_loss_sr': 0.23706158995628357, 'train_loss_total': 0.6018311381340027, 'max_memory_allocated': 5349882368, 'max_memory_reserved': 32321306624}
[WSI] epoch=10 iteration=1697 slide=normal_131 N=18 {'train_loss_cls': 0.6640625, 'train_loss_sr': 0.226919025182724, 'train_loss_total': 0.6867544054985046, 'max_memory_allocated': 13478607360, 'max_memory_reserved': 32321306624}
[WSI] epoch=10 iteration=1698 slide=normal_079 N=8 {'train_loss_cls': 0.5703125, 'train_loss_sr': 0.23439183831214905, 'train_loss_total': 0.5937516689300537, 'max_memory_allocated': 6088473088, 'max_memory_reserved': 32321306624}
[WSI] epoch=10 iteration=1699 slide=tumor_052 N=15 {'train_loss_cls': 0.8828125, 'train_loss_sr': 0.2226310670375824, 'train_loss_total': 0.9050756096839905, 'max_memory_allocated': 11262519808, 'max_memory_reserved': 32321306624}
[gradient] slide_id=tumor_044 N=12 {'rdn': 5.536304950714111, 'region_encoder': 0.0, 'abmil': 0.4154745638370514, 'classifier': 4.239807605743408, 'p2w': 1.5412758588790894}
[WSI] epoch=10 iteration=1700 slide=tumor_044 N=12 {'train_loss_cls': 0.287109375, 'train_loss_sr': 0.27821362018585205, 'train_loss_total': 0.3149307370185852, 'max_memory_allocated': 9045551616, 'max_memory_reserved': 32321306624}
[WSI] epoch=10 iteration=1701 slide=normal_018 N=3 {'train_loss_cls': 0.85546875, 'train_loss_sr': 0.22088021039962769, 'train_loss_total': 0.8775568008422852, 'max_memory_allocated': 2394115072, 'max_memory_reserved': 32321306624}
[WSI] epoch=10 iteration=1702 slide=normal_109 N=10 {'train_loss_cls': 0.5625, 'train_loss_sr': 0.23861904442310333, 'train_loss_total': 0.5863618850708008, 'max_memory_allocated': 7566772736, 'max_memory_reserved': 32321306624}
[WSI] epoch=10 iteration=1703 slide=tumor_003 N=7 {'train_loss_cls': 1.3515625, 'train_loss_sr': 0.5494745373725891, 'train_loss_total': 1.4065099954605103, 'max_memory_allocated': 5351340544, 'max_memory_reserved': 32321306624}
[WSI] epoch=10 iteration=1704 slide=normal_068 N=6 {'train_loss_cls': 0.35546875, 'train_loss_sr': 0.5783616900444031, 'train_loss_total': 0.4133049249649048, 'max_memory_allocated': 4612389888, 'max_memory_reserved': 32321306624}
[WSI] epoch=10 iteration=1705 slide=normal_002 N=2 {'train_loss_cls': 0.455078125, 'train_loss_sr': 0.5288584232330322, 'train_loss_total': 0.5079639554023743, 'max_memory_allocated': 1707989504, 'max_memory_reserved': 32321306624}
[WSI] epoch=10 iteration=1706 slide=normal_129 N=19 {'train_loss_cls': 0.373046875, 'train_loss_sr': 0.48001882433891296, 'train_loss_total': 0.42104876041412354, 'max_memory_allocated': 14216944128, 'max_memory_reserved': 32321306624}
[WSI] epoch=10 iteration=1707 slide=normal_104 N=19 {'train_loss_cls': 0.26953125, 'train_loss_sr': 0.9143630266189575, 'train_loss_total': 0.3609675467014313, 'max_memory_allocated': 14217869824, 'max_memory_reserved': 32321306624}
[WSI] epoch=10 iteration=1708 slide=normal_103 N=8 {'train_loss_cls': 0.1572265625, 'train_loss_sr': 1.3906960487365723, 'train_loss_total': 0.2962961792945862, 'max_memory_allocated': 6088133120, 'max_memory_reserved': 32321306624}
[WSI] epoch=10 iteration=1709 slide=normal_048 N=3 {'train_loss_cls': 0.12353515625, 'train_loss_sr': 0.9157849550247192, 'train_loss_total': 0.21511365473270416, 'max_memory_allocated': 2394480640, 'max_memory_reserved': 32321306624}
[gradient] slide_id=tumor_050 N=10 {'rdn': 64.06011199951172, 'region_encoder': 0.0, 'abmil': 1.3098456859588623, 'classifier': 76.48074340820312, 'p2w': 7.37759256362915}
[WSI] epoch=10 iteration=1710 slide=tumor_050 N=10 {'train_loss_cls': 5.9375, 'train_loss_sr': 2.9054815769195557, 'train_loss_total': 6.228048324584961, 'max_memory_allocated': 7566817280, 'max_memory_reserved': 32321306624}
[WSI] epoch=10 iteration=1711 slide=tumor_093 N=14 {'train_loss_cls': 1.78125, 'train_loss_sr': 1.513803482055664, 'train_loss_total': 1.9326303005218506, 'max_memory_allocated': 10522502144, 'max_memory_reserved': 32321306624}
[WSI] epoch=10 iteration=1712 slide=normal_119 N=14 {'train_loss_cls': 0.291015625, 'train_loss_sr': 0.6828665137290955, 'train_loss_total': 0.359302282333374, 'max_memory_allocated': 10522100224, 'max_memory_reserved': 32321306624}
[WSI] epoch=10 iteration=1713 slide=normal_044 N=4 {'train_loss_cls': 0.59375, 'train_loss_sr': 0.44760945439338684, 'train_loss_total': 0.6385109424591064, 'max_memory_allocated': 3132758528, 'max_memory_reserved': 32321306624}
[WSI] epoch=10 iteration=1714 slide=normal_136 N=15 {'train_loss_cls': 0.435546875, 'train_loss_sr': 0.5083231329917908, 'train_loss_total': 0.4863791763782501, 'max_memory_allocated': 11262369280, 'max_memory_reserved': 32321306624}
[WSI] epoch=10 iteration=1715 slide=normal_155 N=11 {'train_loss_cls': 1.828125, 'train_loss_sr': 0.4712703824043274, 'train_loss_total': 1.8752520084381104, 'max_memory_allocated': 8305842688, 'max_memory_reserved': 32321306624}
[WSI] epoch=10 iteration=1716 slide=normal_052 N=15 {'train_loss_cls': 0.26171875, 'train_loss_sr': 0.5875775814056396, 'train_loss_total': 0.3204765021800995, 'max_memory_allocated': 11262097920, 'max_memory_reserved': 32321306624}
[WSI] epoch=10 iteration=1717 slide=tumor_005 N=4 {'train_loss_cls': 0.3515625, 'train_loss_sr': 0.45005232095718384, 'train_loss_total': 0.3965677320957184, 'max_memory_allocated': 3132647936, 'max_memory_reserved': 32321306624}
[WSI] epoch=10 iteration=1718 slide=normal_077 N=5 {'train_loss_cls': 0.5703125, 'train_loss_sr': 0.3501240015029907, 'train_loss_total': 0.605324923992157, 'max_memory_allocated': 3872801792, 'max_memory_reserved': 32321306624}
[WSI] epoch=10 iteration=1719 slide=tumor_049 N=3 {'train_loss_cls': 0.1865234375, 'train_loss_sr': 0.354394793510437, 'train_loss_total': 0.22196291387081146, 'max_memory_allocated': 2394115072, 'max_memory_reserved': 32321306624}
[gradient] slide_id=normal_087 N=11 {'rdn': 3.715576171875, 'region_encoder': 0.0, 'abmil': 0.006567162461578846, 'classifier': 7.175156593322754, 'p2w': 0.43812063336372375}
[WSI] epoch=10 iteration=1720 slide=normal_087 N=11 {'train_loss_cls': 0.75390625, 'train_loss_sr': 0.28665414452552795, 'train_loss_total': 0.7825716733932495, 'max_memory_allocated': 8305273344, 'max_memory_reserved': 32321306624}
[WSI] epoch=10 iteration=1721 slide=normal_083 N=3 {'train_loss_cls': 0.2314453125, 'train_loss_sr': 0.3557537794113159, 'train_loss_total': 0.26702070236206055, 'max_memory_allocated': 2394118656, 'max_memory_reserved': 32321306624}
[WSI] epoch=10 iteration=1722 slide=tumor_021 N=16 {'train_loss_cls': 0.5625, 'train_loss_sr': 0.3487090766429901, 'train_loss_total': 0.5973709225654602, 'max_memory_allocated': 12001880576, 'max_memory_reserved': 32321306624}
[WSI] epoch=10 iteration=1723 slide=normal_126 N=17 {'train_loss_cls': 0.228515625, 'train_loss_sr': 0.3758450150489807, 'train_loss_total': 0.266100138425827, 'max_memory_allocated': 12740644864, 'max_memory_reserved': 32321306624}
[WSI] epoch=10 iteration=1724 slide=tumor_002 N=5 {'train_loss_cls': 1.09375, 'train_loss_sr': 0.2431609034538269, 'train_loss_total': 1.1180660724639893, 'max_memory_allocated': 3872791040, 'max_memory_reserved': 32321306624}
[WSI] epoch=10 iteration=1725 slide=normal_007 N=3 {'train_loss_cls': 0.38671875, 'train_loss_sr': 0.3693753480911255, 'train_loss_total': 0.42365628480911255, 'max_memory_allocated': 2395566080, 'max_memory_reserved': 32321306624}
[WSI] epoch=10 iteration=1726 slide=normal_113 N=19 {'train_loss_cls': 0.057861328125, 'train_loss_sr': 0.43511003255844116, 'train_loss_total': 0.10137233138084412, 'max_memory_allocated': 14216944128, 'max_memory_reserved': 32321306624}
[WSI] epoch=10 iteration=1727 slide=normal_065 N=6 {'train_loss_cls': 0.6953125, 'train_loss_sr': 0.4882379174232483, 'train_loss_total': 0.7441362738609314, 'max_memory_allocated': 4613553152, 'max_memory_reserved': 32321306624}
[WSI] epoch=10 iteration=1728 slide=tumor_102 N=35 {'train_loss_cls': 1.0390625, 'train_loss_sr': 0.34709152579307556, 'train_loss_total': 1.073771595954895, 'max_memory_allocated': 26042404352, 'max_memory_reserved': 32321306624}
[WSI] epoch=10 iteration=1729 slide=tumor_061 N=13 {'train_loss_cls': 0.244140625, 'train_loss_sr': 0.2959024906158447, 'train_loss_total': 0.2737308740615845, 'max_memory_allocated': 9784098304, 'max_memory_reserved': 32321306624}
[gradient] slide_id=tumor_105 N=6 {'rdn': 6.824034214019775, 'region_encoder': 0.0, 'abmil': 2.354602813720703, 'classifier': 5.748167514801025, 'p2w': 0.5446373224258423}
[WSI] epoch=10 iteration=1730 slide=tumor_105 N=6 {'train_loss_cls': 0.7421875, 'train_loss_sr': 0.2416025549173355, 'train_loss_total': 0.7663477659225464, 'max_memory_allocated': 4612638720, 'max_memory_reserved': 32321306624}
[WSI] epoch=10 iteration=1731 slide=normal_036 N=7 {'train_loss_cls': 0.10693359375, 'train_loss_sr': 0.2546207904815674, 'train_loss_total': 0.1323956698179245, 'max_memory_allocated': 5349619712, 'max_memory_reserved': 32321306624}
[WSI] epoch=10 iteration=1732 slide=tumor_035 N=4 {'train_loss_cls': 0.3203125, 'train_loss_sr': 0.214989572763443, 'train_loss_total': 0.3418114483356476, 'max_memory_allocated': 3132185088, 'max_memory_reserved': 32321306624}
[WSI] epoch=10 iteration=1733 slide=tumor_047 N=15 {'train_loss_cls': 0.72265625, 'train_loss_sr': 0.2855266332626343, 'train_loss_total': 0.7512089014053345, 'max_memory_allocated': 11262226944, 'max_memory_reserved': 32321306624}
[WSI] epoch=10 iteration=1734 slide=tumor_019 N=2 {'train_loss_cls': 0.5390625, 'train_loss_sr': 0.23427970707416534, 'train_loss_total': 0.5624904632568359, 'max_memory_allocated': 1707407872, 'max_memory_reserved': 32321306624}
[WSI] epoch=10 iteration=1735 slide=normal_061 N=12 {'train_loss_cls': 0.341796875, 'train_loss_sr': 0.2727819085121155, 'train_loss_total': 0.36907505989074707, 'max_memory_allocated': 9045109248, 'max_memory_reserved': 32321306624}
[WSI] epoch=10 iteration=1736 slide=normal_157 N=16 {'train_loss_cls': 0.1611328125, 'train_loss_sr': 0.2817640006542206, 'train_loss_total': 0.18930920958518982, 'max_memory_allocated': 12001375744, 'max_memory_reserved': 32321306624}
[WSI] epoch=10 iteration=1737 slide=normal_063 N=7 {'train_loss_cls': 1.0625, 'train_loss_sr': 0.18908041715621948, 'train_loss_total': 1.0814080238342285, 'max_memory_allocated': 5350520832, 'max_memory_reserved': 32321306624}
[WSI] epoch=10 iteration=1738 slide=normal_058 N=7 {'train_loss_cls': 0.33984375, 'train_loss_sr': 0.22926972806453705, 'train_loss_total': 0.3627707362174988, 'max_memory_allocated': 5349530112, 'max_memory_reserved': 32321306624}
[WSI] epoch=10 iteration=1739 slide=normal_114 N=24 {'train_loss_cls': 0.470703125, 'train_loss_sr': 0.40625351667404175, 'train_loss_total': 0.5113284587860107, 'max_memory_allocated': 17912070656, 'max_memory_reserved': 32321306624}
[gradient] slide_id=tumor_043 N=4 {'rdn': 2.513124942779541, 'region_encoder': 0.0, 'abmil': 0.37897753715515137, 'classifier': 2.8102705478668213, 'p2w': 0.4346717894077301}
[WSI] epoch=10 iteration=1740 slide=tumor_043 N=4 {'train_loss_cls': 0.32421875, 'train_loss_sr': 0.350294291973114, 'train_loss_total': 0.35924819111824036, 'max_memory_allocated': 3133147648, 'max_memory_reserved': 32321306624}
[epoch] {'epoch': 10, 'train_loss_cls': 0.5835430978358477, 'train_loss_sr': 0.26991873915339337, 'train_loss_total': 0.6105349712159441, 'train_auc': 0.9325, 'train_acc': 0.8390804597701149, 'train_bacc': 0.816081081081081, 'val_loss': 0.7790582830255682, 'val_auc': 0.4864864864864865, 'val_acc': 0.5, 'val_bacc': 0.4610492845786964, 'max_memory_allocated': 26042404352, 'max_memory_reserved': 32321306624}
/root/miniconda3/envs/myconda/lib/python3.10/site-packages/torch/utils/checkpoint.py:1399: FutureWarning: `torch.cpu.amp.autocast(args...)` is deprecated. Please use `torch.amp.autocast('cpu', args...)` instead.
  with device_autocast_ctx, torch.cpu.amp.autocast(**cpu_autocast_kwargs), recompute_context:  # type: ignore[attr-defined]
[WSI] epoch=11 iteration=1741 slide=tumor_048 N=15 {'train_loss_cls': 0.73046875, 'train_loss_sr': 0.4410875141620636, 'train_loss_total': 0.7745774984359741, 'max_memory_allocated': 11263646208, 'max_memory_reserved': 32321306624}
[WSI] epoch=11 iteration=1742 slide=normal_141 N=7 {'train_loss_cls': 0.33203125, 'train_loss_sr': 0.46367374062538147, 'train_loss_total': 0.3783986270427704, 'max_memory_allocated': 5349939712, 'max_memory_reserved': 32321306624}
[WSI] epoch=11 iteration=1743 slide=tumor_103 N=18 {'train_loss_cls': 0.416015625, 'train_loss_sr': 0.26235276460647583, 'train_loss_total': 0.44225090742111206, 'max_memory_allocated': 13478222336, 'max_memory_reserved': 32321306624}
[WSI] epoch=11 iteration=1744 slide=tumor_066 N=7 {'train_loss_cls': 0.75, 'train_loss_sr': 0.23103950917720795, 'train_loss_total': 0.7731039524078369, 'max_memory_allocated': 5349688832, 'max_memory_reserved': 32321306624}
[WSI] epoch=11 iteration=1745 slide=normal_121 N=13 {'train_loss_cls': 0.14453125, 'train_loss_sr': 0.24758169054985046, 'train_loss_total': 0.16928942501544952, 'max_memory_allocated': 9783458304, 'max_memory_reserved': 32321306624}
[WSI] epoch=11 iteration=1746 slide=tumor_042 N=4 {'train_loss_cls': 0.5625, 'train_loss_sr': 0.5772228240966797, 'train_loss_total': 0.620222270488739, 'max_memory_allocated': 3133590016, 'max_memory_reserved': 32321306624}
[WSI] epoch=11 iteration=1747 slide=normal_106 N=15 {'train_loss_cls': 0.65625, 'train_loss_sr': 0.5165857076644897, 'train_loss_total': 0.707908570766449, 'max_memory_allocated': 11262306304, 'max_memory_reserved': 32321306624}
[WSI] epoch=11 iteration=1748 slide=normal_126 N=17 {'train_loss_cls': 0.35546875, 'train_loss_sr': 0.29989758133888245, 'train_loss_total': 0.38545849919319153, 'max_memory_allocated': 12739265536, 'max_memory_reserved': 32321306624}
[WSI] epoch=11 iteration=1749 slide=normal_074 N=14 {'train_loss_cls': 0.2431640625, 'train_loss_sr': 0.24609829485416412, 'train_loss_total': 0.26777389645576477, 'max_memory_allocated': 10522708480, 'max_memory_reserved': 32321306624}
[gradient] slide_id=tumor_037 N=10 {'rdn': 1.7396482229232788, 'region_encoder': 0.0, 'abmil': 0.15843796730041504, 'classifier': 3.4441614151000977, 'p2w': 0.589413583278656}
[WSI] epoch=11 iteration=1750 slide=tumor_037 N=10 {'train_loss_cls': 0.5703125, 'train_loss_sr': 0.1930745542049408, 'train_loss_total': 0.5896199345588684, 'max_memory_allocated': 7567346176, 'max_memory_reserved': 32321306624}
[WSI] epoch=11 iteration=1751 slide=tumor_068 N=15 {'train_loss_cls': 0.26171875, 'train_loss_sr': 0.30528050661087036, 'train_loss_total': 0.2922467887401581, 'max_memory_allocated': 11262851584, 'max_memory_reserved': 32321306624}
[WSI] epoch=11 iteration=1752 slide=tumor_040 N=10 {'train_loss_cls': 0.404296875, 'train_loss_sr': 0.35805195569992065, 'train_loss_total': 0.44010207056999207, 'max_memory_allocated': 7566330368, 'max_memory_reserved': 32321306624}
[WSI] epoch=11 iteration=1753 slide=normal_111 N=31 {'train_loss_cls': 0.65234375, 'train_loss_sr': 0.33261287212371826, 'train_loss_total': 0.6856050491333008, 'max_memory_allocated': 23085652480, 'max_memory_reserved': 32321306624}
[WSI] epoch=11 iteration=1754 slide=tumor_024 N=16 {'train_loss_cls': 0.53125, 'train_loss_sr': 0.2569688856601715, 'train_loss_total': 0.556946873664856, 'max_memory_allocated': 12001442304, 'max_memory_reserved': 32321306624}
[WSI] epoch=11 iteration=1755 slide=tumor_007 N=12 {'train_loss_cls': 0.5234375, 'train_loss_sr': 0.1770922690629959, 'train_loss_total': 0.5411467552185059, 'max_memory_allocated': 9045438464, 'max_memory_reserved': 32321306624}
[WSI] epoch=11 iteration=1756 slide=normal_036 N=7 {'train_loss_cls': 0.0791015625, 'train_loss_sr': 0.2409505397081375, 'train_loss_total': 0.10319662094116211, 'max_memory_allocated': 5350345216, 'max_memory_reserved': 32321306624}
[WSI] epoch=11 iteration=1757 slide=normal_058 N=7 {'train_loss_cls': 0.1787109375, 'train_loss_sr': 0.22604891657829285, 'train_loss_total': 0.20131583511829376, 'max_memory_allocated': 5349792256, 'max_memory_reserved': 32321306624}
[WSI] epoch=11 iteration=1758 slide=tumor_001 N=7 {'train_loss_cls': 1.015625, 'train_loss_sr': 0.21223992109298706, 'train_loss_total': 1.036849021911621, 'max_memory_allocated': 5349882368, 'max_memory_reserved': 32321306624}
[WSI] epoch=11 iteration=1759 slide=tumor_072 N=20 {'train_loss_cls': 0.91015625, 'train_loss_sr': 0.19212612509727478, 'train_loss_total': 0.9293688535690308, 'max_memory_allocated': 14956497408, 'max_memory_reserved': 32321306624}
[gradient] slide_id=tumor_020 N=7 {'rdn': 1.531402826309204, 'region_encoder': 0.0, 'abmil': 0.1333581805229187, 'classifier': 2.8264880180358887, 'p2w': 0.712209165096283}
[WSI] epoch=11 iteration=1760 slide=tumor_020 N=7 {'train_loss_cls': 0.2119140625, 'train_loss_sr': 0.22077955305576324, 'train_loss_total': 0.23399201035499573, 'max_memory_allocated': 5351066112, 'max_memory_reserved': 32321306624}
[WSI] epoch=11 iteration=1761 slide=normal_093 N=8 {'train_loss_cls': 0.0830078125, 'train_loss_sr': 0.22011682391166687, 'train_loss_total': 0.10501949489116669, 'max_memory_allocated': 6088751616, 'max_memory_reserved': 32321306624}
[WSI] epoch=11 iteration=1762 slide=tumor_108 N=22 {'train_loss_cls': 0.1298828125, 'train_loss_sr': 0.13728953897953033, 'train_loss_total': 0.14361175894737244, 'max_memory_allocated': 16434469376, 'max_memory_reserved': 32321306624}
[WSI] epoch=11 iteration=1763 slide=normal_154 N=20 {'train_loss_cls': 0.8203125, 'train_loss_sr': 0.10662692785263062, 'train_loss_total': 0.8309751749038696, 'max_memory_allocated': 14956718592, 'max_memory_reserved': 32321306624}
[WSI] epoch=11 iteration=1764 slide=tumor_054 N=17 {'train_loss_cls': 0.73046875, 'train_loss_sr': 0.13648554682731628, 'train_loss_total': 0.7441173195838928, 'max_memory_allocated': 12741203968, 'max_memory_reserved': 32321306624}
[WSI] epoch=11 iteration=1765 slide=normal_070 N=16 {'train_loss_cls': 0.490234375, 'train_loss_sr': 0.1602698117494583, 'train_loss_total': 0.5062613487243652, 'max_memory_allocated': 12001659392, 'max_memory_reserved': 32321306624}
[WSI] epoch=11 iteration=1766 slide=normal_135 N=13 {'train_loss_cls': 0.0849609375, 'train_loss_sr': 0.1278565526008606, 'train_loss_total': 0.0977465957403183, 'max_memory_allocated': 9783678976, 'max_memory_reserved': 32321306624}
[WSI] epoch=11 iteration=1767 slide=tumor_073 N=19 {'train_loss_cls': 0.251953125, 'train_loss_sr': 0.0772293284535408, 'train_loss_total': 0.259676069021225, 'max_memory_allocated': 14216985088, 'max_memory_reserved': 32321306624}
[WSI] epoch=11 iteration=1768 slide=normal_155 N=11 {'train_loss_cls': 1.4921875, 'train_loss_sr': 0.14039409160614014, 'train_loss_total': 1.506226897239685, 'max_memory_allocated': 8305269248, 'max_memory_reserved': 32321306624}
[WSI] epoch=11 iteration=1769 slide=tumor_027 N=13 {'train_loss_cls': 0.69921875, 'train_loss_sr': 0.1759866625070572, 'train_loss_total': 0.7168174386024475, 'max_memory_allocated': 9783368192, 'max_memory_reserved': 32321306624}
[gradient] slide_id=tumor_028 N=17 {'rdn': 1.7784669399261475, 'region_encoder': 0.0, 'abmil': 0.44104892015457153, 'classifier': 2.3963735103607178, 'p2w': 0.6869950890541077}
[WSI] epoch=11 iteration=1770 slide=tumor_028 N=17 {'train_loss_cls': 0.212890625, 'train_loss_sr': 0.1867361068725586, 'train_loss_total': 0.2315642386674881, 'max_memory_allocated': 12739480064, 'max_memory_reserved': 32321306624}
[WSI] epoch=11 iteration=1771 slide=normal_079 N=8 {'train_loss_cls': 0.7421875, 'train_loss_sr': 0.1865856945514679, 'train_loss_total': 0.7608460783958435, 'max_memory_allocated': 6088604160, 'max_memory_reserved': 32321306624}
[WSI] epoch=11 iteration=1772 slide=normal_087 N=11 {'train_loss_cls': 1.1328125, 'train_loss_sr': 0.15533968806266785, 'train_loss_total': 1.1483464241027832, 'max_memory_allocated': 8306084352, 'max_memory_reserved': 32321306624}
[WSI] epoch=11 iteration=1773 slide=normal_097 N=17 {'train_loss_cls': 0.0478515625, 'train_loss_sr': 0.15735726058483124, 'train_loss_total': 0.06358729302883148, 'max_memory_allocated': 12739811840, 'max_memory_reserved': 32321306624}
[WSI] epoch=11 iteration=1774 slide=tumor_109 N=10 {'train_loss_cls': 1.0390625, 'train_loss_sr': 0.14693231880664825, 'train_loss_total': 1.053755760192871, 'max_memory_allocated': 7566330368, 'max_memory_reserved': 32321306624}
[WSI] epoch=11 iteration=1775 slide=normal_067 N=12 {'train_loss_cls': 0.3203125, 'train_loss_sr': 0.1421796679496765, 'train_loss_total': 0.33453047275543213, 'max_memory_allocated': 9045058560, 'max_memory_reserved': 32321306624}
[WSI] epoch=11 iteration=1776 slide=normal_104 N=19 {'train_loss_cls': 0.70703125, 'train_loss_sr': 0.13354423642158508, 'train_loss_total': 0.7203856706619263, 'max_memory_allocated': 14217185792, 'max_memory_reserved': 32321306624}
[WSI] epoch=11 iteration=1777 slide=normal_040 N=16 {'train_loss_cls': 0.1279296875, 'train_loss_sr': 0.13432149589061737, 'train_loss_total': 0.14136183261871338, 'max_memory_allocated': 12001106432, 'max_memory_reserved': 32321306624}
[WSI] epoch=11 iteration=1778 slide=normal_144 N=12 {'train_loss_cls': 0.1474609375, 'train_loss_sr': 0.13496968150138855, 'train_loss_total': 0.16095790266990662, 'max_memory_allocated': 9044547072, 'max_memory_reserved': 32321306624}
[WSI] epoch=11 iteration=1779 slide=tumor_094 N=16 {'train_loss_cls': 0.2001953125, 'train_loss_sr': 0.08423876762390137, 'train_loss_total': 0.20861919224262238, 'max_memory_allocated': 12000647680, 'max_memory_reserved': 32321306624}
[gradient] slide_id=tumor_077 N=14 {'rdn': 4.790285110473633, 'region_encoder': 0.0, 'abmil': 0.30206143856048584, 'classifier': 7.695908546447754, 'p2w': 0.33502236008644104}
[WSI] epoch=11 iteration=1780 slide=tumor_077 N=14 {'train_loss_cls': 1.5546875, 'train_loss_sr': 0.09401270747184753, 'train_loss_total': 1.5640888214111328, 'max_memory_allocated': 10522671616, 'max_memory_reserved': 32321306624}
[WSI] epoch=11 iteration=1781 slide=tumor_046 N=19 {'train_loss_cls': 0.828125, 'train_loss_sr': 0.13425475358963013, 'train_loss_total': 0.8415504693984985, 'max_memory_allocated': 14216964608, 'max_memory_reserved': 32321306624}
[WSI] epoch=11 iteration=1782 slide=normal_047 N=5 {'train_loss_cls': 0.59765625, 'train_loss_sr': 0.11618348211050034, 'train_loss_total': 0.6092746257781982, 'max_memory_allocated': 3872258560, 'max_memory_reserved': 32321306624}
[WSI] epoch=11 iteration=1783 slide=tumor_088 N=12 {'train_loss_cls': 0.43359375, 'train_loss_sr': 0.16327160596847534, 'train_loss_total': 0.4499209225177765, 'max_memory_allocated': 9044978176, 'max_memory_reserved': 32321306624}
[WSI] epoch=11 iteration=1784 slide=normal_029 N=1 {'train_loss_cls': 0.0615234375, 'train_loss_sr': 0.06792096793651581, 'train_loss_total': 0.0683155357837677, 'max_memory_allocated': 917036032, 'max_memory_reserved': 32321306624}
[WSI] epoch=11 iteration=1785 slide=normal_048 N=3 {'train_loss_cls': 0.6015625, 'train_loss_sr': 0.18853001296520233, 'train_loss_total': 0.6204155087471008, 'max_memory_allocated': 2394839040, 'max_memory_reserved': 32321306624}
[WSI] epoch=11 iteration=1786 slide=tumor_093 N=14 {'train_loss_cls': 1.5625, 'train_loss_sr': 0.10868522524833679, 'train_loss_total': 1.5733685493469238, 'max_memory_allocated': 10522487296, 'max_memory_reserved': 32321306624}
[WSI] epoch=11 iteration=1787 slide=normal_096 N=7 {'train_loss_cls': 0.13671875, 'train_loss_sr': 0.14242711663246155, 'train_loss_total': 0.15096145868301392, 'max_memory_allocated': 5350640128, 'max_memory_reserved': 32321306624}
[WSI] epoch=11 iteration=1788 slide=normal_023 N=2 {'train_loss_cls': 0.2470703125, 'train_loss_sr': 0.13511407375335693, 'train_loss_total': 0.26058173179626465, 'max_memory_allocated': 1707694592, 'max_memory_reserved': 32321306624}
[WSI] epoch=11 iteration=1789 slide=tumor_111 N=4 {'train_loss_cls': 0.63671875, 'train_loss_sr': 0.10228334367275238, 'train_loss_total': 0.6469470858573914, 'max_memory_allocated': 3132316160, 'max_memory_reserved': 32321306624}
[gradient] slide_id=normal_156 N=13 {'rdn': 2.6088626384735107, 'region_encoder': 0.0, 'abmil': 0.33858251571655273, 'classifier': 3.07523250579834, 'p2w': 0.4390401840209961}
[WSI] epoch=11 iteration=1790 slide=normal_156 N=13 {'train_loss_cls': 0.404296875, 'train_loss_sr': 0.10539256781339645, 'train_loss_total': 0.4148361384868622, 'max_memory_allocated': 9783358976, 'max_memory_reserved': 32321306624}
[WSI] epoch=11 iteration=1791 slide=tumor_080 N=6 {'train_loss_cls': 0.53515625, 'train_loss_sr': 0.101401686668396, 'train_loss_total': 0.5452964305877686, 'max_memory_allocated': 4613481472, 'max_memory_reserved': 32321306624}
[WSI] epoch=11 iteration=1792 slide=normal_035 N=1 {'train_loss_cls': 0.419921875, 'train_loss_sr': 0.10648132860660553, 'train_loss_total': 0.43057000637054443, 'max_memory_allocated': 917052416, 'max_memory_reserved': 32321306624}
[WSI] epoch=11 iteration=1793 slide=normal_129 N=19 {'train_loss_cls': 0.388671875, 'train_loss_sr': 0.12704209983348846, 'train_loss_total': 0.4013760983943939, 'max_memory_allocated': 14217296384, 'max_memory_reserved': 32321306624}
[WSI] epoch=11 iteration=1794 slide=normal_032 N=9 {'train_loss_cls': 0.77734375, 'train_loss_sr': 0.11466089636087418, 'train_loss_total': 0.7888098359107971, 'max_memory_allocated': 6827357696, 'max_memory_reserved': 32321306624}
[WSI] epoch=11 iteration=1795 slide=tumor_038 N=2 {'train_loss_cls': 0.306640625, 'train_loss_sr': 0.20229865610599518, 'train_loss_total': 0.32687050104141235, 'max_memory_allocated': 1707772416, 'max_memory_reserved': 32321306624}
[WSI] epoch=11 iteration=1796 slide=normal_031 N=6 {'train_loss_cls': 0.9609375, 'train_loss_sr': 0.16632875800132751, 'train_loss_total': 0.9775703549385071, 'max_memory_allocated': 4612113920, 'max_memory_reserved': 32321306624}
[WSI] epoch=11 iteration=1797 slide=tumor_060 N=6 {'train_loss_cls': 0.376953125, 'train_loss_sr': 0.11315148323774338, 'train_loss_total': 0.38826826214790344, 'max_memory_allocated': 4611984384, 'max_memory_reserved': 32321306624}
[WSI] epoch=11 iteration=1798 slide=tumor_005 N=4 {'train_loss_cls': 0.1494140625, 'train_loss_sr': 0.15735310316085815, 'train_loss_total': 0.16514937579631805, 'max_memory_allocated': 3132185088, 'max_memory_reserved': 32321306624}
[WSI] epoch=11 iteration=1799 slide=tumor_045 N=10 {'train_loss_cls': 0.5703125, 'train_loss_sr': 0.1277559995651245, 'train_loss_total': 0.5830880999565125, 'max_memory_allocated': 7566940672, 'max_memory_reserved': 32321306624}
[gradient] slide_id=tumor_044 N=12 {'rdn': 0.9007996916770935, 'region_encoder': 0.0, 'abmil': 0.08473721146583557, 'classifier': 1.5891985893249512, 'p2w': 0.22036907076835632}
[WSI] epoch=11 iteration=1800 slide=tumor_044 N=12 {'train_loss_cls': 0.1396484375, 'train_loss_sr': 0.15927962958812714, 'train_loss_total': 0.1555764079093933, 'max_memory_allocated': 9045212672, 'max_memory_reserved': 32321306624}
[WSI] epoch=11 iteration=1801 slide=normal_077 N=5 {'train_loss_cls': 0.474609375, 'train_loss_sr': 0.1149955689907074, 'train_loss_total': 0.4861089289188385, 'max_memory_allocated': 3872230912, 'max_memory_reserved': 32321306624}
[WSI] epoch=11 iteration=1802 slide=tumor_050 N=10 {'train_loss_cls': 0.66796875, 'train_loss_sr': 0.1312466561794281, 'train_loss_total': 0.6810933947563171, 'max_memory_allocated': 7566883328, 'max_memory_reserved': 32321306624}
[WSI] epoch=11 iteration=1803 slide=normal_095 N=14 {'train_loss_cls': 0.6015625, 'train_loss_sr': 0.09561192989349365, 'train_loss_total': 0.6111236810684204, 'max_memory_allocated': 10522065408, 'max_memory_reserved': 32321306624}
[WSI] epoch=11 iteration=1804 slide=tumor_107 N=6 {'train_loss_cls': 0.10546875, 'train_loss_sr': 0.13539384305477142, 'train_loss_total': 0.1190081313252449, 'max_memory_allocated': 4612316160, 'max_memory_reserved': 32321306624}
[WSI] epoch=11 iteration=1805 slide=tumor_105 N=6 {'train_loss_cls': 0.1416015625, 'train_loss_sr': 0.11336366832256317, 'train_loss_total': 0.15293793380260468, 'max_memory_allocated': 4612468224, 'max_memory_reserved': 32321306624}
[WSI] epoch=11 iteration=1806 slide=tumor_084 N=9 {'train_loss_cls': 0.486328125, 'train_loss_sr': 0.08979395031929016, 'train_loss_total': 0.4953075051307678, 'max_memory_allocated': 6827698688, 'max_memory_reserved': 32321306624}
[WSI] epoch=11 iteration=1807 slide=normal_088 N=14 {'train_loss_cls': 0.2265625, 'train_loss_sr': 0.09683030843734741, 'train_loss_total': 0.2362455278635025, 'max_memory_allocated': 10522487296, 'max_memory_reserved': 32321306624}
[WSI] epoch=11 iteration=1808 slide=tumor_083 N=14 {'train_loss_cls': 0.1669921875, 'train_loss_sr': 0.09328428655862808, 'train_loss_total': 0.1763206124305725, 'max_memory_allocated': 10522201088, 'max_memory_reserved': 32321306624}
[WSI] epoch=11 iteration=1809 slide=tumor_058 N=5 {'train_loss_cls': 0.6015625, 'train_loss_sr': 0.1687486618757248, 'train_loss_total': 0.6184373497962952, 'max_memory_allocated': 3873253888, 'max_memory_reserved': 32321306624}
[gradient] slide_id=normal_139 N=12 {'rdn': 2.272207021713257, 'region_encoder': 0.0, 'abmil': 0.5296344757080078, 'classifier': 3.4816830158233643, 'p2w': 0.5401327610015869}
[WSI] epoch=11 iteration=1810 slide=normal_139 N=12 {'train_loss_cls': 0.376953125, 'train_loss_sr': 0.10737720131874084, 'train_loss_total': 0.38769084215164185, 'max_memory_allocated': 9044978176, 'max_memory_reserved': 32321306624}
[WSI] epoch=11 iteration=1811 slide=tumor_015 N=27 {'train_loss_cls': 0.4921875, 'train_loss_sr': 0.17889143526554108, 'train_loss_total': 0.510076642036438, 'max_memory_allocated': 20129298944, 'max_memory_reserved': 32321306624}
[WSI] epoch=11 iteration=1812 slide=tumor_057 N=4 {'train_loss_cls': 0.291015625, 'train_loss_sr': 0.10469260811805725, 'train_loss_total': 0.3014848828315735, 'max_memory_allocated': 3132447232, 'max_memory_reserved': 32321306624}
[WSI] epoch=11 iteration=1813 slide=tumor_039 N=4 {'train_loss_cls': 0.40625, 'train_loss_sr': 0.14068540930747986, 'train_loss_total': 0.4203185439109802, 'max_memory_allocated': 3132557824, 'max_memory_reserved': 32321306624}
[WSI] epoch=11 iteration=1814 slide=normal_089 N=20 {'train_loss_cls': 0.58203125, 'train_loss_sr': 0.14698156714439392, 'train_loss_total': 0.5967293977737427, 'max_memory_allocated': 14956718592, 'max_memory_reserved': 32321306624}
[WSI] epoch=11 iteration=1815 slide=normal_062 N=2 {'train_loss_cls': 0.62890625, 'train_loss_sr': 0.14963221549987793, 'train_loss_total': 0.6438694596290588, 'max_memory_allocated': 1706789376, 'max_memory_reserved': 32321306624}
[WSI] epoch=11 iteration=1816 slide=tumor_097 N=18 {'train_loss_cls': 0.353515625, 'train_loss_sr': 0.10701528191566467, 'train_loss_total': 0.3642171621322632, 'max_memory_allocated': 13478579712, 'max_memory_reserved': 32321306624}
[WSI] epoch=11 iteration=1817 slide=normal_128 N=11 {'train_loss_cls': 0.91796875, 'train_loss_sr': 0.0735757052898407, 'train_loss_total': 0.9253263473510742, 'max_memory_allocated': 8305752576, 'max_memory_reserved': 32321306624}
[WSI] epoch=11 iteration=1818 slide=normal_006 N=1 {'train_loss_cls': 0.287109375, 'train_loss_sr': 0.10525776445865631, 'train_loss_total': 0.29763513803482056, 'max_memory_allocated': 916388864, 'max_memory_reserved': 32321306624}
[WSI] epoch=11 iteration=1819 slide=normal_133 N=10 {'train_loss_cls': 0.06494140625, 'train_loss_sr': 0.15214407444000244, 'train_loss_total': 0.08015581220388412, 'max_memory_allocated': 7566756352, 'max_memory_reserved': 32321306624}
[gradient] slide_id=normal_007 N=3 {'rdn': 2.521768569946289, 'region_encoder': 0.0, 'abmil': 0.1903669685125351, 'classifier': 6.2601704597473145, 'p2w': 0.8861104846000671}
[WSI] epoch=11 iteration=1820 slide=normal_007 N=3 {'train_loss_cls': 0.44921875, 'train_loss_sr': 0.15963616967201233, 'train_loss_total': 0.465182363986969, 'max_memory_allocated': 2394188800, 'max_memory_reserved': 32321306624}
[WSI] epoch=11 iteration=1821 slide=normal_028 N=5 {'train_loss_cls': 0.48828125, 'train_loss_sr': 0.19240562617778778, 'train_loss_total': 0.5075218081474304, 'max_memory_allocated': 3873585664, 'max_memory_reserved': 32321306624}
[WSI] epoch=11 iteration=1822 slide=normal_085 N=5 {'train_loss_cls': 0.62890625, 'train_loss_sr': 0.13978226482868195, 'train_loss_total': 0.6428844928741455, 'max_memory_allocated': 3872569856, 'max_memory_reserved': 32321306624}
[WSI] epoch=11 iteration=1823 slide=normal_003 N=7 {'train_loss_cls': 0.1279296875, 'train_loss_sr': 0.15214455127716064, 'train_loss_total': 0.1431441456079483, 'max_memory_allocated': 5350231552, 'max_memory_reserved': 32321306624}
[WSI] epoch=11 iteration=1824 slide=normal_061 N=12 {'train_loss_cls': 0.421875, 'train_loss_sr': 0.15614929795265198, 'train_loss_total': 0.43748992681503296, 'max_memory_allocated': 9044602368, 'max_memory_reserved': 32321306624}
[WSI] epoch=11 iteration=1825 slide=tumor_034 N=6 {'train_loss_cls': 0.20703125, 'train_loss_sr': 0.123272605240345, 'train_loss_total': 0.21935850381851196, 'max_memory_allocated': 4613360640, 'max_memory_reserved': 32321306624}
[WSI] epoch=11 iteration=1826 slide=tumor_047 N=15 {'train_loss_cls': 0.451171875, 'train_loss_sr': 0.2000114470720291, 'train_loss_total': 0.4711730182170868, 'max_memory_allocated': 11262841856, 'max_memory_reserved': 32321306624}
[WSI] epoch=11 iteration=1827 slide=tumor_086 N=23 {'train_loss_cls': 0.39453125, 'train_loss_sr': 0.11242268979549408, 'train_loss_total': 0.4057735204696655, 'max_memory_allocated': 17173674496, 'max_memory_reserved': 32321306624}
[WSI] epoch=11 iteration=1828 slide=normal_114 N=24 {'train_loss_cls': 0.3203125, 'train_loss_sr': 0.13943244516849518, 'train_loss_total': 0.33425575494766235, 'max_memory_allocated': 17911904768, 'max_memory_reserved': 32321306624}
[WSI] epoch=11 iteration=1829 slide=normal_152 N=5 {'train_loss_cls': 0.26171875, 'train_loss_sr': 0.1210821121931076, 'train_loss_total': 0.2738269567489624, 'max_memory_allocated': 3872355328, 'max_memory_reserved': 32321306624}
[gradient] slide_id=tumor_012 N=7 {'rdn': 15.38876724243164, 'region_encoder': 0.0, 'abmil': 3.9577181339263916, 'classifier': 10.749042510986328, 'p2w': 0.6723036170005798}
[WSI] epoch=11 iteration=1830 slide=tumor_012 N=7 {'train_loss_cls': 0.98828125, 'train_loss_sr': 0.17078445851802826, 'train_loss_total': 1.0053596496582031, 'max_memory_allocated': 5349530112, 'max_memory_reserved': 32321306624}
[WSI] epoch=11 iteration=1831 slide=normal_083 N=3 {'train_loss_cls': 0.10791015625, 'train_loss_sr': 0.17234721779823303, 'train_loss_total': 0.12514488399028778, 'max_memory_allocated': 2394246144, 'max_memory_reserved': 32321306624}
[WSI] epoch=11 iteration=1832 slide=normal_053 N=18 {'train_loss_cls': 0.06982421875, 'train_loss_sr': 0.15563923120498657, 'train_loss_total': 0.08538813889026642, 'max_memory_allocated': 13478754816, 'max_memory_reserved': 32321306624}
[WSI] epoch=11 iteration=1833 slide=normal_054 N=1 {'train_loss_cls': 0.412109375, 'train_loss_sr': 0.2018292397260666, 'train_loss_total': 0.43229231238365173, 'max_memory_allocated': 916409344, 'max_memory_reserved': 32321306624}
[WSI] epoch=11 iteration=1834 slide=normal_113 N=19 {'train_loss_cls': 0.01806640625, 'train_loss_sr': 0.15074902772903442, 'train_loss_total': 0.03314130753278732, 'max_memory_allocated': 14216964608, 'max_memory_reserved': 32321306624}
[WSI] epoch=11 iteration=1835 slide=normal_148 N=5 {'train_loss_cls': 1.21875, 'train_loss_sr': 0.14080998301506042, 'train_loss_total': 1.2328310012817383, 'max_memory_allocated': 3872531456, 'max_memory_reserved': 32321306624}
[WSI] epoch=11 iteration=1836 slide=normal_108 N=2 {'train_loss_cls': 0.0849609375, 'train_loss_sr': 0.143230140209198, 'train_loss_total': 0.09928394854068756, 'max_memory_allocated': 1707342336, 'max_memory_reserved': 32321306624}
[WSI] epoch=11 iteration=1837 slide=normal_081 N=6 {'train_loss_cls': 1.203125, 'train_loss_sr': 0.18758124113082886, 'train_loss_total': 1.2218831777572632, 'max_memory_allocated': 4612336640, 'max_memory_reserved': 32321306624}
[WSI] epoch=11 iteration=1838 slide=normal_107 N=16 {'train_loss_cls': 0.0167236328125, 'train_loss_sr': 0.12591040134429932, 'train_loss_total': 0.02931467443704605, 'max_memory_allocated': 12001679872, 'max_memory_reserved': 32321306624}
[WSI] epoch=11 iteration=1839 slide=normal_049 N=2 {'train_loss_cls': 0.193359375, 'train_loss_sr': 0.20118816196918488, 'train_loss_total': 0.2134781926870346, 'max_memory_allocated': 1707051520, 'max_memory_reserved': 32321306624}
[gradient] slide_id=normal_100 N=8 {'rdn': 2.9421801567077637, 'region_encoder': 0.0, 'abmil': 0.6142728328704834, 'classifier': 4.696206092834473, 'p2w': 0.7152884006500244}
[WSI] epoch=11 iteration=1840 slide=normal_100 N=8 {'train_loss_cls': 0.30078125, 'train_loss_sr': 0.1385672688484192, 'train_loss_total': 0.3146379888057709, 'max_memory_allocated': 6088598016, 'max_memory_reserved': 32321306624}
[WSI] epoch=11 iteration=1841 slide=tumor_025 N=9 {'train_loss_cls': 1.65625, 'train_loss_sr': 0.17241449654102325, 'train_loss_total': 1.6734914779663086, 'max_memory_allocated': 6828009984, 'max_memory_reserved': 32321306624}
[WSI] epoch=11 iteration=1842 slide=tumor_087 N=10 {'train_loss_cls': 1.25, 'train_loss_sr': 0.14505140483379364, 'train_loss_total': 1.26450514793396, 'max_memory_allocated': 7566551552, 'max_memory_reserved': 32321306624}
[WSI] epoch=11 iteration=1843 slide=normal_142 N=20 {'train_loss_cls': 0.1494140625, 'train_loss_sr': 0.16669973731040955, 'train_loss_total': 0.16608403623104095, 'max_memory_allocated': 14956739072, 'max_memory_reserved': 32321306624}
[WSI] epoch=11 iteration=1844 slide=normal_038 N=1 {'train_loss_cls': 0.2734375, 'train_loss_sr': 0.08597597479820251, 'train_loss_total': 0.28203511238098145, 'max_memory_allocated': 916953600, 'max_memory_reserved': 32321306624}
[WSI] epoch=11 iteration=1845 slide=normal_145 N=20 {'train_loss_cls': 0.29296875, 'train_loss_sr': 0.12109548598527908, 'train_loss_total': 0.30507829785346985, 'max_memory_allocated': 14956608000, 'max_memory_reserved': 32321306624}
[WSI] epoch=11 iteration=1846 slide=normal_080 N=15 {'train_loss_cls': 0.1416015625, 'train_loss_sr': 0.19768929481506348, 'train_loss_total': 0.16137048602104187, 'max_memory_allocated': 11262056960, 'max_memory_reserved': 32321306624}
[WSI] epoch=11 iteration=1847 slide=normal_076 N=24 {'train_loss_cls': 0.333984375, 'train_loss_sr': 0.18429243564605713, 'train_loss_total': 0.3524136245250702, 'max_memory_allocated': 17912738816, 'max_memory_reserved': 32321306624}
[WSI] epoch=11 iteration=1848 slide=normal_039 N=9 {'train_loss_cls': 0.09228515625, 'train_loss_sr': 0.17459776997566223, 'train_loss_total': 0.10974493622779846, 'max_memory_allocated': 6827678208, 'max_memory_reserved': 32321306624}
[WSI] epoch=11 iteration=1849 slide=normal_157 N=16 {'train_loss_cls': 0.03369140625, 'train_loss_sr': 0.14665403962135315, 'train_loss_total': 0.048356808722019196, 'max_memory_allocated': 12001864192, 'max_memory_reserved': 32321306624}
[gradient] slide_id=tumor_003 N=7 {'rdn': 6.320992469787598, 'region_encoder': 0.0, 'abmil': 0.23257482051849365, 'classifier': 13.072955131530762, 'p2w': 0.26697060465812683}
[WSI] epoch=11 iteration=1850 slide=tumor_003 N=7 {'train_loss_cls': 2.390625, 'train_loss_sr': 0.13923224806785583, 'train_loss_total': 2.404548168182373, 'max_memory_allocated': 5349661184, 'max_memory_reserved': 32321306624}
[WSI] epoch=11 iteration=1851 slide=normal_151 N=16 {'train_loss_cls': 0.03369140625, 'train_loss_sr': 0.1557212769985199, 'train_loss_total': 0.04926353320479393, 'max_memory_allocated': 12001126912, 'max_memory_reserved': 32321306624}
[WSI] epoch=11 iteration=1852 slide=tumor_061 N=13 {'train_loss_cls': 0.26171875, 'train_loss_sr': 0.18991875648498535, 'train_loss_total': 0.2807106375694275, 'max_memory_allocated': 9783996416, 'max_memory_reserved': 32321306624}
[WSI] epoch=11 iteration=1853 slide=normal_116 N=8 {'train_loss_cls': 0.138671875, 'train_loss_sr': 0.17329919338226318, 'train_loss_total': 0.15600179135799408, 'max_memory_allocated': 6088362496, 'max_memory_reserved': 32321306624}
[WSI] epoch=11 iteration=1854 slide=normal_065 N=6 {'train_loss_cls': 0.5234375, 'train_loss_sr': 0.15253305435180664, 'train_loss_total': 0.5386908054351807, 'max_memory_allocated': 4611984384, 'max_memory_reserved': 32321306624}
[WSI] epoch=11 iteration=1855 slide=normal_109 N=10 {'train_loss_cls': 0.28515625, 'train_loss_sr': 0.12566399574279785, 'train_loss_total': 0.29772263765335083, 'max_memory_allocated': 7566258688, 'max_memory_reserved': 32321306624}
[WSI] epoch=11 iteration=1856 slide=tumor_016 N=5 {'train_loss_cls': 0.365234375, 'train_loss_sr': 0.15339502692222595, 'train_loss_total': 0.3805738687515259, 'max_memory_allocated': 3872479744, 'max_memory_reserved': 32321306624}
[WSI] epoch=11 iteration=1857 slide=normal_064 N=9 {'train_loss_cls': 0.08837890625, 'train_loss_sr': 0.1569116711616516, 'train_loss_total': 0.10407007485628128, 'max_memory_allocated': 6827104768, 'max_memory_reserved': 32321306624}
[WSI] epoch=11 iteration=1858 slide=normal_014 N=2 {'train_loss_cls': 0.0888671875, 'train_loss_sr': 0.1871185302734375, 'train_loss_total': 0.10757903754711151, 'max_memory_allocated': 1707772416, 'max_memory_reserved': 32321306624}
[WSI] epoch=11 iteration=1859 slide=normal_066 N=26 {'train_loss_cls': 0.361328125, 'train_loss_sr': 0.17071351408958435, 'train_loss_total': 0.37839949131011963, 'max_memory_allocated': 19390511616, 'max_memory_reserved': 32321306624}
[gradient] slide_id=normal_124 N=19 {'rdn': 0.7357982993125916, 'region_encoder': 0.0, 'abmil': 0.0008590950747020543, 'classifier': 0.5974447131156921, 'p2w': 0.5756672620773315}
[WSI] epoch=11 iteration=1860 slide=normal_124 N=19 {'train_loss_cls': 0.036865234375, 'train_loss_sr': 0.11001341789960861, 'train_loss_total': 0.0478665754199028, 'max_memory_allocated': 14217556480, 'max_memory_reserved': 32321306624}
[WSI] epoch=11 iteration=1861 slide=normal_131 N=18 {'train_loss_cls': 0.25390625, 'train_loss_sr': 0.10683611035346985, 'train_loss_total': 0.2645898461341858, 'max_memory_allocated': 13478754816, 'max_memory_reserved': 32321306624}
[WSI] epoch=11 iteration=1862 slide=tumor_081 N=6 {'train_loss_cls': 1.1328125, 'train_loss_sr': 0.10213978588581085, 'train_loss_total': 1.1430264711380005, 'max_memory_allocated': 4611948032, 'max_memory_reserved': 32321306624}
[WSI] epoch=11 iteration=1863 slide=normal_008 N=1 {'train_loss_cls': 0.035400390625, 'train_loss_sr': 0.19369837641716003, 'train_loss_total': 0.05477023124694824, 'max_memory_allocated': 916831232, 'max_memory_reserved': 32321306624}
[WSI] epoch=11 iteration=1864 slide=tumor_022 N=7 {'train_loss_cls': 0.734375, 'train_loss_sr': 0.17903324961662292, 'train_loss_total': 0.7522783279418945, 'max_memory_allocated': 5349661184, 'max_memory_reserved': 32321306624}
[WSI] epoch=11 iteration=1865 slide=tumor_002 N=5 {'train_loss_cls': 1.34375, 'train_loss_sr': 0.17609277367591858, 'train_loss_total': 1.3613592386245728, 'max_memory_allocated': 3873032704, 'max_memory_reserved': 32321306624}
[WSI] epoch=11 iteration=1866 slide=tumor_082 N=3 {'train_loss_cls': 0.87890625, 'train_loss_sr': 0.09358766674995422, 'train_loss_total': 0.8882650136947632, 'max_memory_allocated': 2394115072, 'max_memory_reserved': 32321306624}
[WSI] epoch=11 iteration=1867 slide=normal_102 N=11 {'train_loss_cls': 0.74609375, 'train_loss_sr': 0.07976996898651123, 'train_loss_total': 0.7540707588195801, 'max_memory_allocated': 8305269248, 'max_memory_reserved': 32321306624}
[WSI] epoch=11 iteration=1868 slide=normal_078 N=6 {'train_loss_cls': 0.1689453125, 'train_loss_sr': 0.08634902536869049, 'train_loss_total': 0.17758020758628845, 'max_memory_allocated': 4612541440, 'max_memory_reserved': 32321306624}
[WSI] epoch=11 iteration=1869 slide=tumor_052 N=15 {'train_loss_cls': 0.28125, 'train_loss_sr': 0.15341852605342865, 'train_loss_total': 0.2965918481349945, 'max_memory_allocated': 11262851584, 'max_memory_reserved': 32321306624}
[gradient] slide_id=normal_051 N=3 {'rdn': 0.774389386177063, 'region_encoder': 0.0, 'abmil': 0.05203523859381676, 'classifier': 1.4024693965911865, 'p2w': 0.5955296754837036}
[WSI] epoch=11 iteration=1870 slide=normal_051 N=3 {'train_loss_cls': 0.06298828125, 'train_loss_sr': 0.1481831967830658, 'train_loss_total': 0.07780659943819046, 'max_memory_allocated': 2394159616, 'max_memory_reserved': 32321306624}
[WSI] epoch=11 iteration=1871 slide=normal_041 N=7 {'train_loss_cls': 0.068359375, 'train_loss_sr': 0.14389359951019287, 'train_loss_total': 0.08274873346090317, 'max_memory_allocated': 5350305792, 'max_memory_reserved': 32321306624}
[WSI] epoch=11 iteration=1872 slide=tumor_004 N=15 {'train_loss_cls': 0.36328125, 'train_loss_sr': 0.13189426064491272, 'train_loss_total': 0.376470685005188, 'max_memory_allocated': 11262372352, 'max_memory_reserved': 32321306624}
[WSI] epoch=11 iteration=1873 slide=tumor_078 N=15 {'train_loss_cls': 0.609375, 'train_loss_sr': 0.11506052315235138, 'train_loss_total': 0.6208810806274414, 'max_memory_allocated': 11262890496, 'max_memory_reserved': 32321306624}
[WSI] epoch=11 iteration=1874 slide=normal_011 N=14 {'train_loss_cls': 0.4375, 'train_loss_sr': 0.15116660296916962, 'train_loss_total': 0.4526166617870331, 'max_memory_allocated': 10522283008, 'max_memory_reserved': 32321306624}
[WSI] epoch=11 iteration=1875 slide=tumor_074 N=5 {'train_loss_cls': 0.443359375, 'train_loss_sr': 0.15666908025741577, 'train_loss_total': 0.4590262770652771, 'max_memory_allocated': 3872479744, 'max_memory_reserved': 32321306624}
[WSI] epoch=11 iteration=1876 slide=normal_052 N=15 {'train_loss_cls': 0.1181640625, 'train_loss_sr': 0.1333792805671692, 'train_loss_total': 0.13150198757648468, 'max_memory_allocated': 11262194688, 'max_memory_reserved': 32321306624}
[WSI] epoch=11 iteration=1877 slide=normal_015 N=5 {'train_loss_cls': 0.244140625, 'train_loss_sr': 0.15482401847839355, 'train_loss_total': 0.2596230208873749, 'max_memory_allocated': 3872622592, 'max_memory_reserved': 32321306624}
[WSI] epoch=11 iteration=1878 slide=normal_002 N=2 {'train_loss_cls': 0.404296875, 'train_loss_sr': 0.17295390367507935, 'train_loss_total': 0.42159226536750793, 'max_memory_allocated': 1707051520, 'max_memory_reserved': 32321306624}
[WSI] epoch=11 iteration=1879 slide=tumor_021 N=16 {'train_loss_cls': 0.0966796875, 'train_loss_sr': 0.11803897470235825, 'train_loss_total': 0.10848358273506165, 'max_memory_allocated': 12001659392, 'max_memory_reserved': 32321306624}
[gradient] slide_id=normal_136 N=15 {'rdn': 1.8042649030685425, 'region_encoder': 0.0, 'abmil': 0.3194122314453125, 'classifier': 2.1960418224334717, 'p2w': 0.5082939863204956}
[WSI] epoch=11 iteration=1880 slide=normal_136 N=15 {'train_loss_cls': 0.259765625, 'train_loss_sr': 0.10457617044448853, 'train_loss_total': 0.2702232301235199, 'max_memory_allocated': 11262056960, 'max_memory_reserved': 32321306624}
[WSI] epoch=11 iteration=1881 slide=normal_120 N=10 {'train_loss_cls': 0.498046875, 'train_loss_sr': 0.10108395665884018, 'train_loss_total': 0.5081552863121033, 'max_memory_allocated': 7566088704, 'max_memory_reserved': 32321306624}
[WSI] epoch=11 iteration=1882 slide=normal_044 N=4 {'train_loss_cls': 0.5390625, 'train_loss_sr': 0.11799804866313934, 'train_loss_total': 0.5508623123168945, 'max_memory_allocated': 3132905984, 'max_memory_reserved': 32321306624}
[WSI] epoch=11 iteration=1883 slide=tumor_035 N=4 {'train_loss_cls': 0.2060546875, 'train_loss_sr': 0.1429363340139389, 'train_loss_total': 0.2203483283519745, 'max_memory_allocated': 3133368832, 'max_memory_reserved': 32321306624}
[WSI] epoch=11 iteration=1884 slide=normal_119 N=14 {'train_loss_cls': 0.1015625, 'train_loss_sr': 0.09555339068174362, 'train_loss_total': 0.11111783981323242, 'max_memory_allocated': 10522266112, 'max_memory_reserved': 32321306624}
[WSI] epoch=11 iteration=1885 slide=normal_026 N=5 {'train_loss_cls': 0.244140625, 'train_loss_sr': 0.1158415898680687, 'train_loss_total': 0.25572478771209717, 'max_memory_allocated': 3872348672, 'max_memory_reserved': 32321306624}
[WSI] epoch=11 iteration=1886 slide=tumor_043 N=4 {'train_loss_cls': 0.2021484375, 'train_loss_sr': 0.14580336213111877, 'train_loss_total': 0.21672877669334412, 'max_memory_allocated': 3132537344, 'max_memory_reserved': 32321306624}
[WSI] epoch=11 iteration=1887 slide=tumor_019 N=2 {'train_loss_cls': 0.578125, 'train_loss_sr': 0.18327546119689941, 'train_loss_total': 0.596452534198761, 'max_memory_allocated': 1707231744, 'max_memory_reserved': 32321306624}
[WSI] epoch=11 iteration=1888 slide=normal_153 N=12 {'train_loss_cls': 0.032958984375, 'train_loss_sr': 0.10700017958879471, 'train_loss_total': 0.04365900158882141, 'max_memory_allocated': 9044777472, 'max_memory_reserved': 32321306624}
[WSI] epoch=11 iteration=1889 slide=tumor_089 N=26 {'train_loss_cls': 0.353515625, 'train_loss_sr': 0.110826276242733, 'train_loss_total': 0.36459824442863464, 'max_memory_allocated': 19390552576, 'max_memory_reserved': 32321306624}
[gradient] slide_id=normal_022 N=6 {'rdn': 1.3647838830947876, 'region_encoder': 0.0, 'abmil': 0.22652560472488403, 'classifier': 2.1435532569885254, 'p2w': 0.7364366054534912}
[WSI] epoch=11 iteration=1890 slide=normal_022 N=6 {'train_loss_cls': 0.1416015625, 'train_loss_sr': 0.09865281730890274, 'train_loss_total': 0.15146684646606445, 'max_memory_allocated': 4612316160, 'max_memory_reserved': 32321306624}
[WSI] epoch=11 iteration=1891 slide=tumor_017 N=9 {'train_loss_cls': 0.43359375, 'train_loss_sr': 0.1621118038892746, 'train_loss_total': 0.4498049318790436, 'max_memory_allocated': 6827249664, 'max_memory_reserved': 32321306624}
[WSI] epoch=11 iteration=1892 slide=tumor_106 N=22 {'train_loss_cls': 0.431640625, 'train_loss_sr': 0.12204276025295258, 'train_loss_total': 0.44384491443634033, 'max_memory_allocated': 16434158080, 'max_memory_reserved': 32321306624}
[WSI] epoch=11 iteration=1893 slide=tumor_095 N=29 {'train_loss_cls': 0.1259765625, 'train_loss_sr': 0.12560898065567017, 'train_loss_total': 0.1385374665260315, 'max_memory_allocated': 21607692288, 'max_memory_reserved': 32321306624}
[WSI] epoch=11 iteration=1894 slide=tumor_011 N=6 {'train_loss_cls': 0.35546875, 'train_loss_sr': 0.14241790771484375, 'train_loss_total': 0.3697105348110199, 'max_memory_allocated': 4612316160, 'max_memory_reserved': 32321306624}
[WSI] epoch=11 iteration=1895 slide=normal_071 N=5 {'train_loss_cls': 0.64453125, 'train_loss_sr': 0.13345807790756226, 'train_loss_total': 0.6578770875930786, 'max_memory_allocated': 3874249216, 'max_memory_reserved': 32321306624}
[WSI] epoch=11 iteration=1896 slide=tumor_102 N=35 {'train_loss_cls': 0.375, 'train_loss_sr': 0.14253801107406616, 'train_loss_total': 0.38925379514694214, 'max_memory_allocated': 26042267648, 'max_memory_reserved': 32321306624}
[WSI] epoch=11 iteration=1897 slide=tumor_079 N=14 {'train_loss_cls': 1.0546875, 'train_loss_sr': 0.11613910645246506, 'train_loss_total': 1.0663014650344849, 'max_memory_allocated': 10522266112, 'max_memory_reserved': 32321306624}
[WSI] epoch=11 iteration=1898 slide=tumor_041 N=5 {'train_loss_cls': 0.047607421875, 'train_loss_sr': 0.1627744734287262, 'train_loss_total': 0.06388486921787262, 'max_memory_allocated': 3873253888, 'max_memory_reserved': 32321306624}
[WSI] epoch=11 iteration=1899 slide=tumor_098 N=9 {'train_loss_cls': 0.039306640625, 'train_loss_sr': 0.09011349827051163, 'train_loss_total': 0.04831799119710922, 'max_memory_allocated': 6827588096, 'max_memory_reserved': 32321306624}
[gradient] slide_id=tumor_049 N=3 {'rdn': 0.2652544677257538, 'region_encoder': 0.0, 'abmil': 0.00943811796605587, 'classifier': 0.3397584557533264, 'p2w': 0.1173277273774147}
[WSI] epoch=11 iteration=1900 slide=tumor_049 N=3 {'train_loss_cls': 0.0185546875, 'train_loss_sr': 0.17667269706726074, 'train_loss_total': 0.036221958696842194, 'max_memory_allocated': 2394659840, 'max_memory_reserved': 32321306624}
[WSI] epoch=11 iteration=1901 slide=tumor_071 N=12 {'train_loss_cls': 0.2255859375, 'train_loss_sr': 0.15335358679294586, 'train_loss_total': 0.240921288728714, 'max_memory_allocated': 9045199360, 'max_memory_reserved': 32321306624}
[WSI] epoch=11 iteration=1902 slide=normal_012 N=3 {'train_loss_cls': 1.3359375, 'train_loss_sr': 0.15307608246803284, 'train_loss_total': 1.3512451648712158, 'max_memory_allocated': 2394156032, 'max_memory_reserved': 32321306624}
[WSI] epoch=11 iteration=1903 slide=normal_063 N=7 {'train_loss_cls': 0.828125, 'train_loss_sr': 0.1496732234954834, 'train_loss_total': 0.8430923223495483, 'max_memory_allocated': 5350124032, 'max_memory_reserved': 32321306624}
[WSI] epoch=11 iteration=1904 slide=normal_103 N=8 {'train_loss_cls': 0.50390625, 'train_loss_sr': 0.11099065840244293, 'train_loss_total': 0.5150052905082703, 'max_memory_allocated': 6088120832, 'max_memory_reserved': 32321306624}
[WSI] epoch=11 iteration=1905 slide=tumor_008 N=14 {'train_loss_cls': 0.66015625, 'train_loss_sr': 0.14924052357673645, 'train_loss_total': 0.6750802993774414, 'max_memory_allocated': 10522183168, 'max_memory_reserved': 32321306624}
[WSI] epoch=11 iteration=1906 slide=normal_018 N=3 {'train_loss_cls': 0.0693359375, 'train_loss_sr': 0.16982318460941315, 'train_loss_total': 0.0863182544708252, 'max_memory_allocated': 2394278912, 'max_memory_reserved': 32321306624}
[WSI] epoch=11 iteration=1907 slide=normal_159 N=14 {'train_loss_cls': 1.6640625, 'train_loss_sr': 0.12617450952529907, 'train_loss_total': 1.6766799688339233, 'max_memory_allocated': 10522155520, 'max_memory_reserved': 32321306624}
[WSI] epoch=11 iteration=1908 slide=normal_105 N=12 {'train_loss_cls': 0.72265625, 'train_loss_sr': 0.16282683610916138, 'train_loss_total': 0.7389389276504517, 'max_memory_allocated': 9045625344, 'max_memory_reserved': 32321306624}
[WSI] epoch=11 iteration=1909 slide=normal_037 N=8 {'train_loss_cls': 1.015625, 'train_loss_sr': 0.19824185967445374, 'train_loss_total': 1.0354491472244263, 'max_memory_allocated': 6089085952, 'max_memory_reserved': 32321306624}
[gradient] slide_id=normal_158 N=18 {'rdn': 6.5063066482543945, 'region_encoder': 0.0, 'abmil': 2.283557653427124, 'classifier': 7.835582733154297, 'p2w': 0.5084965229034424}
[WSI] epoch=11 iteration=1910 slide=normal_158 N=18 {'train_loss_cls': 0.5859375, 'train_loss_sr': 0.1659068763256073, 'train_loss_total': 0.6025282144546509, 'max_memory_allocated': 13478423040, 'max_memory_reserved': 32321306624}
[WSI] epoch=11 iteration=1911 slide=normal_068 N=6 {'train_loss_cls': 0.89453125, 'train_loss_sr': 0.15402089059352875, 'train_loss_total': 0.90993332862854, 'max_memory_allocated': 4611894272, 'max_memory_reserved': 32321306624}
[WSI] epoch=11 iteration=1912 slide=normal_146 N=17 {'train_loss_cls': 0.1552734375, 'train_loss_sr': 0.14129440486431122, 'train_loss_total': 0.16940288245677948, 'max_memory_allocated': 12739238400, 'max_memory_reserved': 32321306624}
[WSI] epoch=11 iteration=1913 slide=normal_084 N=1 {'train_loss_cls': 0.041748046875, 'train_loss_sr': 0.09322187304496765, 'train_loss_total': 0.051070235669612885, 'max_memory_allocated': 916704256, 'max_memory_reserved': 32321306624}
[WSI] epoch=11 iteration=1914 slide=tumor_009 N=12 {'train_loss_cls': 0.9765625, 'train_loss_sr': 0.15838561952114105, 'train_loss_total': 0.9924010634422302, 'max_memory_allocated': 9045218816, 'max_memory_reserved': 32321306624}
