/root/miniconda3/envs/myconda/lib/python3.10/site-packages/torch/utils/checkpoint.py:1399: FutureWarning: `torch.cpu.amp.autocast(args...)` is deprecated. Please use `torch.amp.autocast('cpu', args...)` instead.
  with device_autocast_ctx, torch.cpu.amp.autocast(**cpu_autocast_kwargs), recompute_context:  # type: ignore[attr-defined]
Decoder equivalence and checkpoint gate passed: RDN-B/G0=64/D=8/C=8/G=64
/root/miniconda3/envs/myconda/lib/python3.10/site-packages/torch/utils/checkpoint.py:1399: FutureWarning: `torch.cpu.amp.autocast(args...)` is deprecated. Please use `torch.amp.autocast('cpu', args...)` instead.
  with device_autocast_ctx, torch.cpu.amp.autocast(**cpu_autocast_kwargs), recompute_context:  # type: ignore[attr-defined]
[WSI] epoch=1 iteration=1 slide=tumor_035 N=4 {'train_loss_cls': 0.57421875, 'train_loss_sr': 0.7249482870101929, 'train_loss_total': 0.6467135548591614, 'max_memory_allocated': 3033640960, 'max_memory_reserved': 3550478336}
[WSI] epoch=1 iteration=2 slide=normal_155 N=11 {'train_loss_cls': 1.34375, 'train_loss_sr': 1.4631681442260742, 'train_loss_total': 1.4900667667388916, 'max_memory_allocated': 8305946112, 'max_memory_reserved': 9676259328}
[WSI] epoch=1 iteration=3 slide=normal_148 N=5 {'train_loss_cls': 1.1328125, 'train_loss_sr': 0.4996951222419739, 'train_loss_total': 1.1827820539474487, 'max_memory_allocated': 3872676352, 'max_memory_reserved': 9676259328}
[WSI] epoch=1 iteration=4 slide=tumor_068 N=15 {'train_loss_cls': 0.55078125, 'train_loss_sr': 0.3826548159122467, 'train_loss_total': 0.5890467166900635, 'max_memory_allocated': 11262752768, 'max_memory_reserved': 17127440384}
[WSI] epoch=1 iteration=5 slide=tumor_038 N=2 {'train_loss_cls': 0.578125, 'train_loss_sr': 0.35390323400497437, 'train_loss_total': 0.613515317440033, 'max_memory_allocated': 1707252224, 'max_memory_reserved': 17127440384}
[WSI] epoch=1 iteration=6 slide=normal_078 N=6 {'train_loss_cls': 0.84765625, 'train_loss_sr': 0.32934635877609253, 'train_loss_total': 0.8805909156799316, 'max_memory_allocated': 4613118976, 'max_memory_reserved': 17127440384}
[WSI] epoch=1 iteration=7 slide=normal_097 N=17 {'train_loss_cls': 0.796875, 'train_loss_sr': 0.3165135085582733, 'train_loss_total': 0.8285263776779175, 'max_memory_allocated': 12740245504, 'max_memory_reserved': 24580718592}
[WSI] epoch=1 iteration=8 slide=normal_141 N=7 {'train_loss_cls': 0.67578125, 'train_loss_sr': 0.27304965257644653, 'train_loss_total': 0.7030861973762512, 'max_memory_allocated': 5351066624, 'max_memory_reserved': 24580718592}
[WSI] epoch=1 iteration=9 slide=normal_136 N=15 {'train_loss_cls': 0.55859375, 'train_loss_sr': 0.26991814374923706, 'train_loss_total': 0.5855855941772461, 'max_memory_allocated': 11263064064, 'max_memory_reserved': 24580718592}
[gradient] slide_id=normal_135 N=13 {'rdn': 1.69510018825531, 'region_encoder': 0.0, 'abmil': 0.017997141927480698, 'classifier': 7.686895847320557, 'p2w': 0.8488806486129761}
[WSI] epoch=1 iteration=10 slide=normal_135 N=13 {'train_loss_cls': 0.44921875, 'train_loss_sr': 0.34253939986228943, 'train_loss_total': 0.48347270488739014, 'max_memory_allocated': 9783237120, 'max_memory_reserved': 24580718592}
[WSI] epoch=1 iteration=11 slide=normal_038 N=1 {'train_loss_cls': 0.30859375, 'train_loss_sr': 0.25802645087242126, 'train_loss_total': 0.3343963921070099, 'max_memory_allocated': 916605952, 'max_memory_reserved': 24580718592}
[WSI] epoch=1 iteration=12 slide=normal_066 N=26 {'train_loss_cls': 0.1826171875, 'train_loss_sr': 0.7909619808197021, 'train_loss_total': 0.2617133855819702, 'max_memory_allocated': 19390527488, 'max_memory_reserved': 38839255040}
[WSI] epoch=1 iteration=13 slide=normal_008 N=1 {'train_loss_cls': 0.0703125, 'train_loss_sr': 1.2659668922424316, 'train_loss_total': 0.19690918922424316, 'max_memory_allocated': 916474880, 'max_memory_reserved': 38839255040}
[WSI] epoch=1 iteration=14 slide=tumor_052 N=15 {'train_loss_cls': 3.59375, 'train_loss_sr': 1.1271004676818848, 'train_loss_total': 3.7064599990844727, 'max_memory_allocated': 11263248384, 'max_memory_reserved': 38839255040}
[WSI] epoch=1 iteration=15 slide=normal_018 N=3 {'train_loss_cls': 0.08203125, 'train_loss_sr': 0.9855721592903137, 'train_loss_total': 0.1805884689092636, 'max_memory_allocated': 2394926080, 'max_memory_reserved': 38839255040}
[WSI] epoch=1 iteration=16 slide=tumor_103 N=18 {'train_loss_cls': 2.109375, 'train_loss_sr': 0.8494133353233337, 'train_loss_total': 2.1943163871765137, 'max_memory_allocated': 13478328832, 'max_memory_reserved': 38839255040}
[WSI] epoch=1 iteration=17 slide=tumor_084 N=9 {'train_loss_cls': 1.8671875, 'train_loss_sr': 0.6056113839149475, 'train_loss_total': 1.927748680114746, 'max_memory_allocated': 6829308416, 'max_memory_reserved': 38839255040}
[WSI] epoch=1 iteration=18 slide=normal_044 N=4 {'train_loss_cls': 0.193359375, 'train_loss_sr': 0.6179883480072021, 'train_loss_total': 0.2551582157611847, 'max_memory_allocated': 3132839936, 'max_memory_reserved': 38839255040}
[WSI] epoch=1 iteration=19 slide=normal_107 N=16 {'train_loss_cls': 0.2373046875, 'train_loss_sr': 0.3476598262786865, 'train_loss_total': 0.27207067608833313, 'max_memory_allocated': 12001680896, 'max_memory_reserved': 38839255040}
[gradient] slide_id=tumor_024 N=16 {'rdn': 2.7262637615203857, 'region_encoder': 0.0, 'abmil': 0.04684276133775711, 'classifier': 16.335369110107422, 'p2w': 0.4084557592868805}
[WSI] epoch=1 iteration=20 slide=tumor_024 N=16 {'train_loss_cls': 1.4609375, 'train_loss_sr': 0.2551809549331665, 'train_loss_total': 1.4864555597305298, 'max_memory_allocated': 12001905152, 'max_memory_reserved': 38839255040}
[WSI] epoch=1 iteration=21 slide=normal_077 N=5 {'train_loss_cls': 0.275390625, 'train_loss_sr': 0.4298325777053833, 'train_loss_total': 0.3183738887310028, 'max_memory_allocated': 3872798720, 'max_memory_reserved': 38839255040}
[WSI] epoch=1 iteration=22 slide=normal_159 N=14 {'train_loss_cls': 0.3359375, 'train_loss_sr': 0.370669960975647, 'train_loss_total': 0.3730044960975647, 'max_memory_allocated': 10522814976, 'max_memory_reserved': 38839255040}
[WSI] epoch=1 iteration=23 slide=normal_126 N=17 {'train_loss_cls': 0.3359375, 'train_loss_sr': 0.341643363237381, 'train_loss_total': 0.37010183930397034, 'max_memory_allocated': 12740134912, 'max_memory_reserved': 38839255040}
[WSI] epoch=1 iteration=24 slide=tumor_043 N=4 {'train_loss_cls': 1.2578125, 'train_loss_sr': 0.2593894898891449, 'train_loss_total': 1.2837514877319336, 'max_memory_allocated': 3133302784, 'max_memory_reserved': 38839255040}
[WSI] epoch=1 iteration=25 slide=tumor_048 N=15 {'train_loss_cls': 1.28125, 'train_loss_sr': 0.23130956292152405, 'train_loss_total': 1.304381012916565, 'max_memory_allocated': 11263347200, 'max_memory_reserved': 38839255040}
[WSI] epoch=1 iteration=26 slide=normal_032 N=9 {'train_loss_cls': 0.392578125, 'train_loss_sr': 0.2562282681465149, 'train_loss_total': 0.41820093989372253, 'max_memory_allocated': 6827764224, 'max_memory_reserved': 38839255040}
[WSI] epoch=1 iteration=27 slide=tumor_109 N=10 {'train_loss_cls': 1.1015625, 'train_loss_sr': 0.19482380151748657, 'train_loss_total': 1.1210448741912842, 'max_memory_allocated': 7566129664, 'max_memory_reserved': 38839255040}
[WSI] epoch=1 iteration=28 slide=tumor_003 N=7 {'train_loss_cls': 1.015625, 'train_loss_sr': 0.2407045066356659, 'train_loss_total': 1.0396955013275146, 'max_memory_allocated': 5350402560, 'max_memory_reserved': 38839255040}
[WSI] epoch=1 iteration=29 slide=normal_111 N=31 {'train_loss_cls': 0.5234375, 'train_loss_sr': 0.2351531684398651, 'train_loss_total': 0.5469528436660767, 'max_memory_allocated': 23085647872, 'max_memory_reserved': 40921726976}
[gradient] slide_id=normal_035 N=1 {'rdn': 1.5306048393249512, 'region_encoder': 0.0, 'abmil': 0.0, 'classifier': 9.251516342163086, 'p2w': 0.4885595142841339}
[WSI] epoch=1 iteration=30 slide=normal_035 N=1 {'train_loss_cls': 0.57421875, 'train_loss_sr': 0.19166867434978485, 'train_loss_total': 0.593385636806488, 'max_memory_allocated': 916147200, 'max_memory_reserved': 26778533888}
[WSI] epoch=1 iteration=31 slide=normal_154 N=20 {'train_loss_cls': 0.58984375, 'train_loss_sr': 0.20606429874897003, 'train_loss_total': 0.6104502081871033, 'max_memory_allocated': 14956718592, 'max_memory_reserved': 26778533888}
[WSI] epoch=1 iteration=32 slide=normal_014 N=2 {'train_loss_cls': 0.6484375, 'train_loss_sr': 0.20343220233917236, 'train_loss_total': 0.6687807440757751, 'max_memory_allocated': 1707584000, 'max_memory_reserved': 26778533888}
[WSI] epoch=1 iteration=33 slide=tumor_098 N=9 {'train_loss_cls': 0.84375, 'train_loss_sr': 0.22890815138816833, 'train_loss_total': 0.8666408061981201, 'max_memory_allocated': 6827567616, 'max_memory_reserved': 26778533888}
[WSI] epoch=1 iteration=34 slide=normal_121 N=13 {'train_loss_cls': 0.578125, 'train_loss_sr': 0.1792755424976349, 'train_loss_total': 0.5960525274276733, 'max_memory_allocated': 9783237120, 'max_memory_reserved': 26778533888}
[WSI] epoch=1 iteration=35 slide=normal_100 N=8 {'train_loss_cls': 0.58984375, 'train_loss_sr': 0.2437726855278015, 'train_loss_total': 0.6142210364341736, 'max_memory_allocated': 6088911360, 'max_memory_reserved': 26778533888}
[WSI] epoch=1 iteration=36 slide=tumor_088 N=12 {'train_loss_cls': 0.8359375, 'train_loss_sr': 0.17538879811763763, 'train_loss_total': 0.8534764051437378, 'max_memory_allocated': 9044666880, 'max_memory_reserved': 26778533888}
[WSI] epoch=1 iteration=37 slide=normal_076 N=24 {'train_loss_cls': 0.5859375, 'train_loss_sr': 0.21929283440113068, 'train_loss_total': 0.6078667640686035, 'max_memory_allocated': 17913121280, 'max_memory_reserved': 26778533888}
[WSI] epoch=1 iteration=38 slide=normal_158 N=18 {'train_loss_cls': 0.55078125, 'train_loss_sr': 0.1665526032447815, 'train_loss_total': 0.5674365162849426, 'max_memory_allocated': 13478443520, 'max_memory_reserved': 26778533888}
[WSI] epoch=1 iteration=39 slide=normal_071 N=5 {'train_loss_cls': 0.53515625, 'train_loss_sr': 0.1997496783733368, 'train_loss_total': 0.555131196975708, 'max_memory_allocated': 3872974848, 'max_memory_reserved': 26778533888}
[gradient] slide_id=tumor_034 N=6 {'rdn': 1.5401804447174072, 'region_encoder': 0.0, 'abmil': 0.006763266399502754, 'classifier': 11.513803482055664, 'p2w': 0.4933350384235382}
[WSI] epoch=1 iteration=40 slide=tumor_034 N=6 {'train_loss_cls': 0.9296875, 'train_loss_sr': 0.18551716208457947, 'train_loss_total': 0.9482392072677612, 'max_memory_allocated': 4612094976, 'max_memory_reserved': 26778533888}
[WSI] epoch=1 iteration=41 slide=normal_089 N=20 {'train_loss_cls': 0.486328125, 'train_loss_sr': 0.20200222730636597, 'train_loss_total': 0.506528377532959, 'max_memory_allocated': 14956939776, 'max_memory_reserved': 26778533888}
[WSI] epoch=1 iteration=42 slide=normal_114 N=24 {'train_loss_cls': 0.46875, 'train_loss_sr': 0.20361804962158203, 'train_loss_total': 0.4891118109226227, 'max_memory_allocated': 17912714240, 'max_memory_reserved': 26778533888}
[WSI] epoch=1 iteration=43 slide=normal_058 N=7 {'train_loss_cls': 0.431640625, 'train_loss_sr': 0.18616364896297455, 'train_loss_total': 0.45025700330734253, 'max_memory_allocated': 5349746688, 'max_memory_reserved': 26778533888}
[WSI] epoch=1 iteration=44 slide=normal_049 N=2 {'train_loss_cls': 0.388671875, 'train_loss_sr': 0.10241676867008209, 'train_loss_total': 0.39891356229782104, 'max_memory_allocated': 1707303936, 'max_memory_reserved': 26778533888}
[WSI] epoch=1 iteration=45 slide=tumor_011 N=6 {'train_loss_cls': 1.2421875, 'train_loss_sr': 0.14716675877571106, 'train_loss_total': 1.256904125213623, 'max_memory_allocated': 4612647936, 'max_memory_reserved': 26778533888}
[WSI] epoch=1 iteration=46 slide=normal_095 N=14 {'train_loss_cls': 0.314453125, 'train_loss_sr': 0.1859622448682785, 'train_loss_total': 0.33304935693740845, 'max_memory_allocated': 10522266112, 'max_memory_reserved': 26778533888}
[WSI] epoch=1 iteration=47 slide=normal_151 N=16 {'train_loss_cls': 0.314453125, 'train_loss_sr': 0.1772630214691162, 'train_loss_total': 0.3321794271469116, 'max_memory_allocated': 12000975360, 'max_memory_reserved': 26778533888}
[WSI] epoch=1 iteration=48 slide=normal_015 N=5 {'train_loss_cls': 0.298828125, 'train_loss_sr': 0.13975530862808228, 'train_loss_total': 0.3128036558628082, 'max_memory_allocated': 3873151488, 'max_memory_reserved': 26778533888}
[WSI] epoch=1 iteration=49 slide=tumor_047 N=15 {'train_loss_cls': 1.4453125, 'train_loss_sr': 0.16963329911231995, 'train_loss_total': 1.4622758626937866, 'max_memory_allocated': 11262409216, 'max_memory_reserved': 26778533888}
[gradient] slide_id=tumor_095 N=29 {'rdn': 2.5557799339294434, 'region_encoder': 0.0, 'abmil': 0.012427415698766708, 'classifier': 14.586641311645508, 'p2w': 0.7576397061347961}
[WSI] epoch=1 iteration=50 slide=tumor_095 N=29 {'train_loss_cls': 1.3984375, 'train_loss_sr': 0.1756412386894226, 'train_loss_total': 1.4160016775131226, 'max_memory_allocated': 21607246336, 'max_memory_reserved': 26778533888}
[WSI] epoch=1 iteration=51 slide=normal_084 N=1 {'train_loss_cls': 0.255859375, 'train_loss_sr': 0.1275610327720642, 'train_loss_total': 0.2686154842376709, 'max_memory_allocated': 916868096, 'max_memory_reserved': 26778533888}
[WSI] epoch=1 iteration=52 slide=normal_133 N=10 {'train_loss_cls': 0.30078125, 'train_loss_sr': 0.20016297698020935, 'train_loss_total': 0.32079756259918213, 'max_memory_allocated': 7566756352, 'max_memory_reserved': 26778533888}
[WSI] epoch=1 iteration=53 slide=tumor_049 N=3 {'train_loss_cls': 1.390625, 'train_loss_sr': 0.29904693365097046, 'train_loss_total': 1.4205297231674194, 'max_memory_allocated': 2394246144, 'max_memory_reserved': 26778533888}
[WSI] epoch=1 iteration=54 slide=tumor_060 N=6 {'train_loss_cls': 1.3671875, 'train_loss_sr': 0.364364892244339, 'train_loss_total': 1.4036239385604858, 'max_memory_allocated': 4611853312, 'max_memory_reserved': 26778533888}
[WSI] epoch=1 iteration=55 slide=tumor_002 N=5 {'train_loss_cls': 1.203125, 'train_loss_sr': 0.26574841141700745, 'train_loss_total': 1.2296998500823975, 'max_memory_allocated': 3872331776, 'max_memory_reserved': 26778533888}
[WSI] epoch=1 iteration=56 slide=tumor_066 N=7 {'train_loss_cls': 1.09375, 'train_loss_sr': 0.22992366552352905, 'train_loss_total': 1.1167423725128174, 'max_memory_allocated': 5349661184, 'max_memory_reserved': 26778533888}
[WSI] epoch=1 iteration=57 slide=normal_037 N=8 {'train_loss_cls': 0.478515625, 'train_loss_sr': 0.312601774930954, 'train_loss_total': 0.5097758173942566, 'max_memory_allocated': 6088448512, 'max_memory_reserved': 26778533888}
[WSI] epoch=1 iteration=58 slide=normal_129 N=19 {'train_loss_cls': 0.51171875, 'train_loss_sr': 0.307243674993515, 'train_loss_total': 0.5424430966377258, 'max_memory_allocated': 14216985088, 'max_memory_reserved': 26778533888}
[WSI] epoch=1 iteration=59 slide=tumor_005 N=4 {'train_loss_cls': 0.8984375, 'train_loss_sr': 0.24873167276382446, 'train_loss_total': 0.9233106374740601, 'max_memory_allocated': 3133417984, 'max_memory_reserved': 26778533888}
[gradient] slide_id=normal_068 N=6 {'rdn': 0.8432793617248535, 'region_encoder': 0.0, 'abmil': 0.021127281710505486, 'classifier': 8.023656845092773, 'p2w': 0.487288236618042}
[WSI] epoch=1 iteration=60 slide=normal_068 N=6 {'train_loss_cls': 0.59765625, 'train_loss_sr': 0.21235038340091705, 'train_loss_total': 0.6188912987709045, 'max_memory_allocated': 4612004864, 'max_memory_reserved': 26778533888}
[WSI] epoch=1 iteration=61 slide=normal_088 N=14 {'train_loss_cls': 0.61328125, 'train_loss_sr': 0.21697163581848145, 'train_loss_total': 0.6349784135818481, 'max_memory_allocated': 10522155520, 'max_memory_reserved': 26778533888}
[WSI] epoch=1 iteration=62 slide=tumor_017 N=9 {'train_loss_cls': 0.7578125, 'train_loss_sr': 0.2502937614917755, 'train_loss_total': 0.7828418612480164, 'max_memory_allocated': 6827346432, 'max_memory_reserved': 26778533888}
[WSI] epoch=1 iteration=63 slide=tumor_019 N=2 {'train_loss_cls': 0.7265625, 'train_loss_sr': 0.23728418350219727, 'train_loss_total': 0.7502909302711487, 'max_memory_allocated': 1706920448, 'max_memory_reserved': 26778533888}
[WSI] epoch=1 iteration=64 slide=tumor_058 N=5 {'train_loss_cls': 0.71484375, 'train_loss_sr': 0.20834097266197205, 'train_loss_total': 0.7356778383255005, 'max_memory_allocated': 3872283136, 'max_memory_reserved': 26778533888}
[WSI] epoch=1 iteration=65 slide=tumor_083 N=14 {'train_loss_cls': 0.640625, 'train_loss_sr': 0.22697581350803375, 'train_loss_total': 0.6633225679397583, 'max_memory_allocated': 10522824704, 'max_memory_reserved': 26778533888}
[WSI] epoch=1 iteration=66 slide=tumor_025 N=9 {'train_loss_cls': 0.5546875, 'train_loss_sr': 0.25469279289245605, 'train_loss_total': 0.5801568031311035, 'max_memory_allocated': 6827855360, 'max_memory_reserved': 26778533888}
[WSI] epoch=1 iteration=67 slide=tumor_001 N=7 {'train_loss_cls': 0.53515625, 'train_loss_sr': 0.1851460188627243, 'train_loss_total': 0.5536708235740662, 'max_memory_allocated': 5349530112, 'max_memory_reserved': 26778533888}
[WSI] epoch=1 iteration=68 slide=tumor_008 N=14 {'train_loss_cls': 0.478515625, 'train_loss_sr': 0.1582202911376953, 'train_loss_total': 0.49433764815330505, 'max_memory_allocated': 10523171328, 'max_memory_reserved': 26778533888}
[WSI] epoch=1 iteration=69 slide=normal_152 N=5 {'train_loss_cls': 1.109375, 'train_loss_sr': 0.18948805332183838, 'train_loss_total': 1.1283237934112549, 'max_memory_allocated': 3872627200, 'max_memory_reserved': 26778533888}
[gradient] slide_id=tumor_074 N=5 {'rdn': 1.368844985961914, 'region_encoder': 0.0, 'abmil': 0.004029787611216307, 'classifier': 5.989076614379883, 'p2w': 0.79136723279953}
[WSI] epoch=1 iteration=70 slide=tumor_074 N=5 {'train_loss_cls': 0.373046875, 'train_loss_sr': 0.1543729603290558, 'train_loss_total': 0.3884841799736023, 'max_memory_allocated': 3873196032, 'max_memory_reserved': 26778533888}
[WSI] epoch=1 iteration=71 slide=tumor_081 N=6 {'train_loss_cls': 0.3359375, 'train_loss_sr': 0.13459080457687378, 'train_loss_total': 0.34939658641815186, 'max_memory_allocated': 4612119552, 'max_memory_reserved': 26778533888}
[WSI] epoch=1 iteration=72 slide=normal_106 N=15 {'train_loss_cls': 1.3203125, 'train_loss_sr': 0.17571480572223663, 'train_loss_total': 1.3378839492797852, 'max_memory_allocated': 11262188032, 'max_memory_reserved': 26778533888}
[WSI] epoch=1 iteration=73 slide=normal_105 N=12 {'train_loss_cls': 1.2734375, 'train_loss_sr': 0.1272154003381729, 'train_loss_total': 1.2861590385437012, 'max_memory_allocated': 9044646400, 'max_memory_reserved': 26778533888}
[WSI] epoch=1 iteration=74 slide=normal_156 N=13 {'train_loss_cls': 1.2890625, 'train_loss_sr': 0.12993846833705902, 'train_loss_total': 1.3020563125610352, 'max_memory_allocated': 9783589376, 'max_memory_reserved': 26778533888}
[WSI] epoch=1 iteration=75 slide=normal_065 N=6 {'train_loss_cls': 1.2578125, 'train_loss_sr': 0.20901836454868317, 'train_loss_total': 1.2787142992019653, 'max_memory_allocated': 4612004864, 'max_memory_reserved': 26778533888}
[WSI] epoch=1 iteration=76 slide=tumor_041 N=5 {'train_loss_cls': 0.357421875, 'train_loss_sr': 0.1966484934091568, 'train_loss_total': 0.37708672881126404, 'max_memory_allocated': 3873143808, 'max_memory_reserved': 26778533888}
[WSI] epoch=1 iteration=77 slide=normal_048 N=3 {'train_loss_cls': 1.203125, 'train_loss_sr': 0.1820264458656311, 'train_loss_total': 1.2213276624679565, 'max_memory_allocated': 2395839488, 'max_memory_reserved': 26778533888}
[WSI] epoch=1 iteration=78 slide=normal_074 N=14 {'train_loss_cls': 1.0234375, 'train_loss_sr': 0.16950386762619019, 'train_loss_total': 1.0403878688812256, 'max_memory_allocated': 10522784256, 'max_memory_reserved': 26778533888}
[WSI] epoch=1 iteration=79 slide=tumor_045 N=10 {'train_loss_cls': 0.453125, 'train_loss_sr': 0.16617077589035034, 'train_loss_total': 0.469742089509964, 'max_memory_allocated': 7566182912, 'max_memory_reserved': 26778533888}
[gradient] slide_id=tumor_012 N=7 {'rdn': 1.6362537145614624, 'region_encoder': 0.0, 'abmil': 0.08651552349328995, 'classifier': 5.619065761566162, 'p2w': 0.46314409375190735}
[WSI] epoch=1 iteration=80 slide=tumor_012 N=7 {'train_loss_cls': 0.5625, 'train_loss_sr': 0.19934463500976562, 'train_loss_total': 0.5824344754219055, 'max_memory_allocated': 5350119936, 'max_memory_reserved': 26778533888}
[WSI] epoch=1 iteration=81 slide=tumor_077 N=14 {'train_loss_cls': 0.5859375, 'train_loss_sr': 0.17767466604709625, 'train_loss_total': 0.6037049889564514, 'max_memory_allocated': 10522487296, 'max_memory_reserved': 26778533888}
[WSI] epoch=1 iteration=82 slide=normal_040 N=16 {'train_loss_cls': 0.83984375, 'train_loss_sr': 0.166446715593338, 'train_loss_total': 0.8564884066581726, 'max_memory_allocated': 12001016320, 'max_memory_reserved': 26778533888}
[WSI] epoch=1 iteration=83 slide=normal_051 N=3 {'train_loss_cls': 0.93359375, 'train_loss_sr': 0.19468694925308228, 'train_loss_total': 0.9530624151229858, 'max_memory_allocated': 2394266624, 'max_memory_reserved': 26778533888}
[WSI] epoch=1 iteration=84 slide=normal_153 N=12 {'train_loss_cls': 0.77734375, 'train_loss_sr': 0.23878240585327148, 'train_loss_total': 0.8012219667434692, 'max_memory_allocated': 9045088768, 'max_memory_reserved': 26778533888}
[WSI] epoch=1 iteration=85 slide=normal_119 N=14 {'train_loss_cls': 0.69140625, 'train_loss_sr': 0.24912884831428528, 'train_loss_total': 0.7163191437721252, 'max_memory_allocated': 10522376704, 'max_memory_reserved': 26778533888}
[WSI] epoch=1 iteration=86 slide=normal_128 N=11 {'train_loss_cls': 0.6328125, 'train_loss_sr': 0.20757079124450684, 'train_loss_total': 0.6535695791244507, 'max_memory_allocated': 8305531392, 'max_memory_reserved': 26778533888}
[WSI] epoch=1 iteration=87 slide=tumor_020 N=7 {'train_loss_cls': 0.796875, 'train_loss_sr': 0.38041144609451294, 'train_loss_total': 0.8349161148071289, 'max_memory_allocated': 5349882368, 'max_memory_reserved': 26778533888}
[WSI] epoch=1 iteration=88 slide=tumor_027 N=13 {'train_loss_cls': 0.8046875, 'train_loss_sr': 0.34931448101997375, 'train_loss_total': 0.8396189212799072, 'max_memory_allocated': 9783637504, 'max_memory_reserved': 26778533888}
[WSI] epoch=1 iteration=89 slide=normal_028 N=5 {'train_loss_cls': 0.60546875, 'train_loss_sr': 0.46150973439216614, 'train_loss_total': 0.6516197323799133, 'max_memory_allocated': 3873205248, 'max_memory_reserved': 26778533888}
[gradient] slide_id=tumor_015 N=27 {'rdn': 2.213050127029419, 'region_encoder': 0.0, 'abmil': 0.07471808791160583, 'classifier': 6.9663214683532715, 'p2w': 0.9449386596679688}
[WSI] epoch=1 iteration=90 slide=tumor_015 N=27 {'train_loss_cls': 0.82421875, 'train_loss_sr': 0.26067835092544556, 'train_loss_total': 0.850286602973938, 'max_memory_allocated': 20129389056, 'max_memory_reserved': 26778533888}
[WSI] epoch=1 iteration=91 slide=tumor_044 N=12 {'train_loss_cls': 0.8046875, 'train_loss_sr': 0.32808107137680054, 'train_loss_total': 0.8374956250190735, 'max_memory_allocated': 9045199360, 'max_memory_reserved': 26778533888}
[WSI] epoch=1 iteration=92 slide=tumor_089 N=26 {'train_loss_cls': 0.8203125, 'train_loss_sr': 0.2674533426761627, 'train_loss_total': 0.8470578193664551, 'max_memory_allocated': 19390605824, 'max_memory_reserved': 26778533888}
[WSI] epoch=1 iteration=93 slide=tumor_037 N=10 {'train_loss_cls': 0.78125, 'train_loss_sr': 0.26748448610305786, 'train_loss_total': 0.8079984188079834, 'max_memory_allocated': 7566369280, 'max_memory_reserved': 26778533888}
[WSI] epoch=1 iteration=94 slide=tumor_042 N=4 {'train_loss_cls': 0.7109375, 'train_loss_sr': 0.28271734714508057, 'train_loss_total': 0.7392092347145081, 'max_memory_allocated': 3133471744, 'max_memory_reserved': 26778533888}
[WSI] epoch=1 iteration=95 slide=normal_103 N=8 {'train_loss_cls': 0.6796875, 'train_loss_sr': 0.23688122630119324, 'train_loss_total': 0.7033756375312805, 'max_memory_allocated': 6088546816, 'max_memory_reserved': 26778533888}
[WSI] epoch=1 iteration=96 slide=normal_142 N=20 {'train_loss_cls': 0.6875, 'train_loss_sr': 0.22208444774150848, 'train_loss_total': 0.7097084522247314, 'max_memory_allocated': 14957191168, 'max_memory_reserved': 26778533888}
[WSI] epoch=1 iteration=97 slide=normal_120 N=10 {'train_loss_cls': 0.66796875, 'train_loss_sr': 0.198091521859169, 'train_loss_total': 0.6877778768539429, 'max_memory_allocated': 7566551552, 'max_memory_reserved': 26778533888}
[WSI] epoch=1 iteration=98 slide=tumor_016 N=5 {'train_loss_cls': 0.70703125, 'train_loss_sr': 0.24719397723674774, 'train_loss_total': 0.7317506670951843, 'max_memory_allocated': 3872680448, 'max_memory_reserved': 26778533888}
[WSI] epoch=1 iteration=99 slide=normal_157 N=16 {'train_loss_cls': 0.6484375, 'train_loss_sr': 0.2756500244140625, 'train_loss_total': 0.6760025024414062, 'max_memory_allocated': 12001719296, 'max_memory_reserved': 26778533888}
[gradient] slide_id=normal_116 N=8 {'rdn': 1.171261191368103, 'region_encoder': 0.0, 'abmil': 0.0031774742528796196, 'classifier': 5.593452453613281, 'p2w': 0.6288388967514038}
[WSI] epoch=1 iteration=100 slide=normal_116 N=8 {'train_loss_cls': 0.64453125, 'train_loss_sr': 0.22067341208457947, 'train_loss_total': 0.6665986180305481, 'max_memory_allocated': 6088567808, 'max_memory_reserved': 26778533888}
[WSI] epoch=1 iteration=101 slide=tumor_009 N=12 {'train_loss_cls': 0.75390625, 'train_loss_sr': 0.1672040820121765, 'train_loss_total': 0.7706266641616821, 'max_memory_allocated': 9045002752, 'max_memory_reserved': 26778533888}
[WSI] epoch=1 iteration=102 slide=normal_064 N=9 {'train_loss_cls': 0.640625, 'train_loss_sr': 0.19703203439712524, 'train_loss_total': 0.660328209400177, 'max_memory_allocated': 6827899392, 'max_memory_reserved': 26778533888}
[WSI] epoch=1 iteration=103 slide=normal_087 N=11 {'train_loss_cls': 0.625, 'train_loss_sr': 0.2213936299085617, 'train_loss_total': 0.6471393704414368, 'max_memory_allocated': 8306285056, 'max_memory_reserved': 26778533888}
[WSI] epoch=1 iteration=104 slide=normal_104 N=19 {'train_loss_cls': 0.546875, 'train_loss_sr': 0.17670951783657074, 'train_loss_total': 0.5645459294319153, 'max_memory_allocated': 14217628160, 'max_memory_reserved': 26778533888}
[WSI] epoch=1 iteration=105 slide=normal_002 N=2 {'train_loss_cls': 0.4921875, 'train_loss_sr': 0.2269534319639206, 'train_loss_total': 0.5148828625679016, 'max_memory_allocated': 1707772416, 'max_memory_reserved': 26778533888}
[WSI] epoch=1 iteration=106 slide=tumor_022 N=7 {'train_loss_cls': 0.9609375, 'train_loss_sr': 0.20231515169143677, 'train_loss_total': 0.9811689853668213, 'max_memory_allocated': 5349992960, 'max_memory_reserved': 26778533888}
[WSI] epoch=1 iteration=107 slide=tumor_073 N=19 {'train_loss_cls': 1.0234375, 'train_loss_sr': 0.14614400267601013, 'train_loss_total': 1.0380518436431885, 'max_memory_allocated': 14217148928, 'max_memory_reserved': 26778533888}
[WSI] epoch=1 iteration=108 slide=tumor_028 N=17 {'train_loss_cls': 0.9765625, 'train_loss_sr': 0.24942225217819214, 'train_loss_total': 1.0015047788619995, 'max_memory_allocated': 12739664384, 'max_memory_reserved': 26778533888}
[WSI] epoch=1 iteration=109 slide=normal_012 N=3 {'train_loss_cls': 0.490234375, 'train_loss_sr': 0.271422803401947, 'train_loss_total': 0.5173766613006592, 'max_memory_allocated': 2394356736, 'max_memory_reserved': 26778533888}
[gradient] slide_id=normal_070 N=16 {'rdn': 1.250469446182251, 'region_encoder': 0.0, 'abmil': 0.026127783581614494, 'classifier': 5.905157566070557, 'p2w': 0.2497069537639618}
[WSI] epoch=1 iteration=110 slide=normal_070 N=16 {'train_loss_cls': 0.50390625, 'train_loss_sr': 0.245626300573349, 'train_loss_total': 0.528468906879425, 'max_memory_allocated': 12001438208, 'max_memory_reserved': 26778533888}
[WSI] epoch=1 iteration=111 slide=normal_079 N=8 {'train_loss_cls': 0.5, 'train_loss_sr': 0.30629679560661316, 'train_loss_total': 0.5306296944618225, 'max_memory_allocated': 6088468992, 'max_memory_reserved': 26778533888}
[WSI] epoch=1 iteration=112 slide=normal_031 N=6 {'train_loss_cls': 0.45703125, 'train_loss_sr': 0.23656390607357025, 'train_loss_total': 0.4806876480579376, 'max_memory_allocated': 4612004864, 'max_memory_reserved': 26778533888}
[WSI] epoch=1 iteration=113 slide=normal_093 N=8 {'train_loss_cls': 0.453125, 'train_loss_sr': 0.20621004700660706, 'train_loss_total': 0.47374600172042847, 'max_memory_allocated': 6088911360, 'max_memory_reserved': 26778533888}
[WSI] epoch=1 iteration=114 slide=tumor_004 N=15 {'train_loss_cls': 1.0390625, 'train_loss_sr': 0.24505966901779175, 'train_loss_total': 1.0635684728622437, 'max_memory_allocated': 11262298624, 'max_memory_reserved': 26778533888}
[WSI] epoch=1 iteration=115 slide=tumor_080 N=6 {'train_loss_cls': 1.046875, 'train_loss_sr': 0.24742622673511505, 'train_loss_total': 1.071617603302002, 'max_memory_allocated': 4612639744, 'max_memory_reserved': 26778533888}
[WSI] epoch=1 iteration=116 slide=tumor_082 N=3 {'train_loss_cls': 1.109375, 'train_loss_sr': 0.1634424328804016, 'train_loss_total': 1.1257191896438599, 'max_memory_allocated': 2394135552, 'max_memory_reserved': 26778533888}
[WSI] epoch=1 iteration=117 slide=normal_039 N=9 {'train_loss_cls': 0.455078125, 'train_loss_sr': 0.20604068040847778, 'train_loss_total': 0.47568219900131226, 'max_memory_allocated': 6829067264, 'max_memory_reserved': 26778533888}
[WSI] epoch=1 iteration=118 slide=tumor_102 N=35 {'train_loss_cls': 1.015625, 'train_loss_sr': 0.2136726677417755, 'train_loss_total': 1.0369923114776611, 'max_memory_allocated': 26042046464, 'max_memory_reserved': 39436943360}
[WSI] epoch=1 iteration=119 slide=tumor_093 N=14 {'train_loss_cls': 0.9765625, 'train_loss_sr': 0.2830989956855774, 'train_loss_total': 1.004872441291809, 'max_memory_allocated': 10523221504, 'max_memory_reserved': 29381099520}
[gradient] slide_id=normal_053 N=18 {'rdn': 1.0720417499542236, 'region_encoder': 0.0, 'abmil': 0.015249301679432392, 'classifier': 5.286621570587158, 'p2w': 0.3602703809738159}
[WSI] epoch=1 iteration=120 slide=normal_053 N=18 {'train_loss_cls': 0.53515625, 'train_loss_sr': 0.2580097019672394, 'train_loss_total': 0.5609571933746338, 'max_memory_allocated': 13478644224, 'max_memory_reserved': 29387390976}
[WSI] epoch=1 iteration=121 slide=tumor_054 N=17 {'train_loss_cls': 0.88671875, 'train_loss_sr': 0.27797937393188477, 'train_loss_total': 0.9145166873931885, 'max_memory_allocated': 12739279360, 'max_memory_reserved': 29406265344}
[WSI] epoch=1 iteration=122 slide=normal_113 N=19 {'train_loss_cls': 0.57421875, 'train_loss_sr': 0.1569940447807312, 'train_loss_total': 0.5899181365966797, 'max_memory_allocated': 14216964608, 'max_memory_reserved': 29412556800}
[WSI] epoch=1 iteration=123 slide=tumor_021 N=16 {'train_loss_cls': 0.7890625, 'train_loss_sr': 0.14861509203910828, 'train_loss_total': 0.803924024105072, 'max_memory_allocated': 12001548800, 'max_memory_reserved': 29412556800}
[WSI] epoch=1 iteration=124 slide=normal_139 N=12 {'train_loss_cls': 0.61328125, 'train_loss_sr': 0.19866840541362762, 'train_loss_total': 0.6331480741500854, 'max_memory_allocated': 9044646400, 'max_memory_reserved': 29412556800}
[WSI] epoch=1 iteration=125 slide=tumor_086 N=23 {'train_loss_cls': 0.7578125, 'train_loss_sr': 0.20010848343372345, 'train_loss_total': 0.7778233289718628, 'max_memory_allocated': 17173674496, 'max_memory_reserved': 29441916928}
[WSI] epoch=1 iteration=126 slide=tumor_061 N=13 {'train_loss_cls': 0.70703125, 'train_loss_sr': 0.1923810839653015, 'train_loss_total': 0.7262693643569946, 'max_memory_allocated': 9783492608, 'max_memory_reserved': 29441916928}
[WSI] epoch=1 iteration=127 slide=tumor_078 N=15 {'train_loss_cls': 0.6796875, 'train_loss_sr': 0.1644698977470398, 'train_loss_total': 0.6961345076560974, 'max_memory_allocated': 11262056960, 'max_memory_reserved': 29441916928}
[WSI] epoch=1 iteration=128 slide=tumor_046 N=19 {'train_loss_cls': 0.69921875, 'train_loss_sr': 0.14316901564598083, 'train_loss_total': 0.7135356664657593, 'max_memory_allocated': 14218496512, 'max_memory_reserved': 29441916928}
[WSI] epoch=1 iteration=129 slide=normal_067 N=12 {'train_loss_cls': 0.75, 'train_loss_sr': 0.14100569486618042, 'train_loss_total': 0.7641005516052246, 'max_memory_allocated': 9045662208, 'max_memory_reserved': 29441916928}
[gradient] slide_id=tumor_050 N=10 {'rdn': 0.8019000291824341, 'region_encoder': 0.0, 'abmil': 0.04130084440112114, 'classifier': 5.246688365936279, 'p2w': 0.31792449951171875}
[WSI] epoch=1 iteration=130 slide=tumor_050 N=10 {'train_loss_cls': 0.6484375, 'train_loss_sr': 0.16275843977928162, 'train_loss_total': 0.6647133231163025, 'max_memory_allocated': 7566680064, 'max_memory_reserved': 29441916928}
[WSI] epoch=1 iteration=131 slide=normal_029 N=1 {'train_loss_cls': 0.83203125, 'train_loss_sr': 0.10946288704872131, 'train_loss_total': 0.8429775238037109, 'max_memory_allocated': 916925440, 'max_memory_reserved': 29441916928}
[WSI] epoch=1 iteration=132 slide=tumor_071 N=12 {'train_loss_cls': 0.5859375, 'train_loss_sr': 0.1606048047542572, 'train_loss_total': 0.601997971534729, 'max_memory_allocated': 9044515328, 'max_memory_reserved': 29441916928}
[WSI] epoch=1 iteration=133 slide=normal_108 N=2 {'train_loss_cls': 0.83203125, 'train_loss_sr': 0.15819092094898224, 'train_loss_total': 0.8478503227233887, 'max_memory_allocated': 1707051520, 'max_memory_reserved': 29441916928}
[WSI] epoch=1 iteration=134 slide=tumor_097 N=18 {'train_loss_cls': 0.5625, 'train_loss_sr': 0.21107465028762817, 'train_loss_total': 0.5836074352264404, 'max_memory_allocated': 13478644224, 'max_memory_reserved': 29441916928}
[WSI] epoch=1 iteration=135 slide=normal_085 N=5 {'train_loss_cls': 0.87109375, 'train_loss_sr': 0.22856442630290985, 'train_loss_total': 0.8939501643180847, 'max_memory_allocated': 3872856576, 'max_memory_reserved': 29441916928}
[WSI] epoch=1 iteration=136 slide=normal_145 N=20 {'train_loss_cls': 0.84765625, 'train_loss_sr': 0.14921316504478455, 'train_loss_total': 0.8625775575637817, 'max_memory_allocated': 14957506560, 'max_memory_reserved': 29441916928}
[WSI] epoch=1 iteration=137 slide=normal_041 N=7 {'train_loss_cls': 0.8515625, 'train_loss_sr': 0.118039071559906, 'train_loss_total': 0.863366425037384, 'max_memory_allocated': 5351008768, 'max_memory_reserved': 29441916928}
[WSI] epoch=1 iteration=138 slide=tumor_105 N=6 {'train_loss_cls': 0.5703125, 'train_loss_sr': 0.19634804129600525, 'train_loss_total': 0.5899472832679749, 'max_memory_allocated': 4612094976, 'max_memory_reserved': 29441916928}
[WSI] epoch=1 iteration=139 slide=tumor_111 N=4 {'train_loss_cls': 0.5390625, 'train_loss_sr': 0.23028196394443512, 'train_loss_total': 0.5620906949043274, 'max_memory_allocated': 3132185088, 'max_memory_reserved': 29441916928}
[gradient] slide_id=normal_023 N=2 {'rdn': 1.2614452838897705, 'region_encoder': 0.0, 'abmil': 0.00411491934210062, 'classifier': 5.9705491065979, 'p2w': 0.47819527983665466}
[WSI] epoch=1 iteration=140 slide=normal_023 N=2 {'train_loss_cls': 0.78515625, 'train_loss_sr': 0.2106339931488037, 'train_loss_total': 0.8062196373939514, 'max_memory_allocated': 1707252224, 'max_memory_reserved': 29441916928}
[WSI] epoch=1 iteration=141 slide=normal_003 N=7 {'train_loss_cls': 0.84375, 'train_loss_sr': 0.1795334666967392, 'train_loss_total': 0.8617033362388611, 'max_memory_allocated': 5350434816, 'max_memory_reserved': 29441916928}
[WSI] epoch=1 iteration=142 slide=tumor_072 N=20 {'train_loss_cls': 0.609375, 'train_loss_sr': 0.14542129635810852, 'train_loss_total': 0.6239171028137207, 'max_memory_allocated': 14956296704, 'max_memory_reserved': 29441916928}
[WSI] epoch=1 iteration=143 slide=normal_081 N=6 {'train_loss_cls': 0.8203125, 'train_loss_sr': 0.2199583649635315, 'train_loss_total': 0.8423083424568176, 'max_memory_allocated': 4612299776, 'max_memory_reserved': 29441916928}
[WSI] epoch=1 iteration=144 slide=normal_047 N=5 {'train_loss_cls': 0.76953125, 'train_loss_sr': 0.19416341185569763, 'train_loss_total': 0.788947582244873, 'max_memory_allocated': 3873696256, 'max_memory_reserved': 29441916928}
[WSI] epoch=1 iteration=145 slide=normal_054 N=1 {'train_loss_cls': 0.765625, 'train_loss_sr': 0.21798309683799744, 'train_loss_total': 0.787423312664032, 'max_memory_allocated': 916704256, 'max_memory_reserved': 29441916928}
[WSI] epoch=1 iteration=146 slide=normal_052 N=15 {'train_loss_cls': 0.72265625, 'train_loss_sr': 0.17391648888587952, 'train_loss_total': 0.7400478720664978, 'max_memory_allocated': 11262740992, 'max_memory_reserved': 29441916928}
[WSI] epoch=1 iteration=147 slide=normal_007 N=3 {'train_loss_cls': 0.7265625, 'train_loss_sr': 0.15278899669647217, 'train_loss_total': 0.7418413758277893, 'max_memory_allocated': 2394811392, 'max_memory_reserved': 29441916928}
[WSI] epoch=1 iteration=148 slide=normal_124 N=19 {'train_loss_cls': 0.61328125, 'train_loss_sr': 0.1607743799686432, 'train_loss_total': 0.62935870885849, 'max_memory_allocated': 14216985088, 'max_memory_reserved': 29441916928}
[WSI] epoch=1 iteration=149 slide=normal_063 N=7 {'train_loss_cls': 0.5546875, 'train_loss_sr': 0.15871712565422058, 'train_loss_total': 0.5705592036247253, 'max_memory_allocated': 5351158272, 'max_memory_reserved': 29441916928}
[gradient] slide_id=normal_146 N=17 {'rdn': 2.6742191314697266, 'region_encoder': 0.0, 'abmil': 0.00983365811407566, 'classifier': 6.037891387939453, 'p2w': 1.5961304903030396}
[WSI] epoch=1 iteration=150 slide=normal_146 N=17 {'train_loss_cls': 0.423828125, 'train_loss_sr': 0.3766716718673706, 'train_loss_total': 0.4614952802658081, 'max_memory_allocated': 12739552256, 'max_memory_reserved': 29441916928}
[WSI] epoch=1 iteration=151 slide=normal_022 N=6 {'train_loss_cls': 0.2197265625, 'train_loss_sr': 0.3997054696083069, 'train_loss_total': 0.2596971094608307, 'max_memory_allocated': 4611873792, 'max_memory_reserved': 29441916928}
[WSI] epoch=1 iteration=152 slide=normal_011 N=14 {'train_loss_cls': 0.0235595703125, 'train_loss_sr': 2.405592918395996, 'train_loss_total': 0.26411885023117065, 'max_memory_allocated': 10523040256, 'max_memory_reserved': 29441916928}
[WSI] epoch=1 iteration=153 slide=tumor_057 N=4 {'train_loss_cls': 6.78125, 'train_loss_sr': 6.032423973083496, 'train_loss_total': 7.38449239730835, 'max_memory_allocated': 3133037056, 'max_memory_reserved': 29441916928}
[WSI] epoch=1 iteration=154 slide=normal_109 N=10 {'train_loss_cls': 0.15234375, 'train_loss_sr': 0.482644647359848, 'train_loss_total': 0.20060822367668152, 'max_memory_allocated': 7566728704, 'max_memory_reserved': 29441916928}
[WSI] epoch=1 iteration=155 slide=normal_080 N=15 {'train_loss_cls': 0.380859375, 'train_loss_sr': 0.7047617435455322, 'train_loss_total': 0.4513355493545532, 'max_memory_allocated': 11262319104, 'max_memory_reserved': 29441916928}
[WSI] epoch=1 iteration=156 slide=tumor_087 N=10 {'train_loss_cls': 0.95703125, 'train_loss_sr': 0.5702477693557739, 'train_loss_total': 1.0140559673309326, 'max_memory_allocated': 7566957056, 'max_memory_reserved': 29441916928}
[WSI] epoch=1 iteration=157 slide=normal_026 N=5 {'train_loss_cls': 0.50390625, 'train_loss_sr': 0.45695486664772034, 'train_loss_total': 0.5496017336845398, 'max_memory_allocated': 3874028032, 'max_memory_reserved': 29441916928}
[WSI] epoch=1 iteration=158 slide=normal_131 N=18 {'train_loss_cls': 0.51171875, 'train_loss_sr': 0.3050663471221924, 'train_loss_total': 0.5422253608703613, 'max_memory_allocated': 13478194688, 'max_memory_reserved': 29441916928}
[WSI] epoch=1 iteration=159 slide=tumor_007 N=12 {'train_loss_cls': 0.9375, 'train_loss_sr': 0.24916452169418335, 'train_loss_total': 0.9624164700508118, 'max_memory_allocated': 9044747264, 'max_memory_reserved': 29441916928}
[gradient] slide_id=tumor_079 N=14 {'rdn': 2.2128539085388184, 'region_encoder': 0.0, 'abmil': 0.02102378010749817, 'classifier': 6.071101188659668, 'p2w': 0.5261119604110718}
[WSI] epoch=1 iteration=160 slide=tumor_079 N=14 {'train_loss_cls': 0.97265625, 'train_loss_sr': 0.24425791203975677, 'train_loss_total': 0.9970820546150208, 'max_memory_allocated': 10523313664, 'max_memory_reserved': 29441916928}
[WSI] epoch=1 iteration=161 slide=tumor_040 N=10 {'train_loss_cls': 1.0, 'train_loss_sr': 0.26565903425216675, 'train_loss_total': 1.0265659093856812, 'max_memory_allocated': 7566572032, 'max_memory_reserved': 29441916928}
[WSI] epoch=1 iteration=162 slide=tumor_039 N=4 {'train_loss_cls': 1.03125, 'train_loss_sr': 0.3492358326911926, 'train_loss_total': 1.0661735534667969, 'max_memory_allocated': 3132758528, 'max_memory_reserved': 29441916928}
[WSI] epoch=1 iteration=163 slide=tumor_106 N=22 {'train_loss_cls': 0.8515625, 'train_loss_sr': 0.5628700256347656, 'train_loss_total': 0.9078494906425476, 'max_memory_allocated': 16433936896, 'max_memory_reserved': 29441916928}
[WSI] epoch=1 iteration=164 slide=normal_006 N=1 {'train_loss_cls': 0.65234375, 'train_loss_sr': 1.6440051794052124, 'train_loss_total': 0.8167442679405212, 'max_memory_allocated': 917384192, 'max_memory_reserved': 29441916928}
[WSI] epoch=1 iteration=165 slide=normal_102 N=11 {'train_loss_cls': 0.69140625, 'train_loss_sr': 1.0190963745117188, 'train_loss_total': 0.7933158874511719, 'max_memory_allocated': 8305269248, 'max_memory_reserved': 29441916928}
[WSI] epoch=1 iteration=166 slide=normal_036 N=7 {'train_loss_cls': 0.59765625, 'train_loss_sr': 0.3560551106929779, 'train_loss_total': 0.6332617402076721, 'max_memory_allocated': 5350877696, 'max_memory_reserved': 29441916928}
[WSI] epoch=1 iteration=167 slide=tumor_094 N=16 {'train_loss_cls': 0.828125, 'train_loss_sr': 0.34154218435287476, 'train_loss_total': 0.8622792363166809, 'max_memory_allocated': 12001387520, 'max_memory_reserved': 29441916928}
[WSI] epoch=1 iteration=168 slide=normal_096 N=7 {'train_loss_cls': 0.466796875, 'train_loss_sr': 0.4812726378440857, 'train_loss_total': 0.514924168586731, 'max_memory_allocated': 5349992960, 'max_memory_reserved': 29441916928}
[WSI] epoch=1 iteration=169 slide=normal_144 N=12 {'train_loss_cls': 0.482421875, 'train_loss_sr': 0.5816340446472168, 'train_loss_total': 0.5405852794647217, 'max_memory_allocated': 9044978176, 'max_memory_reserved': 29441916928}
[gradient] slide_id=normal_062 N=2 {'rdn': 1.546064019203186, 'region_encoder': 0.0, 'abmil': 0.008259803988039494, 'classifier': 3.8905386924743652, 'p2w': 0.6403436064720154}
[WSI] epoch=1 iteration=170 slide=normal_062 N=2 {'train_loss_cls': 0.515625, 'train_loss_sr': 0.6178052425384521, 'train_loss_total': 0.5774055123329163, 'max_memory_allocated': 1707772416, 'max_memory_reserved': 29441916928}
[WSI] epoch=1 iteration=171 slide=tumor_107 N=6 {'train_loss_cls': 1.046875, 'train_loss_sr': 0.5914055109024048, 'train_loss_total': 1.1060155630111694, 'max_memory_allocated': 4612852736, 'max_memory_reserved': 29441916928}
[WSI] epoch=1 iteration=172 slide=tumor_108 N=22 {'train_loss_cls': 1.015625, 'train_loss_sr': 0.49293118715286255, 'train_loss_total': 1.0649181604385376, 'max_memory_allocated': 16434379264, 'max_memory_reserved': 29441916928}
[WSI] epoch=1 iteration=173 slide=normal_061 N=12 {'train_loss_cls': 0.43359375, 'train_loss_sr': 0.35879766941070557, 'train_loss_total': 0.4694735109806061, 'max_memory_allocated': 9044791296, 'max_memory_reserved': 29441916928}
[WSI] epoch=1 iteration=174 slide=normal_083 N=3 {'train_loss_cls': 0.42578125, 'train_loss_sr': 0.26205360889434814, 'train_loss_total': 0.4519866108894348, 'max_memory_allocated': 2394356736, 'max_memory_reserved': 29441916928}
[epoch] {'epoch': 1, 'train_loss_cls': 0.7690773448724856, 'train_loss_sr': 0.3440468245367894, 'train_loss_total': 0.8034820269750452, 'train_auc': 0.6280405405405406, 'train_acc': 0.5747126436781609, 'train_bacc': 0.5, 'val_loss': 0.6796875, 'val_auc': 0.6367249602543721, 'val_acc': 0.5795454545454546, 'val_bacc': 0.5, 'max_memory_allocated': 26042046464, 'max_memory_reserved': 40921726976}
/root/miniconda3/envs/myconda/lib/python3.10/site-packages/torch/utils/checkpoint.py:1399: FutureWarning: `torch.cpu.amp.autocast(args...)` is deprecated. Please use `torch.amp.autocast('cpu', args...)` instead.
  with device_autocast_ctx, torch.cpu.amp.autocast(**cpu_autocast_kwargs), recompute_context:  # type: ignore[attr-defined]
[WSI] epoch=2 iteration=175 slide=tumor_002 N=5 {'train_loss_cls': 0.96875, 'train_loss_sr': 0.22892707586288452, 'train_loss_total': 0.9916427135467529, 'max_memory_allocated': 3872479744, 'max_memory_reserved': 32237420544}
[WSI] epoch=2 iteration=176 slide=normal_032 N=9 {'train_loss_cls': 0.45703125, 'train_loss_sr': 0.24104967713356018, 'train_loss_total': 0.4811362028121948, 'max_memory_allocated': 6827630592, 'max_memory_reserved': 32237420544}
[WSI] epoch=2 iteration=177 slide=normal_015 N=5 {'train_loss_cls': 0.47265625, 'train_loss_sr': 0.28086429834365845, 'train_loss_total': 0.5007426738739014, 'max_memory_allocated': 3872286720, 'max_memory_reserved': 32237420544}
[WSI] epoch=2 iteration=178 slide=normal_039 N=9 {'train_loss_cls': 0.48046875, 'train_loss_sr': 0.2831432819366455, 'train_loss_total': 0.5087831020355225, 'max_memory_allocated': 6827366912, 'max_memory_reserved': 32237420544}
[WSI] epoch=2 iteration=179 slide=normal_084 N=1 {'train_loss_cls': 0.390625, 'train_loss_sr': 0.2072758972644806, 'train_loss_total': 0.41135257482528687, 'max_memory_allocated': 916483072, 'max_memory_reserved': 32237420544}
[gradient] slide_id=normal_146 N=17 {'rdn': 1.5842477083206177, 'region_encoder': 0.0, 'abmil': 0.010216953232884407, 'classifier': 4.070090293884277, 'p2w': 0.3231445252895355}
[WSI] epoch=2 iteration=180 slide=normal_146 N=17 {'train_loss_cls': 0.41015625, 'train_loss_sr': 0.1790224313735962, 'train_loss_total': 0.4280585050582886, 'max_memory_allocated': 12739501056, 'max_memory_reserved': 32237420544}
[WSI] epoch=2 iteration=181 slide=normal_121 N=13 {'train_loss_cls': 0.380859375, 'train_loss_sr': 0.22212636470794678, 'train_loss_total': 0.4030719995498657, 'max_memory_allocated': 9783568896, 'max_memory_reserved': 32237420544}
[WSI] epoch=2 iteration=182 slide=normal_023 N=2 {'train_loss_cls': 0.296875, 'train_loss_sr': 0.3235158920288086, 'train_loss_total': 0.3292265832424164, 'max_memory_allocated': 1707051520, 'max_memory_reserved': 32237420544}
[WSI] epoch=2 iteration=183 slide=tumor_073 N=19 {'train_loss_cls': 1.3046875, 'train_loss_sr': 0.38557034730911255, 'train_loss_total': 1.3432445526123047, 'max_memory_allocated': 14217061376, 'max_memory_reserved': 32237420544}
[WSI] epoch=2 iteration=184 slide=normal_012 N=3 {'train_loss_cls': 0.27734375, 'train_loss_sr': 0.29404765367507935, 'train_loss_total': 0.30674850940704346, 'max_memory_allocated': 2394467328, 'max_memory_reserved': 32237420544}
[WSI] epoch=2 iteration=185 slide=normal_124 N=19 {'train_loss_cls': 0.2734375, 'train_loss_sr': 0.31416240334510803, 'train_loss_total': 0.30485373735427856, 'max_memory_allocated': 14217296384, 'max_memory_reserved': 32237420544}
[WSI] epoch=2 iteration=186 slide=normal_054 N=1 {'train_loss_cls': 0.2314453125, 'train_loss_sr': 0.18246722221374512, 'train_loss_total': 0.24969203770160675, 'max_memory_allocated': 916147200, 'max_memory_reserved': 32237420544}
[WSI] epoch=2 iteration=187 slide=normal_006 N=1 {'train_loss_cls': 0.2314453125, 'train_loss_sr': 0.2150966227054596, 'train_loss_total': 0.25295495986938477, 'max_memory_allocated': 917036032, 'max_memory_reserved': 32237420544}
[WSI] epoch=2 iteration=188 slide=tumor_097 N=18 {'train_loss_cls': 1.734375, 'train_loss_sr': 0.27763718366622925, 'train_loss_total': 1.7621387243270874, 'max_memory_allocated': 13478607360, 'max_memory_reserved': 32237420544}
[WSI] epoch=2 iteration=189 slide=tumor_003 N=7 {'train_loss_cls': 1.6484375, 'train_loss_sr': 0.2772802710533142, 'train_loss_total': 1.6761655807495117, 'max_memory_allocated': 5350767104, 'max_memory_reserved': 32237420544}
[gradient] slide_id=normal_153 N=12 {'rdn': 1.5829371213912964, 'region_encoder': 0.0, 'abmil': 0.026723576709628105, 'classifier': 3.530637502670288, 'p2w': 0.9528362154960632}
[WSI] epoch=2 iteration=190 slide=normal_153 N=12 {'train_loss_cls': 0.251953125, 'train_loss_sr': 0.34891507029533386, 'train_loss_total': 0.2868446409702301, 'max_memory_allocated': 9045441024, 'max_memory_reserved': 32237420544}
[WSI] epoch=2 iteration=191 slide=normal_035 N=1 {'train_loss_cls': 0.2099609375, 'train_loss_sr': 0.25020551681518555, 'train_loss_total': 0.2349814921617508, 'max_memory_allocated': 916147200, 'max_memory_reserved': 32237420544}
[WSI] epoch=2 iteration=192 slide=tumor_047 N=15 {'train_loss_cls': 1.421875, 'train_loss_sr': 0.2221321165561676, 'train_loss_total': 1.4440882205963135, 'max_memory_allocated': 11263314432, 'max_memory_reserved': 32237420544}
[WSI] epoch=2 iteration=193 slide=tumor_021 N=16 {'train_loss_cls': 1.3125, 'train_loss_sr': 0.300581157207489, 'train_loss_total': 1.3425581455230713, 'max_memory_allocated': 12001967616, 'max_memory_reserved': 32237420544}
[WSI] epoch=2 iteration=194 slide=tumor_072 N=20 {'train_loss_cls': 1.1875, 'train_loss_sr': 0.26128089427948, 'train_loss_total': 1.2136280536651611, 'max_memory_allocated': 14957255168, 'max_memory_reserved': 32237420544}
[WSI] epoch=2 iteration=195 slide=tumor_088 N=12 {'train_loss_cls': 1.2109375, 'train_loss_sr': 0.26477867364883423, 'train_loss_total': 1.2374153137207031, 'max_memory_allocated': 9045563392, 'max_memory_reserved': 32237420544}
[WSI] epoch=2 iteration=196 slide=normal_036 N=7 {'train_loss_cls': 0.3984375, 'train_loss_sr': 0.3222399353981018, 'train_loss_total': 0.43066149950027466, 'max_memory_allocated': 5349992960, 'max_memory_reserved': 32237420544}
[WSI] epoch=2 iteration=197 slide=tumor_034 N=6 {'train_loss_cls': 1.015625, 'train_loss_sr': 0.2657930254936218, 'train_loss_total': 1.0422042608261108, 'max_memory_allocated': 4612115456, 'max_memory_reserved': 32237420544}
[WSI] epoch=2 iteration=198 slide=normal_133 N=10 {'train_loss_cls': 0.48046875, 'train_loss_sr': 0.19826385378837585, 'train_loss_total': 0.5002951622009277, 'max_memory_allocated': 7566957056, 'max_memory_reserved': 32237420544}
[WSI] epoch=2 iteration=199 slide=tumor_061 N=13 {'train_loss_cls': 0.88671875, 'train_loss_sr': 0.17098082602024078, 'train_loss_total': 0.903816819190979, 'max_memory_allocated': 9783458304, 'max_memory_reserved': 32237420544}
[gradient] slide_id=tumor_045 N=10 {'rdn': 1.3057920932769775, 'region_encoder': 0.0, 'abmil': 0.02977089397609234, 'classifier': 6.559798717498779, 'p2w': 0.2390524297952652}
[WSI] epoch=2 iteration=200 slide=tumor_045 N=10 {'train_loss_cls': 0.88671875, 'train_loss_sr': 0.209928959608078, 'train_loss_total': 0.9077116250991821, 'max_memory_allocated': 7567235584, 'max_memory_reserved': 32237420544}
[WSI] epoch=2 iteration=201 slide=normal_154 N=20 {'train_loss_cls': 0.55859375, 'train_loss_sr': 0.23218071460723877, 'train_loss_total': 0.5818118453025818, 'max_memory_allocated': 14956296704, 'max_memory_reserved': 32237420544}
[WSI] epoch=2 iteration=202 slide=tumor_028 N=17 {'train_loss_cls': 0.796875, 'train_loss_sr': 0.26282501220703125, 'train_loss_total': 0.8231574892997742, 'max_memory_allocated': 12739684864, 'max_memory_reserved': 32237420544}
[WSI] epoch=2 iteration=203 slide=tumor_106 N=22 {'train_loss_cls': 0.7578125, 'train_loss_sr': 0.179496169090271, 'train_loss_total': 0.775762140750885, 'max_memory_allocated': 16434358784, 'max_memory_reserved': 32237420544}
[WSI] epoch=2 iteration=204 slide=normal_131 N=18 {'train_loss_cls': 0.65234375, 'train_loss_sr': 0.12012332677841187, 'train_loss_total': 0.6643561124801636, 'max_memory_allocated': 13478423040, 'max_memory_reserved': 32237420544}
[WSI] epoch=2 iteration=205 slide=normal_089 N=20 {'train_loss_cls': 0.69140625, 'train_loss_sr': 0.15203258395195007, 'train_loss_total': 0.7066094875335693, 'max_memory_allocated': 14956608000, 'max_memory_reserved': 32237420544}
[WSI] epoch=2 iteration=206 slide=tumor_098 N=9 {'train_loss_cls': 0.67578125, 'train_loss_sr': 0.14121639728546143, 'train_loss_total': 0.6899029016494751, 'max_memory_allocated': 6827104768, 'max_memory_reserved': 32237420544}
[WSI] epoch=2 iteration=207 slide=normal_028 N=5 {'train_loss_cls': 0.68359375, 'train_loss_sr': 0.1769033670425415, 'train_loss_total': 0.7012841105461121, 'max_memory_allocated': 3872904704, 'max_memory_reserved': 32237420544}
[WSI] epoch=2 iteration=208 slide=normal_095 N=14 {'train_loss_cls': 0.734375, 'train_loss_sr': 0.14108547568321228, 'train_loss_total': 0.7484835386276245, 'max_memory_allocated': 10522376704, 'max_memory_reserved': 32237420544}
[WSI] epoch=2 iteration=209 slide=normal_007 N=3 {'train_loss_cls': 0.7734375, 'train_loss_sr': 0.13681231439113617, 'train_loss_total': 0.7871187329292297, 'max_memory_allocated': 2395978752, 'max_memory_reserved': 32237420544}
[gradient] slide_id=tumor_016 N=5 {'rdn': 1.3901411294937134, 'region_encoder': 0.0, 'abmil': 0.04325353726744652, 'classifier': 4.7641921043396, 'p2w': 0.4587480127811432}
[WSI] epoch=2 iteration=210 slide=tumor_016 N=5 {'train_loss_cls': 0.6640625, 'train_loss_sr': 0.17799112200737, 'train_loss_total': 0.6818616390228271, 'max_memory_allocated': 3872939520, 'max_memory_reserved': 32237420544}
[WSI] epoch=2 iteration=211 slide=tumor_071 N=12 {'train_loss_cls': 0.671875, 'train_loss_sr': 0.2313452959060669, 'train_loss_total': 0.6950095295906067, 'max_memory_allocated': 9045050368, 'max_memory_reserved': 32237420544}
[WSI] epoch=2 iteration=212 slide=tumor_087 N=10 {'train_loss_cls': 0.66796875, 'train_loss_sr': 0.09334174543619156, 'train_loss_total': 0.677302896976471, 'max_memory_allocated': 7566330368, 'max_memory_reserved': 32237420544}
[WSI] epoch=2 iteration=213 slide=tumor_022 N=7 {'train_loss_cls': 0.62109375, 'train_loss_sr': 0.1608240008354187, 'train_loss_total': 0.6371761560440063, 'max_memory_allocated': 5350103552, 'max_memory_reserved': 32237420544}
[WSI] epoch=2 iteration=214 slide=normal_049 N=2 {'train_loss_cls': 0.75390625, 'train_loss_sr': 0.1978147029876709, 'train_loss_total': 0.7736877202987671, 'max_memory_allocated': 1707141632, 'max_memory_reserved': 32237420544}
[WSI] epoch=2 iteration=215 slide=normal_040 N=16 {'train_loss_cls': 0.76953125, 'train_loss_sr': 0.15903684496879578, 'train_loss_total': 0.7854349613189697, 'max_memory_allocated': 12000975360, 'max_memory_reserved': 32237420544}
[WSI] epoch=2 iteration=216 slide=tumor_027 N=13 {'train_loss_cls': 0.62890625, 'train_loss_sr': 0.14975325763225555, 'train_loss_total': 0.6438815593719482, 'max_memory_allocated': 9783679488, 'max_memory_reserved': 32237420544}
[WSI] epoch=2 iteration=217 slide=normal_052 N=15 {'train_loss_cls': 0.78125, 'train_loss_sr': 0.1370999962091446, 'train_loss_total': 0.7949600219726562, 'max_memory_allocated': 11263646208, 'max_memory_reserved': 32237420544}
[WSI] epoch=2 iteration=218 slide=tumor_009 N=12 {'train_loss_cls': 0.6328125, 'train_loss_sr': 0.16879132390022278, 'train_loss_total': 0.649691641330719, 'max_memory_allocated': 9044515328, 'max_memory_reserved': 32237420544}
[WSI] epoch=2 iteration=219 slide=normal_065 N=6 {'train_loss_cls': 0.79296875, 'train_loss_sr': 0.17387890815734863, 'train_loss_total': 0.810356616973877, 'max_memory_allocated': 4611853312, 'max_memory_reserved': 32237420544}
[gradient] slide_id=normal_078 N=6 {'rdn': 1.182910442352295, 'region_encoder': 0.0, 'abmil': 0.04559285193681717, 'classifier': 4.218118667602539, 'p2w': 0.30590754747390747}
[WSI] epoch=2 iteration=220 slide=normal_078 N=6 {'train_loss_cls': 0.78125, 'train_loss_sr': 0.15870830416679382, 'train_loss_total': 0.7971208095550537, 'max_memory_allocated': 4612115456, 'max_memory_reserved': 32237420544}
[WSI] epoch=2 iteration=221 slide=normal_014 N=2 {'train_loss_cls': 0.7265625, 'train_loss_sr': 0.15673552453517914, 'train_loss_total': 0.7422360777854919, 'max_memory_allocated': 1707051520, 'max_memory_reserved': 32237420544}
[WSI] epoch=2 iteration=222 slide=normal_080 N=15 {'train_loss_cls': 0.765625, 'train_loss_sr': 0.15508830547332764, 'train_loss_total': 0.7811338305473328, 'max_memory_allocated': 11262319104, 'max_memory_reserved': 32237420544}
[WSI] epoch=2 iteration=223 slide=tumor_052 N=15 {'train_loss_cls': 0.6640625, 'train_loss_sr': 0.1730586290359497, 'train_loss_total': 0.681368350982666, 'max_memory_allocated': 11262056960, 'max_memory_reserved': 32237420544}
[WSI] epoch=2 iteration=224 slide=tumor_048 N=15 {'train_loss_cls': 0.671875, 'train_loss_sr': 0.14781785011291504, 'train_loss_total': 0.6866567730903625, 'max_memory_allocated': 11262540288, 'max_memory_reserved': 32237420544}
[WSI] epoch=2 iteration=225 slide=normal_048 N=3 {'train_loss_cls': 0.75, 'train_loss_sr': 0.13521839678287506, 'train_loss_total': 0.7635218501091003, 'max_memory_allocated': 2394577920, 'max_memory_reserved': 32237420544}
[WSI] epoch=2 iteration=226 slide=normal_152 N=5 {'train_loss_cls': 0.71875, 'train_loss_sr': 0.1521313488483429, 'train_loss_total': 0.733963131904602, 'max_memory_allocated': 3872587776, 'max_memory_reserved': 32237420544}
[WSI] epoch=2 iteration=227 slide=tumor_093 N=14 {'train_loss_cls': 0.67578125, 'train_loss_sr': 0.14220359921455383, 'train_loss_total': 0.6900016069412231, 'max_memory_allocated': 10522044928, 'max_memory_reserved': 32237420544}
[WSI] epoch=2 iteration=228 slide=normal_066 N=26 {'train_loss_cls': 0.6953125, 'train_loss_sr': 0.15191099047660828, 'train_loss_total': 0.7105035781860352, 'max_memory_allocated': 19390310912, 'max_memory_reserved': 32256294912}
[WSI] epoch=2 iteration=229 slide=normal_071 N=5 {'train_loss_cls': 0.67578125, 'train_loss_sr': 0.13168245553970337, 'train_loss_total': 0.688949465751648, 'max_memory_allocated': 3872348672, 'max_memory_reserved': 32256294912}
[gradient] slide_id=normal_002 N=2 {'rdn': 1.6292202472686768, 'region_encoder': 0.0, 'abmil': 0.013136674650013447, 'classifier': 3.6098508834838867, 'p2w': 0.6387731432914734}
[WSI] epoch=2 iteration=230 slide=normal_002 N=2 {'train_loss_cls': 0.63671875, 'train_loss_sr': 0.09428079426288605, 'train_loss_total': 0.646146833896637, 'max_memory_allocated': 1706789376, 'max_memory_reserved': 32256294912}
[WSI] epoch=2 iteration=231 slide=normal_102 N=11 {'train_loss_cls': 0.640625, 'train_loss_sr': 0.09064792096614838, 'train_loss_total': 0.649689793586731, 'max_memory_allocated': 8305842688, 'max_memory_reserved': 32256294912}
[WSI] epoch=2 iteration=232 slide=tumor_074 N=5 {'train_loss_cls': 0.7578125, 'train_loss_sr': 0.12065683305263519, 'train_loss_total': 0.7698782086372375, 'max_memory_allocated': 3873147392, 'max_memory_reserved': 32256294912}
[WSI] epoch=2 iteration=233 slide=normal_151 N=16 {'train_loss_cls': 0.62890625, 'train_loss_sr': 0.13489127159118652, 'train_loss_total': 0.6423953771591187, 'max_memory_allocated': 12002675200, 'max_memory_reserved': 32256294912}
[WSI] epoch=2 iteration=234 slide=tumor_011 N=6 {'train_loss_cls': 0.7890625, 'train_loss_sr': 0.13161951303482056, 'train_loss_total': 0.8022244572639465, 'max_memory_allocated': 4612120064, 'max_memory_reserved': 32256294912}
[WSI] epoch=2 iteration=235 slide=normal_111 N=31 {'train_loss_cls': 0.59375, 'train_loss_sr': 0.11587714403867722, 'train_loss_total': 0.6053377389907837, 'max_memory_allocated': 23085079040, 'max_memory_reserved': 32264683520}
[WSI] epoch=2 iteration=236 slide=tumor_107 N=6 {'train_loss_cls': 0.7734375, 'train_loss_sr': 0.1420295089483261, 'train_loss_total': 0.7876404523849487, 'max_memory_allocated': 4612302336, 'max_memory_reserved': 32264683520}
[WSI] epoch=2 iteration=237 slide=normal_047 N=5 {'train_loss_cls': 0.57421875, 'train_loss_sr': 0.15538892149925232, 'train_loss_total': 0.5897576212882996, 'max_memory_allocated': 3872569856, 'max_memory_reserved': 32264683520}
[WSI] epoch=2 iteration=238 slide=normal_097 N=17 {'train_loss_cls': 0.5703125, 'train_loss_sr': 0.15050029754638672, 'train_loss_total': 0.5853625535964966, 'max_memory_allocated': 12739942912, 'max_memory_reserved': 32264683520}
[WSI] epoch=2 iteration=239 slide=normal_008 N=1 {'train_loss_cls': 0.53125, 'train_loss_sr': 0.060514479875564575, 'train_loss_total': 0.5373014211654663, 'max_memory_allocated': 916147200, 'max_memory_reserved': 32264683520}
[gradient] slide_id=tumor_089 N=26 {'rdn': 1.5066287517547607, 'region_encoder': 0.0, 'abmil': 0.010767590254545212, 'classifier': 4.339877605438232, 'p2w': 0.47038260102272034}
[WSI] epoch=2 iteration=240 slide=tumor_089 N=26 {'train_loss_cls': 0.8203125, 'train_loss_sr': 0.1574403941631317, 'train_loss_total': 0.8360565304756165, 'max_memory_allocated': 19391158784, 'max_memory_reserved': 32264683520}
[WSI] epoch=2 iteration=241 slide=tumor_035 N=4 {'train_loss_cls': 0.8359375, 'train_loss_sr': 0.1357000470161438, 'train_loss_total': 0.8495075106620789, 'max_memory_allocated': 3132758528, 'max_memory_reserved': 32264683520}
[WSI] epoch=2 iteration=242 slide=tumor_060 N=6 {'train_loss_cls': 0.87109375, 'train_loss_sr': 0.1098494827747345, 'train_loss_total': 0.8820787072181702, 'max_memory_allocated': 4613000192, 'max_memory_reserved': 32264683520}
[WSI] epoch=2 iteration=243 slide=normal_026 N=5 {'train_loss_cls': 0.54296875, 'train_loss_sr': 0.1506321132183075, 'train_loss_total': 0.5580319762229919, 'max_memory_allocated': 3873589760, 'max_memory_reserved': 32264683520}
[WSI] epoch=2 iteration=244 slide=normal_128 N=11 {'train_loss_cls': 0.5390625, 'train_loss_sr': 0.08912479877471924, 'train_loss_total': 0.5479750037193298, 'max_memory_allocated': 8305420800, 'max_memory_reserved': 32264683520}
[WSI] epoch=2 iteration=245 slide=normal_159 N=14 {'train_loss_cls': 0.58203125, 'train_loss_sr': 0.11581256985664368, 'train_loss_total': 0.5936124920845032, 'max_memory_allocated': 10522376704, 'max_memory_reserved': 32264683520}
[WSI] epoch=2 iteration=246 slide=normal_120 N=10 {'train_loss_cls': 0.53515625, 'train_loss_sr': 0.14898939430713654, 'train_loss_total': 0.550055205821991, 'max_memory_allocated': 7567993856, 'max_memory_reserved': 32264683520}
[WSI] epoch=2 iteration=247 slide=tumor_105 N=6 {'train_loss_cls': 0.86328125, 'train_loss_sr': 0.14302770793437958, 'train_loss_total': 0.8775840401649475, 'max_memory_allocated': 4613630976, 'max_memory_reserved': 32264683520}
[WSI] epoch=2 iteration=248 slide=normal_038 N=1 {'train_loss_cls': 0.5078125, 'train_loss_sr': 0.09739898145198822, 'train_loss_total': 0.517552375793457, 'max_memory_allocated': 916162048, 'max_memory_reserved': 32264683520}
[WSI] epoch=2 iteration=249 slide=normal_037 N=8 {'train_loss_cls': 0.5234375, 'train_loss_sr': 0.14517848193645477, 'train_loss_total': 0.5379553437232971, 'max_memory_allocated': 6088715776, 'max_memory_reserved': 32264683520}
[gradient] slide_id=tumor_024 N=16 {'rdn': 1.2190687656402588, 'region_encoder': 0.0, 'abmil': 0.023095352575182915, 'classifier': 4.4085211753845215, 'p2w': 0.3072783648967743}
[WSI] epoch=2 iteration=250 slide=tumor_024 N=16 {'train_loss_cls': 0.88671875, 'train_loss_sr': 0.18279780447483063, 'train_loss_total': 0.9049985408782959, 'max_memory_allocated': 12003132928, 'max_memory_reserved': 32264683520}
[WSI] epoch=2 iteration=251 slide=normal_068 N=6 {'train_loss_cls': 0.5234375, 'train_loss_sr': 0.17865921556949615, 'train_loss_total': 0.5413033962249756, 'max_memory_allocated': 4612551168, 'max_memory_reserved': 32264683520}
[WSI] epoch=2 iteration=252 slide=normal_083 N=3 {'train_loss_cls': 0.45703125, 'train_loss_sr': 0.1638060361146927, 'train_loss_total': 0.4734118580818176, 'max_memory_allocated': 2394156032, 'max_memory_reserved': 32264683520}
[WSI] epoch=2 iteration=253 slide=normal_062 N=2 {'train_loss_cls': 0.50390625, 'train_loss_sr': 0.08212706446647644, 'train_loss_total': 0.512118935585022, 'max_memory_allocated': 1706892800, 'max_memory_reserved': 32264683520}
[WSI] epoch=2 iteration=254 slide=normal_063 N=7 {'train_loss_cls': 0.46875, 'train_loss_sr': 0.1497633457183838, 'train_loss_total': 0.4837263226509094, 'max_memory_allocated': 5350676992, 'max_memory_reserved': 32264683520}
[WSI] epoch=2 iteration=255 slide=tumor_004 N=15 {'train_loss_cls': 1.015625, 'train_loss_sr': 0.19024455547332764, 'train_loss_total': 1.0346494913101196, 'max_memory_allocated': 11262061056, 'max_memory_reserved': 32264683520}
[WSI] epoch=2 iteration=256 slide=tumor_094 N=16 {'train_loss_cls': 1.0234375, 'train_loss_sr': 0.13908027112483978, 'train_loss_total': 1.0373455286026, 'max_memory_allocated': 12001438208, 'max_memory_reserved': 32264683520}
[WSI] epoch=2 iteration=257 slide=normal_058 N=7 {'train_loss_cls': 0.46484375, 'train_loss_sr': 0.16244587302207947, 'train_loss_total': 0.4810883402824402, 'max_memory_allocated': 5350124032, 'max_memory_reserved': 32264683520}
[WSI] epoch=2 iteration=258 slide=normal_018 N=3 {'train_loss_cls': 0.431640625, 'train_loss_sr': 0.16595155000686646, 'train_loss_total': 0.44823578000068665, 'max_memory_allocated': 2395646976, 'max_memory_reserved': 32264683520}
[WSI] epoch=2 iteration=259 slide=normal_074 N=14 {'train_loss_cls': 0.4453125, 'train_loss_sr': 0.1818254292011261, 'train_loss_total': 0.46349504590034485, 'max_memory_allocated': 10522065408, 'max_memory_reserved': 32264683520}
[gradient] slide_id=tumor_020 N=7 {'rdn': 2.1203880310058594, 'region_encoder': 0.0, 'abmil': 0.031569913029670715, 'classifier': 6.77024507522583, 'p2w': 0.2767603397369385}
[WSI] epoch=2 iteration=260 slide=tumor_020 N=7 {'train_loss_cls': 1.078125, 'train_loss_sr': 0.0793030709028244, 'train_loss_total': 1.0860552787780762, 'max_memory_allocated': 5349771776, 'max_memory_reserved': 32264683520}
[WSI] epoch=2 iteration=261 slide=tumor_037 N=10 {'train_loss_cls': 0.9921875, 'train_loss_sr': 0.14472118020057678, 'train_loss_total': 1.0066596269607544, 'max_memory_allocated': 7566385664, 'max_memory_reserved': 32264683520}
[WSI] epoch=2 iteration=262 slide=normal_139 N=12 {'train_loss_cls': 0.4453125, 'train_loss_sr': 0.12141057103872299, 'train_loss_total': 0.45745354890823364, 'max_memory_allocated': 9045374464, 'max_memory_reserved': 32264683520}
[WSI] epoch=2 iteration=263 slide=normal_126 N=17 {'train_loss_cls': 0.48046875, 'train_loss_sr': 0.11206559836864471, 'train_loss_total': 0.49167531728744507, 'max_memory_allocated': 12739389952, 'max_memory_reserved': 32264683520}
[WSI] epoch=2 iteration=264 slide=tumor_103 N=18 {'train_loss_cls': 0.984375, 'train_loss_sr': 0.10413649678230286, 'train_loss_total': 0.994788646697998, 'max_memory_allocated': 13478894080, 'max_memory_reserved': 32264683520}
[WSI] epoch=2 iteration=265 slide=normal_064 N=9 {'train_loss_cls': 0.4375, 'train_loss_sr': 0.09956105798482895, 'train_loss_total': 0.44745609164237976, 'max_memory_allocated': 6827145728, 'max_memory_reserved': 32264683520}
[WSI] epoch=2 iteration=266 slide=normal_141 N=7 {'train_loss_cls': 0.431640625, 'train_loss_sr': 0.13464853167533875, 'train_loss_total': 0.44510549306869507, 'max_memory_allocated': 5349530112, 'max_memory_reserved': 32264683520}
[WSI] epoch=2 iteration=267 slide=normal_053 N=18 {'train_loss_cls': 0.462890625, 'train_loss_sr': 0.12188689410686493, 'train_loss_total': 0.47507932782173157, 'max_memory_allocated': 13478014976, 'max_memory_reserved': 32264683520}
[WSI] epoch=2 iteration=268 slide=tumor_039 N=4 {'train_loss_cls': 1.0625, 'train_loss_sr': 0.07626593112945557, 'train_loss_total': 1.0701265335083008, 'max_memory_allocated': 3132308992, 'max_memory_reserved': 32264683520}
[WSI] epoch=2 iteration=269 slide=normal_022 N=6 {'train_loss_cls': 0.400390625, 'train_loss_sr': 0.14491555094718933, 'train_loss_total': 0.41488218307495117, 'max_memory_allocated': 4612537344, 'max_memory_reserved': 32264683520}
[gradient] slide_id=normal_107 N=16 {'rdn': 1.4558528661727905, 'region_encoder': 0.0, 'abmil': 0.0224198866635561, 'classifier': 3.4224445819854736, 'p2w': 0.5720587372779846}
[WSI] epoch=2 iteration=270 slide=normal_107 N=16 {'train_loss_cls': 0.443359375, 'train_loss_sr': 0.12030813843011856, 'train_loss_total': 0.45539018511772156, 'max_memory_allocated': 12001057792, 'max_memory_reserved': 32264683520}
[WSI] epoch=2 iteration=271 slide=normal_106 N=15 {'train_loss_cls': 0.451171875, 'train_loss_sr': 0.0987219363451004, 'train_loss_total': 0.4610440731048584, 'max_memory_allocated': 11263011328, 'max_memory_reserved': 32264683520}
[WSI] epoch=2 iteration=272 slide=normal_129 N=19 {'train_loss_cls': 0.431640625, 'train_loss_sr': 0.12166005373001099, 'train_loss_total': 0.44380661845207214, 'max_memory_allocated': 14217980416, 'max_memory_reserved': 32264683520}
[WSI] epoch=2 iteration=273 slide=normal_051 N=3 {'train_loss_cls': 0.375, 'train_loss_sr': 0.13664774596691132, 'train_loss_total': 0.38866478204727173, 'max_memory_allocated': 2394909696, 'max_memory_reserved': 32264683520}
[WSI] epoch=2 iteration=274 slide=tumor_015 N=27 {'train_loss_cls': 1.1015625, 'train_loss_sr': 0.16481588780879974, 'train_loss_total': 1.118044137954712, 'max_memory_allocated': 20129610240, 'max_memory_reserved': 32264683520}
[WSI] epoch=2 iteration=275 slide=normal_100 N=8 {'train_loss_cls': 0.37109375, 'train_loss_sr': 0.14988628029823303, 'train_loss_total': 0.38608238101005554, 'max_memory_allocated': 6088799744, 'max_memory_reserved': 32264683520}
[WSI] epoch=2 iteration=276 slide=normal_096 N=7 {'train_loss_cls': 0.30078125, 'train_loss_sr': 0.10531148314476013, 'train_loss_total': 0.31131240725517273, 'max_memory_allocated': 5349550592, 'max_memory_reserved': 32264683520}
[WSI] epoch=2 iteration=277 slide=tumor_043 N=4 {'train_loss_cls': 1.21875, 'train_loss_sr': 0.19168299436569214, 'train_loss_total': 1.2379182577133179, 'max_memory_allocated': 3132185088, 'max_memory_reserved': 32264683520}
[WSI] epoch=2 iteration=278 slide=normal_105 N=12 {'train_loss_cls': 0.349609375, 'train_loss_sr': 0.15642806887626648, 'train_loss_total': 0.36525219678878784, 'max_memory_allocated': 9044777472, 'max_memory_reserved': 32264683520}
[WSI] epoch=2 iteration=279 slide=tumor_054 N=17 {'train_loss_cls': 1.3359375, 'train_loss_sr': 0.12642282247543335, 'train_loss_total': 1.34857976436615, 'max_memory_allocated': 12739981824, 'max_memory_reserved': 32264683520}
[gradient] slide_id=tumor_040 N=10 {'rdn': 2.6921143531799316, 'region_encoder': 0.0, 'abmil': 0.03893856331706047, 'classifier': 8.4114408493042, 'p2w': 0.5348339080810547}
[WSI] epoch=2 iteration=280 slide=tumor_040 N=10 {'train_loss_cls': 1.2421875, 'train_loss_sr': 0.1601639986038208, 'train_loss_total': 1.2582038640975952, 'max_memory_allocated': 7566866944, 'max_memory_reserved': 32264683520}
[WSI] epoch=2 iteration=281 slide=tumor_042 N=4 {'train_loss_cls': 1.234375, 'train_loss_sr': 0.1601560264825821, 'train_loss_total': 1.250390648841858, 'max_memory_allocated': 3133037056, 'max_memory_reserved': 32264683520}
[WSI] epoch=2 iteration=282 slide=tumor_049 N=3 {'train_loss_cls': 1.0234375, 'train_loss_sr': 0.15491454303264618, 'train_loss_total': 1.0389289855957031, 'max_memory_allocated': 2395573248, 'max_memory_reserved': 32264683520}
[WSI] epoch=2 iteration=283 slide=tumor_001 N=7 {'train_loss_cls': 1.0625, 'train_loss_sr': 0.16592787206172943, 'train_loss_total': 1.0790927410125732, 'max_memory_allocated': 5349882368, 'max_memory_reserved': 32264683520}
[WSI] epoch=2 iteration=284 slide=tumor_086 N=23 {'train_loss_cls': 0.9296875, 'train_loss_sr': 0.1225324273109436, 'train_loss_total': 0.9419407248497009, 'max_memory_allocated': 17173010944, 'max_memory_reserved': 32264683520}
[WSI] epoch=2 iteration=285 slide=normal_108 N=2 {'train_loss_cls': 0.51171875, 'train_loss_sr': 0.1415220946073532, 'train_loss_total': 0.5258709788322449, 'max_memory_allocated': 1707252224, 'max_memory_reserved': 32264683520}
[WSI] epoch=2 iteration=286 slide=tumor_078 N=15 {'train_loss_cls': 0.80859375, 'train_loss_sr': 0.1231970489025116, 'train_loss_total': 0.8209134340286255, 'max_memory_allocated': 11262823936, 'max_memory_reserved': 32264683520}
[WSI] epoch=2 iteration=287 slide=tumor_017 N=9 {'train_loss_cls': 0.859375, 'train_loss_sr': 0.1698414385318756, 'train_loss_total': 0.8763591647148132, 'max_memory_allocated': 6828325376, 'max_memory_reserved': 32264683520}
[WSI] epoch=2 iteration=288 slide=normal_088 N=14 {'train_loss_cls': 0.59375, 'train_loss_sr': 0.15257126092910767, 'train_loss_total': 0.6090071201324463, 'max_memory_allocated': 10522286592, 'max_memory_reserved': 32264683520}
[WSI] epoch=2 iteration=289 slide=tumor_044 N=12 {'train_loss_cls': 0.73828125, 'train_loss_sr': 0.13149839639663696, 'train_loss_total': 0.7514311075210571, 'max_memory_allocated': 9045795840, 'max_memory_reserved': 32264683520}
[gradient] slide_id=normal_145 N=20 {'rdn': 0.7201597094535828, 'region_encoder': 0.0, 'abmil': 0.023000409826636314, 'classifier': 3.061570882797241, 'p2w': 0.1675773710012436}
[WSI] epoch=2 iteration=290 slide=normal_145 N=20 {'train_loss_cls': 0.64453125, 'train_loss_sr': 0.12154730409383774, 'train_loss_total': 0.656686007976532, 'max_memory_allocated': 14957402624, 'max_memory_reserved': 32264683520}
[WSI] epoch=2 iteration=291 slide=normal_003 N=7 {'train_loss_cls': 0.6171875, 'train_loss_sr': 0.15355846285820007, 'train_loss_total': 0.6325433254241943, 'max_memory_allocated': 5350098944, 'max_memory_reserved': 32264683520}
[WSI] epoch=2 iteration=292 slide=normal_155 N=11 {'train_loss_cls': 0.66015625, 'train_loss_sr': 0.12471473962068558, 'train_loss_total': 0.6726277470588684, 'max_memory_allocated': 8305842688, 'max_memory_reserved': 32264683520}
[WSI] epoch=2 iteration=293 slide=tumor_077 N=14 {'train_loss_cls': 0.76171875, 'train_loss_sr': 0.10460397601127625, 'train_loss_total': 0.772179126739502, 'max_memory_allocated': 10522376704, 'max_memory_reserved': 32264683520}
[WSI] epoch=2 iteration=294 slide=normal_119 N=14 {'train_loss_cls': 0.63671875, 'train_loss_sr': 0.08858206868171692, 'train_loss_total': 0.6455769538879395, 'max_memory_allocated': 10522950144, 'max_memory_reserved': 32264683520}
[WSI] epoch=2 iteration=295 slide=tumor_019 N=2 {'train_loss_cls': 0.703125, 'train_loss_sr': 0.06913083791732788, 'train_loss_total': 0.7100380659103394, 'max_memory_allocated': 1706789376, 'max_memory_reserved': 32264683520}
[WSI] epoch=2 iteration=296 slide=normal_156 N=13 {'train_loss_cls': 0.63671875, 'train_loss_sr': 0.09303733706474304, 'train_loss_total': 0.6460224986076355, 'max_memory_allocated': 9783106048, 'max_memory_reserved': 32264683520}
[WSI] epoch=2 iteration=297 slide=normal_142 N=20 {'train_loss_cls': 0.6484375, 'train_loss_sr': 0.09929758310317993, 'train_loss_total': 0.6583672761917114, 'max_memory_allocated': 14956517888, 'max_memory_reserved': 32264683520}
[WSI] epoch=2 iteration=298 slide=normal_135 N=13 {'train_loss_cls': 0.6484375, 'train_loss_sr': 0.09534387290477753, 'train_loss_total': 0.6579718589782715, 'max_memory_allocated': 9783340544, 'max_memory_reserved': 32264683520}
[WSI] epoch=2 iteration=299 slide=tumor_038 N=2 {'train_loss_cls': 0.78125, 'train_loss_sr': 0.15903028845787048, 'train_loss_total': 0.7971530556678772, 'max_memory_allocated': 1708336128, 'max_memory_reserved': 32264683520}
[gradient] slide_id=tumor_082 N=3 {'rdn': 0.8713117241859436, 'region_encoder': 0.0, 'abmil': 0.008132734335958958, 'classifier': 4.0109686851501465, 'p2w': 0.2666172981262207}
[WSI] epoch=2 iteration=300 slide=tumor_082 N=3 {'train_loss_cls': 0.73828125, 'train_loss_sr': 0.09338761866092682, 'train_loss_total': 0.7476199865341187, 'max_memory_allocated': 2394930176, 'max_memory_reserved': 32264683520}
[WSI] epoch=2 iteration=301 slide=normal_109 N=10 {'train_loss_cls': 0.63671875, 'train_loss_sr': 0.10459727048873901, 'train_loss_total': 0.6471784710884094, 'max_memory_allocated': 7567097344, 'max_memory_reserved': 32264683520}
[WSI] epoch=2 iteration=302 slide=normal_011 N=14 {'train_loss_cls': 0.63671875, 'train_loss_sr': 0.11602184176445007, 'train_loss_total': 0.6483209133148193, 'max_memory_allocated': 10522286592, 'max_memory_reserved': 32264683520}
[WSI] epoch=2 iteration=303 slide=normal_085 N=5 {'train_loss_cls': 0.62890625, 'train_loss_sr': 0.13346122205257416, 'train_loss_total': 0.6422523856163025, 'max_memory_allocated': 3872680448, 'max_memory_reserved': 32264683520}
[WSI] epoch=2 iteration=304 slide=normal_031 N=6 {'train_loss_cls': 0.640625, 'train_loss_sr': 0.1550472527742386, 'train_loss_total': 0.6561297178268433, 'max_memory_allocated': 4611894272, 'max_memory_reserved': 32264683520}
[WSI] epoch=2 iteration=305 slide=normal_076 N=24 {'train_loss_cls': 0.65625, 'train_loss_sr': 0.15456748008728027, 'train_loss_total': 0.6717067360877991, 'max_memory_allocated': 17911994880, 'max_memory_reserved': 32264683520}
[WSI] epoch=2 iteration=306 slide=normal_029 N=1 {'train_loss_cls': 0.54296875, 'train_loss_sr': 0.047348108142614365, 'train_loss_total': 0.5477035641670227, 'max_memory_allocated': 916158976, 'max_memory_reserved': 32264683520}
[WSI] epoch=2 iteration=307 slide=tumor_012 N=7 {'train_loss_cls': 0.85546875, 'train_loss_sr': 0.17458093166351318, 'train_loss_total': 0.8729268312454224, 'max_memory_allocated': 5349792256, 'max_memory_reserved': 32264683520}
[WSI] epoch=2 iteration=308 slide=normal_070 N=16 {'train_loss_cls': 0.57421875, 'train_loss_sr': 0.16969554126262665, 'train_loss_total': 0.5911883115768433, 'max_memory_allocated': 12001552896, 'max_memory_reserved': 32264683520}
[WSI] epoch=2 iteration=309 slide=tumor_008 N=14 {'train_loss_cls': 0.8515625, 'train_loss_sr': 0.1391352415084839, 'train_loss_total': 0.8654760122299194, 'max_memory_allocated': 10522597888, 'max_memory_reserved': 32264683520}
[gradient] slide_id=normal_087 N=11 {'rdn': 0.8409305810928345, 'region_encoder': 0.0, 'abmil': 0.01886831410229206, 'classifier': 3.7427728176116943, 'p2w': 0.18833138048648834}
[WSI] epoch=2 iteration=310 slide=normal_087 N=11 {'train_loss_cls': 0.58984375, 'train_loss_sr': 0.1519944667816162, 'train_loss_total': 0.6050431728363037, 'max_memory_allocated': 8305400320, 'max_memory_reserved': 32264683520}
[WSI] epoch=2 iteration=311 slide=tumor_068 N=15 {'train_loss_cls': 0.84765625, 'train_loss_sr': 0.14072751998901367, 'train_loss_total': 0.8617290258407593, 'max_memory_allocated': 11262994432, 'max_memory_reserved': 32264683520}
[WSI] epoch=2 iteration=312 slide=normal_044 N=4 {'train_loss_cls': 0.54296875, 'train_loss_sr': 0.11317359656095505, 'train_loss_total': 0.5542861223220825, 'max_memory_allocated': 3133331968, 'max_memory_reserved': 32264683520}
[WSI] epoch=2 iteration=313 slide=tumor_084 N=9 {'train_loss_cls': 0.88671875, 'train_loss_sr': 0.11446012556552887, 'train_loss_total': 0.8981647491455078, 'max_memory_allocated': 6828047360, 'max_memory_reserved': 32264683520}
[WSI] epoch=2 iteration=314 slide=normal_148 N=5 {'train_loss_cls': 0.5625, 'train_loss_sr': 0.1115814745426178, 'train_loss_total': 0.5736581683158875, 'max_memory_allocated': 3872553472, 'max_memory_reserved': 32264683520}
[WSI] epoch=2 iteration=315 slide=tumor_095 N=29 {'train_loss_cls': 0.8515625, 'train_loss_sr': 0.08846539258956909, 'train_loss_total': 0.8604090213775635, 'max_memory_allocated': 21607045632, 'max_memory_reserved': 32264683520}
[WSI] epoch=2 iteration=316 slide=normal_136 N=15 {'train_loss_cls': 0.55078125, 'train_loss_sr': 0.11531588435173035, 'train_loss_total': 0.5623128414154053, 'max_memory_allocated': 11262077440, 'max_memory_reserved': 32264683520}
[WSI] epoch=2 iteration=317 slide=normal_093 N=8 {'train_loss_cls': 0.51171875, 'train_loss_sr': 0.125422865152359, 'train_loss_total': 0.5242610573768616, 'max_memory_allocated': 6088694272, 'max_memory_reserved': 32264683520}
[WSI] epoch=2 iteration=318 slide=tumor_079 N=14 {'train_loss_cls': 0.8671875, 'train_loss_sr': 0.09681829810142517, 'train_loss_total': 0.8768693208694458, 'max_memory_allocated': 10523003392, 'max_memory_reserved': 32264683520}
[WSI] epoch=2 iteration=319 slide=normal_158 N=18 {'train_loss_cls': 0.5078125, 'train_loss_sr': 0.08732668310403824, 'train_loss_total': 0.5165451765060425, 'max_memory_allocated': 13478332928, 'max_memory_reserved': 32264683520}
[gradient] slide_id=tumor_041 N=5 {'rdn': 1.4111924171447754, 'region_encoder': 0.0, 'abmil': 0.07851959019899368, 'classifier': 5.2050065994262695, 'p2w': 0.5542793273925781}
[WSI] epoch=2 iteration=320 slide=tumor_041 N=5 {'train_loss_cls': 0.91015625, 'train_loss_sr': 0.10049061477184296, 'train_loss_total': 0.920205295085907, 'max_memory_allocated': 3872238080, 'max_memory_reserved': 32264683520}
[WSI] epoch=2 iteration=321 slide=normal_067 N=12 {'train_loss_cls': 0.5234375, 'train_loss_sr': 0.11160727590322495, 'train_loss_total': 0.5345982313156128, 'max_memory_allocated': 9045380096, 'max_memory_reserved': 32264683520}
[WSI] epoch=2 iteration=322 slide=tumor_058 N=5 {'train_loss_cls': 0.921875, 'train_loss_sr': 0.09515030682086945, 'train_loss_total': 0.9313900470733643, 'max_memory_allocated': 3873454592, 'max_memory_reserved': 32264683520}
[WSI] epoch=2 iteration=323 slide=normal_041 N=7 {'train_loss_cls': 0.498046875, 'train_loss_sr': 0.14076930284500122, 'train_loss_total': 0.5121238231658936, 'max_memory_allocated': 5350320640, 'max_memory_reserved': 32264683520}
[WSI] epoch=2 iteration=324 slide=tumor_109 N=10 {'train_loss_cls': 0.875, 'train_loss_sr': 0.09970203042030334, 'train_loss_total': 0.8849701881408691, 'max_memory_allocated': 7566350848, 'max_memory_reserved': 32264683520}
[WSI] epoch=2 iteration=325 slide=tumor_007 N=12 {'train_loss_cls': 0.84765625, 'train_loss_sr': 0.1471250355243683, 'train_loss_total': 0.8623687624931335, 'max_memory_allocated': 9045088768, 'max_memory_reserved': 32264683520}
[WSI] epoch=2 iteration=326 slide=tumor_083 N=14 {'train_loss_cls': 0.859375, 'train_loss_sr': 0.07433642446994781, 'train_loss_total': 0.8668086528778076, 'max_memory_allocated': 10523281920, 'max_memory_reserved': 32264683520}
[WSI] epoch=2 iteration=327 slide=normal_157 N=16 {'train_loss_cls': 0.546875, 'train_loss_sr': 0.10458998382091522, 'train_loss_total': 0.5573340058326721, 'max_memory_allocated': 12001926144, 'max_memory_reserved': 32264683520}
[WSI] epoch=2 iteration=328 slide=tumor_046 N=19 {'train_loss_cls': 0.83984375, 'train_loss_sr': 0.14122241735458374, 'train_loss_total': 0.8539659976959229, 'max_memory_allocated': 14217006080, 'max_memory_reserved': 32264683520}
[WSI] epoch=2 iteration=329 slide=tumor_102 N=35 {'train_loss_cls': 0.79296875, 'train_loss_sr': 0.12077932804822922, 'train_loss_total': 0.8050466775894165, 'max_memory_allocated': 26042099712, 'max_memory_reserved': 32300335104}
[gradient] slide_id=tumor_025 N=9 {'rdn': 0.9064220786094666, 'region_encoder': 0.0, 'abmil': 0.04434699937701225, 'classifier': 4.742714881896973, 'p2w': 0.2298634648323059}
[WSI] epoch=2 iteration=330 slide=tumor_025 N=9 {'train_loss_cls': 0.8046875, 'train_loss_sr': 0.11610855162143707, 'train_loss_total': 0.8162983655929565, 'max_memory_allocated': 6827678208, 'max_memory_reserved': 32300335104}
[WSI] epoch=2 iteration=331 slide=tumor_066 N=7 {'train_loss_cls': 0.76953125, 'train_loss_sr': 0.10335251688957214, 'train_loss_total': 0.7798665165901184, 'max_memory_allocated': 5349792256, 'max_memory_reserved': 32300335104}
[WSI] epoch=2 iteration=332 slide=normal_081 N=6 {'train_loss_cls': 0.65234375, 'train_loss_sr': 0.15724846720695496, 'train_loss_total': 0.6680685877799988, 'max_memory_allocated': 4612826112, 'max_memory_reserved': 32300335104}
[WSI] epoch=2 iteration=333 slide=tumor_050 N=10 {'train_loss_cls': 0.7734375, 'train_loss_sr': 0.11258725821971893, 'train_loss_total': 0.7846962213516235, 'max_memory_allocated': 7566793216, 'max_memory_reserved': 32300335104}
[WSI] epoch=2 iteration=334 slide=normal_077 N=5 {'train_loss_cls': 0.6796875, 'train_loss_sr': 0.11499442905187607, 'train_loss_total': 0.6911869645118713, 'max_memory_allocated': 3872424448, 'max_memory_reserved': 32300335104}
[WSI] epoch=2 iteration=335 slide=normal_114 N=24 {'train_loss_cls': 0.69140625, 'train_loss_sr': 0.11833691596984863, 'train_loss_total': 0.703239917755127, 'max_memory_allocated': 17912125952, 'max_memory_reserved': 32300335104}
[WSI] epoch=2 iteration=336 slide=normal_104 N=19 {'train_loss_cls': 0.6796875, 'train_loss_sr': 0.10297810286283493, 'train_loss_total': 0.6899853348731995, 'max_memory_allocated': 14217406976, 'max_memory_reserved': 32300335104}
[WSI] epoch=2 iteration=337 slide=normal_061 N=12 {'train_loss_cls': 0.640625, 'train_loss_sr': 0.16771335899829865, 'train_loss_total': 0.6573963165283203, 'max_memory_allocated': 9044674048, 'max_memory_reserved': 32300335104}
[WSI] epoch=2 iteration=338 slide=tumor_080 N=6 {'train_loss_cls': 0.703125, 'train_loss_sr': 0.08782687783241272, 'train_loss_total': 0.711907684803009, 'max_memory_allocated': 4611949568, 'max_memory_reserved': 32300335104}
[WSI] epoch=2 iteration=339 slide=tumor_005 N=4 {'train_loss_cls': 0.75, 'train_loss_sr': 0.06513673812150955, 'train_loss_total': 0.7565136551856995, 'max_memory_allocated': 3132185088, 'max_memory_reserved': 32300335104}
[gradient] slide_id=normal_079 N=8 {'rdn': 0.6474827527999878, 'region_encoder': 0.0, 'abmil': 0.012130394577980042, 'classifier': 2.5816843509674072, 'p2w': 0.2950923442840576}
[WSI] epoch=2 iteration=340 slide=normal_079 N=8 {'train_loss_cls': 0.68359375, 'train_loss_sr': 0.12598605453968048, 'train_loss_total': 0.6961923837661743, 'max_memory_allocated': 6088382976, 'max_memory_reserved': 32300335104}
[WSI] epoch=2 iteration=341 slide=normal_113 N=19 {'train_loss_cls': 0.671875, 'train_loss_sr': 0.09757153689861298, 'train_loss_total': 0.6816321611404419, 'max_memory_allocated': 14217980416, 'max_memory_reserved': 32300335104}
[WSI] epoch=2 iteration=342 slide=normal_103 N=8 {'train_loss_cls': 0.6796875, 'train_loss_sr': 0.09398137032985687, 'train_loss_total': 0.6890856623649597, 'max_memory_allocated': 6088224256, 'max_memory_reserved': 32300335104}
[WSI] epoch=2 iteration=343 slide=normal_144 N=12 {'train_loss_cls': 0.7421875, 'train_loss_sr': 0.08858266472816467, 'train_loss_total': 0.7510457634925842, 'max_memory_allocated': 9044556288, 'max_memory_reserved': 32300335104}
[WSI] epoch=2 iteration=344 slide=tumor_108 N=22 {'train_loss_cls': 0.69921875, 'train_loss_sr': 0.08200377225875854, 'train_loss_total': 0.7074191570281982, 'max_memory_allocated': 16434743296, 'max_memory_reserved': 32300335104}
[WSI] epoch=2 iteration=345 slide=tumor_111 N=4 {'train_loss_cls': 0.6875, 'train_loss_sr': 0.08303418010473251, 'train_loss_total': 0.6958034038543701, 'max_memory_allocated': 3132185088, 'max_memory_reserved': 32300335104}
[WSI] epoch=2 iteration=346 slide=tumor_057 N=4 {'train_loss_cls': 0.71875, 'train_loss_sr': 0.09998606145381927, 'train_loss_total': 0.728748619556427, 'max_memory_allocated': 3132312576, 'max_memory_reserved': 32300335104}
[WSI] epoch=2 iteration=347 slide=normal_116 N=8 {'train_loss_cls': 0.671875, 'train_loss_sr': 0.10587380826473236, 'train_loss_total': 0.6824623942375183, 'max_memory_allocated': 6088120832, 'max_memory_reserved': 32300335104}
[WSI] epoch=2 iteration=348 slide=tumor_081 N=6 {'train_loss_cls': 0.71484375, 'train_loss_sr': 0.07742653042078018, 'train_loss_total': 0.7225863933563232, 'max_memory_allocated': 4613006336, 'max_memory_reserved': 32300335104}
[epoch] {'epoch': 2, 'train_loss_cls': 0.7011438128591954, 'train_loss_sr': 0.15047275298542676, 'train_loss_total': 0.7161910888449899, 'train_auc': 0.7372297297297298, 'train_acc': 0.6839080459770115, 'train_bacc': 0.6582432432432432, 'val_loss': 0.6931818181818182, 'val_auc': 0.45786963434022265, 'val_acc': 0.5113636363636364, 'val_bacc': 0.4671436142024378, 'max_memory_allocated': 26042099712, 'max_memory_reserved': 32300335104}
/root/miniconda3/envs/myconda/lib/python3.10/site-packages/torch/utils/checkpoint.py:1399: FutureWarning: `torch.cpu.amp.autocast(args...)` is deprecated. Please use `torch.amp.autocast('cpu', args...)` instead.
  with device_autocast_ctx, torch.cpu.amp.autocast(**cpu_autocast_kwargs), recompute_context:  # type: ignore[attr-defined]
[WSI] epoch=3 iteration=349 slide=normal_146 N=17 {'train_loss_cls': 0.66015625, 'train_loss_sr': 0.09254559874534607, 'train_loss_total': 0.6694108247756958, 'max_memory_allocated': 12739922432, 'max_memory_reserved': 32300335104}
[gradient] slide_id=normal_133 N=10 {'rdn': 0.7683625221252441, 'region_encoder': 0.0, 'abmil': 0.03375597298145294, 'classifier': 2.4886105060577393, 'p2w': 0.391543447971344}
[WSI] epoch=3 iteration=350 slide=normal_133 N=10 {'train_loss_cls': 0.671875, 'train_loss_sr': 0.10626138746738434, 'train_loss_total': 0.6825011372566223, 'max_memory_allocated': 7566219776, 'max_memory_reserved': 32300335104}
[WSI] epoch=3 iteration=351 slide=normal_159 N=14 {'train_loss_cls': 0.6875, 'train_loss_sr': 0.09172546863555908, 'train_loss_total': 0.6966725587844849, 'max_memory_allocated': 10523032576, 'max_memory_reserved': 32300335104}
[WSI] epoch=3 iteration=352 slide=tumor_048 N=15 {'train_loss_cls': 0.70703125, 'train_loss_sr': 0.10400445014238358, 'train_loss_total': 0.7174317240715027, 'max_memory_allocated': 11262409216, 'max_memory_reserved': 32300335104}
[WSI] epoch=3 iteration=353 slide=normal_085 N=5 {'train_loss_cls': 0.6640625, 'train_loss_sr': 0.16723200678825378, 'train_loss_total': 0.6807857155799866, 'max_memory_allocated': 3873364480, 'max_memory_reserved': 32300335104}
[WSI] epoch=3 iteration=354 slide=normal_035 N=1 {'train_loss_cls': 0.6328125, 'train_loss_sr': 0.049011558294296265, 'train_loss_total': 0.6377136707305908, 'max_memory_allocated': 916278272, 'max_memory_reserved': 32300335104}
[WSI] epoch=3 iteration=355 slide=normal_142 N=20 {'train_loss_cls': 0.6640625, 'train_loss_sr': 0.11186813563108444, 'train_loss_total': 0.6752493381500244, 'max_memory_allocated': 14957271552, 'max_memory_reserved': 32300335104}
[WSI] epoch=3 iteration=356 slide=normal_102 N=11 {'train_loss_cls': 0.6484375, 'train_loss_sr': 0.10622896254062653, 'train_loss_total': 0.6590604186058044, 'max_memory_allocated': 8305269248, 'max_memory_reserved': 32300335104}
[WSI] epoch=3 iteration=357 slide=normal_074 N=14 {'train_loss_cls': 0.6484375, 'train_loss_sr': 0.1321708709001541, 'train_loss_total': 0.6616545915603638, 'max_memory_allocated': 10522913280, 'max_memory_reserved': 32300335104}
[WSI] epoch=3 iteration=358 slide=normal_002 N=2 {'train_loss_cls': 0.58984375, 'train_loss_sr': 0.14063666760921478, 'train_loss_total': 0.6039074063301086, 'max_memory_allocated': 1707449344, 'max_memory_reserved': 32300335104}
[WSI] epoch=3 iteration=359 slide=tumor_041 N=5 {'train_loss_cls': 0.7421875, 'train_loss_sr': 0.1262497454881668, 'train_loss_total': 0.754812479019165, 'max_memory_allocated': 3873017856, 'max_memory_reserved': 32300335104}
[gradient] slide_id=normal_119 N=14 {'rdn': 0.8313860893249512, 'region_encoder': 0.0, 'abmil': 0.01709212362766266, 'classifier': 2.6112780570983887, 'p2w': 0.4643371105194092}
[WSI] epoch=3 iteration=360 slide=normal_119 N=14 {'train_loss_cls': 0.61328125, 'train_loss_sr': 0.09029529243707657, 'train_loss_total': 0.6223107576370239, 'max_memory_allocated': 10522176000, 'max_memory_reserved': 32300335104}
[WSI] epoch=3 iteration=361 slide=normal_012 N=3 {'train_loss_cls': 0.65234375, 'train_loss_sr': 0.20941825211048126, 'train_loss_total': 0.6732856035232544, 'max_memory_allocated': 2394799104, 'max_memory_reserved': 32300335104}
[WSI] epoch=3 iteration=362 slide=normal_120 N=10 {'train_loss_cls': 0.5703125, 'train_loss_sr': 0.16836407780647278, 'train_loss_total': 0.587148904800415, 'max_memory_allocated': 7566129664, 'max_memory_reserved': 32300335104}
[WSI] epoch=3 iteration=363 slide=normal_153 N=12 {'train_loss_cls': 0.59375, 'train_loss_sr': 0.15734775364398956, 'train_loss_total': 0.6094847917556763, 'max_memory_allocated': 9044515328, 'max_memory_reserved': 32300335104}
[WSI] epoch=3 iteration=364 slide=tumor_028 N=17 {'train_loss_cls': 0.80859375, 'train_loss_sr': 0.14783617854118347, 'train_loss_total': 0.8233773708343506, 'max_memory_allocated': 12740217344, 'max_memory_reserved': 32300335104}
[WSI] epoch=3 iteration=365 slide=tumor_079 N=14 {'train_loss_cls': 0.8046875, 'train_loss_sr': 0.10626835376024246, 'train_loss_total': 0.8153143525123596, 'max_memory_allocated': 10522176000, 'max_memory_reserved': 32300335104}
[WSI] epoch=3 iteration=366 slide=tumor_044 N=12 {'train_loss_cls': 0.76171875, 'train_loss_sr': 0.15486939251422882, 'train_loss_total': 0.7772057056427002, 'max_memory_allocated': 9045502464, 'max_memory_reserved': 32300335104}
[WSI] epoch=3 iteration=367 slide=normal_135 N=13 {'train_loss_cls': 0.5625, 'train_loss_sr': 0.11317424476146698, 'train_loss_total': 0.5738174319267273, 'max_memory_allocated': 9783458304, 'max_memory_reserved': 32300335104}
[WSI] epoch=3 iteration=368 slide=tumor_072 N=20 {'train_loss_cls': 0.828125, 'train_loss_sr': 0.10560919344425201, 'train_loss_total': 0.838685929775238, 'max_memory_allocated': 14956718592, 'max_memory_reserved': 32300335104}
[WSI] epoch=3 iteration=369 slide=normal_081 N=6 {'train_loss_cls': 0.59765625, 'train_loss_sr': 0.17443609237670898, 'train_loss_total': 0.6150998473167419, 'max_memory_allocated': 4612500480, 'max_memory_reserved': 32300335104}
[gradient] slide_id=normal_080 N=15 {'rdn': 1.1573423147201538, 'region_encoder': 0.0, 'abmil': 0.03614833205938339, 'classifier': 2.6805179119110107, 'p2w': 0.5535867214202881}
[WSI] epoch=3 iteration=370 slide=normal_080 N=15 {'train_loss_cls': 0.59375, 'train_loss_sr': 0.156159907579422, 'train_loss_total': 0.6093659996986389, 'max_memory_allocated': 11262787072, 'max_memory_reserved': 32300335104}
[WSI] epoch=3 iteration=371 slide=normal_052 N=15 {'train_loss_cls': 0.5859375, 'train_loss_sr': 0.11900173872709274, 'train_loss_total': 0.5978376865386963, 'max_memory_allocated': 11262973440, 'max_memory_reserved': 32300335104}
[WSI] epoch=3 iteration=372 slide=tumor_083 N=14 {'train_loss_cls': 0.84375, 'train_loss_sr': 0.12013339251279831, 'train_loss_total': 0.85576331615448, 'max_memory_allocated': 10522470912, 'max_memory_reserved': 32300335104}
[WSI] epoch=3 iteration=373 slide=normal_023 N=2 {'train_loss_cls': 0.494140625, 'train_loss_sr': 0.14976289868354797, 'train_loss_total': 0.5091168880462646, 'max_memory_allocated': 1707051520, 'max_memory_reserved': 32300335104}
[WSI] epoch=3 iteration=374 slide=tumor_027 N=13 {'train_loss_cls': 0.83203125, 'train_loss_sr': 0.12261233478784561, 'train_loss_total': 0.8442924618721008, 'max_memory_allocated': 9783862784, 'max_memory_reserved': 32300335104}
[WSI] epoch=3 iteration=375 slide=normal_003 N=7 {'train_loss_cls': 0.546875, 'train_loss_sr': 0.12520362436771393, 'train_loss_total': 0.5593953728675842, 'max_memory_allocated': 5349571072, 'max_memory_reserved': 32300335104}
[WSI] epoch=3 iteration=376 slide=tumor_046 N=19 {'train_loss_cls': 0.890625, 'train_loss_sr': 0.1155385673046112, 'train_loss_total': 0.9021788835525513, 'max_memory_allocated': 14217095680, 'max_memory_reserved': 32300335104}
[WSI] epoch=3 iteration=377 slide=normal_121 N=13 {'train_loss_cls': 0.51953125, 'train_loss_sr': 0.11032094061374664, 'train_loss_total': 0.5305633544921875, 'max_memory_allocated': 9783368192, 'max_memory_reserved': 32300335104}
[WSI] epoch=3 iteration=378 slide=tumor_095 N=29 {'train_loss_cls': 0.8515625, 'train_loss_sr': 0.1032869815826416, 'train_loss_total': 0.8618912100791931, 'max_memory_allocated': 21607156224, 'max_memory_reserved': 32300335104}
[WSI] epoch=3 iteration=379 slide=normal_054 N=1 {'train_loss_cls': 0.5546875, 'train_loss_sr': 0.1213037371635437, 'train_loss_total': 0.5668178796768188, 'max_memory_allocated': 916610048, 'max_memory_reserved': 32300335104}
[gradient] slide_id=normal_014 N=2 {'rdn': 0.9217387437820435, 'region_encoder': 0.0, 'abmil': 0.0276498943567276, 'classifier': 2.98648738861084, 'p2w': 0.1515335887670517}
[WSI] epoch=3 iteration=380 slide=normal_014 N=2 {'train_loss_cls': 0.51171875, 'train_loss_sr': 0.21765658259391785, 'train_loss_total': 0.5334843993186951, 'max_memory_allocated': 1707452928, 'max_memory_reserved': 32300335104}
[WSI] epoch=3 iteration=381 slide=normal_088 N=14 {'train_loss_cls': 0.55078125, 'train_loss_sr': 0.1593605875968933, 'train_loss_total': 0.5667173266410828, 'max_memory_allocated': 10522065408, 'max_memory_reserved': 32300335104}
[WSI] epoch=3 iteration=382 slide=normal_067 N=12 {'train_loss_cls': 0.5234375, 'train_loss_sr': 0.16047686338424683, 'train_loss_total': 0.5394852161407471, 'max_memory_allocated': 9044556288, 'max_memory_reserved': 32300335104}
[WSI] epoch=3 iteration=383 slide=normal_152 N=5 {'train_loss_cls': 0.51953125, 'train_loss_sr': 0.07384650409221649, 'train_loss_total': 0.5269159078598022, 'max_memory_allocated': 3872348672, 'max_memory_reserved': 32300335104}
[WSI] epoch=3 iteration=384 slide=normal_026 N=5 {'train_loss_cls': 0.51171875, 'train_loss_sr': 0.1461072564125061, 'train_loss_total': 0.5263294577598572, 'max_memory_allocated': 3873071104, 'max_memory_reserved': 32300335104}
[WSI] epoch=3 iteration=385 slide=normal_097 N=17 {'train_loss_cls': 0.466796875, 'train_loss_sr': 0.18082880973815918, 'train_loss_total': 0.4848797619342804, 'max_memory_allocated': 12740000256, 'max_memory_reserved': 32300335104}
[WSI] epoch=3 iteration=386 slide=tumor_094 N=16 {'train_loss_cls': 0.95703125, 'train_loss_sr': 0.14229562878608704, 'train_loss_total': 0.9712607860565186, 'max_memory_allocated': 12001880576, 'max_memory_reserved': 32300335104}
[WSI] epoch=3 iteration=387 slide=tumor_077 N=14 {'train_loss_cls': 0.99609375, 'train_loss_sr': 0.11111737042665482, 'train_loss_total': 1.0072054862976074, 'max_memory_allocated': 10522819072, 'max_memory_reserved': 32300335104}
[WSI] epoch=3 iteration=388 slide=tumor_045 N=10 {'train_loss_cls': 0.94140625, 'train_loss_sr': 0.14836230874061584, 'train_loss_total': 0.9562425017356873, 'max_memory_allocated': 7567654400, 'max_memory_reserved': 32300335104}
[WSI] epoch=3 iteration=389 slide=normal_015 N=5 {'train_loss_cls': 0.451171875, 'train_loss_sr': 0.16257701814174652, 'train_loss_total': 0.46742957830429077, 'max_memory_allocated': 3872819712, 'max_memory_reserved': 32300335104}
[gradient] slide_id=tumor_108 N=22 {'rdn': 1.6726881265640259, 'region_encoder': 0.0, 'abmil': 0.03431776911020279, 'classifier': 4.573371410369873, 'p2w': 0.5887524485588074}
[WSI] epoch=3 iteration=390 slide=tumor_108 N=22 {'train_loss_cls': 0.97265625, 'train_loss_sr': 0.15576070547103882, 'train_loss_total': 0.9882323145866394, 'max_memory_allocated': 16433936896, 'max_memory_reserved': 32300335104}
[WSI] epoch=3 iteration=391 slide=normal_064 N=9 {'train_loss_cls': 0.4609375, 'train_loss_sr': 0.12190565466880798, 'train_loss_total': 0.473128080368042, 'max_memory_allocated': 6827588096, 'max_memory_reserved': 32300335104}
[WSI] epoch=3 iteration=392 slide=normal_044 N=4 {'train_loss_cls': 0.466796875, 'train_loss_sr': 0.1068139523267746, 'train_loss_total': 0.4774782657623291, 'max_memory_allocated': 3133090304, 'max_memory_reserved': 32300335104}
[WSI] epoch=3 iteration=393 slide=normal_106 N=15 {'train_loss_cls': 0.47265625, 'train_loss_sr': 0.13376502692699432, 'train_loss_total': 0.48603275418281555, 'max_memory_allocated': 11262994432, 'max_memory_reserved': 32300335104}
[WSI] epoch=3 iteration=394 slide=tumor_102 N=35 {'train_loss_cls': 0.93359375, 'train_loss_sr': 0.15097816288471222, 'train_loss_total': 0.9486915469169617, 'max_memory_allocated': 26041438208, 'max_memory_reserved': 32300335104}
[WSI] epoch=3 iteration=395 slide=normal_007 N=3 {'train_loss_cls': 0.53125, 'train_loss_sr': 0.14368894696235657, 'train_loss_total': 0.5456188917160034, 'max_memory_allocated': 2394799104, 'max_memory_reserved': 32300335104}
[WSI] epoch=3 iteration=396 slide=normal_105 N=12 {'train_loss_cls': 0.484375, 'train_loss_sr': 0.15628358721733093, 'train_loss_total': 0.5000033378601074, 'max_memory_allocated': 9045330432, 'max_memory_reserved': 32300335104}
[WSI] epoch=3 iteration=397 slide=normal_083 N=3 {'train_loss_cls': 0.3984375, 'train_loss_sr': 0.13535858690738678, 'train_loss_total': 0.41197335720062256, 'max_memory_allocated': 2395294720, 'max_memory_reserved': 32300335104}
[WSI] epoch=3 iteration=398 slide=normal_077 N=5 {'train_loss_cls': 0.431640625, 'train_loss_sr': 0.1239432543516159, 'train_loss_total': 0.44403496384620667, 'max_memory_allocated': 3872217600, 'max_memory_reserved': 32300335104}
[WSI] epoch=3 iteration=399 slide=tumor_037 N=10 {'train_loss_cls': 0.9296875, 'train_loss_sr': 0.13984635472297668, 'train_loss_total': 0.9436721205711365, 'max_memory_allocated': 7566088704, 'max_memory_reserved': 32300335104}
[gradient] slide_id=tumor_057 N=4 {'rdn': 2.203117847442627, 'region_encoder': 0.0, 'abmil': 0.025550629943609238, 'classifier': 6.793324947357178, 'p2w': 0.3974846601486206}
[WSI] epoch=3 iteration=400 slide=tumor_057 N=4 {'train_loss_cls': 1.1484375, 'train_loss_sr': 0.17739830911159515, 'train_loss_total': 1.1661772727966309, 'max_memory_allocated': 3132221952, 'max_memory_reserved': 32300335104}
[WSI] epoch=3 iteration=401 slide=normal_144 N=12 {'train_loss_cls': 0.439453125, 'train_loss_sr': 0.13078507781028748, 'train_loss_total': 0.452531635761261, 'max_memory_allocated': 9044756992, 'max_memory_reserved': 32300335104}
[WSI] epoch=3 iteration=402 slide=normal_065 N=6 {'train_loss_cls': 0.41796875, 'train_loss_sr': 0.12299251556396484, 'train_loss_total': 0.43026798963546753, 'max_memory_allocated': 4612217856, 'max_memory_reserved': 32300335104}
[WSI] epoch=3 iteration=403 slide=normal_131 N=18 {'train_loss_cls': 0.41796875, 'train_loss_sr': 0.10906713455915451, 'train_loss_total': 0.42887547612190247, 'max_memory_allocated': 13478717952, 'max_memory_reserved': 32300335104}
[WSI] epoch=3 iteration=404 slide=tumor_040 N=10 {'train_loss_cls': 1.0859375, 'train_loss_sr': 0.150612011551857, 'train_loss_total': 1.1009987592697144, 'max_memory_allocated': 7566887936, 'max_memory_reserved': 32300335104}
[WSI] epoch=3 iteration=405 slide=normal_141 N=7 {'train_loss_cls': 0.375, 'train_loss_sr': 0.09501706808805466, 'train_loss_total': 0.38450169563293457, 'max_memory_allocated': 5349882368, 'max_memory_reserved': 32300335104}
[WSI] epoch=3 iteration=406 slide=tumor_074 N=5 {'train_loss_cls': 1.109375, 'train_loss_sr': 0.1551324427127838, 'train_loss_total': 1.124888300895691, 'max_memory_allocated': 3872791040, 'max_memory_reserved': 32300335104}
[WSI] epoch=3 iteration=407 slide=tumor_088 N=12 {'train_loss_cls': 1.1328125, 'train_loss_sr': 0.14939001202583313, 'train_loss_total': 1.1477514505386353, 'max_memory_allocated': 9044818432, 'max_memory_reserved': 32300335104}
[WSI] epoch=3 iteration=408 slide=normal_029 N=1 {'train_loss_cls': 0.345703125, 'train_loss_sr': 0.14764128625392914, 'train_loss_total': 0.36046725511550903, 'max_memory_allocated': 916147200, 'max_memory_reserved': 32300335104}
[WSI] epoch=3 iteration=409 slide=tumor_109 N=10 {'train_loss_cls': 1.015625, 'train_loss_sr': 0.10874907672405243, 'train_loss_total': 1.02649986743927, 'max_memory_allocated': 7566683648, 'max_memory_reserved': 32300335104}
[gradient] slide_id=normal_155 N=11 {'rdn': 1.0647963285446167, 'region_encoder': 0.0, 'abmil': 0.08945246040821075, 'classifier': 2.91153621673584, 'p2w': 0.48119407892227173}
[WSI] epoch=3 iteration=410 slide=normal_155 N=11 {'train_loss_cls': 0.4375, 'train_loss_sr': 0.1253269612789154, 'train_loss_total': 0.45003271102905273, 'max_memory_allocated': 8305420800, 'max_memory_reserved': 32300335104}
[WSI] epoch=3 iteration=411 slide=normal_089 N=20 {'train_loss_cls': 0.453125, 'train_loss_sr': 0.19866497814655304, 'train_loss_total': 0.4729914963245392, 'max_memory_allocated': 14956608000, 'max_memory_reserved': 32300335104}
[WSI] epoch=3 iteration=412 slide=normal_096 N=7 {'train_loss_cls': 0.388671875, 'train_loss_sr': 0.1363963931798935, 'train_loss_total': 0.4023115038871765, 'max_memory_allocated': 5350013440, 'max_memory_reserved': 32300335104}
[WSI] epoch=3 iteration=413 slide=normal_063 N=7 {'train_loss_cls': 0.466796875, 'train_loss_sr': 0.17814119160175323, 'train_loss_total': 0.48461100459098816, 'max_memory_allocated': 5349792256, 'max_memory_reserved': 32300335104}
[WSI] epoch=3 iteration=414 slide=normal_047 N=5 {'train_loss_cls': 0.46875, 'train_loss_sr': 0.15047496557235718, 'train_loss_total': 0.48379749059677124, 'max_memory_allocated': 3873023488, 'max_memory_reserved': 32300335104}
[WSI] epoch=3 iteration=415 slide=tumor_106 N=22 {'train_loss_cls': 0.9453125, 'train_loss_sr': 0.1826309710741043, 'train_loss_total': 0.9635756015777588, 'max_memory_allocated': 16434158080, 'max_memory_reserved': 32300335104}
[WSI] epoch=3 iteration=416 slide=normal_126 N=17 {'train_loss_cls': 0.50390625, 'train_loss_sr': 0.2016626000404358, 'train_loss_total': 0.524072527885437, 'max_memory_allocated': 12740078592, 'max_memory_reserved': 32300335104}
[WSI] epoch=3 iteration=417 slide=normal_070 N=16 {'train_loss_cls': 0.45703125, 'train_loss_sr': 0.17694471776485443, 'train_loss_total': 0.47472572326660156, 'max_memory_allocated': 12000990720, 'max_memory_reserved': 32300335104}
[WSI] epoch=3 iteration=418 slide=normal_062 N=2 {'train_loss_cls': 0.4296875, 'train_loss_sr': 0.20458349585533142, 'train_loss_total': 0.4501458406448364, 'max_memory_allocated': 1707867136, 'max_memory_reserved': 32300335104}
[WSI] epoch=3 iteration=419 slide=tumor_016 N=5 {'train_loss_cls': 1.15625, 'train_loss_sr': 0.20569933950901031, 'train_loss_total': 1.176819920539856, 'max_memory_allocated': 3872840192, 'max_memory_reserved': 32300335104}
[gradient] slide_id=normal_151 N=16 {'rdn': 1.0673125982284546, 'region_encoder': 0.0, 'abmil': 0.07955946028232574, 'classifier': 3.080341100692749, 'p2w': 0.4900084137916565}
[WSI] epoch=3 iteration=420 slide=normal_151 N=16 {'train_loss_cls': 0.4453125, 'train_loss_sr': 0.16412422060966492, 'train_loss_total': 0.4617249369621277, 'max_memory_allocated': 12001180160, 'max_memory_reserved': 32300335104}
[WSI] epoch=3 iteration=421 slide=normal_116 N=8 {'train_loss_cls': 0.421875, 'train_loss_sr': 0.12788577377796173, 'train_loss_total': 0.4346635639667511, 'max_memory_allocated': 6088161792, 'max_memory_reserved': 32300335104}
[WSI] epoch=3 iteration=422 slide=normal_156 N=13 {'train_loss_cls': 0.408203125, 'train_loss_sr': 0.15029282867908478, 'train_loss_total': 0.42323240637779236, 'max_memory_allocated': 9783593984, 'max_memory_reserved': 32300335104}
[WSI] epoch=3 iteration=423 slide=normal_109 N=10 {'train_loss_cls': 0.419921875, 'train_loss_sr': 0.16009005904197693, 'train_loss_total': 0.43593087792396545, 'max_memory_allocated': 7566551552, 'max_memory_reserved': 32300335104}
[WSI] epoch=3 iteration=424 slide=normal_061 N=12 {'train_loss_cls': 0.349609375, 'train_loss_sr': 0.15525703132152557, 'train_loss_total': 0.3651350736618042, 'max_memory_allocated': 9045963776, 'max_memory_reserved': 32300335104}
[WSI] epoch=3 iteration=425 slide=normal_039 N=9 {'train_loss_cls': 0.357421875, 'train_loss_sr': 0.15044139325618744, 'train_loss_total': 0.3724660277366638, 'max_memory_allocated': 6827335680, 'max_memory_reserved': 32300335104}
[WSI] epoch=3 iteration=426 slide=normal_079 N=8 {'train_loss_cls': 0.353515625, 'train_loss_sr': 0.1920379102230072, 'train_loss_total': 0.372719407081604, 'max_memory_allocated': 6089240064, 'max_memory_reserved': 32300335104}
[WSI] epoch=3 iteration=427 slide=tumor_081 N=6 {'train_loss_cls': 1.2734375, 'train_loss_sr': 0.1633891463279724, 'train_loss_total': 1.2897764444351196, 'max_memory_allocated': 4611894272, 'max_memory_reserved': 32300335104}
[WSI] epoch=3 iteration=428 slide=normal_071 N=5 {'train_loss_cls': 0.337890625, 'train_loss_sr': 0.17195740342140198, 'train_loss_total': 0.3550863564014435, 'max_memory_allocated': 3872680448, 'max_memory_reserved': 32300335104}
[WSI] epoch=3 iteration=429 slide=tumor_019 N=2 {'train_loss_cls': 1.2890625, 'train_loss_sr': 0.13786719739437103, 'train_loss_total': 1.3028491735458374, 'max_memory_allocated': 1707051520, 'max_memory_reserved': 32300335104}
[gradient] slide_id=normal_113 N=19 {'rdn': 1.3511788845062256, 'region_encoder': 0.0, 'abmil': 0.033198580145835876, 'classifier': 2.691494941711426, 'p2w': 0.7148599624633789}
[WSI] epoch=3 iteration=430 slide=normal_113 N=19 {'train_loss_cls': 0.3359375, 'train_loss_sr': 0.1408451795578003, 'train_loss_total': 0.35002201795578003, 'max_memory_allocated': 14217628160, 'max_memory_reserved': 32300335104}
[WSI] epoch=3 iteration=431 slide=normal_018 N=3 {'train_loss_cls': 0.326171875, 'train_loss_sr': 0.18465617299079895, 'train_loss_total': 0.3446374833583832, 'max_memory_allocated': 2394721280, 'max_memory_reserved': 32300335104}
[WSI] epoch=3 iteration=432 slide=tumor_047 N=15 {'train_loss_cls': 1.28125, 'train_loss_sr': 0.16389955580234528, 'train_loss_total': 1.2976399660110474, 'max_memory_allocated': 11262481408, 'max_memory_reserved': 32300335104}
[WSI] epoch=3 iteration=433 slide=normal_049 N=2 {'train_loss_cls': 0.294921875, 'train_loss_sr': 0.17918166518211365, 'train_loss_total': 0.3128400444984436, 'max_memory_allocated': 1707252224, 'max_memory_reserved': 32300335104}
[WSI] epoch=3 iteration=434 slide=tumor_021 N=16 {'train_loss_cls': 1.21875, 'train_loss_sr': 0.13938765227794647, 'train_loss_total': 1.2326887845993042, 'max_memory_allocated': 12001126912, 'max_memory_reserved': 32300335104}
[WSI] epoch=3 iteration=435 slide=tumor_009 N=12 {'train_loss_cls': 1.2421875, 'train_loss_sr': 0.12388918548822403, 'train_loss_total': 1.2545764446258545, 'max_memory_allocated': 9045420544, 'max_memory_reserved': 32300335104}
[WSI] epoch=3 iteration=436 slide=tumor_054 N=17 {'train_loss_cls': 1.28125, 'train_loss_sr': 0.1337093710899353, 'train_loss_total': 1.2946209907531738, 'max_memory_allocated': 12739701248, 'max_memory_reserved': 32300335104}
[WSI] epoch=3 iteration=437 slide=normal_104 N=19 {'train_loss_cls': 0.369140625, 'train_loss_sr': 0.14901967346668243, 'train_loss_total': 0.3840425908565521, 'max_memory_allocated': 14216964608, 'max_memory_reserved': 32300335104}
[WSI] epoch=3 iteration=438 slide=tumor_066 N=7 {'train_loss_cls': 1.125, 'train_loss_sr': 0.13508670032024384, 'train_loss_total': 1.138508677482605, 'max_memory_allocated': 5349661184, 'max_memory_reserved': 32300335104}
[WSI] epoch=3 iteration=439 slide=tumor_022 N=7 {'train_loss_cls': 1.0, 'train_loss_sr': 0.14688076078891754, 'train_loss_total': 1.0146881341934204, 'max_memory_allocated': 5350096384, 'max_memory_reserved': 32300335104}
[gradient] slide_id=normal_158 N=18 {'rdn': 1.0840846300125122, 'region_encoder': 0.0, 'abmil': 0.03539092466235161, 'classifier': 3.75258207321167, 'p2w': 0.5498374104499817}
[WSI] epoch=3 iteration=440 slide=normal_158 N=18 {'train_loss_cls': 0.42578125, 'train_loss_sr': 0.1430237591266632, 'train_loss_total': 0.4400836229324341, 'max_memory_allocated': 13478423040, 'max_memory_reserved': 32300335104}
[WSI] epoch=3 iteration=441 slide=normal_095 N=14 {'train_loss_cls': 0.458984375, 'train_loss_sr': 0.1494448482990265, 'train_loss_total': 0.47392886877059937, 'max_memory_allocated': 10522487296, 'max_memory_reserved': 32300335104}
[WSI] epoch=3 iteration=442 slide=normal_040 N=16 {'train_loss_cls': 0.453125, 'train_loss_sr': 0.13311833143234253, 'train_loss_total': 0.46643683314323425, 'max_memory_allocated': 12001272320, 'max_memory_reserved': 32300335104}
[WSI] epoch=3 iteration=443 slide=normal_036 N=7 {'train_loss_cls': 0.486328125, 'train_loss_sr': 0.12275207042694092, 'train_loss_total': 0.49860334396362305, 'max_memory_allocated': 5349771776, 'max_memory_reserved': 32300335104}
[WSI] epoch=3 iteration=444 slide=tumor_049 N=3 {'train_loss_cls': 0.8046875, 'train_loss_sr': 0.12715405225753784, 'train_loss_total': 0.8174028992652893, 'max_memory_allocated': 2394577920, 'max_memory_reserved': 32300335104}
[WSI] epoch=3 iteration=445 slide=normal_107 N=16 {'train_loss_cls': 0.486328125, 'train_loss_sr': 0.11365514248609543, 'train_loss_total': 0.49769362807273865, 'max_memory_allocated': 12000999936, 'max_memory_reserved': 32300335104}
[WSI] epoch=3 iteration=446 slide=tumor_001 N=7 {'train_loss_cls': 0.94140625, 'train_loss_sr': 0.15145164728164673, 'train_loss_total': 0.9565514326095581, 'max_memory_allocated': 5350545920, 'max_memory_reserved': 32300335104}
[WSI] epoch=3 iteration=447 slide=tumor_111 N=4 {'train_loss_cls': 0.86328125, 'train_loss_sr': 0.16608378291130066, 'train_loss_total': 0.8798896074295044, 'max_memory_allocated': 3132316160, 'max_memory_reserved': 32300335104}
[WSI] epoch=3 iteration=448 slide=normal_154 N=20 {'train_loss_cls': 0.53125, 'train_loss_sr': 0.11175248771905899, 'train_loss_total': 0.542425274848938, 'max_memory_allocated': 14956902912, 'max_memory_reserved': 32300335104}
[WSI] epoch=3 iteration=449 slide=normal_032 N=9 {'train_loss_cls': 0.59765625, 'train_loss_sr': 0.17420166730880737, 'train_loss_total': 0.6150764226913452, 'max_memory_allocated': 6827457024, 'max_memory_reserved': 32300335104}
[gradient] slide_id=tumor_020 N=7 {'rdn': 1.396750569343567, 'region_encoder': 0.0, 'abmil': 0.044991396367549896, 'classifier': 4.542191982269287, 'p2w': 0.48466241359710693}
[WSI] epoch=3 iteration=450 slide=tumor_020 N=7 {'train_loss_cls': 0.85546875, 'train_loss_sr': 0.15956443548202515, 'train_loss_total': 0.871425211429596, 'max_memory_allocated': 5349992960, 'max_memory_reserved': 32300335104}
[WSI] epoch=3 iteration=451 slide=normal_037 N=8 {'train_loss_cls': 0.5703125, 'train_loss_sr': 0.15994477272033691, 'train_loss_total': 0.5863069891929626, 'max_memory_allocated': 6089806848, 'max_memory_reserved': 32300335104}
[WSI] epoch=3 iteration=452 slide=tumor_093 N=14 {'train_loss_cls': 0.875, 'train_loss_sr': 0.12606167793273926, 'train_loss_total': 0.887606143951416, 'max_memory_allocated': 10522176000, 'max_memory_reserved': 32300335104}
[WSI] epoch=3 iteration=453 slide=normal_028 N=5 {'train_loss_cls': 0.50390625, 'train_loss_sr': 0.1460479199886322, 'train_loss_total': 0.5185110569000244, 'max_memory_allocated': 3872680448, 'max_memory_reserved': 32300335104}
[WSI] epoch=3 iteration=454 slide=normal_114 N=24 {'train_loss_cls': 0.578125, 'train_loss_sr': 0.13250888884067535, 'train_loss_total': 0.5913758873939514, 'max_memory_allocated': 17911994880, 'max_memory_reserved': 32300335104}
[WSI] epoch=3 iteration=455 slide=tumor_004 N=15 {'train_loss_cls': 0.890625, 'train_loss_sr': 0.18700112402439117, 'train_loss_total': 0.909325122833252, 'max_memory_allocated': 11263166976, 'max_memory_reserved': 32300335104}
[WSI] epoch=3 iteration=456 slide=tumor_025 N=9 {'train_loss_cls': 0.8046875, 'train_loss_sr': 0.15204665064811707, 'train_loss_total': 0.819892168045044, 'max_memory_allocated': 6827781632, 'max_memory_reserved': 32300335104}
[WSI] epoch=3 iteration=457 slide=tumor_007 N=12 {'train_loss_cls': 0.7578125, 'train_loss_sr': 0.1659446358680725, 'train_loss_total': 0.7744069695472717, 'max_memory_allocated': 9044998656, 'max_memory_reserved': 32300335104}
[WSI] epoch=3 iteration=458 slide=tumor_002 N=5 {'train_loss_cls': 0.85546875, 'train_loss_sr': 0.10145246982574463, 'train_loss_total': 0.8656139969825745, 'max_memory_allocated': 3872791040, 'max_memory_reserved': 32300335104}
[WSI] epoch=3 iteration=459 slide=normal_108 N=2 {'train_loss_cls': 0.5703125, 'train_loss_sr': 0.09944088011980057, 'train_loss_total': 0.5802565813064575, 'max_memory_allocated': 1707252224, 'max_memory_reserved': 32300335104}
[gradient] slide_id=tumor_012 N=7 {'rdn': 1.0808005332946777, 'region_encoder': 0.0, 'abmil': 0.08214747905731201, 'classifier': 3.929025173187256, 'p2w': 0.25268855690956116}
[WSI] epoch=3 iteration=460 slide=tumor_012 N=7 {'train_loss_cls': 0.75390625, 'train_loss_sr': 0.15916511416435242, 'train_loss_total': 0.7698227763175964, 'max_memory_allocated': 5350972416, 'max_memory_reserved': 32300335104}
[WSI] epoch=3 iteration=461 slide=tumor_038 N=2 {'train_loss_cls': 0.6796875, 'train_loss_sr': 0.14678962528705597, 'train_loss_total': 0.694366455078125, 'max_memory_allocated': 1706832384, 'max_memory_reserved': 32300335104}
[WSI] epoch=3 iteration=462 slide=normal_145 N=20 {'train_loss_cls': 0.703125, 'train_loss_sr': 0.13958954811096191, 'train_loss_total': 0.7170839309692383, 'max_memory_allocated': 14956255744, 'max_memory_reserved': 32300335104}
[WSI] epoch=3 iteration=463 slide=normal_148 N=5 {'train_loss_cls': 0.703125, 'train_loss_sr': 0.0982324630022049, 'train_loss_total': 0.7129482626914978, 'max_memory_allocated': 3872217600, 'max_memory_reserved': 32300335104}
[WSI] epoch=3 iteration=464 slide=normal_078 N=6 {'train_loss_cls': 0.6875, 'train_loss_sr': 0.08414217084646225, 'train_loss_total': 0.6959142088890076, 'max_memory_allocated': 4612115456, 'max_memory_reserved': 32300335104}
[WSI] epoch=3 iteration=465 slide=normal_084 N=1 {'train_loss_cls': 0.62890625, 'train_loss_sr': 0.09271364659070969, 'train_loss_total': 0.6381776332855225, 'max_memory_allocated': 916147200, 'max_memory_reserved': 32300335104}
[WSI] epoch=3 iteration=466 slide=tumor_082 N=3 {'train_loss_cls': 0.68359375, 'train_loss_sr': 0.10633937269449234, 'train_loss_total': 0.6942276954650879, 'max_memory_allocated': 2394377216, 'max_memory_reserved': 32300335104}
[WSI] epoch=3 iteration=467 slide=normal_139 N=12 {'train_loss_cls': 0.6953125, 'train_loss_sr': 0.10937608033418655, 'train_loss_total': 0.7062501311302185, 'max_memory_allocated': 9045396992, 'max_memory_reserved': 32300335104}
[WSI] epoch=3 iteration=468 slide=tumor_005 N=4 {'train_loss_cls': 0.7890625, 'train_loss_sr': 0.1948901265859604, 'train_loss_total': 0.8085514903068542, 'max_memory_allocated': 3132185088, 'max_memory_reserved': 32300335104}
[WSI] epoch=3 iteration=469 slide=normal_068 N=6 {'train_loss_cls': 0.72265625, 'train_loss_sr': 0.17177936434745789, 'train_loss_total': 0.739834189414978, 'max_memory_allocated': 4612856832, 'max_memory_reserved': 32300335104}
[gradient] slide_id=normal_051 N=3 {'rdn': 1.5139294862747192, 'region_encoder': 0.0, 'abmil': 0.0502842515707016, 'classifier': 6.034235954284668, 'p2w': 0.419241726398468}
[WSI] epoch=3 iteration=470 slide=normal_051 N=3 {'train_loss_cls': 0.7578125, 'train_loss_sr': 0.12922817468643188, 'train_loss_total': 0.7707353234291077, 'max_memory_allocated': 2395646976, 'max_memory_reserved': 32300335104}
[WSI] epoch=3 iteration=471 slide=tumor_073 N=19 {'train_loss_cls': 0.77734375, 'train_loss_sr': 0.09848163276910782, 'train_loss_total': 0.7871919274330139, 'max_memory_allocated': 14217963520, 'max_memory_reserved': 32300335104}
[WSI] epoch=3 iteration=472 slide=normal_103 N=8 {'train_loss_cls': 0.59375, 'train_loss_sr': 0.08568792045116425, 'train_loss_total': 0.6023187637329102, 'max_memory_allocated': 6088583680, 'max_memory_reserved': 32300335104}
[WSI] epoch=3 iteration=473 slide=normal_087 N=11 {'train_loss_cls': 0.68359375, 'train_loss_sr': 0.14294205605983734, 'train_loss_total': 0.6978879570960999, 'max_memory_allocated': 8306063872, 'max_memory_reserved': 32300335104}
[WSI] epoch=3 iteration=474 slide=tumor_071 N=12 {'train_loss_cls': 0.78125, 'train_loss_sr': 0.10938313603401184, 'train_loss_total': 0.792188286781311, 'max_memory_allocated': 9045088768, 'max_memory_reserved': 32300335104}
[WSI] epoch=3 iteration=475 slide=tumor_043 N=4 {'train_loss_cls': 0.73828125, 'train_loss_sr': 0.11064315587282181, 'train_loss_total': 0.7493455410003662, 'max_memory_allocated': 3132226560, 'max_memory_reserved': 32300335104}
[WSI] epoch=3 iteration=476 slide=normal_076 N=24 {'train_loss_cls': 0.6640625, 'train_loss_sr': 0.13768261671066284, 'train_loss_total': 0.6778307557106018, 'max_memory_allocated': 17912326656, 'max_memory_reserved': 32300335104}
[WSI] epoch=3 iteration=477 slide=tumor_084 N=9 {'train_loss_cls': 0.82421875, 'train_loss_sr': 0.06991232186555862, 'train_loss_total': 0.8312099575996399, 'max_memory_allocated': 6827104768, 'max_memory_reserved': 32300335104}
[WSI] epoch=3 iteration=478 slide=normal_136 N=15 {'train_loss_cls': 0.6015625, 'train_loss_sr': 0.108861044049263, 'train_loss_total': 0.6124486327171326, 'max_memory_allocated': 11262319104, 'max_memory_reserved': 32300335104}
[WSI] epoch=3 iteration=479 slide=normal_129 N=19 {'train_loss_cls': 0.60546875, 'train_loss_sr': 0.10152594745159149, 'train_loss_total': 0.6156213283538818, 'max_memory_allocated': 14216944128, 'max_memory_reserved': 32300335104}
[gradient] slide_id=normal_022 N=6 {'rdn': 0.9844328165054321, 'region_encoder': 0.0, 'abmil': 0.06373739242553711, 'classifier': 2.965921401977539, 'p2w': 0.31753242015838623}
[WSI] epoch=3 iteration=480 slide=normal_022 N=6 {'train_loss_cls': 0.58203125, 'train_loss_sr': 0.12956318259239197, 'train_loss_total': 0.5949875712394714, 'max_memory_allocated': 4612447232, 'max_memory_reserved': 32300335104}
[WSI] epoch=3 iteration=481 slide=tumor_078 N=15 {'train_loss_cls': 0.76171875, 'train_loss_sr': 0.1034478172659874, 'train_loss_total': 0.7720635533332825, 'max_memory_allocated': 11262409216, 'max_memory_reserved': 32300335104}
[WSI] epoch=3 iteration=482 slide=tumor_105 N=6 {'train_loss_cls': 0.80859375, 'train_loss_sr': 0.1163148581981659, 'train_loss_total': 0.8202252388000488, 'max_memory_allocated': 4612537344, 'max_memory_reserved': 32300335104}
[WSI] epoch=3 iteration=483 slide=normal_058 N=7 {'train_loss_cls': 0.59375, 'train_loss_sr': 0.19834071397781372, 'train_loss_total': 0.613584041595459, 'max_memory_allocated': 5349882368, 'max_memory_reserved': 32300335104}
[WSI] epoch=3 iteration=484 slide=tumor_087 N=10 {'train_loss_cls': 0.859375, 'train_loss_sr': 0.07748179137706757, 'train_loss_total': 0.8671231865882874, 'max_memory_allocated': 7566129664, 'max_memory_reserved': 32300335104}
[WSI] epoch=3 iteration=485 slide=tumor_098 N=9 {'train_loss_cls': 0.8203125, 'train_loss_sr': 0.08263444900512695, 'train_loss_total': 0.8285759687423706, 'max_memory_allocated': 6828121088, 'max_memory_reserved': 32300335104}
[WSI] epoch=3 iteration=486 slide=tumor_080 N=6 {'train_loss_cls': 0.796875, 'train_loss_sr': 0.11460515856742859, 'train_loss_total': 0.808335542678833, 'max_memory_allocated': 4612278784, 'max_memory_reserved': 32300335104}
[WSI] epoch=3 iteration=487 slide=tumor_097 N=18 {'train_loss_cls': 0.77734375, 'train_loss_sr': 0.09129564464092255, 'train_loss_total': 0.7864733338356018, 'max_memory_allocated': 13477964288, 'max_memory_reserved': 32300335104}
[WSI] epoch=3 iteration=488 slide=tumor_039 N=4 {'train_loss_cls': 0.72265625, 'train_loss_sr': 0.14186543226242065, 'train_loss_total': 0.7368428111076355, 'max_memory_allocated': 3132185088, 'max_memory_reserved': 32300335104}
[WSI] epoch=3 iteration=489 slide=tumor_058 N=5 {'train_loss_cls': 0.7734375, 'train_loss_sr': 0.13446973264217377, 'train_loss_total': 0.7868844866752625, 'max_memory_allocated': 3872801280, 'max_memory_reserved': 32300335104}
[gradient] slide_id=normal_128 N=11 {'rdn': 1.131574034690857, 'region_encoder': 0.0, 'abmil': 0.02136887237429619, 'classifier': 2.527538299560547, 'p2w': 0.6486845016479492}
[WSI] epoch=3 iteration=490 slide=normal_128 N=11 {'train_loss_cls': 0.6015625, 'train_loss_sr': 0.09210960566997528, 'train_loss_total': 0.6107734441757202, 'max_memory_allocated': 8305531392, 'max_memory_reserved': 32300335104}
[WSI] epoch=3 iteration=491 slide=normal_011 N=14 {'train_loss_cls': 0.66796875, 'train_loss_sr': 0.14099812507629395, 'train_loss_total': 0.6820685863494873, 'max_memory_allocated': 10522151424, 'max_memory_reserved': 32300335104}
[WSI] epoch=3 iteration=492 slide=tumor_042 N=4 {'train_loss_cls': 0.765625, 'train_loss_sr': 0.14154879748821259, 'train_loss_total': 0.779779851436615, 'max_memory_allocated': 3132447232, 'max_memory_reserved': 32300335104}
[WSI] epoch=3 iteration=493 slide=normal_038 N=1 {'train_loss_cls': 0.65234375, 'train_loss_sr': 0.1027621477842331, 'train_loss_total': 0.662619948387146, 'max_memory_allocated': 916409344, 'max_memory_reserved': 32300335104}
[WSI] epoch=3 iteration=494 slide=tumor_003 N=7 {'train_loss_cls': 0.74609375, 'train_loss_sr': 0.13347427546977997, 'train_loss_total': 0.7594411969184875, 'max_memory_allocated': 5350103552, 'max_memory_reserved': 32300335104}
[WSI] epoch=3 iteration=495 slide=tumor_017 N=9 {'train_loss_cls': 0.69140625, 'train_loss_sr': 0.1621410846710205, 'train_loss_total': 0.70762038230896, 'max_memory_allocated': 6827748864, 'max_memory_reserved': 32300335104}
[WSI] epoch=3 iteration=496 slide=tumor_060 N=6 {'train_loss_cls': 0.6875, 'train_loss_sr': 0.15268990397453308, 'train_loss_total': 0.7027689814567566, 'max_memory_allocated': 4611894272, 'max_memory_reserved': 32300335104}
[WSI] epoch=3 iteration=497 slide=normal_006 N=1 {'train_loss_cls': 0.62109375, 'train_loss_sr': 0.1662968248128891, 'train_loss_total': 0.637723445892334, 'max_memory_allocated': 916147200, 'max_memory_reserved': 32300335104}
[WSI] epoch=3 iteration=498 slide=tumor_103 N=18 {'train_loss_cls': 0.66796875, 'train_loss_sr': 0.10816269367933273, 'train_loss_total': 0.6787850260734558, 'max_memory_allocated': 13478312448, 'max_memory_reserved': 32300335104}
[WSI] epoch=3 iteration=499 slide=normal_157 N=16 {'train_loss_cls': 0.75, 'train_loss_sr': 0.1261845827102661, 'train_loss_total': 0.7626184821128845, 'max_memory_allocated': 12001307648, 'max_memory_reserved': 32300335104}
[gradient] slide_id=tumor_050 N=10 {'rdn': 0.9602656364440918, 'region_encoder': 0.0, 'abmil': 0.057954225689172745, 'classifier': 2.949424982070923, 'p2w': 0.37465640902519226}
[WSI] epoch=3 iteration=500 slide=tumor_050 N=10 {'train_loss_cls': 0.6796875, 'train_loss_sr': 0.10835298150777817, 'train_loss_total': 0.6905227899551392, 'max_memory_allocated': 7566309376, 'max_memory_reserved': 32300335104}
[WSI] epoch=3 iteration=501 slide=tumor_011 N=6 {'train_loss_cls': 0.64453125, 'train_loss_sr': 0.11817781627178192, 'train_loss_total': 0.6563490033149719, 'max_memory_allocated': 4612779008, 'max_memory_reserved': 32300335104}
[WSI] epoch=3 iteration=502 slide=tumor_034 N=6 {'train_loss_cls': 0.62109375, 'train_loss_sr': 0.13394403457641602, 'train_loss_total': 0.6344881653785706, 'max_memory_allocated': 4613331968, 'max_memory_reserved': 32300335104}
[WSI] epoch=3 iteration=503 slide=normal_053 N=18 {'train_loss_cls': 0.796875, 'train_loss_sr': 0.12090867757797241, 'train_loss_total': 0.8089658617973328, 'max_memory_allocated': 13478274048, 'max_memory_reserved': 32300335104}
[WSI] epoch=3 iteration=504 slide=normal_066 N=26 {'train_loss_cls': 0.828125, 'train_loss_sr': 0.1377030611038208, 'train_loss_total': 0.8418952822685242, 'max_memory_allocated': 19390290432, 'max_memory_reserved': 32300335104}
[WSI] epoch=3 iteration=505 slide=tumor_061 N=13 {'train_loss_cls': 0.52734375, 'train_loss_sr': 0.15440401434898376, 'train_loss_total': 0.5427841544151306, 'max_memory_allocated': 9783679488, 'max_memory_reserved': 32300335104}
[WSI] epoch=3 iteration=506 slide=normal_041 N=7 {'train_loss_cls': 0.84375, 'train_loss_sr': 0.15862959623336792, 'train_loss_total': 0.8596129417419434, 'max_memory_allocated': 5350345216, 'max_memory_reserved': 32300335104}
[WSI] epoch=3 iteration=507 slide=normal_093 N=8 {'train_loss_cls': 0.7421875, 'train_loss_sr': 0.10787397623062134, 'train_loss_total': 0.7529748678207397, 'max_memory_allocated': 6089859584, 'max_memory_reserved': 32300335104}
[WSI] epoch=3 iteration=508 slide=tumor_015 N=27 {'train_loss_cls': 0.55859375, 'train_loss_sr': 0.16364243626594543, 'train_loss_total': 0.5749579668045044, 'max_memory_allocated': 20129077760, 'max_memory_reserved': 32300335104}
[WSI] epoch=3 iteration=509 slide=tumor_024 N=16 {'train_loss_cls': 0.578125, 'train_loss_sr': 0.18528640270233154, 'train_loss_total': 0.5966536402702332, 'max_memory_allocated': 12000778752, 'max_memory_reserved': 32300335104}
[gradient] slide_id=normal_100 N=8 {'rdn': 1.1332340240478516, 'region_encoder': 0.0, 'abmil': 0.11057456582784653, 'classifier': 4.79748010635376, 'p2w': 0.28114569187164307}
[WSI] epoch=3 iteration=510 slide=normal_100 N=8 {'train_loss_cls': 0.859375, 'train_loss_sr': 0.17842373251914978, 'train_loss_total': 0.8772173523902893, 'max_memory_allocated': 6088382976, 'max_memory_reserved': 32300335104}
[WSI] epoch=3 iteration=511 slide=normal_031 N=6 {'train_loss_cls': 0.83984375, 'train_loss_sr': 0.15010283887386322, 'train_loss_total': 0.8548540472984314, 'max_memory_allocated': 4611873792, 'max_memory_reserved': 32300335104}
[WSI] epoch=3 iteration=512 slide=tumor_008 N=14 {'train_loss_cls': 0.6171875, 'train_loss_sr': 0.14369237422943115, 'train_loss_total': 0.6315567493438721, 'max_memory_allocated': 10522266112, 'max_memory_reserved': 32300335104}
[WSI] epoch=3 iteration=513 slide=normal_111 N=31 {'train_loss_cls': 0.765625, 'train_loss_sr': 0.1019776239991188, 'train_loss_total': 0.7758227586746216, 'max_memory_allocated': 23085431296, 'max_memory_reserved': 32300335104}
[WSI] epoch=3 iteration=514 slide=tumor_068 N=15 {'train_loss_cls': 0.58203125, 'train_loss_sr': 0.14373467862606049, 'train_loss_total': 0.5964047312736511, 'max_memory_allocated': 11262132736, 'max_memory_reserved': 32300335104}
[WSI] epoch=3 iteration=515 slide=tumor_089 N=26 {'train_loss_cls': 0.5859375, 'train_loss_sr': 0.11281967163085938, 'train_loss_total': 0.5972194671630859, 'max_memory_allocated': 19391748608, 'max_memory_reserved': 32300335104}
[WSI] epoch=3 iteration=516 slide=tumor_052 N=15 {'train_loss_cls': 0.5859375, 'train_loss_sr': 0.15302249789237976, 'train_loss_total': 0.6012397408485413, 'max_memory_allocated': 11262091264, 'max_memory_reserved': 32300335104}
[WSI] epoch=3 iteration=517 slide=tumor_035 N=4 {'train_loss_cls': 0.54296875, 'train_loss_sr': 0.18289625644683838, 'train_loss_total': 0.5612583756446838, 'max_memory_allocated': 3132316160, 'max_memory_reserved': 32300335104}
[WSI] epoch=3 iteration=518 slide=tumor_086 N=23 {'train_loss_cls': 0.59765625, 'train_loss_sr': 0.13202862441539764, 'train_loss_total': 0.6108590960502625, 'max_memory_allocated': 17173805568, 'max_memory_reserved': 32300335104}
[WSI] epoch=3 iteration=519 slide=normal_124 N=19 {'train_loss_cls': 0.80078125, 'train_loss_sr': 0.11405942589044571, 'train_loss_total': 0.8121871948242188, 'max_memory_allocated': 14217406976, 'max_memory_reserved': 32300335104}
[gradient] slide_id=normal_008 N=1 {'rdn': 1.2975844144821167, 'region_encoder': 0.0, 'abmil': 0.0, 'classifier': 5.4424662590026855, 'p2w': 0.16097719967365265}
[WSI] epoch=3 iteration=520 slide=normal_008 N=1 {'train_loss_cls': 0.7265625, 'train_loss_sr': 0.16017156839370728, 'train_loss_total': 0.7425796389579773, 'max_memory_allocated': 916147200, 'max_memory_reserved': 32300335104}
[WSI] epoch=3 iteration=521 slide=tumor_107 N=6 {'train_loss_cls': 0.486328125, 'train_loss_sr': 0.12439931929111481, 'train_loss_total': 0.49876806139945984, 'max_memory_allocated': 4613116416, 'max_memory_reserved': 32300335104}
[WSI] epoch=3 iteration=522 slide=normal_048 N=3 {'train_loss_cls': 0.93359375, 'train_loss_sr': 0.13058927655220032, 'train_loss_total': 0.9466526508331299, 'max_memory_allocated': 2395646976, 'max_memory_reserved': 32300335104}
[epoch] {'epoch': 3, 'train_loss_cls': 0.6789466594827587, 'train_loss_sr': 0.1373580739587203, 'train_loss_total': 0.6926824685143328, 'train_auc': 0.683445945945946, 'train_acc': 0.4425287356321839, 'train_bacc': 0.515, 'val_loss': 0.7250754616477273, 'val_auc': 0.4369369369369369, 'val_acc': 0.42045454545454547, 'val_bacc': 0.5, 'max_memory_allocated': 26041438208, 'max_memory_reserved': 32300335104}
/root/miniconda3/envs/myconda/lib/python3.10/site-packages/torch/utils/checkpoint.py:1399: FutureWarning: `torch.cpu.amp.autocast(args...)` is deprecated. Please use `torch.amp.autocast('cpu', args...)` instead.
  with device_autocast_ctx, torch.cpu.amp.autocast(**cpu_autocast_kwargs), recompute_context:  # type: ignore[attr-defined]
[WSI] epoch=4 iteration=523 slide=normal_040 N=16 {'train_loss_cls': 0.80859375, 'train_loss_sr': 0.1118319183588028, 'train_loss_total': 0.8197769522666931, 'max_memory_allocated': 12001237504, 'max_memory_reserved': 32300335104}
[WSI] epoch=4 iteration=524 slide=normal_062 N=2 {'train_loss_cls': 0.796875, 'train_loss_sr': 0.20733624696731567, 'train_loss_total': 0.8176085948944092, 'max_memory_allocated': 1706789376, 'max_memory_reserved': 32300335104}
[WSI] epoch=4 iteration=525 slide=tumor_098 N=9 {'train_loss_cls': 0.5703125, 'train_loss_sr': 0.14109063148498535, 'train_loss_total': 0.5844215750694275, 'max_memory_allocated': 6827457024, 'max_memory_reserved': 32300335104}
[WSI] epoch=4 iteration=526 slide=normal_106 N=15 {'train_loss_cls': 0.828125, 'train_loss_sr': 0.1480763852596283, 'train_loss_total': 0.8429326415061951, 'max_memory_allocated': 11262740992, 'max_memory_reserved': 32300335104}
[WSI] epoch=4 iteration=527 slide=normal_146 N=17 {'train_loss_cls': 0.71875, 'train_loss_sr': 0.13600169122219086, 'train_loss_total': 0.7323501706123352, 'max_memory_allocated': 12739922432, 'max_memory_reserved': 32300335104}
[WSI] epoch=4 iteration=528 slide=tumor_011 N=6 {'train_loss_cls': 0.63671875, 'train_loss_sr': 0.1440535932779312, 'train_loss_total': 0.651124119758606, 'max_memory_allocated': 4611853312, 'max_memory_reserved': 32300335104}
[WSI] epoch=4 iteration=529 slide=normal_044 N=4 {'train_loss_cls': 0.70703125, 'train_loss_sr': 0.12572556734085083, 'train_loss_total': 0.7196037769317627, 'max_memory_allocated': 3132312576, 'max_memory_reserved': 32300335104}
[gradient] slide_id=normal_070 N=16 {'rdn': 0.8878484964370728, 'region_encoder': 0.0, 'abmil': 0.08593742549419403, 'classifier': 4.174718856811523, 'p2w': 0.2737687826156616}
[WSI] epoch=4 iteration=530 slide=normal_070 N=16 {'train_loss_cls': 0.79296875, 'train_loss_sr': 0.15392372012138367, 'train_loss_total': 0.8083611130714417, 'max_memory_allocated': 12001873920, 'max_memory_reserved': 32300335104}
[WSI] epoch=4 iteration=531 slide=normal_048 N=3 {'train_loss_cls': 0.7890625, 'train_loss_sr': 0.11205165088176727, 'train_loss_total': 0.8002676367759705, 'max_memory_allocated': 2394246144, 'max_memory_reserved': 32300335104}
[WSI] epoch=4 iteration=532 slide=normal_096 N=7 {'train_loss_cls': 0.6484375, 'train_loss_sr': 0.11020056158304214, 'train_loss_total': 0.6594575643539429, 'max_memory_allocated': 5349571584, 'max_memory_reserved': 32300335104}
[WSI] epoch=4 iteration=533 slide=normal_007 N=3 {'train_loss_cls': 0.78125, 'train_loss_sr': 0.11610320210456848, 'train_loss_total': 0.7928603291511536, 'max_memory_allocated': 2395814912, 'max_memory_reserved': 32300335104}
[WSI] epoch=4 iteration=534 slide=tumor_083 N=14 {'train_loss_cls': 0.69921875, 'train_loss_sr': 0.06447041779756546, 'train_loss_total': 0.7056657671928406, 'max_memory_allocated': 10522850304, 'max_memory_reserved': 32300335104}
[WSI] epoch=4 iteration=535 slide=tumor_039 N=4 {'train_loss_cls': 0.6875, 'train_loss_sr': 0.0712243989109993, 'train_loss_total': 0.6946224570274353, 'max_memory_allocated': 3133200896, 'max_memory_reserved': 32300335104}
[WSI] epoch=4 iteration=536 slide=tumor_009 N=12 {'train_loss_cls': 0.73828125, 'train_loss_sr': 0.11497655510902405, 'train_loss_total': 0.7497789263725281, 'max_memory_allocated': 9045076480, 'max_memory_reserved': 32300335104}
[WSI] epoch=4 iteration=537 slide=normal_023 N=2 {'train_loss_cls': 0.546875, 'train_loss_sr': 0.059760041534900665, 'train_loss_total': 0.5528510212898254, 'max_memory_allocated': 1707772416, 'max_memory_reserved': 32300335104}
[WSI] epoch=4 iteration=538 slide=normal_080 N=15 {'train_loss_cls': 0.640625, 'train_loss_sr': 0.10914826393127441, 'train_loss_total': 0.6515398025512695, 'max_memory_allocated': 11262315520, 'max_memory_reserved': 32300335104}
[WSI] epoch=4 iteration=539 slide=normal_135 N=13 {'train_loss_cls': 0.63671875, 'train_loss_sr': 0.09573093801736832, 'train_loss_total': 0.6462918519973755, 'max_memory_allocated': 9783257600, 'max_memory_reserved': 32300335104}
[gradient] slide_id=tumor_060 N=6 {'rdn': 0.931566596031189, 'region_encoder': 0.0, 'abmil': 0.029358549043536186, 'classifier': 2.9227535724639893, 'p2w': 0.5425280928611755}
[WSI] epoch=4 iteration=540 slide=tumor_060 N=6 {'train_loss_cls': 0.765625, 'train_loss_sr': 0.07647154480218887, 'train_loss_total': 0.7732721567153931, 'max_memory_allocated': 4612389888, 'max_memory_reserved': 32300335104}
[WSI] epoch=4 iteration=541 slide=tumor_057 N=4 {'train_loss_cls': 0.77734375, 'train_loss_sr': 0.10515103489160538, 'train_loss_total': 0.7878588438034058, 'max_memory_allocated': 3132188672, 'max_memory_reserved': 32300335104}
[WSI] epoch=4 iteration=542 slide=normal_111 N=31 {'train_loss_cls': 0.6015625, 'train_loss_sr': 0.08321228623390198, 'train_loss_total': 0.609883725643158, 'max_memory_allocated': 23085606912, 'max_memory_reserved': 32300335104}
[WSI] epoch=4 iteration=543 slide=tumor_107 N=6 {'train_loss_cls': 0.6953125, 'train_loss_sr': 0.06705669313669205, 'train_loss_total': 0.702018141746521, 'max_memory_allocated': 4611922432, 'max_memory_reserved': 32300335104}
[WSI] epoch=4 iteration=544 slide=normal_066 N=26 {'train_loss_cls': 0.62890625, 'train_loss_sr': 0.13125045597553253, 'train_loss_total': 0.6420313119888306, 'max_memory_allocated': 19390511616, 'max_memory_reserved': 32300335104}
[WSI] epoch=4 iteration=545 slide=normal_026 N=5 {'train_loss_cls': 0.59765625, 'train_loss_sr': 0.18955713510513306, 'train_loss_total': 0.6166119575500488, 'max_memory_allocated': 3872393728, 'max_memory_reserved': 32300335104}
[WSI] epoch=4 iteration=546 slide=normal_076 N=24 {'train_loss_cls': 0.6328125, 'train_loss_sr': 0.1306961178779602, 'train_loss_total': 0.6458821296691895, 'max_memory_allocated': 17912745472, 'max_memory_reserved': 32300335104}
[WSI] epoch=4 iteration=547 slide=tumor_012 N=7 {'train_loss_cls': 0.7890625, 'train_loss_sr': 0.16447129845619202, 'train_loss_total': 0.805509626865387, 'max_memory_allocated': 5349718528, 'max_memory_reserved': 32300335104}
[WSI] epoch=4 iteration=548 slide=tumor_087 N=10 {'train_loss_cls': 0.8046875, 'train_loss_sr': 0.09849736839532852, 'train_loss_total': 0.8145372271537781, 'max_memory_allocated': 7566572032, 'max_memory_reserved': 32300335104}
[WSI] epoch=4 iteration=549 slide=normal_067 N=12 {'train_loss_cls': 0.58984375, 'train_loss_sr': 0.10696335136890411, 'train_loss_total': 0.6005401015281677, 'max_memory_allocated': 9044887040, 'max_memory_reserved': 32300335104}
[gradient] slide_id=normal_126 N=17 {'rdn': 0.6778308153152466, 'region_encoder': 0.0, 'abmil': 0.01268958579748869, 'classifier': 2.029538869857788, 'p2w': 0.3087392747402191}
[WSI] epoch=4 iteration=550 slide=normal_126 N=17 {'train_loss_cls': 0.62109375, 'train_loss_sr': 0.10287924110889435, 'train_loss_total': 0.6313816905021667, 'max_memory_allocated': 12739871232, 'max_memory_reserved': 32300335104}
[WSI] epoch=4 iteration=551 slide=tumor_105 N=6 {'train_loss_cls': 0.765625, 'train_loss_sr': 0.087122343480587, 'train_loss_total': 0.7743372321128845, 'max_memory_allocated': 4612660224, 'max_memory_reserved': 32300335104}
[WSI] epoch=4 iteration=552 slide=tumor_027 N=13 {'train_loss_cls': 0.8203125, 'train_loss_sr': 0.1295882612466812, 'train_loss_total': 0.833271324634552, 'max_memory_allocated': 9783368192, 'max_memory_reserved': 32300335104}
[WSI] epoch=4 iteration=553 slide=normal_014 N=2 {'train_loss_cls': 0.5390625, 'train_loss_sr': 0.20346884429454803, 'train_loss_total': 0.5594093799591064, 'max_memory_allocated': 1707833856, 'max_memory_reserved': 32300335104}
[WSI] epoch=4 iteration=554 slide=tumor_035 N=4 {'train_loss_cls': 0.703125, 'train_loss_sr': 0.13371850550174713, 'train_loss_total': 0.7164968252182007, 'max_memory_allocated': 3132692480, 'max_memory_reserved': 32300335104}
[WSI] epoch=4 iteration=555 slide=normal_113 N=19 {'train_loss_cls': 0.58984375, 'train_loss_sr': 0.06171507388353348, 'train_loss_total': 0.5960152745246887, 'max_memory_allocated': 14217095680, 'max_memory_reserved': 32300335104}
[WSI] epoch=4 iteration=556 slide=normal_152 N=5 {'train_loss_cls': 0.625, 'train_loss_sr': 0.10127432644367218, 'train_loss_total': 0.6351274251937866, 'max_memory_allocated': 3873004032, 'max_memory_reserved': 32300335104}
[WSI] epoch=4 iteration=557 slide=tumor_106 N=22 {'train_loss_cls': 0.765625, 'train_loss_sr': 0.09244036674499512, 'train_loss_total': 0.7748690247535706, 'max_memory_allocated': 16433895936, 'max_memory_reserved': 32300335104}
[WSI] epoch=4 iteration=558 slide=tumor_103 N=18 {'train_loss_cls': 0.72265625, 'train_loss_sr': 0.08401457220315933, 'train_loss_total': 0.7310577034950256, 'max_memory_allocated': 13478222336, 'max_memory_reserved': 32300335104}
[WSI] epoch=4 iteration=559 slide=tumor_082 N=3 {'train_loss_cls': 0.75390625, 'train_loss_sr': 0.09451980143785477, 'train_loss_total': 0.7633582353591919, 'max_memory_allocated': 2394799104, 'max_memory_reserved': 32300335104}
[gradient] slide_id=normal_049 N=2 {'rdn': 0.7811119556427002, 'region_encoder': 0.0, 'abmil': 0.0021058155689388514, 'classifier': 2.5397462844848633, 'p2w': 0.3319578170776367}
[WSI] epoch=4 iteration=560 slide=normal_049 N=2 {'train_loss_cls': 0.58203125, 'train_loss_sr': 0.14280176162719727, 'train_loss_total': 0.5963114500045776, 'max_memory_allocated': 1707575808, 'max_memory_reserved': 32300335104}
[WSI] epoch=4 iteration=561 slide=normal_105 N=12 {'train_loss_cls': 0.63671875, 'train_loss_sr': 0.13701608777046204, 'train_loss_total': 0.6504203677177429, 'max_memory_allocated': 9044756992, 'max_memory_reserved': 32300335104}
[WSI] epoch=4 iteration=562 slide=tumor_093 N=14 {'train_loss_cls': 0.75390625, 'train_loss_sr': 0.08252128213644028, 'train_loss_total': 0.7621583938598633, 'max_memory_allocated': 10522819072, 'max_memory_reserved': 32300335104}
[WSI] epoch=4 iteration=563 slide=normal_022 N=6 {'train_loss_cls': 0.56640625, 'train_loss_sr': 0.06261273473501205, 'train_loss_total': 0.5726675391197205, 'max_memory_allocated': 4612758528, 'max_memory_reserved': 32300335104}
[WSI] epoch=4 iteration=564 slide=normal_128 N=11 {'train_loss_cls': 0.59375, 'train_loss_sr': 0.0657988041639328, 'train_loss_total': 0.6003298759460449, 'max_memory_allocated': 8305400320, 'max_memory_reserved': 32300335104}
[WSI] epoch=4 iteration=565 slide=tumor_068 N=15 {'train_loss_cls': 0.78125, 'train_loss_sr': 0.10710357129573822, 'train_loss_total': 0.7919603586196899, 'max_memory_allocated': 11262319104, 'max_memory_reserved': 32300335104}
[WSI] epoch=4 iteration=566 slide=normal_088 N=14 {'train_loss_cls': 0.60546875, 'train_loss_sr': 0.10571082681417465, 'train_loss_total': 0.6160398125648499, 'max_memory_allocated': 10522376704, 'max_memory_reserved': 32300335104}
[WSI] epoch=4 iteration=567 slide=tumor_072 N=20 {'train_loss_cls': 0.73046875, 'train_loss_sr': 0.09639772772789001, 'train_loss_total': 0.7401085495948792, 'max_memory_allocated': 14956718592, 'max_memory_reserved': 32300335104}
[WSI] epoch=4 iteration=568 slide=normal_028 N=5 {'train_loss_cls': 0.55859375, 'train_loss_sr': 0.10302527993917465, 'train_loss_total': 0.5688962936401367, 'max_memory_allocated': 3872348672, 'max_memory_reserved': 32300335104}
[WSI] epoch=4 iteration=569 slide=tumor_019 N=2 {'train_loss_cls': 0.6796875, 'train_loss_sr': 0.11607072502374649, 'train_loss_total': 0.6912945508956909, 'max_memory_allocated': 1707031040, 'max_memory_reserved': 32300335104}
[gradient] slide_id=tumor_050 N=10 {'rdn': 1.052574872970581, 'region_encoder': 0.0, 'abmil': 0.0740191638469696, 'classifier': 2.596367835998535, 'p2w': 0.5339527726173401}
[WSI] epoch=4 iteration=570 slide=tumor_050 N=10 {'train_loss_cls': 0.81640625, 'train_loss_sr': 0.09090282022953033, 'train_loss_total': 0.8254965543746948, 'max_memory_allocated': 7567040000, 'max_memory_reserved': 32300335104}
[WSI] epoch=4 iteration=571 slide=tumor_017 N=9 {'train_loss_cls': 0.81640625, 'train_loss_sr': 0.12638533115386963, 'train_loss_total': 0.829044759273529, 'max_memory_allocated': 6827256320, 'max_memory_reserved': 32300335104}
[WSI] epoch=4 iteration=572 slide=normal_100 N=8 {'train_loss_cls': 0.6015625, 'train_loss_sr': 0.10582338273525238, 'train_loss_total': 0.6121448278427124, 'max_memory_allocated': 6089157120, 'max_memory_reserved': 32300335104}
[WSI] epoch=4 iteration=573 slide=normal_151 N=16 {'train_loss_cls': 0.61328125, 'train_loss_sr': 0.09902456402778625, 'train_loss_total': 0.6231837272644043, 'max_memory_allocated': 12000909824, 'max_memory_reserved': 32300335104}
[WSI] epoch=4 iteration=574 slide=normal_109 N=10 {'train_loss_cls': 0.64453125, 'train_loss_sr': 0.07796931266784668, 'train_loss_total': 0.6523281931877136, 'max_memory_allocated': 7568182272, 'max_memory_reserved': 32300335104}
[WSI] epoch=4 iteration=575 slide=normal_095 N=14 {'train_loss_cls': 0.58984375, 'train_loss_sr': 0.12210661172866821, 'train_loss_total': 0.6020544171333313, 'max_memory_allocated': 10522024448, 'max_memory_reserved': 32300335104}
[WSI] epoch=4 iteration=576 slide=normal_051 N=3 {'train_loss_cls': 0.53125, 'train_loss_sr': 0.13690154254436493, 'train_loss_total': 0.544940173625946, 'max_memory_allocated': 2394513920, 'max_memory_reserved': 32300335104}
[WSI] epoch=4 iteration=577 slide=normal_029 N=1 {'train_loss_cls': 0.46875, 'train_loss_sr': 0.1276329606771469, 'train_loss_total': 0.48151329159736633, 'max_memory_allocated': 917043712, 'max_memory_reserved': 32300335104}
[WSI] epoch=4 iteration=578 slide=normal_054 N=1 {'train_loss_cls': 0.546875, 'train_loss_sr': 0.14509308338165283, 'train_loss_total': 0.5613843202590942, 'max_memory_allocated': 916147200, 'max_memory_reserved': 32300335104}
[WSI] epoch=4 iteration=579 slide=normal_129 N=19 {'train_loss_cls': 0.61328125, 'train_loss_sr': 0.10154694318771362, 'train_loss_total': 0.6234359741210938, 'max_memory_allocated': 14217206272, 'max_memory_reserved': 32300335104}
[gradient] slide_id=normal_006 N=1 {'rdn': 0.9917313456535339, 'region_encoder': 0.0, 'abmil': 0.0, 'classifier': 2.3747963905334473, 'p2w': 0.5409683585166931}
[WSI] epoch=4 iteration=580 slide=normal_006 N=1 {'train_loss_cls': 0.51171875, 'train_loss_sr': 0.04861566424369812, 'train_loss_total': 0.51658034324646, 'max_memory_allocated': 918156288, 'max_memory_reserved': 32300335104}
[WSI] epoch=4 iteration=581 slide=tumor_042 N=4 {'train_loss_cls': 0.80859375, 'train_loss_sr': 0.11476608365774155, 'train_loss_total': 0.8200703859329224, 'max_memory_allocated': 3132647936, 'max_memory_reserved': 32300335104}
[WSI] epoch=4 iteration=582 slide=tumor_005 N=4 {'train_loss_cls': 0.96875, 'train_loss_sr': 0.11585593223571777, 'train_loss_total': 0.9803355932235718, 'max_memory_allocated': 3133000192, 'max_memory_reserved': 32300335104}
[WSI] epoch=4 iteration=583 slide=tumor_078 N=15 {'train_loss_cls': 0.7734375, 'train_loss_sr': 0.09950544685125351, 'train_loss_total': 0.7833880186080933, 'max_memory_allocated': 11263203840, 'max_memory_reserved': 32300335104}
[WSI] epoch=4 iteration=584 slide=normal_136 N=15 {'train_loss_cls': 0.59375, 'train_loss_sr': 0.10651257634162903, 'train_loss_total': 0.6044012308120728, 'max_memory_allocated': 11262519808, 'max_memory_reserved': 32300335104}
[WSI] epoch=4 iteration=585 slide=normal_157 N=16 {'train_loss_cls': 0.55859375, 'train_loss_sr': 0.11539269238710403, 'train_loss_total': 0.5701330304145813, 'max_memory_allocated': 12001438208, 'max_memory_reserved': 32300335104}
[WSI] epoch=4 iteration=586 slide=normal_084 N=1 {'train_loss_cls': 0.412109375, 'train_loss_sr': 0.04998327046632767, 'train_loss_total': 0.4171077013015747, 'max_memory_allocated': 916635648, 'max_memory_reserved': 32300335104}
[WSI] epoch=4 iteration=587 slide=normal_074 N=14 {'train_loss_cls': 0.515625, 'train_loss_sr': 0.14457231760025024, 'train_loss_total': 0.5300822257995605, 'max_memory_allocated': 10522065408, 'max_memory_reserved': 32300335104}
[WSI] epoch=4 iteration=588 slide=tumor_001 N=7 {'train_loss_cls': 0.90625, 'train_loss_sr': 0.16421525180339813, 'train_loss_total': 0.9226714968681335, 'max_memory_allocated': 5349992960, 'max_memory_reserved': 32300335104}
[WSI] epoch=4 iteration=589 slide=tumor_020 N=7 {'train_loss_cls': 0.81640625, 'train_loss_sr': 0.143985778093338, 'train_loss_total': 0.8308048248291016, 'max_memory_allocated': 5350631424, 'max_memory_reserved': 32300335104}
[gradient] slide_id=tumor_077 N=14 {'rdn': 1.278157114982605, 'region_encoder': 0.0, 'abmil': 0.031728435307741165, 'classifier': 2.9611783027648926, 'p2w': 0.5970098376274109}
[WSI] epoch=4 iteration=590 slide=tumor_077 N=14 {'train_loss_cls': 0.88671875, 'train_loss_sr': 0.10699492692947388, 'train_loss_total': 0.8974182605743408, 'max_memory_allocated': 10523060736, 'max_memory_reserved': 32300335104}
[WSI] epoch=4 iteration=591 slide=tumor_084 N=9 {'train_loss_cls': 0.83203125, 'train_loss_sr': 0.1107492446899414, 'train_loss_total': 0.8431061506271362, 'max_memory_allocated': 6827678208, 'max_memory_reserved': 32300335104}
[WSI] epoch=4 iteration=592 slide=normal_081 N=6 {'train_loss_cls': 0.55078125, 'train_loss_sr': 0.1730441302061081, 'train_loss_total': 0.5680856704711914, 'max_memory_allocated': 4612779008, 'max_memory_reserved': 32300335104}
[WSI] epoch=4 iteration=593 slide=normal_116 N=8 {'train_loss_cls': 0.55078125, 'train_loss_sr': 0.1480569690465927, 'train_loss_total': 0.5655869245529175, 'max_memory_allocated': 6088141312, 'max_memory_reserved': 32300335104}
[WSI] epoch=4 iteration=594 slide=tumor_089 N=26 {'train_loss_cls': 0.7734375, 'train_loss_sr': 0.12382107228040695, 'train_loss_total': 0.7858195900917053, 'max_memory_allocated': 19390179840, 'max_memory_reserved': 32300335104}
[WSI] epoch=4 iteration=595 slide=normal_148 N=5 {'train_loss_cls': 0.66015625, 'train_loss_sr': 0.10507038235664368, 'train_loss_total': 0.6706632971763611, 'max_memory_allocated': 3872328192, 'max_memory_reserved': 32300335104}
[WSI] epoch=4 iteration=596 slide=normal_012 N=3 {'train_loss_cls': 0.61328125, 'train_loss_sr': 0.18894457817077637, 'train_loss_total': 0.6321756839752197, 'max_memory_allocated': 2394246144, 'max_memory_reserved': 32300335104}
[WSI] epoch=4 iteration=597 slide=tumor_074 N=5 {'train_loss_cls': 0.78515625, 'train_loss_sr': 0.15612313151359558, 'train_loss_total': 0.8007685542106628, 'max_memory_allocated': 3873057280, 'max_memory_reserved': 32300335104}
[WSI] epoch=4 iteration=598 slide=normal_039 N=9 {'train_loss_cls': 0.57421875, 'train_loss_sr': 0.12085476517677307, 'train_loss_total': 0.586304247379303, 'max_memory_allocated': 6827104768, 'max_memory_reserved': 32300335104}
[WSI] epoch=4 iteration=599 slide=tumor_094 N=16 {'train_loss_cls': 0.828125, 'train_loss_sr': 0.08497044444084167, 'train_loss_total': 0.8366220593452454, 'max_memory_allocated': 12002785792, 'max_memory_reserved': 32300335104}
[gradient] slide_id=normal_068 N=6 {'rdn': 0.7026304602622986, 'region_encoder': 0.0, 'abmil': 0.03783688694238663, 'classifier': 2.362240791320801, 'p2w': 0.1697845160961151}
[WSI] epoch=4 iteration=600 slide=normal_068 N=6 {'train_loss_cls': 0.55859375, 'train_loss_sr': 0.18013235926628113, 'train_loss_total': 0.5766069889068604, 'max_memory_allocated': 4611873792, 'max_memory_reserved': 32300335104}
[WSI] epoch=4 iteration=601 slide=normal_145 N=20 {'train_loss_cls': 0.6171875, 'train_loss_sr': 0.14177101850509644, 'train_loss_total': 0.6313645839691162, 'max_memory_allocated': 14956379648, 'max_memory_reserved': 32300335104}
[WSI] epoch=4 iteration=602 slide=tumor_045 N=10 {'train_loss_cls': 0.85546875, 'train_loss_sr': 0.14661109447479248, 'train_loss_total': 0.8701298832893372, 'max_memory_allocated': 7566572032, 'max_memory_reserved': 32300335104}
[WSI] epoch=4 iteration=603 slide=normal_037 N=8 {'train_loss_cls': 0.59375, 'train_loss_sr': 0.11249792575836182, 'train_loss_total': 0.6049997806549072, 'max_memory_allocated': 6088583680, 'max_memory_reserved': 32300335104}
[WSI] epoch=4 iteration=604 slide=tumor_108 N=22 {'train_loss_cls': 0.8046875, 'train_loss_sr': 0.10543859004974365, 'train_loss_total': 0.8152313828468323, 'max_memory_allocated': 16434186752, 'max_memory_reserved': 32300335104}
[WSI] epoch=4 iteration=605 slide=normal_002 N=2 {'train_loss_cls': 0.50390625, 'train_loss_sr': 0.15927451848983765, 'train_loss_total': 0.5198336839675903, 'max_memory_allocated': 1707847168, 'max_memory_reserved': 32300335104}
[WSI] epoch=4 iteration=606 slide=normal_036 N=7 {'train_loss_cls': 0.5625, 'train_loss_sr': 0.17555028200149536, 'train_loss_total': 0.5800549983978271, 'max_memory_allocated': 5349723136, 'max_memory_reserved': 32300335104}
[WSI] epoch=4 iteration=607 slide=normal_093 N=8 {'train_loss_cls': 0.5078125, 'train_loss_sr': 0.16160805523395538, 'train_loss_total': 0.523973286151886, 'max_memory_allocated': 6088473088, 'max_memory_reserved': 32300335104}
[WSI] epoch=4 iteration=608 slide=normal_097 N=17 {'train_loss_cls': 0.515625, 'train_loss_sr': 0.13870678842067719, 'train_loss_total': 0.5294956564903259, 'max_memory_allocated': 12739480064, 'max_memory_reserved': 32300335104}
[WSI] epoch=4 iteration=609 slide=tumor_080 N=6 {'train_loss_cls': 0.83984375, 'train_loss_sr': 0.08635970950126648, 'train_loss_total': 0.8484797477722168, 'max_memory_allocated': 4612205568, 'max_memory_reserved': 32300335104}
[gradient] slide_id=tumor_086 N=23 {'rdn': 1.1312994956970215, 'region_encoder': 0.0, 'abmil': 0.05213243141770363, 'classifier': 2.905872106552124, 'p2w': 0.38539817929267883}
[WSI] epoch=4 iteration=610 slide=tumor_086 N=23 {'train_loss_cls': 0.80859375, 'train_loss_sr': 0.10059439390897751, 'train_loss_total': 0.8186531662940979, 'max_memory_allocated': 17173658112, 'max_memory_reserved': 32300335104}
[WSI] epoch=4 iteration=611 slide=normal_121 N=13 {'train_loss_cls': 0.55859375, 'train_loss_sr': 0.07858315110206604, 'train_loss_total': 0.5664520859718323, 'max_memory_allocated': 9783679488, 'max_memory_reserved': 32300335104}
[WSI] epoch=4 iteration=612 slide=normal_142 N=20 {'train_loss_cls': 0.51171875, 'train_loss_sr': 0.11809162050485611, 'train_loss_total': 0.5235279202461243, 'max_memory_allocated': 14956517888, 'max_memory_reserved': 32300335104}
[WSI] epoch=4 iteration=613 slide=normal_124 N=19 {'train_loss_cls': 0.5078125, 'train_loss_sr': 0.10462436825037003, 'train_loss_total': 0.5182749629020691, 'max_memory_allocated': 14217296384, 'max_memory_reserved': 32300335104}
[WSI] epoch=4 iteration=614 slide=normal_108 N=2 {'train_loss_cls': 0.46875, 'train_loss_sr': 0.12157835811376572, 'train_loss_total': 0.4809078276157379, 'max_memory_allocated': 1707280896, 'max_memory_reserved': 32300335104}
[WSI] epoch=4 iteration=615 slide=tumor_088 N=12 {'train_loss_cls': 0.9453125, 'train_loss_sr': 0.1363612413406372, 'train_loss_total': 0.9589486122131348, 'max_memory_allocated': 9044535808, 'max_memory_reserved': 32300335104}
[WSI] epoch=4 iteration=616 slide=normal_139 N=12 {'train_loss_cls': 0.5, 'train_loss_sr': 0.10107634216547012, 'train_loss_total': 0.5101076364517212, 'max_memory_allocated': 9044646400, 'max_memory_reserved': 32300335104}
[WSI] epoch=4 iteration=617 slide=normal_064 N=9 {'train_loss_cls': 0.390625, 'train_loss_sr': 0.10185743868350983, 'train_loss_total': 0.40081074833869934, 'max_memory_allocated': 6827104768, 'max_memory_reserved': 32300335104}
[WSI] epoch=4 iteration=618 slide=normal_087 N=11 {'train_loss_cls': 0.455078125, 'train_loss_sr': 0.14947648346424103, 'train_loss_total': 0.47002577781677246, 'max_memory_allocated': 8305843712, 'max_memory_reserved': 32300335104}
[WSI] epoch=4 iteration=619 slide=tumor_016 N=5 {'train_loss_cls': 1.140625, 'train_loss_sr': 0.1530076414346695, 'train_loss_total': 1.1559257507324219, 'max_memory_allocated': 3872721408, 'max_memory_reserved': 32300335104}
[gradient] slide_id=normal_083 N=3 {'rdn': 0.9998093247413635, 'region_encoder': 0.0, 'abmil': 0.012148234993219376, 'classifier': 2.819226026535034, 'p2w': 0.03989364206790924}
[WSI] epoch=4 iteration=620 slide=normal_083 N=3 {'train_loss_cls': 0.326171875, 'train_loss_sr': 0.16868194937705994, 'train_loss_total': 0.3430400788784027, 'max_memory_allocated': 2394246144, 'max_memory_reserved': 32300335104}
[WSI] epoch=4 iteration=621 slide=tumor_004 N=15 {'train_loss_cls': 1.1015625, 'train_loss_sr': 0.17524883151054382, 'train_loss_total': 1.1190873384475708, 'max_memory_allocated': 11262319104, 'max_memory_reserved': 32300335104}
[WSI] epoch=4 iteration=622 slide=normal_063 N=7 {'train_loss_cls': 0.412109375, 'train_loss_sr': 0.1809871941804886, 'train_loss_total': 0.43020808696746826, 'max_memory_allocated': 5349771776, 'max_memory_reserved': 32300335104}
[WSI] epoch=4 iteration=623 slide=normal_052 N=15 {'train_loss_cls': 0.3984375, 'train_loss_sr': 0.12775246798992157, 'train_loss_total': 0.4112127423286438, 'max_memory_allocated': 11262409216, 'max_memory_reserved': 32300335104}
[WSI] epoch=4 iteration=624 slide=tumor_034 N=6 {'train_loss_cls': 1.0859375, 'train_loss_sr': 0.16842207312583923, 'train_loss_total': 1.102779746055603, 'max_memory_allocated': 4612758528, 'max_memory_reserved': 32300335104}
[WSI] epoch=4 iteration=625 slide=tumor_044 N=12 {'train_loss_cls': 1.0390625, 'train_loss_sr': 0.14760494232177734, 'train_loss_total': 1.0538229942321777, 'max_memory_allocated': 9045531136, 'max_memory_reserved': 32300335104}
[WSI] epoch=4 iteration=626 slide=tumor_054 N=17 {'train_loss_cls': 1.1015625, 'train_loss_sr': 0.14705410599708557, 'train_loss_total': 1.1162679195404053, 'max_memory_allocated': 12739811840, 'max_memory_reserved': 32300335104}
[WSI] epoch=4 iteration=627 slide=tumor_061 N=13 {'train_loss_cls': 0.73046875, 'train_loss_sr': 0.15526625514030457, 'train_loss_total': 0.7459954023361206, 'max_memory_allocated': 9783237120, 'max_memory_reserved': 32300335104}
[WSI] epoch=4 iteration=628 slide=tumor_109 N=10 {'train_loss_cls': 0.92578125, 'train_loss_sr': 0.10470119118690491, 'train_loss_total': 0.9362513422966003, 'max_memory_allocated': 7567067648, 'max_memory_reserved': 32300335104}
[WSI] epoch=4 iteration=629 slide=normal_153 N=12 {'train_loss_cls': 0.54296875, 'train_loss_sr': 0.1029520332813263, 'train_loss_total': 0.5532639622688293, 'max_memory_allocated': 9044556288, 'max_memory_reserved': 32300335104}
[gradient] slide_id=normal_131 N=18 {'rdn': 1.0720129013061523, 'region_encoder': 0.0, 'abmil': 0.040132395923137665, 'classifier': 2.583071708679199, 'p2w': 0.4955121874809265}
[WSI] epoch=4 iteration=630 slide=normal_131 N=18 {'train_loss_cls': 0.51953125, 'train_loss_sr': 0.09734512865543365, 'train_loss_total': 0.5292657613754272, 'max_memory_allocated': 13478939136, 'max_memory_reserved': 32300335104}
[WSI] epoch=4 iteration=631 slide=tumor_021 N=16 {'train_loss_cls': 0.8125, 'train_loss_sr': 0.1489870250225067, 'train_loss_total': 0.8273987174034119, 'max_memory_allocated': 12002414080, 'max_memory_reserved': 32300335104}
[WSI] epoch=4 iteration=632 slide=tumor_073 N=19 {'train_loss_cls': 0.80859375, 'train_loss_sr': 0.09578175097703934, 'train_loss_total': 0.8181719183921814, 'max_memory_allocated': 14217289216, 'max_memory_reserved': 32300335104}
[WSI] epoch=4 iteration=633 slide=normal_038 N=1 {'train_loss_cls': 0.5703125, 'train_loss_sr': 0.057522617280483246, 'train_loss_total': 0.5760647654533386, 'max_memory_allocated': 916261888, 'max_memory_reserved': 32300335104}
[WSI] epoch=4 iteration=634 slide=tumor_024 N=16 {'train_loss_cls': 0.8046875, 'train_loss_sr': 0.1642780303955078, 'train_loss_total': 0.8211153149604797, 'max_memory_allocated': 12000778752, 'max_memory_reserved': 32300335104}
[WSI] epoch=4 iteration=635 slide=tumor_007 N=12 {'train_loss_cls': 0.7578125, 'train_loss_sr': 0.20011302828788757, 'train_loss_total': 0.777823805809021, 'max_memory_allocated': 9045088768, 'max_memory_reserved': 32300335104}
[WSI] epoch=4 iteration=636 slide=tumor_095 N=29 {'train_loss_cls': 0.73046875, 'train_loss_sr': 0.1865331530570984, 'train_loss_total': 0.7491220831871033, 'max_memory_allocated': 21607467520, 'max_memory_reserved': 32300335104}
[WSI] epoch=4 iteration=637 slide=normal_133 N=10 {'train_loss_cls': 0.59375, 'train_loss_sr': 0.17444300651550293, 'train_loss_total': 0.6111943125724792, 'max_memory_allocated': 7567235584, 'max_memory_reserved': 32300335104}
[WSI] epoch=4 iteration=638 slide=normal_120 N=10 {'train_loss_cls': 0.58203125, 'train_loss_sr': 0.13541004061698914, 'train_loss_total': 0.5955722332000732, 'max_memory_allocated': 7566765568, 'max_memory_reserved': 32300335104}
[WSI] epoch=4 iteration=639 slide=tumor_046 N=19 {'train_loss_cls': 0.8203125, 'train_loss_sr': 0.14694368839263916, 'train_loss_total': 0.8350068926811218, 'max_memory_allocated': 14218054144, 'max_memory_reserved': 32300335104}
[gradient] slide_id=normal_008 N=1 {'rdn': 1.416136384010315, 'region_encoder': 0.0, 'abmil': 0.0, 'classifier': 3.5556464195251465, 'p2w': 0.9602092504501343}
[WSI] epoch=4 iteration=640 slide=normal_008 N=1 {'train_loss_cls': 0.423828125, 'train_loss_sr': 0.09949677437543869, 'train_loss_total': 0.4337778091430664, 'max_memory_allocated': 916147200, 'max_memory_reserved': 32300335104}
[WSI] epoch=4 iteration=641 slide=normal_154 N=20 {'train_loss_cls': 0.7578125, 'train_loss_sr': 0.18224763870239258, 'train_loss_total': 0.7760372757911682, 'max_memory_allocated': 14956407296, 'max_memory_reserved': 32300335104}
[WSI] epoch=4 iteration=642 slide=normal_011 N=14 {'train_loss_cls': 0.64453125, 'train_loss_sr': 0.2144482135772705, 'train_loss_total': 0.6659760475158691, 'max_memory_allocated': 10522266112, 'max_memory_reserved': 32300335104}
[WSI] epoch=4 iteration=643 slide=tumor_015 N=27 {'train_loss_cls': 0.66015625, 'train_loss_sr': 0.199040487408638, 'train_loss_total': 0.6800603270530701, 'max_memory_allocated': 20129499648, 'max_memory_reserved': 32300335104}
[WSI] epoch=4 iteration=644 slide=tumor_041 N=5 {'train_loss_cls': 0.65625, 'train_loss_sr': 0.20278434455394745, 'train_loss_total': 0.6765284538269043, 'max_memory_allocated': 3872569856, 'max_memory_reserved': 32300335104}
[WSI] epoch=4 iteration=645 slide=normal_031 N=6 {'train_loss_cls': 0.671875, 'train_loss_sr': 0.22787345945835114, 'train_loss_total': 0.69466233253479, 'max_memory_allocated': 4612226048, 'max_memory_reserved': 32300335104}
[WSI] epoch=4 iteration=646 slide=tumor_049 N=3 {'train_loss_cls': 0.578125, 'train_loss_sr': 0.17499791085720062, 'train_loss_total': 0.5956248044967651, 'max_memory_allocated': 2394135552, 'max_memory_reserved': 32300335104}
[WSI] epoch=4 iteration=647 slide=normal_078 N=6 {'train_loss_cls': 0.59375, 'train_loss_sr': 0.19034895300865173, 'train_loss_total': 0.6127849221229553, 'max_memory_allocated': 4612537344, 'max_memory_reserved': 32300335104}
[WSI] epoch=4 iteration=648 slide=normal_102 N=11 {'train_loss_cls': 0.6171875, 'train_loss_sr': 0.07417257130146027, 'train_loss_total': 0.6246047616004944, 'max_memory_allocated': 8305400320, 'max_memory_reserved': 32300335104}
[WSI] epoch=4 iteration=649 slide=normal_085 N=5 {'train_loss_cls': 0.65234375, 'train_loss_sr': 0.16415327787399292, 'train_loss_total': 0.6687591075897217, 'max_memory_allocated': 3872852480, 'max_memory_reserved': 32300335104}
[gradient] slide_id=tumor_038 N=2 {'rdn': 1.418539047241211, 'region_encoder': 0.0, 'abmil': 0.09187716990709305, 'classifier': 4.914008140563965, 'p2w': 0.7271126508712769}
[WSI] epoch=4 iteration=650 slide=tumor_038 N=2 {'train_loss_cls': 0.6875, 'train_loss_sr': 0.1976582258939743, 'train_loss_total': 0.7072657942771912, 'max_memory_allocated': 1707584000, 'max_memory_reserved': 32300335104}
[WSI] epoch=4 iteration=651 slide=tumor_066 N=7 {'train_loss_cls': 0.73046875, 'train_loss_sr': 0.18534758687019348, 'train_loss_total': 0.749003529548645, 'max_memory_allocated': 5349661184, 'max_memory_reserved': 32300335104}
[WSI] epoch=4 iteration=652 slide=tumor_058 N=5 {'train_loss_cls': 0.7734375, 'train_loss_sr': 0.18424105644226074, 'train_loss_total': 0.7918615937232971, 'max_memory_allocated': 3873298944, 'max_memory_reserved': 32300335104}
[WSI] epoch=4 iteration=653 slide=normal_141 N=7 {'train_loss_cls': 0.53125, 'train_loss_sr': 0.1189761757850647, 'train_loss_total': 0.543147623538971, 'max_memory_allocated': 5350214144, 'max_memory_reserved': 32300335104}
[WSI] epoch=4 iteration=654 slide=tumor_081 N=6 {'train_loss_cls': 0.76953125, 'train_loss_sr': 0.11168451607227325, 'train_loss_total': 0.7806997299194336, 'max_memory_allocated': 4612060160, 'max_memory_reserved': 32300335104}
[WSI] epoch=4 iteration=655 slide=normal_144 N=12 {'train_loss_cls': 0.80078125, 'train_loss_sr': 0.11665435880422592, 'train_loss_total': 0.8124467134475708, 'max_memory_allocated': 9044646400, 'max_memory_reserved': 32300335104}
[WSI] epoch=4 iteration=656 slide=normal_077 N=5 {'train_loss_cls': 0.734375, 'train_loss_sr': 0.11989760398864746, 'train_loss_total': 0.7463647723197937, 'max_memory_allocated': 3872680448, 'max_memory_reserved': 32300335104}
[WSI] epoch=4 iteration=657 slide=normal_058 N=7 {'train_loss_cls': 0.73828125, 'train_loss_sr': 0.1727142632007599, 'train_loss_total': 0.7555526494979858, 'max_memory_allocated': 5349886976, 'max_memory_reserved': 32300335104}
[WSI] epoch=4 iteration=658 slide=normal_015 N=5 {'train_loss_cls': 0.609375, 'train_loss_sr': 0.16023486852645874, 'train_loss_total': 0.6253985166549683, 'max_memory_allocated': 3872901632, 'max_memory_reserved': 32300335104}
[WSI] epoch=4 iteration=659 slide=normal_079 N=8 {'train_loss_cls': 0.64453125, 'train_loss_sr': 0.18046316504478455, 'train_loss_total': 0.6625775694847107, 'max_memory_allocated': 6088382976, 'max_memory_reserved': 32300335104}
[gradient] slide_id=normal_089 N=20 {'rdn': 1.0752544403076172, 'region_encoder': 0.0, 'abmil': 0.09099249541759491, 'classifier': 3.8155179023742676, 'p2w': 0.3380458950996399}
[WSI] epoch=4 iteration=660 slide=normal_089 N=20 {'train_loss_cls': 0.67578125, 'train_loss_sr': 0.1849285066127777, 'train_loss_total': 0.6942741274833679, 'max_memory_allocated': 14956462592, 'max_memory_reserved': 32300335104}
[WSI] epoch=4 iteration=661 slide=normal_041 N=7 {'train_loss_cls': 0.482421875, 'train_loss_sr': 0.1640591025352478, 'train_loss_total': 0.4988277852535248, 'max_memory_allocated': 5349661184, 'max_memory_reserved': 32300335104}
[WSI] epoch=4 iteration=662 slide=normal_156 N=13 {'train_loss_cls': 0.49609375, 'train_loss_sr': 0.1060609370470047, 'train_loss_total': 0.5066998600959778, 'max_memory_allocated': 9783827456, 'max_memory_reserved': 32300335104}
[WSI] epoch=4 iteration=663 slide=tumor_025 N=9 {'train_loss_cls': 0.87109375, 'train_loss_sr': 0.10338151454925537, 'train_loss_total': 0.8814318776130676, 'max_memory_allocated': 6828120576, 'max_memory_reserved': 32300335104}
[WSI] epoch=4 iteration=664 slide=tumor_022 N=7 {'train_loss_cls': 0.71484375, 'train_loss_sr': 0.14533822238445282, 'train_loss_total': 0.7293775677680969, 'max_memory_allocated': 5349555712, 'max_memory_reserved': 32300335104}
[WSI] epoch=4 iteration=665 slide=tumor_047 N=15 {'train_loss_cls': 0.859375, 'train_loss_sr': 0.14064756035804749, 'train_loss_total': 0.8734397292137146, 'max_memory_allocated': 11262630400, 'max_memory_reserved': 32300335104}
[WSI] epoch=4 iteration=666 slide=tumor_003 N=7 {'train_loss_cls': 0.89453125, 'train_loss_sr': 0.17312423884868622, 'train_loss_total': 0.9118436574935913, 'max_memory_allocated': 5349857792, 'max_memory_reserved': 32300335104}
[WSI] epoch=4 iteration=667 slide=normal_107 N=16 {'train_loss_cls': 0.474609375, 'train_loss_sr': 0.1057061105966568, 'train_loss_total': 0.48517999053001404, 'max_memory_allocated': 12001901056, 'max_memory_reserved': 32300335104}
[WSI] epoch=4 iteration=668 slide=normal_159 N=14 {'train_loss_cls': 0.60546875, 'train_loss_sr': 0.13950088620185852, 'train_loss_total': 0.6194188594818115, 'max_memory_allocated': 10523069952, 'max_memory_reserved': 32300335104}
[WSI] epoch=4 iteration=669 slide=tumor_002 N=5 {'train_loss_cls': 0.9140625, 'train_loss_sr': 0.12741856276988983, 'train_loss_total': 0.9268043637275696, 'max_memory_allocated': 3872669696, 'max_memory_reserved': 32300335104}
[gradient] slide_id=normal_104 N=19 {'rdn': 0.944766640663147, 'region_encoder': 0.0, 'abmil': 0.0623665414750576, 'classifier': 2.6356115341186523, 'p2w': 0.4238615036010742}
[WSI] epoch=4 iteration=670 slide=normal_104 N=19 {'train_loss_cls': 0.5625, 'train_loss_sr': 0.12086563557386398, 'train_loss_total': 0.5745865702629089, 'max_memory_allocated': 14218745344, 'max_memory_reserved': 32300335104}
[WSI] epoch=4 iteration=671 slide=tumor_008 N=14 {'train_loss_cls': 0.9296875, 'train_loss_sr': 0.14773815870285034, 'train_loss_total': 0.9444613456726074, 'max_memory_allocated': 10522597888, 'max_memory_reserved': 32300335104}
[WSI] epoch=4 iteration=672 slide=normal_053 N=18 {'train_loss_cls': 0.55859375, 'train_loss_sr': 0.1364000141620636, 'train_loss_total': 0.5722337365150452, 'max_memory_allocated': 13478091264, 'max_memory_reserved': 32300335104}
[WSI] epoch=4 iteration=673 slide=tumor_048 N=15 {'train_loss_cls': 0.83984375, 'train_loss_sr': 0.15789705514907837, 'train_loss_total': 0.8556334376335144, 'max_memory_allocated': 11262208512, 'max_memory_reserved': 32300335104}
[WSI] epoch=4 iteration=674 slide=tumor_079 N=14 {'train_loss_cls': 0.79296875, 'train_loss_sr': 0.09593072533607483, 'train_loss_total': 0.8025618195533752, 'max_memory_allocated': 10522044928, 'max_memory_reserved': 32300335104}
[WSI] epoch=4 iteration=675 slide=normal_018 N=3 {'train_loss_cls': 0.4921875, 'train_loss_sr': 0.13074345886707306, 'train_loss_total': 0.5052618384361267, 'max_memory_allocated': 2395088896, 'max_memory_reserved': 32300335104}
[WSI] epoch=4 iteration=676 slide=tumor_052 N=15 {'train_loss_cls': 0.85546875, 'train_loss_sr': 0.16591647267341614, 'train_loss_total': 0.8720604181289673, 'max_memory_allocated': 11262056960, 'max_memory_reserved': 32300335104}
[WSI] epoch=4 iteration=677 slide=normal_155 N=11 {'train_loss_cls': 0.5859375, 'train_loss_sr': 0.09058539569377899, 'train_loss_total': 0.5949960350990295, 'max_memory_allocated': 8305953280, 'max_memory_reserved': 32300335104}
[WSI] epoch=4 iteration=678 slide=normal_003 N=7 {'train_loss_cls': 0.59375, 'train_loss_sr': 0.10899476706981659, 'train_loss_total': 0.6046494841575623, 'max_memory_allocated': 5349571072, 'max_memory_reserved': 32300335104}
[WSI] epoch=4 iteration=679 slide=normal_103 N=8 {'train_loss_cls': 0.578125, 'train_loss_sr': 0.1490197479724884, 'train_loss_total': 0.5930269956588745, 'max_memory_allocated': 6089673216, 'max_memory_reserved': 32300335104}
[gradient] slide_id=normal_047 N=5 {'rdn': 0.8082355856895447, 'region_encoder': 0.0, 'abmil': 0.06587228178977966, 'classifier': 2.9914987087249756, 'p2w': 0.21378876268863678}
[WSI] epoch=4 iteration=680 slide=normal_047 N=5 {'train_loss_cls': 0.609375, 'train_loss_sr': 0.17917227745056152, 'train_loss_total': 0.6272922158241272, 'max_memory_allocated': 3872735232, 'max_memory_reserved': 32300335104}
[WSI] epoch=4 iteration=681 slide=tumor_111 N=4 {'train_loss_cls': 0.75, 'train_loss_sr': 0.14578306674957275, 'train_loss_total': 0.7645782828330994, 'max_memory_allocated': 3133528064, 'max_memory_reserved': 32300335104}
[WSI] epoch=4 iteration=682 slide=tumor_097 N=18 {'train_loss_cls': 0.8203125, 'train_loss_sr': 0.10925689339637756, 'train_loss_total': 0.8312382102012634, 'max_memory_allocated': 13478001152, 'max_memory_reserved': 32300335104}
[WSI] epoch=4 iteration=683 slide=normal_065 N=6 {'train_loss_cls': 0.6171875, 'train_loss_sr': 0.16931551694869995, 'train_loss_total': 0.6341190338134766, 'max_memory_allocated': 4612703232, 'max_memory_reserved': 32300335104}
[WSI] epoch=4 iteration=684 slide=normal_032 N=9 {'train_loss_cls': 0.66796875, 'train_loss_sr': 0.1672956347465515, 'train_loss_total': 0.6846983432769775, 'max_memory_allocated': 6827567616, 'max_memory_reserved': 32300335104}
[WSI] epoch=4 iteration=685 slide=tumor_043 N=4 {'train_loss_cls': 0.7265625, 'train_loss_sr': 0.15872815251350403, 'train_loss_total': 0.7424353361129761, 'max_memory_allocated': 3132185088, 'max_memory_reserved': 32300335104}
[WSI] epoch=4 iteration=686 slide=normal_119 N=14 {'train_loss_cls': 0.5390625, 'train_loss_sr': 0.11268629133701324, 'train_loss_total': 0.5503311157226562, 'max_memory_allocated': 10522065408, 'max_memory_reserved': 32300335104}
[WSI] epoch=4 iteration=687 slide=tumor_037 N=10 {'train_loss_cls': 0.7109375, 'train_loss_sr': 0.12781068682670593, 'train_loss_total': 0.7237185835838318, 'max_memory_allocated': 7566350848, 'max_memory_reserved': 32300335104}
[WSI] epoch=4 iteration=688 slide=normal_114 N=24 {'train_loss_cls': 0.61328125, 'train_loss_sr': 0.14958249032497406, 'train_loss_total': 0.6282395124435425, 'max_memory_allocated': 17912160768, 'max_memory_reserved': 32300335104}
[WSI] epoch=4 iteration=689 slide=tumor_040 N=10 {'train_loss_cls': 0.75, 'train_loss_sr': 0.1548648178577423, 'train_loss_total': 0.765486478805542, 'max_memory_allocated': 7566088704, 'max_memory_reserved': 32300335104}
[gradient] slide_id=tumor_028 N=17 {'rdn': 1.081706166267395, 'region_encoder': 0.0, 'abmil': 0.08249453455209732, 'classifier': 2.965543031692505, 'p2w': 0.4102845788002014}
[WSI] epoch=4 iteration=690 slide=tumor_028 N=17 {'train_loss_cls': 0.76953125, 'train_loss_sr': 0.1257631480693817, 'train_loss_total': 0.7821075916290283, 'max_memory_allocated': 12739931136, 'max_memory_reserved': 32300335104}
[WSI] epoch=4 iteration=691 slide=tumor_071 N=12 {'train_loss_cls': 0.75390625, 'train_loss_sr': 0.15923447906970978, 'train_loss_total': 0.7698296904563904, 'max_memory_allocated': 9045199360, 'max_memory_reserved': 32300335104}
[WSI] epoch=4 iteration=692 slide=normal_071 N=5 {'train_loss_cls': 0.59375, 'train_loss_sr': 0.1855807900428772, 'train_loss_total': 0.6123080849647522, 'max_memory_allocated': 3873253888, 'max_memory_reserved': 32300335104}
[WSI] epoch=4 iteration=693 slide=normal_158 N=18 {'train_loss_cls': 0.57421875, 'train_loss_sr': 0.1204429417848587, 'train_loss_total': 0.5862630605697632, 'max_memory_allocated': 13478222336, 'max_memory_reserved': 32300335104}
[WSI] epoch=4 iteration=694 slide=normal_035 N=1 {'train_loss_cls': 0.55859375, 'train_loss_sr': 0.08813874423503876, 'train_loss_total': 0.5674076080322266, 'max_memory_allocated': 916490752, 'max_memory_reserved': 32300335104}
[WSI] epoch=4 iteration=695 slide=tumor_102 N=35 {'train_loss_cls': 0.76171875, 'train_loss_sr': 0.14725540578365326, 'train_loss_total': 0.7764443159103394, 'max_memory_allocated': 26041604096, 'max_memory_reserved': 32321306624}
[WSI] epoch=4 iteration=696 slide=normal_061 N=12 {'train_loss_cls': 0.48828125, 'train_loss_sr': 0.17282840609550476, 'train_loss_total': 0.5055640935897827, 'max_memory_allocated': 9044777472, 'max_memory_reserved': 32321306624}
[epoch] {'epoch': 4, 'train_loss_cls': 0.6789354346264368, 'train_loss_sr': 0.1307179113828588, 'train_loss_total': 0.6920072278757204, 'train_auc': 0.753108108108108, 'train_acc': 0.6149425287356322, 'train_bacc': 0.556081081081081, 'val_loss': 0.6913840553977273, 'val_auc': 0.4817170111287758, 'val_acc': 0.5568181818181818, 'val_bacc': 0.4841017488076311, 'max_memory_allocated': 26041604096, 'max_memory_reserved': 32321306624}
/root/miniconda3/envs/myconda/lib/python3.10/site-packages/torch/utils/checkpoint.py:1399: FutureWarning: `torch.cpu.amp.autocast(args...)` is deprecated. Please use `torch.amp.autocast('cpu', args...)` instead.
  with device_autocast_ctx, torch.cpu.amp.autocast(**cpu_autocast_kwargs), recompute_context:  # type: ignore[attr-defined]
[WSI] epoch=5 iteration=697 slide=normal_102 N=11 {'train_loss_cls': 0.578125, 'train_loss_sr': 0.0637488067150116, 'train_loss_total': 0.5844998955726624, 'max_memory_allocated': 8306063872, 'max_memory_reserved': 32321306624}
[WSI] epoch=5 iteration=698 slide=normal_074 N=14 {'train_loss_cls': 0.52734375, 'train_loss_sr': 0.17674367129802704, 'train_loss_total': 0.5450181365013123, 'max_memory_allocated': 10523171328, 'max_memory_reserved': 32321306624}
[WSI] epoch=5 iteration=699 slide=tumor_011 N=6 {'train_loss_cls': 1.1015625, 'train_loss_sr': 0.1938481330871582, 'train_loss_total': 1.1209473609924316, 'max_memory_allocated': 4612336640, 'max_memory_reserved': 32321306624}
[gradient] slide_id=tumor_108 N=22 {'rdn': 1.7506967782974243, 'region_encoder': 0.0, 'abmil': 0.14123378694057465, 'classifier': 3.5428502559661865, 'p2w': 0.6717230677604675}
[WSI] epoch=5 iteration=700 slide=tumor_108 N=22 {'train_loss_cls': 0.7734375, 'train_loss_sr': 0.16398698091506958, 'train_loss_total': 0.7898361682891846, 'max_memory_allocated': 16434158080, 'max_memory_reserved': 32321306624}
[WSI] epoch=5 iteration=701 slide=normal_120 N=10 {'train_loss_cls': 0.51171875, 'train_loss_sr': 0.15728335082530975, 'train_loss_total': 0.5274471044540405, 'max_memory_allocated': 7566678528, 'max_memory_reserved': 32321306624}
[WSI] epoch=5 iteration=702 slide=tumor_003 N=7 {'train_loss_cls': 0.83203125, 'train_loss_sr': 0.2525326609611511, 'train_loss_total': 0.8572845458984375, 'max_memory_allocated': 5350102528, 'max_memory_reserved': 32321306624}
[WSI] epoch=5 iteration=703 slide=normal_015 N=5 {'train_loss_cls': 0.65625, 'train_loss_sr': 0.21227464079856873, 'train_loss_total': 0.6774774789810181, 'max_memory_allocated': 3873372160, 'max_memory_reserved': 32321306624}
[WSI] epoch=5 iteration=704 slide=tumor_039 N=4 {'train_loss_cls': 0.57421875, 'train_loss_sr': 0.36959922313690186, 'train_loss_total': 0.6111786961555481, 'max_memory_allocated': 3133643264, 'max_memory_reserved': 32321306624}
[WSI] epoch=5 iteration=705 slide=tumor_015 N=27 {'train_loss_cls': 0.6875, 'train_loss_sr': 0.3656565546989441, 'train_loss_total': 0.7240656614303589, 'max_memory_allocated': 20129499648, 'max_memory_reserved': 32321306624}
[WSI] epoch=5 iteration=706 slide=tumor_073 N=19 {'train_loss_cls': 0.7734375, 'train_loss_sr': 1.224579095840454, 'train_loss_total': 0.8958954215049744, 'max_memory_allocated': 14217206272, 'max_memory_reserved': 32321306624}
[WSI] epoch=5 iteration=707 slide=normal_006 N=1 {'train_loss_cls': 0.546875, 'train_loss_sr': 0.24515163898468018, 'train_loss_total': 0.5713901519775391, 'max_memory_allocated': 916483072, 'max_memory_reserved': 32321306624}
[WSI] epoch=5 iteration=708 slide=normal_044 N=4 {'train_loss_cls': 0.76171875, 'train_loss_sr': 1.6753861904144287, 'train_loss_total': 0.9292573928833008, 'max_memory_allocated': 3132312064, 'max_memory_reserved': 32321306624}
[WSI] epoch=5 iteration=709 slide=normal_131 N=18 {'train_loss_cls': 0.68359375, 'train_loss_sr': 0.4901597499847412, 'train_loss_total': 0.732609748840332, 'max_memory_allocated': 13479291392, 'max_memory_reserved': 32321306624}
[gradient] slide_id=tumor_102 N=35 {'rdn': 1.3071672916412354, 'region_encoder': 0.0, 'abmil': 0.048254407942295074, 'classifier': 3.06777024269104, 'p2w': 0.5721026659011841}
[WSI] epoch=5 iteration=710 slide=tumor_102 N=35 {'train_loss_cls': 0.71484375, 'train_loss_sr': 0.199497789144516, 'train_loss_total': 0.7347935438156128, 'max_memory_allocated': 26041891840, 'max_memory_reserved': 32321306624}
[WSI] epoch=5 iteration=711 slide=normal_119 N=14 {'train_loss_cls': 0.53515625, 'train_loss_sr': 0.4991634786128998, 'train_loss_total': 0.5850725769996643, 'max_memory_allocated': 10522467328, 'max_memory_reserved': 32321306624}
[WSI] epoch=5 iteration=712 slide=normal_141 N=7 {'train_loss_cls': 0.46875, 'train_loss_sr': 0.5212762355804443, 'train_loss_total': 0.5208775997161865, 'max_memory_allocated': 5350455808, 'max_memory_reserved': 32321306624}
[WSI] epoch=5 iteration=713 slide=tumor_105 N=6 {'train_loss_cls': 0.8125, 'train_loss_sr': 0.3301931321620941, 'train_loss_total': 0.8455193042755127, 'max_memory_allocated': 4612993536, 'max_memory_reserved': 32321306624}
[WSI] epoch=5 iteration=714 slide=normal_106 N=15 {'train_loss_cls': 0.51953125, 'train_loss_sr': 0.21535199880599976, 'train_loss_total': 0.5410664677619934, 'max_memory_allocated': 11262188032, 'max_memory_reserved': 32321306624}
[WSI] epoch=5 iteration=715 slide=tumor_060 N=6 {'train_loss_cls': 0.7734375, 'train_loss_sr': 0.17328612506389618, 'train_loss_total': 0.7907661199569702, 'max_memory_allocated': 4612426752, 'max_memory_reserved': 32321306624}
[WSI] epoch=5 iteration=716 slide=tumor_107 N=6 {'train_loss_cls': 0.6015625, 'train_loss_sr': 0.2226620465517044, 'train_loss_total': 0.6238287091255188, 'max_memory_allocated': 4612426752, 'max_memory_reserved': 32321306624}
[WSI] epoch=5 iteration=717 slide=tumor_027 N=13 {'train_loss_cls': 0.70703125, 'train_loss_sr': 0.3333296775817871, 'train_loss_total': 0.7403641939163208, 'max_memory_allocated': 9783568896, 'max_memory_reserved': 32321306624}
[WSI] epoch=5 iteration=718 slide=tumor_017 N=9 {'train_loss_cls': 0.734375, 'train_loss_sr': 0.26546066999435425, 'train_loss_total': 0.760921061038971, 'max_memory_allocated': 6828017664, 'max_memory_reserved': 32321306624}
[WSI] epoch=5 iteration=719 slide=normal_039 N=9 {'train_loss_cls': 0.6484375, 'train_loss_sr': 0.29083603620529175, 'train_loss_total': 0.6775211095809937, 'max_memory_allocated': 6827703296, 'max_memory_reserved': 32321306624}
[gradient] slide_id=normal_085 N=5 {'rdn': 1.5240939855575562, 'region_encoder': 0.0, 'abmil': 0.037622760981321335, 'classifier': 3.4645185470581055, 'p2w': 0.6307815313339233}
[WSI] epoch=5 iteration=720 slide=normal_085 N=5 {'train_loss_cls': 0.66796875, 'train_loss_sr': 0.2516326904296875, 'train_loss_total': 0.6931320428848267, 'max_memory_allocated': 3872700928, 'max_memory_reserved': 32321306624}
[WSI] epoch=5 iteration=721 slide=normal_158 N=18 {'train_loss_cls': 0.68359375, 'train_loss_sr': 0.15685293078422546, 'train_loss_total': 0.6992790699005127, 'max_memory_allocated': 13478291456, 'max_memory_reserved': 32321306624}
[WSI] epoch=5 iteration=722 slide=tumor_109 N=10 {'train_loss_cls': 0.6484375, 'train_loss_sr': 0.14806699752807617, 'train_loss_total': 0.6632441878318787, 'max_memory_allocated': 7566977536, 'max_memory_reserved': 32321306624}
[WSI] epoch=5 iteration=723 slide=tumor_049 N=3 {'train_loss_cls': 0.453125, 'train_loss_sr': 0.24693818390369415, 'train_loss_total': 0.4778188169002533, 'max_memory_allocated': 2394341888, 'max_memory_reserved': 32321306624}
[WSI] epoch=5 iteration=724 slide=normal_032 N=9 {'train_loss_cls': 0.97265625, 'train_loss_sr': 0.22575217485427856, 'train_loss_total': 0.9952314496040344, 'max_memory_allocated': 6827132416, 'max_memory_reserved': 32321306624}
[WSI] epoch=5 iteration=725 slide=normal_154 N=20 {'train_loss_cls': 0.71484375, 'train_loss_sr': 0.13284917175769806, 'train_loss_total': 0.7281286716461182, 'max_memory_allocated': 14956349952, 'max_memory_reserved': 32321306624}
[WSI] epoch=5 iteration=726 slide=normal_003 N=7 {'train_loss_cls': 0.671875, 'train_loss_sr': 0.1157468631863594, 'train_loss_total': 0.6834496855735779, 'max_memory_allocated': 5350015488, 'max_memory_reserved': 32321306624}
[WSI] epoch=5 iteration=727 slide=normal_047 N=5 {'train_loss_cls': 0.70703125, 'train_loss_sr': 0.17501084506511688, 'train_loss_total': 0.7245323061943054, 'max_memory_allocated': 3872286720, 'max_memory_reserved': 32321306624}
[WSI] epoch=5 iteration=728 slide=tumor_066 N=7 {'train_loss_cls': 0.74609375, 'train_loss_sr': 0.19516554474830627, 'train_loss_total': 0.7656102776527405, 'max_memory_allocated': 5350287872, 'max_memory_reserved': 32321306624}
[WSI] epoch=5 iteration=729 slide=normal_026 N=5 {'train_loss_cls': 0.58984375, 'train_loss_sr': 0.2029547095298767, 'train_loss_total': 0.6101392507553101, 'max_memory_allocated': 3872598016, 'max_memory_reserved': 32321306624}
[gradient] slide_id=normal_097 N=17 {'rdn': 1.3187065124511719, 'region_encoder': 0.0, 'abmil': 0.20732156932353973, 'classifier': 3.1422765254974365, 'p2w': 0.4130198359489441}
[WSI] epoch=5 iteration=730 slide=normal_097 N=17 {'train_loss_cls': 0.54296875, 'train_loss_sr': 0.2043764442205429, 'train_loss_total': 0.5634064078330994, 'max_memory_allocated': 12739369472, 'max_memory_reserved': 32321306624}
[WSI] epoch=5 iteration=731 slide=tumor_028 N=17 {'train_loss_cls': 0.78125, 'train_loss_sr': 0.1816999316215515, 'train_loss_total': 0.7994199991226196, 'max_memory_allocated': 12739590656, 'max_memory_reserved': 32321306624}
[WSI] epoch=5 iteration=732 slide=tumor_089 N=26 {'train_loss_cls': 0.66796875, 'train_loss_sr': 0.23434166610240936, 'train_loss_total': 0.6914029121398926, 'max_memory_allocated': 19390179840, 'max_memory_reserved': 32321306624}
[WSI] epoch=5 iteration=733 slide=normal_031 N=6 {'train_loss_cls': 0.625, 'train_loss_sr': 0.18497306108474731, 'train_loss_total': 0.6434972882270813, 'max_memory_allocated': 4612004864, 'max_memory_reserved': 32321306624}
[WSI] epoch=5 iteration=734 slide=tumor_097 N=18 {'train_loss_cls': 0.8515625, 'train_loss_sr': 0.11411122232675552, 'train_loss_total': 0.8629736304283142, 'max_memory_allocated': 13478312448, 'max_memory_reserved': 32321306624}
[WSI] epoch=5 iteration=735 slide=normal_076 N=24 {'train_loss_cls': 0.68359375, 'train_loss_sr': 0.18675553798675537, 'train_loss_total': 0.7022693157196045, 'max_memory_allocated': 17911887872, 'max_memory_reserved': 32321306624}
[WSI] epoch=5 iteration=736 slide=normal_148 N=5 {'train_loss_cls': 0.60546875, 'train_loss_sr': 0.13457927107810974, 'train_loss_total': 0.6189267039299011, 'max_memory_allocated': 3872901632, 'max_memory_reserved': 32321306624}
[WSI] epoch=5 iteration=737 slide=tumor_043 N=4 {'train_loss_cls': 0.6953125, 'train_loss_sr': 0.12853291630744934, 'train_loss_total': 0.7081657648086548, 'max_memory_allocated': 3133106176, 'max_memory_reserved': 32321306624}
[WSI] epoch=5 iteration=738 slide=normal_068 N=6 {'train_loss_cls': 0.578125, 'train_loss_sr': 0.15661272406578064, 'train_loss_total': 0.5937862992286682, 'max_memory_allocated': 4611894272, 'max_memory_reserved': 32321306624}
[WSI] epoch=5 iteration=739 slide=normal_070 N=16 {'train_loss_cls': 0.49609375, 'train_loss_sr': 0.18394044041633606, 'train_loss_total': 0.5144878029823303, 'max_memory_allocated': 12001237504, 'max_memory_reserved': 32321306624}
[gradient] slide_id=tumor_077 N=14 {'rdn': 1.8501832485198975, 'region_encoder': 0.0, 'abmil': 0.13253332674503326, 'classifier': 3.962897777557373, 'p2w': 0.47351890802383423}
[WSI] epoch=5 iteration=740 slide=tumor_077 N=14 {'train_loss_cls': 0.9765625, 'train_loss_sr': 0.15276458859443665, 'train_loss_total': 0.9918389320373535, 'max_memory_allocated': 10522093568, 'max_memory_reserved': 32321306624}
[WSI] epoch=5 iteration=741 slide=normal_041 N=7 {'train_loss_cls': 0.3828125, 'train_loss_sr': 0.1671617031097412, 'train_loss_total': 0.3995286822319031, 'max_memory_allocated': 5350455808, 'max_memory_reserved': 32321306624}
[WSI] epoch=5 iteration=742 slide=tumor_005 N=4 {'train_loss_cls': 0.85546875, 'train_loss_sr': 0.1516096591949463, 'train_loss_total': 0.8706297278404236, 'max_memory_allocated': 3132185088, 'max_memory_reserved': 32321306624}
[WSI] epoch=5 iteration=743 slide=normal_014 N=2 {'train_loss_cls': 0.44921875, 'train_loss_sr': 0.16005080938339233, 'train_loss_total': 0.4652238190174103, 'max_memory_allocated': 1707604480, 'max_memory_reserved': 32321306624}
[WSI] epoch=5 iteration=744 slide=tumor_080 N=6 {'train_loss_cls': 0.82421875, 'train_loss_sr': 0.09230175614356995, 'train_loss_total': 0.8334489464759827, 'max_memory_allocated': 4613110784, 'max_memory_reserved': 32321306624}
[WSI] epoch=5 iteration=745 slide=normal_100 N=8 {'train_loss_cls': 0.45703125, 'train_loss_sr': 0.11753875017166138, 'train_loss_total': 0.4687851369380951, 'max_memory_allocated': 6088714752, 'max_memory_reserved': 32321306624}
[WSI] epoch=5 iteration=746 slide=tumor_042 N=4 {'train_loss_cls': 0.9375, 'train_loss_sr': 0.09443967044353485, 'train_loss_total': 0.9469439387321472, 'max_memory_allocated': 3133594112, 'max_memory_reserved': 32321306624}
[WSI] epoch=5 iteration=747 slide=tumor_045 N=10 {'train_loss_cls': 0.73046875, 'train_loss_sr': 0.162367582321167, 'train_loss_total': 0.7467055320739746, 'max_memory_allocated': 7566710272, 'max_memory_reserved': 32321306624}
[WSI] epoch=5 iteration=748 slide=normal_153 N=12 {'train_loss_cls': 0.76171875, 'train_loss_sr': 0.21034301817417145, 'train_loss_total': 0.782753050327301, 'max_memory_allocated': 9045088768, 'max_memory_reserved': 32321306624}
[WSI] epoch=5 iteration=749 slide=tumor_078 N=15 {'train_loss_cls': 0.6875, 'train_loss_sr': 0.14828208088874817, 'train_loss_total': 0.7023282051086426, 'max_memory_allocated': 11262740992, 'max_memory_reserved': 32321306624}
[gradient] slide_id=tumor_098 N=9 {'rdn': 3.847809314727783, 'region_encoder': 0.0, 'abmil': 0.2286537140607834, 'classifier': 3.157273292541504, 'p2w': 0.7089987993240356}
[WSI] epoch=5 iteration=750 slide=tumor_098 N=9 {'train_loss_cls': 0.71875, 'train_loss_sr': 0.13061392307281494, 'train_loss_total': 0.7318114042282104, 'max_memory_allocated': 6827104768, 'max_memory_reserved': 32321306624}
[WSI] epoch=5 iteration=751 slide=normal_035 N=1 {'train_loss_cls': 0.5234375, 'train_loss_sr': 0.20170538127422333, 'train_loss_total': 0.5436080098152161, 'max_memory_allocated': 916388864, 'max_memory_reserved': 32321306624}
[WSI] epoch=5 iteration=752 slide=tumor_086 N=23 {'train_loss_cls': 0.66796875, 'train_loss_sr': 0.20016378164291382, 'train_loss_total': 0.6879851222038269, 'max_memory_allocated': 17173121536, 'max_memory_reserved': 32321306624}
[WSI] epoch=5 iteration=753 slide=normal_124 N=19 {'train_loss_cls': 0.72265625, 'train_loss_sr': 0.2855735421180725, 'train_loss_total': 0.7512136101722717, 'max_memory_allocated': 14217797120, 'max_memory_reserved': 32321306624}
[WSI] epoch=5 iteration=754 slide=tumor_048 N=15 {'train_loss_cls': 0.6171875, 'train_loss_sr': 0.543034553527832, 'train_loss_total': 0.6714909672737122, 'max_memory_allocated': 11262077440, 'max_memory_reserved': 32321306624}
[WSI] epoch=5 iteration=755 slide=normal_139 N=12 {'train_loss_cls': 0.81640625, 'train_loss_sr': 0.3215214014053345, 'train_loss_total': 0.8485583662986755, 'max_memory_allocated': 9044978176, 'max_memory_reserved': 32321306624}
[WSI] epoch=5 iteration=756 slide=tumor_009 N=12 {'train_loss_cls': 0.578125, 'train_loss_sr': 0.7046388387680054, 'train_loss_total': 0.6485888957977295, 'max_memory_allocated': 9044916736, 'max_memory_reserved': 32321306624}
[WSI] epoch=5 iteration=757 slide=tumor_088 N=12 {'train_loss_cls': 0.55078125, 'train_loss_sr': 0.8243818879127502, 'train_loss_total': 0.6332194209098816, 'max_memory_allocated': 9044867584, 'max_memory_reserved': 32321306624}
[WSI] epoch=5 iteration=758 slide=normal_084 N=1 {'train_loss_cls': 0.70703125, 'train_loss_sr': 0.5833801627159119, 'train_loss_total': 0.7653692960739136, 'max_memory_allocated': 917146624, 'max_memory_reserved': 32321306624}
[WSI] epoch=5 iteration=759 slide=normal_128 N=11 {'train_loss_cls': 0.67578125, 'train_loss_sr': 1.3022096157073975, 'train_loss_total': 0.8060021996498108, 'max_memory_allocated': 8305826304, 'max_memory_reserved': 32321306624}
[gradient] slide_id=tumor_083 N=14 {'rdn': 2.2690651416778564, 'region_encoder': 0.0, 'abmil': 0.20452770590782166, 'classifier': 4.229844093322754, 'p2w': 1.429080843925476}
[WSI] epoch=5 iteration=760 slide=tumor_083 N=14 {'train_loss_cls': 0.6328125, 'train_loss_sr': 1.2412683963775635, 'train_loss_total': 0.7569393515586853, 'max_memory_allocated': 10522320896, 'max_memory_reserved': 32321306624}
[WSI] epoch=5 iteration=761 slide=normal_103 N=8 {'train_loss_cls': 0.74609375, 'train_loss_sr': 1.2625988721847534, 'train_loss_total': 0.8723536729812622, 'max_memory_allocated': 6088379392, 'max_memory_reserved': 32321306624}
[WSI] epoch=5 iteration=762 slide=normal_008 N=1 {'train_loss_cls': 0.38671875, 'train_loss_sr': 1.3972190618515015, 'train_loss_total': 0.5264406800270081, 'max_memory_allocated': 917122048, 'max_memory_reserved': 32321306624}
[WSI] epoch=5 iteration=763 slide=normal_133 N=10 {'train_loss_cls': 0.6640625, 'train_loss_sr': 0.8119310736656189, 'train_loss_total': 0.7452555894851685, 'max_memory_allocated': 7566129664, 'max_memory_reserved': 32321306624}
[WSI] epoch=5 iteration=764 slide=normal_065 N=6 {'train_loss_cls': 0.50390625, 'train_loss_sr': 0.4316768944263458, 'train_loss_total': 0.5470739603042603, 'max_memory_allocated': 4612101632, 'max_memory_reserved': 32321306624}
[WSI] epoch=5 iteration=765 slide=normal_116 N=8 {'train_loss_cls': 0.58203125, 'train_loss_sr': 0.35301902890205383, 'train_loss_total': 0.617333173751831, 'max_memory_allocated': 6088362496, 'max_memory_reserved': 32321306624}
[WSI] epoch=5 iteration=766 slide=normal_079 N=8 {'train_loss_cls': 0.58984375, 'train_loss_sr': 0.3804793953895569, 'train_loss_total': 0.6278916597366333, 'max_memory_allocated': 6089268736, 'max_memory_reserved': 32321306624}
[WSI] epoch=5 iteration=767 slide=normal_061 N=12 {'train_loss_cls': 0.376953125, 'train_loss_sr': 0.4715324640274048, 'train_loss_total': 0.4241063594818115, 'max_memory_allocated': 9045309952, 'max_memory_reserved': 32321306624}
[WSI] epoch=5 iteration=768 slide=normal_089 N=20 {'train_loss_cls': 0.55078125, 'train_loss_sr': 0.51923006772995, 'train_loss_total': 0.6027042865753174, 'max_memory_allocated': 14957844992, 'max_memory_reserved': 32321306624}
[WSI] epoch=5 iteration=769 slide=normal_036 N=7 {'train_loss_cls': 0.384765625, 'train_loss_sr': 0.45236361026763916, 'train_loss_total': 0.43000197410583496, 'max_memory_allocated': 5351561728, 'max_memory_reserved': 32321306624}
[gradient] slide_id=normal_012 N=3 {'rdn': 1.2620879411697388, 'region_encoder': 0.0, 'abmil': 0.07265906780958176, 'classifier': 5.0258283615112305, 'p2w': 0.5065682530403137}
[WSI] epoch=5 iteration=770 slide=normal_012 N=3 {'train_loss_cls': 0.52734375, 'train_loss_sr': 0.37754741311073303, 'train_loss_total': 0.5650984644889832, 'max_memory_allocated': 2395438080, 'max_memory_reserved': 32321306624}
[WSI] epoch=5 iteration=771 slide=normal_052 N=15 {'train_loss_cls': 0.50390625, 'train_loss_sr': 0.3080558776855469, 'train_loss_total': 0.5347118377685547, 'max_memory_allocated': 11262057984, 'max_memory_reserved': 32321306624}
[WSI] epoch=5 iteration=772 slide=tumor_054 N=17 {'train_loss_cls': 1.1328125, 'train_loss_sr': 0.2342519611120224, 'train_loss_total': 1.1562377214431763, 'max_memory_allocated': 12739701248, 'max_memory_reserved': 32321306624}
[WSI] epoch=5 iteration=773 slide=tumor_041 N=5 {'train_loss_cls': 1.484375, 'train_loss_sr': 0.5128277540206909, 'train_loss_total': 1.5356577634811401, 'max_memory_allocated': 3872666624, 'max_memory_reserved': 32321306624}
[WSI] epoch=5 iteration=774 slide=tumor_095 N=29 {'train_loss_cls': 0.8515625, 'train_loss_sr': 0.25651800632476807, 'train_loss_total': 0.8772143125534058, 'max_memory_allocated': 21607215104, 'max_memory_reserved': 32321306624}
[WSI] epoch=5 iteration=775 slide=normal_155 N=11 {'train_loss_cls': 0.291015625, 'train_loss_sr': 0.33995699882507324, 'train_loss_total': 0.32501131296157837, 'max_memory_allocated': 8306121216, 'max_memory_reserved': 32321306624}
[WSI] epoch=5 iteration=776 slide=normal_095 N=14 {'train_loss_cls': 0.486328125, 'train_loss_sr': 0.20147621631622314, 'train_loss_total': 0.5064757466316223, 'max_memory_allocated': 10522864640, 'max_memory_reserved': 32321306624}
[WSI] epoch=5 iteration=777 slide=tumor_081 N=6 {'train_loss_cls': 1.015625, 'train_loss_sr': 0.3138926327228546, 'train_loss_total': 1.0470142364501953, 'max_memory_allocated': 4613848064, 'max_memory_reserved': 32321306624}
[WSI] epoch=5 iteration=778 slide=tumor_111 N=4 {'train_loss_cls': 0.76171875, 'train_loss_sr': 0.26870423555374146, 'train_loss_total': 0.7885891795158386, 'max_memory_allocated': 3132447232, 'max_memory_reserved': 32321306624}
[WSI] epoch=5 iteration=779 slide=normal_029 N=1 {'train_loss_cls': 0.365234375, 'train_loss_sr': 0.38071000576019287, 'train_loss_total': 0.40330538153648376, 'max_memory_allocated': 916474880, 'max_memory_reserved': 32321306624}
[gradient] slide_id=normal_121 N=13 {'rdn': 1.338856816291809, 'region_encoder': 0.0, 'abmil': 0.3228127658367157, 'classifier': 4.124184608459473, 'p2w': 0.6400799751281738}
[WSI] epoch=5 iteration=780 slide=normal_121 N=13 {'train_loss_cls': 0.515625, 'train_loss_sr': 0.2038513720035553, 'train_loss_total': 0.5360101461410522, 'max_memory_allocated': 9784067584, 'max_memory_reserved': 32321306624}
[WSI] epoch=5 iteration=781 slide=normal_107 N=16 {'train_loss_cls': 0.478515625, 'train_loss_sr': 0.1661546528339386, 'train_loss_total': 0.49513107538223267, 'max_memory_allocated': 12001126912, 'max_memory_reserved': 32321306624}
[WSI] epoch=5 iteration=782 slide=tumor_046 N=19 {'train_loss_cls': 0.94140625, 'train_loss_sr': 0.20474392175674438, 'train_loss_total': 0.961880624294281, 'max_memory_allocated': 14217427456, 'max_memory_reserved': 32321306624}
[WSI] epoch=5 iteration=783 slide=normal_051 N=3 {'train_loss_cls': 0.53515625, 'train_loss_sr': 0.22360393404960632, 'train_loss_total': 0.5575166344642639, 'max_memory_allocated': 2396089344, 'max_memory_reserved': 32321306624}
[WSI] epoch=5 iteration=784 slide=tumor_024 N=16 {'train_loss_cls': 0.74609375, 'train_loss_sr': 0.24271371960639954, 'train_loss_total': 0.7703651189804077, 'max_memory_allocated': 12001180160, 'max_memory_reserved': 32321306624}
[WSI] epoch=5 iteration=785 slide=normal_038 N=1 {'train_loss_cls': 0.59375, 'train_loss_sr': 0.20341181755065918, 'train_loss_total': 0.614091157913208, 'max_memory_allocated': 916474880, 'max_memory_reserved': 32321306624}
[WSI] epoch=5 iteration=786 slide=tumor_007 N=12 {'train_loss_cls': 0.84765625, 'train_loss_sr': 0.17396317422389984, 'train_loss_total': 0.8650525808334351, 'max_memory_allocated': 9044867584, 'max_memory_reserved': 32321306624}
[WSI] epoch=5 iteration=787 slide=tumor_082 N=3 {'train_loss_cls': 0.6875, 'train_loss_sr': 0.13770760595798492, 'train_loss_total': 0.7012707591056824, 'max_memory_allocated': 2394799104, 'max_memory_reserved': 32321306624}
[WSI] epoch=5 iteration=788 slide=tumor_093 N=14 {'train_loss_cls': 1.0234375, 'train_loss_sr': 0.16590344905853271, 'train_loss_total': 1.0400278568267822, 'max_memory_allocated': 10522286592, 'max_memory_reserved': 32321306624}
[WSI] epoch=5 iteration=789 slide=normal_049 N=2 {'train_loss_cls': 0.66015625, 'train_loss_sr': 0.18808898329734802, 'train_loss_total': 0.678965151309967, 'max_memory_allocated': 1707584000, 'max_memory_reserved': 32321306624}
[gradient] slide_id=normal_071 N=5 {'rdn': 1.2779343128204346, 'region_encoder': 0.0, 'abmil': 0.14877866208553314, 'classifier': 3.645815134048462, 'p2w': 0.4058960974216461}
[WSI] epoch=5 iteration=790 slide=normal_071 N=5 {'train_loss_cls': 0.53125, 'train_loss_sr': 0.2154632806777954, 'train_loss_total': 0.5527963042259216, 'max_memory_allocated': 3872479744, 'max_memory_reserved': 32321306624}
[WSI] epoch=5 iteration=791 slide=normal_040 N=16 {'train_loss_cls': 0.28515625, 'train_loss_sr': 0.21509718894958496, 'train_loss_total': 0.30666595697402954, 'max_memory_allocated': 12001954304, 'max_memory_reserved': 32321306624}
[WSI] epoch=5 iteration=792 slide=normal_083 N=3 {'train_loss_cls': 0.56640625, 'train_loss_sr': 0.16814084351062775, 'train_loss_total': 0.583220362663269, 'max_memory_allocated': 2394377216, 'max_memory_reserved': 32321306624}
[WSI] epoch=5 iteration=793 slide=normal_066 N=26 {'train_loss_cls': 0.6015625, 'train_loss_sr': 0.17501306533813477, 'train_loss_total': 0.6190637946128845, 'max_memory_allocated': 19391306240, 'max_memory_reserved': 32321306624}
[WSI] epoch=5 iteration=794 slide=normal_136 N=15 {'train_loss_cls': 0.69921875, 'train_loss_sr': 0.19401681423187256, 'train_loss_total': 0.7186204195022583, 'max_memory_allocated': 11262056960, 'max_memory_reserved': 32321306624}
[WSI] epoch=5 iteration=795 slide=normal_023 N=2 {'train_loss_cls': 0.41796875, 'train_loss_sr': 0.1903422772884369, 'train_loss_total': 0.4370029866695404, 'max_memory_allocated': 1708415488, 'max_memory_reserved': 32321306624}
[WSI] epoch=5 iteration=796 slide=normal_018 N=3 {'train_loss_cls': 0.3828125, 'train_loss_sr': 0.18507277965545654, 'train_loss_total': 0.4013197720050812, 'max_memory_allocated': 2394377216, 'max_memory_reserved': 32321306624}
[WSI] epoch=5 iteration=797 slide=tumor_008 N=14 {'train_loss_cls': 1.4296875, 'train_loss_sr': 0.19053852558135986, 'train_loss_total': 1.4487413167953491, 'max_memory_allocated': 10522819072, 'max_memory_reserved': 32321306624}
[WSI] epoch=5 iteration=798 slide=tumor_103 N=18 {'train_loss_cls': 1.125, 'train_loss_sr': 0.13457298278808594, 'train_loss_total': 1.1384572982788086, 'max_memory_allocated': 13478533632, 'max_memory_reserved': 32321306624}
[WSI] epoch=5 iteration=799 slide=normal_156 N=13 {'train_loss_cls': 0.306640625, 'train_loss_sr': 0.12115204334259033, 'train_loss_total': 0.3187558352947235, 'max_memory_allocated': 9784198656, 'max_memory_reserved': 32321306624}
[gradient] slide_id=normal_058 N=7 {'rdn': 1.3209902048110962, 'region_encoder': 0.0, 'abmil': 0.15877871215343475, 'classifier': 2.7950315475463867, 'p2w': 0.30257779359817505}
[WSI] epoch=5 iteration=800 slide=normal_058 N=7 {'train_loss_cls': 0.404296875, 'train_loss_sr': 0.19612716138362885, 'train_loss_total': 0.42390960454940796, 'max_memory_allocated': 5349550592, 'max_memory_reserved': 32321306624}
[WSI] epoch=5 iteration=801 slide=normal_007 N=3 {'train_loss_cls': 0.75, 'train_loss_sr': 0.17369145154953003, 'train_loss_total': 0.7673691511154175, 'max_memory_allocated': 2394115072, 'max_memory_reserved': 32321306624}
[WSI] epoch=5 iteration=802 slide=tumor_106 N=22 {'train_loss_cls': 1.109375, 'train_loss_sr': 0.22602112591266632, 'train_loss_total': 1.1319770812988281, 'max_memory_allocated': 16434690560, 'max_memory_reserved': 32321306624}
[WSI] epoch=5 iteration=803 slide=normal_111 N=31 {'train_loss_cls': 0.40234375, 'train_loss_sr': 0.21535390615463257, 'train_loss_total': 0.42387914657592773, 'max_memory_allocated': 23085120000, 'max_memory_reserved': 32321306624}
[WSI] epoch=5 iteration=804 slide=normal_077 N=5 {'train_loss_cls': 0.478515625, 'train_loss_sr': 0.17440369725227356, 'train_loss_total': 0.4959560036659241, 'max_memory_allocated': 3872311808, 'max_memory_reserved': 32321306624}
[WSI] epoch=5 iteration=805 slide=normal_081 N=6 {'train_loss_cls': 0.498046875, 'train_loss_sr': 0.14093711972236633, 'train_loss_total': 0.5121405720710754, 'max_memory_allocated': 4611873792, 'max_memory_reserved': 32321306624}
[WSI] epoch=5 iteration=806 slide=tumor_002 N=5 {'train_loss_cls': 1.15625, 'train_loss_sr': 0.14153125882148743, 'train_loss_total': 1.1704031229019165, 'max_memory_allocated': 3873538048, 'max_memory_reserved': 32321306624}
[WSI] epoch=5 iteration=807 slide=normal_087 N=11 {'train_loss_cls': 0.44140625, 'train_loss_sr': 0.1932504028081894, 'train_loss_total': 0.46073129773139954, 'max_memory_allocated': 8305269248, 'max_memory_reserved': 32321306624}
[WSI] epoch=5 iteration=808 slide=normal_053 N=18 {'train_loss_cls': 0.404296875, 'train_loss_sr': 0.15350395441055298, 'train_loss_total': 0.4196472764015198, 'max_memory_allocated': 13478754816, 'max_memory_reserved': 32321306624}
[WSI] epoch=5 iteration=809 slide=normal_062 N=2 {'train_loss_cls': 0.388671875, 'train_loss_sr': 0.15811461210250854, 'train_loss_total': 0.4044833481311798, 'max_memory_allocated': 1706789376, 'max_memory_reserved': 32321306624}
[gradient] slide_id=tumor_052 N=15 {'rdn': 2.862649440765381, 'region_encoder': 0.0, 'abmil': 0.11588205397129059, 'classifier': 6.4461164474487305, 'p2w': 0.49947142601013184}
[WSI] epoch=5 iteration=810 slide=tumor_052 N=15 {'train_loss_cls': 1.1953125, 'train_loss_sr': 0.14361464977264404, 'train_loss_total': 1.2096740007400513, 'max_memory_allocated': 11262298624, 'max_memory_reserved': 32321306624}
[WSI] epoch=5 iteration=811 slide=tumor_061 N=13 {'train_loss_cls': 1.03125, 'train_loss_sr': 0.18400444090366364, 'train_loss_total': 1.0496504306793213, 'max_memory_allocated': 9783478784, 'max_memory_reserved': 32321306624}
[WSI] epoch=5 iteration=812 slide=tumor_019 N=2 {'train_loss_cls': 0.98828125, 'train_loss_sr': 0.16777043044567108, 'train_loss_total': 1.0050582885742188, 'max_memory_allocated': 1707604480, 'max_memory_reserved': 32321306624}
[WSI] epoch=5 iteration=813 slide=normal_037 N=8 {'train_loss_cls': 0.41015625, 'train_loss_sr': 0.1965133249759674, 'train_loss_total': 0.4298075735569, 'max_memory_allocated': 6088303616, 'max_memory_reserved': 32321306624}
[WSI] epoch=5 iteration=814 slide=normal_028 N=5 {'train_loss_cls': 0.34765625, 'train_loss_sr': 0.20389029383659363, 'train_loss_total': 0.36804527044296265, 'max_memory_allocated': 3872680448, 'max_memory_reserved': 32321306624}
[WSI] epoch=5 iteration=815 slide=tumor_068 N=15 {'train_loss_cls': 1.015625, 'train_loss_sr': 0.2195909321308136, 'train_loss_total': 1.0375840663909912, 'max_memory_allocated': 11262392832, 'max_memory_reserved': 32321306624}
[WSI] epoch=5 iteration=816 slide=tumor_072 N=20 {'train_loss_cls': 0.92578125, 'train_loss_sr': 0.22951456904411316, 'train_loss_total': 0.9487327337265015, 'max_memory_allocated': 14956255744, 'max_memory_reserved': 32321306624}
[WSI] epoch=5 iteration=817 slide=tumor_020 N=7 {'train_loss_cls': 1.0, 'train_loss_sr': 0.20399770140647888, 'train_loss_total': 1.020399808883667, 'max_memory_allocated': 5349967360, 'max_memory_reserved': 32321306624}
[WSI] epoch=5 iteration=818 slide=normal_146 N=17 {'train_loss_cls': 0.4296875, 'train_loss_sr': 0.16966208815574646, 'train_loss_total': 0.44665372371673584, 'max_memory_allocated': 12739279360, 'max_memory_reserved': 32321306624}
[WSI] epoch=5 iteration=819 slide=normal_114 N=24 {'train_loss_cls': 0.55859375, 'train_loss_sr': 0.17334549129009247, 'train_loss_total': 0.575928270816803, 'max_memory_allocated': 17912973824, 'max_memory_reserved': 32321306624}
[gradient] slide_id=tumor_004 N=15 {'rdn': 1.9750158786773682, 'region_encoder': 0.0, 'abmil': 0.21633023023605347, 'classifier': 4.328417778015137, 'p2w': 0.5600228309631348}
[WSI] epoch=5 iteration=820 slide=tumor_004 N=15 {'train_loss_cls': 0.94140625, 'train_loss_sr': 0.15623262524604797, 'train_loss_total': 0.9570295214653015, 'max_memory_allocated': 11263035904, 'max_memory_reserved': 32321306624}
[WSI] epoch=5 iteration=821 slide=normal_093 N=8 {'train_loss_cls': 0.4453125, 'train_loss_sr': 0.17466524243354797, 'train_loss_total': 0.4627790153026581, 'max_memory_allocated': 6088473088, 'max_memory_reserved': 32321306624}
[WSI] epoch=5 iteration=822 slide=normal_109 N=10 {'train_loss_cls': 0.578125, 'train_loss_sr': 0.14225144684314728, 'train_loss_total': 0.5923501253128052, 'max_memory_allocated': 7566261248, 'max_memory_reserved': 32321306624}
[WSI] epoch=5 iteration=823 slide=normal_054 N=1 {'train_loss_cls': 0.52734375, 'train_loss_sr': 0.2102988213300705, 'train_loss_total': 0.5483736395835876, 'max_memory_allocated': 916365312, 'max_memory_reserved': 32321306624}
[WSI] epoch=5 iteration=824 slide=normal_080 N=15 {'train_loss_cls': 0.5546875, 'train_loss_sr': 0.17209669947624207, 'train_loss_total': 0.5718971490859985, 'max_memory_allocated': 11262208512, 'max_memory_reserved': 32321306624}
[WSI] epoch=5 iteration=825 slide=tumor_058 N=5 {'train_loss_cls': 0.96484375, 'train_loss_sr': 0.1706201583147049, 'train_loss_total': 0.9819057583808899, 'max_memory_allocated': 3872479744, 'max_memory_reserved': 32321306624}
[WSI] epoch=5 iteration=826 slide=normal_011 N=14 {'train_loss_cls': 0.52734375, 'train_loss_sr': 0.17831173539161682, 'train_loss_total': 0.5451748967170715, 'max_memory_allocated': 10522622464, 'max_memory_reserved': 32321306624}
[WSI] epoch=5 iteration=827 slide=tumor_034 N=6 {'train_loss_cls': 0.86328125, 'train_loss_sr': 0.16940942406654358, 'train_loss_total': 0.8802222013473511, 'max_memory_allocated': 4612108800, 'max_memory_reserved': 32321306624}
[WSI] epoch=5 iteration=828 slide=normal_105 N=12 {'train_loss_cls': 0.57421875, 'train_loss_sr': 0.1433883160352707, 'train_loss_total': 0.5885576009750366, 'max_memory_allocated': 9044666880, 'max_memory_reserved': 32321306624}
[WSI] epoch=5 iteration=829 slide=tumor_094 N=16 {'train_loss_cls': 0.80078125, 'train_loss_sr': 0.07327264547348022, 'train_loss_total': 0.8081085085868835, 'max_memory_allocated': 12001289216, 'max_memory_reserved': 32321306624}
[gradient] slide_id=tumor_040 N=10 {'rdn': 1.2567049264907837, 'region_encoder': 0.0, 'abmil': 0.05263989791274071, 'classifier': 5.616216659545898, 'p2w': 0.34131354093551636}
[WSI] epoch=5 iteration=830 slide=tumor_040 N=10 {'train_loss_cls': 0.8828125, 'train_loss_sr': 0.16699440777301788, 'train_loss_total': 0.8995119333267212, 'max_memory_allocated': 7566912000, 'max_memory_reserved': 32321306624}
[WSI] epoch=5 iteration=831 slide=normal_129 N=19 {'train_loss_cls': 0.5546875, 'train_loss_sr': 0.1440839320421219, 'train_loss_total': 0.5690959095954895, 'max_memory_allocated': 14217206272, 'max_memory_reserved': 32321306624}
[WSI] epoch=5 iteration=832 slide=tumor_025 N=9 {'train_loss_cls': 1.0, 'train_loss_sr': 0.20488327741622925, 'train_loss_total': 1.0204883813858032, 'max_memory_allocated': 6828420096, 'max_memory_reserved': 32321306624}
[WSI] epoch=5 iteration=833 slide=normal_067 N=12 {'train_loss_cls': 0.50390625, 'train_loss_sr': 0.19328728318214417, 'train_loss_total': 0.5232349634170532, 'max_memory_allocated': 9045024256, 'max_memory_reserved': 32321306624}
[WSI] epoch=5 iteration=834 slide=tumor_071 N=12 {'train_loss_cls': 0.78125, 'train_loss_sr': 0.16798685491085052, 'train_loss_total': 0.7980486750602722, 'max_memory_allocated': 9044777472, 'max_memory_reserved': 32321306624}
[WSI] epoch=5 iteration=835 slide=normal_145 N=20 {'train_loss_cls': 0.640625, 'train_loss_sr': 0.14240850508213043, 'train_loss_total': 0.6548658609390259, 'max_memory_allocated': 14957009920, 'max_memory_reserved': 32321306624}
[WSI] epoch=5 iteration=836 slide=normal_144 N=12 {'train_loss_cls': 0.59765625, 'train_loss_sr': 0.13807716965675354, 'train_loss_total': 0.6114639639854431, 'max_memory_allocated': 9044978176, 'max_memory_reserved': 32321306624}
[WSI] epoch=5 iteration=837 slide=tumor_037 N=10 {'train_loss_cls': 0.76953125, 'train_loss_sr': 0.13700713217258453, 'train_loss_total': 0.7832319736480713, 'max_memory_allocated': 7566899712, 'max_memory_reserved': 32321306624}
[WSI] epoch=5 iteration=838 slide=normal_078 N=6 {'train_loss_cls': 0.462890625, 'train_loss_sr': 0.17127355933189392, 'train_loss_total': 0.4800179898738861, 'max_memory_allocated': 4612869120, 'max_memory_reserved': 32321306624}
[WSI] epoch=5 iteration=839 slide=normal_022 N=6 {'train_loss_cls': 0.466796875, 'train_loss_sr': 0.11984261125326157, 'train_loss_total': 0.478781133890152, 'max_memory_allocated': 4612316160, 'max_memory_reserved': 32321306624}
[gradient] slide_id=normal_002 N=2 {'rdn': 0.8421125411987305, 'region_encoder': 0.0, 'abmil': 0.008016016334295273, 'classifier': 3.732990264892578, 'p2w': 0.15272200107574463}
[WSI] epoch=5 iteration=840 slide=normal_002 N=2 {'train_loss_cls': 0.462890625, 'train_loss_sr': 0.17579980194568634, 'train_loss_total': 0.48047059774398804, 'max_memory_allocated': 1706887680, 'max_memory_reserved': 32321306624}
[WSI] epoch=5 iteration=841 slide=tumor_050 N=10 {'train_loss_cls': 1.0234375, 'train_loss_sr': 0.15601477026939392, 'train_loss_total': 1.0390390157699585, 'max_memory_allocated': 7566088704, 'max_memory_reserved': 32321306624}
[WSI] epoch=5 iteration=842 slide=normal_096 N=7 {'train_loss_cls': 0.390625, 'train_loss_sr': 0.1290959119796753, 'train_loss_total': 0.40353459119796753, 'max_memory_allocated': 5349792256, 'max_memory_reserved': 32321306624}
[WSI] epoch=5 iteration=843 slide=normal_126 N=17 {'train_loss_cls': 0.57421875, 'train_loss_sr': 0.15130528807640076, 'train_loss_total': 0.5893492698669434, 'max_memory_allocated': 12740265472, 'max_memory_reserved': 32321306624}
[WSI] epoch=5 iteration=844 slide=normal_159 N=14 {'train_loss_cls': 0.60546875, 'train_loss_sr': 0.15654607117176056, 'train_loss_total': 0.6211233735084534, 'max_memory_allocated': 10522024448, 'max_memory_reserved': 32321306624}
[WSI] epoch=5 iteration=845 slide=tumor_057 N=4 {'train_loss_cls': 0.81640625, 'train_loss_sr': 0.13913261890411377, 'train_loss_total': 0.8303195238113403, 'max_memory_allocated': 3132471808, 'max_memory_reserved': 32321306624}
[WSI] epoch=5 iteration=846 slide=tumor_021 N=16 {'train_loss_cls': 0.8203125, 'train_loss_sr': 0.11189711838960648, 'train_loss_total': 0.8315021991729736, 'max_memory_allocated': 12001659392, 'max_memory_reserved': 32321306624}
[WSI] epoch=5 iteration=847 slide=normal_113 N=19 {'train_loss_cls': 0.41015625, 'train_loss_sr': 0.0932161808013916, 'train_loss_total': 0.4194778800010681, 'max_memory_allocated': 14217427456, 'max_memory_reserved': 32321306624}
[WSI] epoch=5 iteration=848 slide=normal_152 N=5 {'train_loss_cls': 0.5703125, 'train_loss_sr': 0.17024977505207062, 'train_loss_total': 0.5873374938964844, 'max_memory_allocated': 3872938496, 'max_memory_reserved': 32321306624}
[WSI] epoch=5 iteration=849 slide=normal_048 N=3 {'train_loss_cls': 0.60546875, 'train_loss_sr': 0.19594216346740723, 'train_loss_total': 0.6250629425048828, 'max_memory_allocated': 2394590208, 'max_memory_reserved': 32321306624}
[gradient] slide_id=tumor_022 N=7 {'rdn': 1.2033402919769287, 'region_encoder': 0.0, 'abmil': 0.015108458697795868, 'classifier': 3.83538818359375, 'p2w': 0.5680530667304993}
[WSI] epoch=5 iteration=850 slide=tumor_022 N=7 {'train_loss_cls': 0.7578125, 'train_loss_sr': 0.13960088789463043, 'train_loss_total': 0.771772563457489, 'max_memory_allocated': 5349792256, 'max_memory_reserved': 32321306624}
[WSI] epoch=5 iteration=851 slide=tumor_038 N=2 {'train_loss_cls': 0.92578125, 'train_loss_sr': 0.12684465944766998, 'train_loss_total': 0.9384657144546509, 'max_memory_allocated': 1707805184, 'max_memory_reserved': 32321306624}
[WSI] epoch=5 iteration=852 slide=tumor_016 N=5 {'train_loss_cls': 1.1796875, 'train_loss_sr': 0.175101637840271, 'train_loss_total': 1.197197675704956, 'max_memory_allocated': 3872680448, 'max_memory_reserved': 32321306624}
[WSI] epoch=5 iteration=853 slide=normal_157 N=16 {'train_loss_cls': 0.44140625, 'train_loss_sr': 0.14776556193828583, 'train_loss_total': 0.4561828076839447, 'max_memory_allocated': 12001905152, 'max_memory_reserved': 32321306624}
[WSI] epoch=5 iteration=854 slide=tumor_001 N=7 {'train_loss_cls': 0.91796875, 'train_loss_sr': 0.12848268449306488, 'train_loss_total': 0.9308170080184937, 'max_memory_allocated': 5349550592, 'max_memory_reserved': 32321306624}
[WSI] epoch=5 iteration=855 slide=normal_104 N=19 {'train_loss_cls': 0.5234375, 'train_loss_sr': 0.08568759262561798, 'train_loss_total': 0.5320062637329102, 'max_memory_allocated': 14217517568, 'max_memory_reserved': 32321306624}
[WSI] epoch=5 iteration=856 slide=tumor_084 N=9 {'train_loss_cls': 0.9140625, 'train_loss_sr': 0.1105981096625328, 'train_loss_total': 0.9251223206520081, 'max_memory_allocated': 6827235840, 'max_memory_reserved': 32321306624}
[WSI] epoch=5 iteration=857 slide=normal_063 N=7 {'train_loss_cls': 0.65234375, 'train_loss_sr': 0.16214077174663544, 'train_loss_total': 0.6685578227043152, 'max_memory_allocated': 5349992960, 'max_memory_reserved': 32321306624}
[WSI] epoch=5 iteration=858 slide=tumor_035 N=4 {'train_loss_cls': 0.62890625, 'train_loss_sr': 0.1508672833442688, 'train_loss_total': 0.6439929604530334, 'max_memory_allocated': 3132962304, 'max_memory_reserved': 32321306624}
[WSI] epoch=5 iteration=859 slide=normal_108 N=2 {'train_loss_cls': 0.453125, 'train_loss_sr': 0.174954354763031, 'train_loss_total': 0.47062042355537415, 'max_memory_allocated': 1707286528, 'max_memory_reserved': 32321306624}
[gradient] slide_id=normal_142 N=20 {'rdn': 0.986326277256012, 'region_encoder': 0.0, 'abmil': 0.14155225455760956, 'classifier': 3.0539631843566895, 'p2w': 0.36678433418273926}
[WSI] epoch=5 iteration=860 slide=normal_142 N=20 {'train_loss_cls': 0.4296875, 'train_loss_sr': 0.12001331150531769, 'train_loss_total': 0.4416888356208801, 'max_memory_allocated': 14957179392, 'max_memory_reserved': 32321306624}
[WSI] epoch=5 iteration=861 slide=tumor_074 N=5 {'train_loss_cls': 0.734375, 'train_loss_sr': 0.15131628513336182, 'train_loss_total': 0.7495066523551941, 'max_memory_allocated': 3872472576, 'max_memory_reserved': 32321306624}
[WSI] epoch=5 iteration=862 slide=tumor_087 N=10 {'train_loss_cls': 0.9140625, 'train_loss_sr': 0.09598980844020844, 'train_loss_total': 0.923661470413208, 'max_memory_allocated': 7566371328, 'max_memory_reserved': 32321306624}
[WSI] epoch=5 iteration=863 slide=tumor_047 N=15 {'train_loss_cls': 0.71484375, 'train_loss_sr': 0.13540321588516235, 'train_loss_total': 0.7283840775489807, 'max_memory_allocated': 11262263808, 'max_memory_reserved': 32321306624}
[WSI] epoch=5 iteration=864 slide=tumor_012 N=7 {'train_loss_cls': 0.83203125, 'train_loss_sr': 0.12144896388053894, 'train_loss_total': 0.844176173210144, 'max_memory_allocated': 5350269440, 'max_memory_reserved': 32321306624}
[WSI] epoch=5 iteration=865 slide=normal_135 N=13 {'train_loss_cls': 0.4921875, 'train_loss_sr': 0.10189994424581528, 'train_loss_total': 0.5023775100708008, 'max_memory_allocated': 9783106048, 'max_memory_reserved': 32321306624}
[WSI] epoch=5 iteration=866 slide=normal_151 N=16 {'train_loss_cls': 0.52734375, 'train_loss_sr': 0.11014382541179657, 'train_loss_total': 0.5383581519126892, 'max_memory_allocated': 12002278912, 'max_memory_reserved': 32321306624}
[WSI] epoch=5 iteration=867 slide=normal_088 N=14 {'train_loss_cls': 0.6796875, 'train_loss_sr': 0.13804706931114197, 'train_loss_total': 0.6934922337532043, 'max_memory_allocated': 10522155520, 'max_memory_reserved': 32321306624}
[WSI] epoch=5 iteration=868 slide=tumor_079 N=14 {'train_loss_cls': 0.78125, 'train_loss_sr': 0.08279194682836533, 'train_loss_total': 0.7895292043685913, 'max_memory_allocated': 10523503104, 'max_memory_reserved': 32321306624}
[WSI] epoch=5 iteration=869 slide=normal_064 N=9 {'train_loss_cls': 0.65234375, 'train_loss_sr': 0.12213747948408127, 'train_loss_total': 0.6645575165748596, 'max_memory_allocated': 6827146752, 'max_memory_reserved': 32321306624}
[gradient] slide_id=tumor_044 N=12 {'rdn': 1.1493926048278809, 'region_encoder': 0.0, 'abmil': 0.07974781841039658, 'classifier': 2.460360527038574, 'p2w': 0.6378358602523804}
[WSI] epoch=5 iteration=870 slide=tumor_044 N=12 {'train_loss_cls': 0.53515625, 'train_loss_sr': 0.13195081055164337, 'train_loss_total': 0.5483513474464417, 'max_memory_allocated': 9045883392, 'max_memory_reserved': 32321306624}
[epoch] {'epoch': 5, 'train_loss_cls': 0.6729862607758621, 'train_loss_sr': 0.252904670591327, 'train_loss_total': 0.6982767299331468, 'train_auc': 0.8112162162162162, 'train_acc': 0.7528735632183908, 'train_bacc': 0.7375675675675675, 'val_loss': 0.6979758522727273, 'val_auc': 0.4841017488076311, 'val_acc': 0.48863636363636365, 'val_bacc': 0.4401165871754107, 'max_memory_allocated': 26041891840, 'max_memory_reserved': 32321306624}
/root/miniconda3/envs/myconda/lib/python3.10/site-packages/torch/utils/checkpoint.py:1399: FutureWarning: `torch.cpu.amp.autocast(args...)` is deprecated. Please use `torch.amp.autocast('cpu', args...)` instead.
  with device_autocast_ctx, torch.cpu.amp.autocast(**cpu_autocast_kwargs), recompute_context:  # type: ignore[attr-defined]
[WSI] epoch=6 iteration=871 slide=tumor_086 N=23 {'train_loss_cls': 0.66796875, 'train_loss_sr': 0.09810991585254669, 'train_loss_total': 0.6777797341346741, 'max_memory_allocated': 17173084672, 'max_memory_reserved': 32321306624}
[WSI] epoch=6 iteration=872 slide=normal_083 N=3 {'train_loss_cls': 0.53515625, 'train_loss_sr': 0.14059437811374664, 'train_loss_total': 0.5492156744003296, 'max_memory_allocated': 2394577920, 'max_memory_reserved': 32321306624}
[WSI] epoch=6 iteration=873 slide=normal_003 N=7 {'train_loss_cls': 0.57421875, 'train_loss_sr': 0.14046689867973328, 'train_loss_total': 0.5882654190063477, 'max_memory_allocated': 5349992960, 'max_memory_reserved': 32321306624}
[WSI] epoch=6 iteration=874 slide=normal_093 N=8 {'train_loss_cls': 0.51171875, 'train_loss_sr': 0.14477142691612244, 'train_loss_total': 0.5261958837509155, 'max_memory_allocated': 6090025472, 'max_memory_reserved': 32321306624}
[WSI] epoch=6 iteration=875 slide=normal_154 N=20 {'train_loss_cls': 0.69921875, 'train_loss_sr': 0.1032155454158783, 'train_loss_total': 0.7095403075218201, 'max_memory_allocated': 14956829184, 'max_memory_reserved': 32321306624}
[WSI] epoch=6 iteration=876 slide=normal_032 N=9 {'train_loss_cls': 0.73828125, 'train_loss_sr': 0.14706222712993622, 'train_loss_total': 0.7529874444007874, 'max_memory_allocated': 6828251648, 'max_memory_reserved': 32321306624}
[WSI] epoch=6 iteration=877 slide=normal_071 N=5 {'train_loss_cls': 0.72265625, 'train_loss_sr': 0.16349750757217407, 'train_loss_total': 0.739005982875824, 'max_memory_allocated': 3872479744, 'max_memory_reserved': 32321306624}
[WSI] epoch=6 iteration=878 slide=tumor_072 N=20 {'train_loss_cls': 0.8359375, 'train_loss_sr': 0.111323282122612, 'train_loss_total': 0.8470697999000549, 'max_memory_allocated': 14957403648, 'max_memory_reserved': 32321306624}
[WSI] epoch=6 iteration=879 slide=tumor_097 N=18 {'train_loss_cls': 0.84375, 'train_loss_sr': 0.09939583390951157, 'train_loss_total': 0.8536896109580994, 'max_memory_allocated': 13478849024, 'max_memory_reserved': 32321306624}
[gradient] slide_id=normal_078 N=6 {'rdn': 1.0559265613555908, 'region_encoder': 0.0, 'abmil': 0.21952451765537262, 'classifier': 2.4307122230529785, 'p2w': 0.29006752371788025}
[WSI] epoch=6 iteration=880 slide=normal_078 N=6 {'train_loss_cls': 0.470703125, 'train_loss_sr': 0.1312684267759323, 'train_loss_total': 0.48382997512817383, 'max_memory_allocated': 4612316160, 'max_memory_reserved': 32321306624}
[WSI] epoch=6 iteration=881 slide=tumor_071 N=12 {'train_loss_cls': 0.6875, 'train_loss_sr': 0.12857617437839508, 'train_loss_total': 0.7003576159477234, 'max_memory_allocated': 9044756992, 'max_memory_reserved': 32321306624}
[WSI] epoch=6 iteration=882 slide=tumor_061 N=13 {'train_loss_cls': 0.462890625, 'train_loss_sr': 0.1426493227481842, 'train_loss_total': 0.47715556621551514, 'max_memory_allocated': 9783471616, 'max_memory_reserved': 32321306624}
[WSI] epoch=6 iteration=883 slide=tumor_021 N=16 {'train_loss_cls': 0.6484375, 'train_loss_sr': 0.12408532947301865, 'train_loss_total': 0.6608460545539856, 'max_memory_allocated': 12001548800, 'max_memory_reserved': 32321306624}
[WSI] epoch=6 iteration=884 slide=tumor_073 N=19 {'train_loss_cls': 0.72265625, 'train_loss_sr': 0.08412103354930878, 'train_loss_total': 0.7310683727264404, 'max_memory_allocated': 14217206272, 'max_memory_reserved': 32321306624}
[WSI] epoch=6 iteration=885 slide=normal_106 N=15 {'train_loss_cls': 0.65625, 'train_loss_sr': 0.10950431227684021, 'train_loss_total': 0.6672004461288452, 'max_memory_allocated': 11262319104, 'max_memory_reserved': 32321306624}
[WSI] epoch=6 iteration=886 slide=normal_015 N=5 {'train_loss_cls': 0.60546875, 'train_loss_sr': 0.16788016259670258, 'train_loss_total': 0.6222567558288574, 'max_memory_allocated': 3872680448, 'max_memory_reserved': 32321306624}
[WSI] epoch=6 iteration=887 slide=normal_062 N=2 {'train_loss_cls': 0.546875, 'train_loss_sr': 0.10043436288833618, 'train_loss_total': 0.5569184422492981, 'max_memory_allocated': 1706789376, 'max_memory_reserved': 32321306624}
[WSI] epoch=6 iteration=888 slide=tumor_084 N=9 {'train_loss_cls': 0.83203125, 'train_loss_sr': 0.104636050760746, 'train_loss_total': 0.8424948453903198, 'max_memory_allocated': 6828088832, 'max_memory_reserved': 32321306624}
[WSI] epoch=6 iteration=889 slide=tumor_040 N=10 {'train_loss_cls': 0.6796875, 'train_loss_sr': 0.11614102125167847, 'train_loss_total': 0.6913015842437744, 'max_memory_allocated': 7566350848, 'max_memory_reserved': 32321306624}
[gradient] slide_id=normal_049 N=2 {'rdn': 1.0527137517929077, 'region_encoder': 0.0, 'abmil': 0.0029662949964404106, 'classifier': 3.430039167404175, 'p2w': 0.5714690685272217}
[WSI] epoch=6 iteration=890 slide=normal_049 N=2 {'train_loss_cls': 0.5625, 'train_loss_sr': 0.12691658735275269, 'train_loss_total': 0.5751916766166687, 'max_memory_allocated': 1707688960, 'max_memory_reserved': 32321306624}
[WSI] epoch=6 iteration=891 slide=normal_124 N=19 {'train_loss_cls': 0.341796875, 'train_loss_sr': 0.13338366150856018, 'train_loss_total': 0.3551352322101593, 'max_memory_allocated': 14217980416, 'max_memory_reserved': 32321306624}
[WSI] epoch=6 iteration=892 slide=normal_107 N=16 {'train_loss_cls': 0.5234375, 'train_loss_sr': 0.11343207955360413, 'train_loss_total': 0.5347806811332703, 'max_memory_allocated': 12001434112, 'max_memory_reserved': 32321306624}
[WSI] epoch=6 iteration=893 slide=tumor_042 N=4 {'train_loss_cls': 0.7890625, 'train_loss_sr': 0.07963427901268005, 'train_loss_total': 0.7970259189605713, 'max_memory_allocated': 3132185088, 'max_memory_reserved': 32321306624}
[WSI] epoch=6 iteration=894 slide=normal_159 N=14 {'train_loss_cls': 0.63671875, 'train_loss_sr': 0.10527634620666504, 'train_loss_total': 0.6472463607788086, 'max_memory_allocated': 10522376704, 'max_memory_reserved': 32321306624}
[WSI] epoch=6 iteration=895 slide=tumor_080 N=6 {'train_loss_cls': 0.75390625, 'train_loss_sr': 0.11215297132730484, 'train_loss_total': 0.7651215195655823, 'max_memory_allocated': 4612316160, 'max_memory_reserved': 32321306624}
[WSI] epoch=6 iteration=896 slide=normal_129 N=19 {'train_loss_cls': 0.58984375, 'train_loss_sr': 0.11787866055965424, 'train_loss_total': 0.6016316413879395, 'max_memory_allocated': 14217296384, 'max_memory_reserved': 32321306624}
[WSI] epoch=6 iteration=897 slide=tumor_048 N=15 {'train_loss_cls': 0.828125, 'train_loss_sr': 0.10571517795324326, 'train_loss_total': 0.8386965394020081, 'max_memory_allocated': 11262519808, 'max_memory_reserved': 32321306624}
[WSI] epoch=6 iteration=898 slide=normal_076 N=24 {'train_loss_cls': 0.6171875, 'train_loss_sr': 0.15648533403873444, 'train_loss_total': 0.6328360438346863, 'max_memory_allocated': 17912089088, 'max_memory_reserved': 32321306624}
[WSI] epoch=6 iteration=899 slide=tumor_034 N=6 {'train_loss_cls': 0.578125, 'train_loss_sr': 0.1731864959001541, 'train_loss_total': 0.5954436659812927, 'max_memory_allocated': 4611873792, 'max_memory_reserved': 32321306624}
[gradient] slide_id=normal_085 N=5 {'rdn': 1.0239979028701782, 'region_encoder': 0.0, 'abmil': 0.03332744166254997, 'classifier': 3.301715135574341, 'p2w': 0.6219378113746643}
[WSI] epoch=6 iteration=900 slide=normal_085 N=5 {'train_loss_cls': 0.59765625, 'train_loss_sr': 0.1373467594385147, 'train_loss_total': 0.6113909482955933, 'max_memory_allocated': 3872680448, 'max_memory_reserved': 32321306624}
[WSI] epoch=6 iteration=901 slide=tumor_037 N=10 {'train_loss_cls': 0.67578125, 'train_loss_sr': 0.12865304946899414, 'train_loss_total': 0.6886465549468994, 'max_memory_allocated': 7566903808, 'max_memory_reserved': 32321306624}
[WSI] epoch=6 iteration=902 slide=normal_131 N=18 {'train_loss_cls': 0.5390625, 'train_loss_sr': 0.11752556264400482, 'train_loss_total': 0.5508150458335876, 'max_memory_allocated': 13477980672, 'max_memory_reserved': 32321306624}
[WSI] epoch=6 iteration=903 slide=tumor_102 N=35 {'train_loss_cls': 0.796875, 'train_loss_sr': 0.14036141335964203, 'train_loss_total': 0.8109111189842224, 'max_memory_allocated': 26041604096, 'max_memory_reserved': 32321306624}
[WSI] epoch=6 iteration=904 slide=tumor_050 N=10 {'train_loss_cls': 1.0859375, 'train_loss_sr': 0.1617995798587799, 'train_loss_total': 1.1021174192428589, 'max_memory_allocated': 7566662144, 'max_memory_reserved': 32321306624}
[WSI] epoch=6 iteration=905 slide=tumor_109 N=10 {'train_loss_cls': 0.6484375, 'train_loss_sr': 0.12535254657268524, 'train_loss_total': 0.6609727740287781, 'max_memory_allocated': 7566440960, 'max_memory_reserved': 32321306624}
[WSI] epoch=6 iteration=906 slide=tumor_107 N=6 {'train_loss_cls': 0.392578125, 'train_loss_sr': 0.10276531428098679, 'train_loss_total': 0.40285465121269226, 'max_memory_allocated': 4611857408, 'max_memory_reserved': 32321306624}
[WSI] epoch=6 iteration=907 slide=tumor_083 N=14 {'train_loss_cls': 0.5, 'train_loss_sr': 0.1269298642873764, 'train_loss_total': 0.5126929879188538, 'max_memory_allocated': 10522369536, 'max_memory_reserved': 32321306624}
[WSI] epoch=6 iteration=908 slide=tumor_103 N=18 {'train_loss_cls': 0.578125, 'train_loss_sr': 0.16009652614593506, 'train_loss_total': 0.5941346287727356, 'max_memory_allocated': 13478001152, 'max_memory_reserved': 32321306624}
[WSI] epoch=6 iteration=909 slide=normal_096 N=7 {'train_loss_cls': 0.640625, 'train_loss_sr': 0.18055379390716553, 'train_loss_total': 0.6586803793907166, 'max_memory_allocated': 5350124032, 'max_memory_reserved': 32321306624}
[gradient] slide_id=tumor_068 N=15 {'rdn': 1.5867408514022827, 'region_encoder': 0.0, 'abmil': 0.38243019580841064, 'classifier': 4.665217876434326, 'p2w': 0.7500237226486206}
[WSI] epoch=6 iteration=910 slide=tumor_068 N=15 {'train_loss_cls': 0.55078125, 'train_loss_sr': 0.14702069759368896, 'train_loss_total': 0.5654833316802979, 'max_memory_allocated': 11262740992, 'max_memory_reserved': 32321306624}
[WSI] epoch=6 iteration=911 slide=normal_039 N=9 {'train_loss_cls': 0.75390625, 'train_loss_sr': 0.11242275685071945, 'train_loss_total': 0.7651485204696655, 'max_memory_allocated': 6827651072, 'max_memory_reserved': 32321306624}
[WSI] epoch=6 iteration=912 slide=normal_047 N=5 {'train_loss_cls': 0.54296875, 'train_loss_sr': 0.17156030237674713, 'train_loss_total': 0.5601247549057007, 'max_memory_allocated': 3872860160, 'max_memory_reserved': 32321306624}
[WSI] epoch=6 iteration=913 slide=normal_121 N=13 {'train_loss_cls': 0.7734375, 'train_loss_sr': 0.15145710110664368, 'train_loss_total': 0.7885832190513611, 'max_memory_allocated': 9783195648, 'max_memory_reserved': 32321306624}
[WSI] epoch=6 iteration=914 slide=tumor_046 N=19 {'train_loss_cls': 0.7109375, 'train_loss_sr': 0.1684187650680542, 'train_loss_total': 0.7277793884277344, 'max_memory_allocated': 14217406976, 'max_memory_reserved': 32321306624}
[WSI] epoch=6 iteration=915 slide=tumor_009 N=12 {'train_loss_cls': 0.7109375, 'train_loss_sr': 0.12033803761005402, 'train_loss_total': 0.7229713201522827, 'max_memory_allocated': 9044535808, 'max_memory_reserved': 32321306624}
[WSI] epoch=6 iteration=916 slide=tumor_005 N=4 {'train_loss_cls': 0.32421875, 'train_loss_sr': 0.12270481884479523, 'train_loss_total': 0.3364892303943634, 'max_memory_allocated': 3133340672, 'max_memory_reserved': 32321306624}
[WSI] epoch=6 iteration=917 slide=normal_151 N=16 {'train_loss_cls': 0.50390625, 'train_loss_sr': 0.15011411905288696, 'train_loss_total': 0.5189176797866821, 'max_memory_allocated': 12002454016, 'max_memory_reserved': 32321306624}
[WSI] epoch=6 iteration=918 slide=normal_058 N=7 {'train_loss_cls': 0.7265625, 'train_loss_sr': 0.1476353406906128, 'train_loss_total': 0.7413260340690613, 'max_memory_allocated': 5349902848, 'max_memory_reserved': 32321306624}
[WSI] epoch=6 iteration=919 slide=normal_089 N=20 {'train_loss_cls': 0.63671875, 'train_loss_sr': 0.14576908946037292, 'train_loss_total': 0.6512956619262695, 'max_memory_allocated': 14956550144, 'max_memory_reserved': 32321306624}
[gradient] slide_id=tumor_079 N=14 {'rdn': 1.9900321960449219, 'region_encoder': 0.0, 'abmil': 0.6728119254112244, 'classifier': 3.9852402210235596, 'p2w': 0.45747730135917664}
[WSI] epoch=6 iteration=920 slide=tumor_079 N=14 {'train_loss_cls': 0.6640625, 'train_loss_sr': 0.10316154360771179, 'train_loss_total': 0.6743786334991455, 'max_memory_allocated': 10523302400, 'max_memory_reserved': 32321306624}
[WSI] epoch=6 iteration=921 slide=normal_080 N=15 {'train_loss_cls': 0.78515625, 'train_loss_sr': 0.13839168846607208, 'train_loss_total': 0.7989954352378845, 'max_memory_allocated': 11262567936, 'max_memory_reserved': 32321306624}
[WSI] epoch=6 iteration=922 slide=normal_158 N=18 {'train_loss_cls': 0.734375, 'train_loss_sr': 0.09025458246469498, 'train_loss_total': 0.7434004545211792, 'max_memory_allocated': 13478312448, 'max_memory_reserved': 32321306624}
[WSI] epoch=6 iteration=923 slide=normal_035 N=1 {'train_loss_cls': 0.62109375, 'train_loss_sr': 0.10812775790691376, 'train_loss_total': 0.6319065093994141, 'max_memory_allocated': 916153856, 'max_memory_reserved': 32321306624}
[WSI] epoch=6 iteration=924 slide=normal_144 N=12 {'train_loss_cls': 0.80078125, 'train_loss_sr': 0.1332836002111435, 'train_loss_total': 0.8141096234321594, 'max_memory_allocated': 9044535808, 'max_memory_reserved': 32321306624}
[WSI] epoch=6 iteration=925 slide=normal_074 N=14 {'train_loss_cls': 0.44921875, 'train_loss_sr': 0.15949277579784393, 'train_loss_total': 0.4651680290699005, 'max_memory_allocated': 10523226624, 'max_memory_reserved': 32321306624}
[WSI] epoch=6 iteration=926 slide=tumor_066 N=7 {'train_loss_cls': 0.6796875, 'train_loss_sr': 0.18211060762405396, 'train_loss_total': 0.6978985667228699, 'max_memory_allocated': 5349979136, 'max_memory_reserved': 32321306624}
[WSI] epoch=6 iteration=927 slide=normal_048 N=3 {'train_loss_cls': 0.609375, 'train_loss_sr': 0.14237448573112488, 'train_loss_total': 0.6236124634742737, 'max_memory_allocated': 2394839552, 'max_memory_reserved': 32321306624}
[WSI] epoch=6 iteration=928 slide=normal_155 N=11 {'train_loss_cls': 0.37109375, 'train_loss_sr': 0.13280132412910461, 'train_loss_total': 0.38437387347221375, 'max_memory_allocated': 8305719296, 'max_memory_reserved': 32321306624}
[WSI] epoch=6 iteration=929 slide=normal_156 N=13 {'train_loss_cls': 0.396484375, 'train_loss_sr': 0.08654752373695374, 'train_loss_total': 0.40513911843299866, 'max_memory_allocated': 9783679488, 'max_memory_reserved': 32321306624}
[gradient] slide_id=tumor_025 N=9 {'rdn': 1.2779793739318848, 'region_encoder': 0.0, 'abmil': 0.13370871543884277, 'classifier': 6.066454887390137, 'p2w': 0.38313084840774536}
[WSI] epoch=6 iteration=930 slide=tumor_025 N=9 {'train_loss_cls': 0.90625, 'train_loss_sr': 0.14345166087150574, 'train_loss_total': 0.9205951690673828, 'max_memory_allocated': 6827366912, 'max_memory_reserved': 32321306624}
[WSI] epoch=6 iteration=931 slide=normal_145 N=20 {'train_loss_cls': 0.58984375, 'train_loss_sr': 0.13169890642166138, 'train_loss_total': 0.6030136346817017, 'max_memory_allocated': 14956704768, 'max_memory_reserved': 32321306624}
[WSI] epoch=6 iteration=932 slide=normal_105 N=12 {'train_loss_cls': 0.5390625, 'train_loss_sr': 0.15264056622982025, 'train_loss_total': 0.5543265342712402, 'max_memory_allocated': 9044763136, 'max_memory_reserved': 32321306624}
[WSI] epoch=6 iteration=933 slide=tumor_088 N=12 {'train_loss_cls': 0.80859375, 'train_loss_sr': 0.11693115532398224, 'train_loss_total': 0.8202868700027466, 'max_memory_allocated': 9044777472, 'max_memory_reserved': 32321306624}
[WSI] epoch=6 iteration=934 slide=tumor_016 N=5 {'train_loss_cls': 1.7265625, 'train_loss_sr': 0.17225581407546997, 'train_loss_total': 1.7437881231307983, 'max_memory_allocated': 3872590336, 'max_memory_reserved': 32321306624}
[WSI] epoch=6 iteration=935 slide=normal_111 N=31 {'train_loss_cls': 0.54296875, 'train_loss_sr': 0.11420172452926636, 'train_loss_total': 0.5543889403343201, 'max_memory_allocated': 23086198272, 'max_memory_reserved': 32321306624}
[WSI] epoch=6 iteration=936 slide=tumor_011 N=6 {'train_loss_cls': 1.3046875, 'train_loss_sr': 0.13235141336917877, 'train_loss_total': 1.317922592163086, 'max_memory_allocated': 4612790272, 'max_memory_reserved': 32321306624}
[WSI] epoch=6 iteration=937 slide=tumor_004 N=15 {'train_loss_cls': 1.1328125, 'train_loss_sr': 0.14789028465747833, 'train_loss_total': 1.1476014852523804, 'max_memory_allocated': 11262188032, 'max_memory_reserved': 32321306624}
[WSI] epoch=6 iteration=938 slide=tumor_043 N=4 {'train_loss_cls': 0.48828125, 'train_loss_sr': 0.23190799355506897, 'train_loss_total': 0.5114720463752747, 'max_memory_allocated': 3132758528, 'max_memory_reserved': 32321306624}
[WSI] epoch=6 iteration=939 slide=tumor_087 N=10 {'train_loss_cls': 0.91796875, 'train_loss_sr': 0.16259866952896118, 'train_loss_total': 0.9342285990715027, 'max_memory_allocated': 7566756352, 'max_memory_reserved': 32321306624}
[gradient] slide_id=normal_002 N=2 {'rdn': 0.9321697950363159, 'region_encoder': 0.0, 'abmil': 0.00396055867895484, 'classifier': 4.125993728637695, 'p2w': 0.14238837361335754}
[WSI] epoch=6 iteration=940 slide=normal_002 N=2 {'train_loss_cls': 0.57421875, 'train_loss_sr': 0.18500898778438568, 'train_loss_total': 0.5927196741104126, 'max_memory_allocated': 1708415488, 'max_memory_reserved': 32321306624}
[WSI] epoch=6 iteration=941 slide=normal_097 N=17 {'train_loss_cls': 0.453125, 'train_loss_sr': 0.25095194578170776, 'train_loss_total': 0.4782201945781708, 'max_memory_allocated': 12740247040, 'max_memory_reserved': 32321306624}
[WSI] epoch=6 iteration=942 slide=normal_087 N=11 {'train_loss_cls': 0.69921875, 'train_loss_sr': 0.16440239548683167, 'train_loss_total': 0.715658962726593, 'max_memory_allocated': 8306305536, 'max_memory_reserved': 32321306624}
[WSI] epoch=6 iteration=943 slide=normal_128 N=11 {'train_loss_cls': 0.65625, 'train_loss_sr': 0.13427585363388062, 'train_loss_total': 0.6696776151657104, 'max_memory_allocated': 8306027008, 'max_memory_reserved': 32321306624}
[WSI] epoch=6 iteration=944 slide=normal_038 N=1 {'train_loss_cls': 0.67578125, 'train_loss_sr': 0.19711768627166748, 'train_loss_total': 0.6954930424690247, 'max_memory_allocated': 916147200, 'max_memory_reserved': 32321306624}
[WSI] epoch=6 iteration=945 slide=tumor_007 N=12 {'train_loss_cls': 0.76171875, 'train_loss_sr': 0.22176507115364075, 'train_loss_total': 0.7838952541351318, 'max_memory_allocated': 9045162496, 'max_memory_reserved': 32321306624}
[WSI] epoch=6 iteration=946 slide=tumor_044 N=12 {'train_loss_cls': 0.5625, 'train_loss_sr': 0.21192406117916107, 'train_loss_total': 0.5836924314498901, 'max_memory_allocated': 9045109248, 'max_memory_reserved': 32321306624}
[WSI] epoch=6 iteration=947 slide=tumor_002 N=5 {'train_loss_cls': 0.76953125, 'train_loss_sr': 0.14675399661064148, 'train_loss_total': 0.7842066287994385, 'max_memory_allocated': 3872217600, 'max_memory_reserved': 32321306624}
[WSI] epoch=6 iteration=948 slide=tumor_020 N=7 {'train_loss_cls': 0.6171875, 'train_loss_sr': 0.16017191112041473, 'train_loss_total': 0.6332046985626221, 'max_memory_allocated': 5350214144, 'max_memory_reserved': 32321306624}
[WSI] epoch=6 iteration=949 slide=normal_104 N=19 {'train_loss_cls': 0.62109375, 'train_loss_sr': 0.16937248408794403, 'train_loss_total': 0.638031005859375, 'max_memory_allocated': 14217549312, 'max_memory_reserved': 32321306624}
[gradient] slide_id=normal_136 N=15 {'rdn': 1.1758536100387573, 'region_encoder': 0.0, 'abmil': 0.16290558874607086, 'classifier': 2.0238964557647705, 'p2w': 0.4226457178592682}
[WSI] epoch=6 iteration=950 slide=normal_136 N=15 {'train_loss_cls': 0.515625, 'train_loss_sr': 0.16823303699493408, 'train_loss_total': 0.5324482917785645, 'max_memory_allocated': 11262945792, 'max_memory_reserved': 32321306624}
[WSI] epoch=6 iteration=951 slide=tumor_060 N=6 {'train_loss_cls': 0.69140625, 'train_loss_sr': 0.16658571362495422, 'train_loss_total': 0.7080647945404053, 'max_memory_allocated': 4612115456, 'max_memory_reserved': 32321306624}
[WSI] epoch=6 iteration=952 slide=normal_029 N=1 {'train_loss_cls': 0.248046875, 'train_loss_sr': 0.1620066612958908, 'train_loss_total': 0.2642475366592407, 'max_memory_allocated': 916147200, 'max_memory_reserved': 32321306624}
[WSI] epoch=6 iteration=953 slide=normal_051 N=3 {'train_loss_cls': 0.396484375, 'train_loss_sr': 0.12527506053447723, 'train_loss_total': 0.4090118706226349, 'max_memory_allocated': 2394577920, 'max_memory_reserved': 32321306624}
[WSI] epoch=6 iteration=954 slide=normal_007 N=3 {'train_loss_cls': 0.69140625, 'train_loss_sr': 0.1426132619380951, 'train_loss_total': 0.7056675553321838, 'max_memory_allocated': 2395274240, 'max_memory_reserved': 32321306624}
[WSI] epoch=6 iteration=955 slide=tumor_022 N=7 {'train_loss_cls': 0.62109375, 'train_loss_sr': 0.09301475435495377, 'train_loss_total': 0.630395233631134, 'max_memory_allocated': 5349992960, 'max_memory_reserved': 32321306624}
[WSI] epoch=6 iteration=956 slide=tumor_019 N=2 {'train_loss_cls': 0.69140625, 'train_loss_sr': 0.11699846386909485, 'train_loss_total': 0.7031061053276062, 'max_memory_allocated': 1707219456, 'max_memory_reserved': 32321306624}
[WSI] epoch=6 iteration=957 slide=tumor_089 N=26 {'train_loss_cls': 0.7890625, 'train_loss_sr': 0.13057628273963928, 'train_loss_total': 0.8021201491355896, 'max_memory_allocated': 19390975488, 'max_memory_reserved': 32321306624}
[WSI] epoch=6 iteration=958 slide=normal_040 N=16 {'train_loss_cls': 0.5546875, 'train_loss_sr': 0.13785764575004578, 'train_loss_total': 0.5684732794761658, 'max_memory_allocated': 12002122240, 'max_memory_reserved': 32321306624}
[WSI] epoch=6 iteration=959 slide=normal_133 N=10 {'train_loss_cls': 0.37890625, 'train_loss_sr': 0.09633614867925644, 'train_loss_total': 0.3885398507118225, 'max_memory_allocated': 7566088704, 'max_memory_reserved': 32321306624}
[gradient] slide_id=normal_153 N=12 {'rdn': 3.3345208168029785, 'region_encoder': 0.0, 'abmil': 0.9985431432723999, 'classifier': 3.211230516433716, 'p2w': 0.4740658104419708}
[WSI] epoch=6 iteration=960 slide=normal_153 N=12 {'train_loss_cls': 0.5625, 'train_loss_sr': 0.16485419869422913, 'train_loss_total': 0.5789853930473328, 'max_memory_allocated': 9044535808, 'max_memory_reserved': 32321306624}
[WSI] epoch=6 iteration=961 slide=normal_119 N=14 {'train_loss_cls': 0.40625, 'train_loss_sr': 0.1665697991847992, 'train_loss_total': 0.4229069948196411, 'max_memory_allocated': 10522450432, 'max_memory_reserved': 32321306624}
[WSI] epoch=6 iteration=962 slide=tumor_082 N=3 {'train_loss_cls': 0.65625, 'train_loss_sr': 0.12050671130418777, 'train_loss_total': 0.6683006882667542, 'max_memory_allocated': 2394970624, 'max_memory_reserved': 32321306624}
[WSI] epoch=6 iteration=963 slide=tumor_057 N=4 {'train_loss_cls': 0.51171875, 'train_loss_sr': 0.1421264261007309, 'train_loss_total': 0.5259314179420471, 'max_memory_allocated': 3132185088, 'max_memory_reserved': 32321306624}
[WSI] epoch=6 iteration=964 slide=tumor_074 N=5 {'train_loss_cls': 0.6796875, 'train_loss_sr': 0.13350071012973785, 'train_loss_total': 0.6930375695228577, 'max_memory_allocated': 3873700352, 'max_memory_reserved': 32321306624}
[WSI] epoch=6 iteration=965 slide=normal_120 N=10 {'train_loss_cls': 0.58984375, 'train_loss_sr': 0.17570233345031738, 'train_loss_total': 0.6074140071868896, 'max_memory_allocated': 7566088704, 'max_memory_reserved': 32321306624}
[WSI] epoch=6 iteration=966 slide=normal_152 N=5 {'train_loss_cls': 0.388671875, 'train_loss_sr': 0.2028774619102478, 'train_loss_total': 0.40895962715148926, 'max_memory_allocated': 3873693696, 'max_memory_reserved': 32321306624}
[WSI] epoch=6 iteration=967 slide=tumor_003 N=7 {'train_loss_cls': 1.3203125, 'train_loss_sr': 0.10594359040260315, 'train_loss_total': 1.330906867980957, 'max_memory_allocated': 5351135232, 'max_memory_reserved': 32321306624}
[WSI] epoch=6 iteration=968 slide=normal_100 N=8 {'train_loss_cls': 0.5703125, 'train_loss_sr': 0.15672370791435242, 'train_loss_total': 0.5859848856925964, 'max_memory_allocated': 6089243136, 'max_memory_reserved': 32321306624}
[WSI] epoch=6 iteration=969 slide=normal_135 N=13 {'train_loss_cls': 0.2314453125, 'train_loss_sr': 0.1464264988899231, 'train_loss_total': 0.2460879683494568, 'max_memory_allocated': 9784105472, 'max_memory_reserved': 32321306624}
[gradient] slide_id=normal_142 N=20 {'rdn': 0.9313837289810181, 'region_encoder': 0.0, 'abmil': 0.02138814702630043, 'classifier': 2.8452494144439697, 'p2w': 0.21632155776023865}
[WSI] epoch=6 iteration=970 slide=normal_142 N=20 {'train_loss_cls': 0.2197265625, 'train_loss_sr': 0.11781863868236542, 'train_loss_total': 0.23150843381881714, 'max_memory_allocated': 14956497408, 'max_memory_reserved': 32321306624}
[WSI] epoch=6 iteration=971 slide=normal_126 N=17 {'train_loss_cls': 0.283203125, 'train_loss_sr': 0.10001838207244873, 'train_loss_total': 0.2932049632072449, 'max_memory_allocated': 12739674112, 'max_memory_reserved': 32321306624}
[WSI] epoch=6 iteration=972 slide=normal_116 N=8 {'train_loss_cls': 0.443359375, 'train_loss_sr': 0.10420860350131989, 'train_loss_total': 0.45378023386001587, 'max_memory_allocated': 6088272384, 'max_memory_reserved': 32321306624}
[WSI] epoch=6 iteration=973 slide=normal_028 N=5 {'train_loss_cls': 0.609375, 'train_loss_sr': 0.17424088716506958, 'train_loss_total': 0.6267991065979004, 'max_memory_allocated': 3872479744, 'max_memory_reserved': 32321306624}
[WSI] epoch=6 iteration=974 slide=tumor_093 N=14 {'train_loss_cls': 1.4765625, 'train_loss_sr': 0.170796737074852, 'train_loss_total': 1.4936422109603882, 'max_memory_allocated': 10522487296, 'max_memory_reserved': 32321306624}
[WSI] epoch=6 iteration=975 slide=normal_053 N=18 {'train_loss_cls': 0.3125, 'train_loss_sr': 0.18304488062858582, 'train_loss_total': 0.3308044970035553, 'max_memory_allocated': 13478185472, 'max_memory_reserved': 32321306624}
[WSI] epoch=6 iteration=976 slide=tumor_015 N=27 {'train_loss_cls': 0.8125, 'train_loss_sr': 0.17092160880565643, 'train_loss_total': 0.8295921683311462, 'max_memory_allocated': 20129925632, 'max_memory_reserved': 32321306624}
[WSI] epoch=6 iteration=977 slide=normal_148 N=5 {'train_loss_cls': 0.8671875, 'train_loss_sr': 0.07803173363208771, 'train_loss_total': 0.874990701675415, 'max_memory_allocated': 3872479744, 'max_memory_reserved': 32321306624}
[WSI] epoch=6 iteration=978 slide=tumor_111 N=4 {'train_loss_cls': 0.91015625, 'train_loss_sr': 0.16909419000148773, 'train_loss_total': 0.9270656704902649, 'max_memory_allocated': 3132930560, 'max_memory_reserved': 32321306624}
[WSI] epoch=6 iteration=979 slide=normal_037 N=8 {'train_loss_cls': 0.71484375, 'train_loss_sr': 0.18353337049484253, 'train_loss_total': 0.7331970930099487, 'max_memory_allocated': 6088362496, 'max_memory_reserved': 32321306624}
[gradient] slide_id=tumor_095 N=29 {'rdn': 4.170352458953857, 'region_encoder': 0.0, 'abmil': 1.1038484573364258, 'classifier': 6.896285057067871, 'p2w': 0.6860162019729614}
[WSI] epoch=6 iteration=980 slide=tumor_095 N=29 {'train_loss_cls': 1.3671875, 'train_loss_sr': 0.17023879289627075, 'train_loss_total': 1.3842114210128784, 'max_memory_allocated': 21607831552, 'max_memory_reserved': 32321306624}
[WSI] epoch=6 iteration=981 slide=normal_079 N=8 {'train_loss_cls': 0.6015625, 'train_loss_sr': 0.17839446663856506, 'train_loss_total': 0.6194019317626953, 'max_memory_allocated': 6088493568, 'max_memory_reserved': 32321306624}
[WSI] epoch=6 iteration=982 slide=normal_113 N=19 {'train_loss_cls': 0.263671875, 'train_loss_sr': 0.13638430833816528, 'train_loss_total': 0.277310311794281, 'max_memory_allocated': 14217869824, 'max_memory_reserved': 32321306624}
[WSI] epoch=6 iteration=983 slide=normal_077 N=5 {'train_loss_cls': 0.48046875, 'train_loss_sr': 0.13234350085258484, 'train_loss_total': 0.49370309710502625, 'max_memory_allocated': 3872248832, 'max_memory_reserved': 32321306624}
[WSI] epoch=6 iteration=984 slide=normal_054 N=1 {'train_loss_cls': 0.60546875, 'train_loss_sr': 0.153886616230011, 'train_loss_total': 0.6208574175834656, 'max_memory_allocated': 916474880, 'max_memory_reserved': 32321306624}
[WSI] epoch=6 iteration=985 slide=normal_022 N=6 {'train_loss_cls': 0.43359375, 'train_loss_sr': 0.13696444034576416, 'train_loss_total': 0.44729018211364746, 'max_memory_allocated': 4612861952, 'max_memory_reserved': 32321306624}
[WSI] epoch=6 iteration=986 slide=normal_088 N=14 {'train_loss_cls': 0.41015625, 'train_loss_sr': 0.14033600687980652, 'train_loss_total': 0.42418986558914185, 'max_memory_allocated': 10522321408, 'max_memory_reserved': 32321306624}
[WSI] epoch=6 iteration=987 slide=normal_052 N=15 {'train_loss_cls': 0.28515625, 'train_loss_sr': 0.1267421990633011, 'train_loss_total': 0.2978304624557495, 'max_memory_allocated': 11262097920, 'max_memory_reserved': 32321306624}
[WSI] epoch=6 iteration=988 slide=tumor_035 N=4 {'train_loss_cls': 0.546875, 'train_loss_sr': 0.12298953533172607, 'train_loss_total': 0.5591739416122437, 'max_memory_allocated': 3132185088, 'max_memory_reserved': 32321306624}
[WSI] epoch=6 iteration=989 slide=tumor_028 N=17 {'train_loss_cls': 1.203125, 'train_loss_sr': 0.16285429894924164, 'train_loss_total': 1.2194104194641113, 'max_memory_allocated': 12740082176, 'max_memory_reserved': 32321306624}
[gradient] slide_id=normal_008 N=1 {'rdn': 1.4357870817184448, 'region_encoder': 0.0, 'abmil': 0.0, 'classifier': 3.4633917808532715, 'p2w': 0.9405686855316162}
[WSI] epoch=6 iteration=990 slide=normal_008 N=1 {'train_loss_cls': 0.322265625, 'train_loss_sr': 0.06143023818731308, 'train_loss_total': 0.3284086585044861, 'max_memory_allocated': 916561920, 'max_memory_reserved': 32321306624}
[WSI] epoch=6 iteration=991 slide=normal_065 N=6 {'train_loss_cls': 0.52734375, 'train_loss_sr': 0.13631799817085266, 'train_loss_total': 0.5409755706787109, 'max_memory_allocated': 4612094976, 'max_memory_reserved': 32321306624}
[WSI] epoch=6 iteration=992 slide=tumor_105 N=6 {'train_loss_cls': 0.9921875, 'train_loss_sr': 0.15232843160629272, 'train_loss_total': 1.007420301437378, 'max_memory_allocated': 4612825088, 'max_memory_reserved': 32321306624}
[WSI] epoch=6 iteration=993 slide=normal_139 N=12 {'train_loss_cls': 0.53125, 'train_loss_sr': 0.11876845359802246, 'train_loss_total': 0.5431268215179443, 'max_memory_allocated': 9044535808, 'max_memory_reserved': 32321306624}
[WSI] epoch=6 iteration=994 slide=tumor_001 N=7 {'train_loss_cls': 1.046875, 'train_loss_sr': 0.15056921541690826, 'train_loss_total': 1.0619319677352905, 'max_memory_allocated': 5349788160, 'max_memory_reserved': 32321306624}
[WSI] epoch=6 iteration=995 slide=tumor_017 N=9 {'train_loss_cls': 1.0546875, 'train_loss_sr': 0.17872163653373718, 'train_loss_total': 1.0725597143173218, 'max_memory_allocated': 6827567616, 'max_memory_reserved': 32321306624}
[WSI] epoch=6 iteration=996 slide=normal_081 N=6 {'train_loss_cls': 0.6640625, 'train_loss_sr': 0.20258955657482147, 'train_loss_total': 0.6843214631080627, 'max_memory_allocated': 4612730368, 'max_memory_reserved': 32321306624}
[WSI] epoch=6 iteration=997 slide=normal_031 N=6 {'train_loss_cls': 0.62890625, 'train_loss_sr': 0.19222068786621094, 'train_loss_total': 0.64812833070755, 'max_memory_allocated': 4612073984, 'max_memory_reserved': 32321306624}
[WSI] epoch=6 iteration=998 slide=tumor_047 N=15 {'train_loss_cls': 0.9609375, 'train_loss_sr': 0.16434182226657867, 'train_loss_total': 0.9773716926574707, 'max_memory_allocated': 11262337536, 'max_memory_reserved': 32321306624}
[WSI] epoch=6 iteration=999 slide=normal_041 N=7 {'train_loss_cls': 0.3046875, 'train_loss_sr': 0.1731927990913391, 'train_loss_total': 0.32200679183006287, 'max_memory_allocated': 5350566400, 'max_memory_reserved': 32321306624}
[gradient] slide_id=tumor_045 N=10 {'rdn': 1.5659486055374146, 'region_encoder': 0.0, 'abmil': 0.19408829510211945, 'classifier': 4.403725624084473, 'p2w': 0.32301825284957886}
[WSI] epoch=6 iteration=1000 slide=tumor_045 N=10 {'train_loss_cls': 0.8125, 'train_loss_sr': 0.18344390392303467, 'train_loss_total': 0.8308444023132324, 'max_memory_allocated': 7566887424, 'max_memory_reserved': 32321306624}
[WSI] epoch=6 iteration=1001 slide=normal_014 N=2 {'train_loss_cls': 0.36328125, 'train_loss_sr': 0.163040429353714, 'train_loss_total': 0.37958529591560364, 'max_memory_allocated': 1706920448, 'max_memory_reserved': 32321306624}
[WSI] epoch=6 iteration=1002 slide=tumor_012 N=7 {'train_loss_cls': 0.8046875, 'train_loss_sr': 0.1605008840560913, 'train_loss_total': 0.8207376003265381, 'max_memory_allocated': 5349530112, 'max_memory_reserved': 32321306624}
[WSI] epoch=6 iteration=1003 slide=normal_095 N=14 {'train_loss_cls': 0.53125, 'train_loss_sr': 0.1648753583431244, 'train_loss_total': 0.5477375388145447, 'max_memory_allocated': 10522183168, 'max_memory_reserved': 32321306624}
[WSI] epoch=6 iteration=1004 slide=tumor_058 N=5 {'train_loss_cls': 1.0078125, 'train_loss_sr': 0.15574446320533752, 'train_loss_total': 1.0233869552612305, 'max_memory_allocated': 3872700928, 'max_memory_reserved': 32321306624}
[WSI] epoch=6 iteration=1005 slide=tumor_094 N=16 {'train_loss_cls': 0.75390625, 'train_loss_sr': 0.07794457674026489, 'train_loss_total': 0.7617006897926331, 'max_memory_allocated': 12001999360, 'max_memory_reserved': 32321306624}
[WSI] epoch=6 iteration=1006 slide=tumor_098 N=9 {'train_loss_cls': 0.7421875, 'train_loss_sr': 0.1395992934703827, 'train_loss_total': 0.7561474442481995, 'max_memory_allocated': 6827401728, 'max_memory_reserved': 32321306624}
[WSI] epoch=6 iteration=1007 slide=tumor_106 N=22 {'train_loss_cls': 0.671875, 'train_loss_sr': 0.20786136388778687, 'train_loss_total': 0.6926611661911011, 'max_memory_allocated': 16434014208, 'max_memory_reserved': 32321306624}
[WSI] epoch=6 iteration=1008 slide=normal_141 N=7 {'train_loss_cls': 0.5234375, 'train_loss_sr': 0.15825435519218445, 'train_loss_total': 0.5392629504203796, 'max_memory_allocated': 5349530112, 'max_memory_reserved': 32321306624}
[WSI] epoch=6 iteration=1009 slide=normal_103 N=8 {'train_loss_cls': 0.72265625, 'train_loss_sr': 0.22213147580623627, 'train_loss_total': 0.7448694109916687, 'max_memory_allocated': 6088120832, 'max_memory_reserved': 32321306624}
[gradient] slide_id=tumor_052 N=15 {'rdn': 3.102104902267456, 'region_encoder': 0.0, 'abmil': 0.4651186168193817, 'classifier': 3.5733492374420166, 'p2w': 0.739848256111145}
[WSI] epoch=6 iteration=1010 slide=tumor_052 N=15 {'train_loss_cls': 0.85546875, 'train_loss_sr': 0.31664758920669556, 'train_loss_total': 0.8871334791183472, 'max_memory_allocated': 11262429696, 'max_memory_reserved': 32321306624}
[WSI] epoch=6 iteration=1011 slide=normal_146 N=17 {'train_loss_cls': 0.61328125, 'train_loss_sr': 0.17985625565052032, 'train_loss_total': 0.6312668919563293, 'max_memory_allocated': 12739500544, 'max_memory_reserved': 32321306624}
[WSI] epoch=6 iteration=1012 slide=tumor_039 N=4 {'train_loss_cls': 0.53515625, 'train_loss_sr': 0.2021920382976532, 'train_loss_total': 0.5553754568099976, 'max_memory_allocated': 3133110784, 'max_memory_reserved': 32321306624}
[WSI] epoch=6 iteration=1013 slide=normal_068 N=6 {'train_loss_cls': 0.796875, 'train_loss_sr': 0.19963470101356506, 'train_loss_total': 0.8168384432792664, 'max_memory_allocated': 4612668416, 'max_memory_reserved': 32321306624}
[WSI] epoch=6 iteration=1014 slide=tumor_054 N=17 {'train_loss_cls': 0.73046875, 'train_loss_sr': 0.15711943805217743, 'train_loss_total': 0.7461807131767273, 'max_memory_allocated': 12740389376, 'max_memory_reserved': 32321306624}
[WSI] epoch=6 iteration=1015 slide=tumor_078 N=15 {'train_loss_cls': 0.5390625, 'train_loss_sr': 0.13475197553634644, 'train_loss_total': 0.5525376796722412, 'max_memory_allocated': 11262077440, 'max_memory_reserved': 32321306624}
[WSI] epoch=6 iteration=1016 slide=tumor_041 N=5 {'train_loss_cls': 0.455078125, 'train_loss_sr': 0.26502856612205505, 'train_loss_total': 0.4815809726715088, 'max_memory_allocated': 3873151488, 'max_memory_reserved': 32321306624}
[WSI] epoch=6 iteration=1017 slide=tumor_027 N=13 {'train_loss_cls': 0.5078125, 'train_loss_sr': 0.28662681579589844, 'train_loss_total': 0.5364751815795898, 'max_memory_allocated': 9783458304, 'max_memory_reserved': 32321306624}
[WSI] epoch=6 iteration=1018 slide=normal_036 N=7 {'train_loss_cls': 0.89453125, 'train_loss_sr': 0.22338049113750458, 'train_loss_total': 0.9168692827224731, 'max_memory_allocated': 5350571008, 'max_memory_reserved': 32321306624}
[WSI] epoch=6 iteration=1019 slide=normal_011 N=14 {'train_loss_cls': 0.98046875, 'train_loss_sr': 0.39145103096961975, 'train_loss_total': 1.0196138620376587, 'max_memory_allocated': 10522044928, 'max_memory_reserved': 32321306624}
[gradient] slide_id=normal_070 N=16 {'rdn': 2.5235676765441895, 'region_encoder': 0.0, 'abmil': 0.30048099160194397, 'classifier': 6.121190071105957, 'p2w': 0.9576162695884705}
[WSI] epoch=6 iteration=1020 slide=normal_070 N=16 {'train_loss_cls': 1.046875, 'train_loss_sr': 0.33752989768981934, 'train_loss_total': 1.0806280374526978, 'max_memory_allocated': 12000975360, 'max_memory_reserved': 32321306624}
[WSI] epoch=6 iteration=1021 slide=normal_012 N=3 {'train_loss_cls': 0.9140625, 'train_loss_sr': 0.39423203468322754, 'train_loss_total': 0.9534857273101807, 'max_memory_allocated': 2394769408, 'max_memory_reserved': 32321306624}
[WSI] epoch=6 iteration=1022 slide=normal_044 N=4 {'train_loss_cls': 0.671875, 'train_loss_sr': 0.3231965899467468, 'train_loss_total': 0.7041946649551392, 'max_memory_allocated': 3132185088, 'max_memory_reserved': 32321306624}
[WSI] epoch=6 iteration=1023 slide=normal_064 N=9 {'train_loss_cls': 0.625, 'train_loss_sr': 0.1550922989845276, 'train_loss_total': 0.6405092477798462, 'max_memory_allocated': 6827675648, 'max_memory_reserved': 32321306624}
[WSI] epoch=6 iteration=1024 slide=normal_084 N=1 {'train_loss_cls': 0.376953125, 'train_loss_sr': 0.4285750091075897, 'train_loss_total': 0.41981062293052673, 'max_memory_allocated': 916147200, 'max_memory_reserved': 32321306624}
[WSI] epoch=6 iteration=1025 slide=tumor_024 N=16 {'train_loss_cls': 0.82421875, 'train_loss_sr': 0.5175553560256958, 'train_loss_total': 0.8759742975234985, 'max_memory_allocated': 12000778752, 'max_memory_reserved': 32321306624}
[WSI] epoch=6 iteration=1026 slide=normal_108 N=2 {'train_loss_cls': 0.455078125, 'train_loss_sr': 0.4002011716365814, 'train_loss_total': 0.4950982332229614, 'max_memory_allocated': 1707010560, 'max_memory_reserved': 32321306624}
[WSI] epoch=6 iteration=1027 slide=tumor_108 N=22 {'train_loss_cls': 0.73046875, 'train_loss_sr': 0.2501223087310791, 'train_loss_total': 0.7554810047149658, 'max_memory_allocated': 16434379264, 'max_memory_reserved': 32321306624}
[WSI] epoch=6 iteration=1028 slide=tumor_038 N=2 {'train_loss_cls': 0.68359375, 'train_loss_sr': 0.39826393127441406, 'train_loss_total': 0.7234201431274414, 'max_memory_allocated': 1706789376, 'max_memory_reserved': 32321306624}
[WSI] epoch=6 iteration=1029 slide=normal_026 N=5 {'train_loss_cls': 0.48828125, 'train_loss_sr': 0.3387502133846283, 'train_loss_total': 0.522156298160553, 'max_memory_allocated': 3872627200, 'max_memory_reserved': 32321306624}
[gradient] slide_id=normal_102 N=11 {'rdn': 2.199572801589966, 'region_encoder': 0.0, 'abmil': 0.1578088104724884, 'classifier': 2.8566014766693115, 'p2w': 1.0722628831863403}
[WSI] epoch=6 iteration=1030 slide=normal_102 N=11 {'train_loss_cls': 0.58203125, 'train_loss_sr': 0.2778547406196594, 'train_loss_total': 0.6098167300224304, 'max_memory_allocated': 8305400320, 'max_memory_reserved': 32321306624}
[WSI] epoch=6 iteration=1031 slide=tumor_081 N=6 {'train_loss_cls': 0.640625, 'train_loss_sr': 0.09254398941993713, 'train_loss_total': 0.6498793959617615, 'max_memory_allocated': 4612084224, 'max_memory_reserved': 32321306624}
[WSI] epoch=6 iteration=1032 slide=tumor_077 N=14 {'train_loss_cls': 0.98828125, 'train_loss_sr': 0.23258638381958008, 'train_loss_total': 1.0115399360656738, 'max_memory_allocated': 10522217472, 'max_memory_reserved': 32321306624}
[WSI] epoch=6 iteration=1033 slide=normal_006 N=1 {'train_loss_cls': 0.373046875, 'train_loss_sr': 0.22261695563793182, 'train_loss_total': 0.39530858397483826, 'max_memory_allocated': 917146624, 'max_memory_reserved': 32321306624}
[WSI] epoch=6 iteration=1034 slide=normal_067 N=12 {'train_loss_cls': 0.63671875, 'train_loss_sr': 0.44233936071395874, 'train_loss_total': 0.6809526681900024, 'max_memory_allocated': 9044515328, 'max_memory_reserved': 32321306624}
[WSI] epoch=6 iteration=1035 slide=normal_109 N=10 {'train_loss_cls': 0.66796875, 'train_loss_sr': 0.4669750928878784, 'train_loss_total': 0.7146662473678589, 'max_memory_allocated': 7566395392, 'max_memory_reserved': 32321306624}
[WSI] epoch=6 iteration=1036 slide=normal_063 N=7 {'train_loss_cls': 0.77734375, 'train_loss_sr': 0.454581618309021, 'train_loss_total': 0.8228018879890442, 'max_memory_allocated': 5349550592, 'max_memory_reserved': 32321306624}
[WSI] epoch=6 iteration=1037 slide=normal_066 N=26 {'train_loss_cls': 0.69140625, 'train_loss_sr': 0.36518675088882446, 'train_loss_total': 0.7279249429702759, 'max_memory_allocated': 19390401024, 'max_memory_reserved': 32321306624}
[WSI] epoch=6 iteration=1038 slide=tumor_049 N=3 {'train_loss_cls': 0.5234375, 'train_loss_sr': 0.3179769515991211, 'train_loss_total': 0.5552352070808411, 'max_memory_allocated': 2394688512, 'max_memory_reserved': 32321306624}
[WSI] epoch=6 iteration=1039 slide=normal_157 N=16 {'train_loss_cls': 0.474609375, 'train_loss_sr': 0.26598766446113586, 'train_loss_total': 0.5012081265449524, 'max_memory_allocated': 12001866752, 'max_memory_reserved': 32321306624}
[gradient] slide_id=normal_114 N=24 {'rdn': 2.0244157314300537, 'region_encoder': 0.0, 'abmil': 0.21070101857185364, 'classifier': 2.5106241703033447, 'p2w': 0.7202619910240173}
[WSI] epoch=6 iteration=1040 slide=normal_114 N=24 {'train_loss_cls': 0.61328125, 'train_loss_sr': 0.27744174003601074, 'train_loss_total': 0.6410254240036011, 'max_memory_allocated': 17912782848, 'max_memory_reserved': 32321306624}
[WSI] epoch=6 iteration=1041 slide=normal_023 N=2 {'train_loss_cls': 0.345703125, 'train_loss_sr': 0.2773662209510803, 'train_loss_total': 0.373439759016037, 'max_memory_allocated': 1706789376, 'max_memory_reserved': 32321306624}
[WSI] epoch=6 iteration=1042 slide=tumor_008 N=14 {'train_loss_cls': 0.92578125, 'train_loss_sr': 0.2168262004852295, 'train_loss_total': 0.947463870048523, 'max_memory_allocated': 10522176000, 'max_memory_reserved': 32321306624}
[WSI] epoch=6 iteration=1043 slide=normal_018 N=3 {'train_loss_cls': 0.330078125, 'train_loss_sr': 0.1940135657787323, 'train_loss_total': 0.3494794964790344, 'max_memory_allocated': 2394902528, 'max_memory_reserved': 32321306624}
[WSI] epoch=6 iteration=1044 slide=normal_061 N=12 {'train_loss_cls': 0.3671875, 'train_loss_sr': 0.22200341522693634, 'train_loss_total': 0.389387845993042, 'max_memory_allocated': 9045121024, 'max_memory_reserved': 32321306624}
[epoch] {'epoch': 6, 'train_loss_cls': 0.6539152298850575, 'train_loss_sr': 0.17346434303741345, 'train_loss_total': 0.6712616666637617, 'train_auc': 0.8083783783783782, 'train_acc': 0.6954022988505747, 'train_bacc': 0.6471621621621622, 'val_loss': 0.7174627130681818, 'val_auc': 0.49390567037625865, 'val_acc': 0.5113636363636364, 'val_bacc': 0.4523052464228935, 'max_memory_allocated': 26041604096, 'max_memory_reserved': 32321306624}
/root/miniconda3/envs/myconda/lib/python3.10/site-packages/torch/utils/checkpoint.py:1399: FutureWarning: `torch.cpu.amp.autocast(args...)` is deprecated. Please use `torch.amp.autocast('cpu', args...)` instead.
  with device_autocast_ctx, torch.cpu.amp.autocast(**cpu_autocast_kwargs), recompute_context:  # type: ignore[attr-defined]
[WSI] epoch=7 iteration=1045 slide=normal_038 N=1 {'train_loss_cls': 0.40234375, 'train_loss_sr': 0.30034488439559937, 'train_loss_total': 0.43237823247909546, 'max_memory_allocated': 916147200, 'max_memory_reserved': 32321306624}
[WSI] epoch=7 iteration=1046 slide=normal_026 N=5 {'train_loss_cls': 0.33984375, 'train_loss_sr': 0.20156821608543396, 'train_loss_total': 0.3600005805492401, 'max_memory_allocated': 3873169408, 'max_memory_reserved': 32321306624}
[WSI] epoch=7 iteration=1047 slide=normal_053 N=18 {'train_loss_cls': 0.279296875, 'train_loss_sr': 0.19517041742801666, 'train_loss_total': 0.29881390929222107, 'max_memory_allocated': 13478471168, 'max_memory_reserved': 32321306624}
[WSI] epoch=7 iteration=1048 slide=tumor_017 N=9 {'train_loss_cls': 1.1015625, 'train_loss_sr': 0.30715033411979675, 'train_loss_total': 1.132277488708496, 'max_memory_allocated': 6827716608, 'max_memory_reserved': 32321306624}
[WSI] epoch=7 iteration=1049 slide=normal_141 N=7 {'train_loss_cls': 0.1669921875, 'train_loss_sr': 0.2565390169620514, 'train_loss_total': 0.1926460862159729, 'max_memory_allocated': 5350662144, 'max_memory_reserved': 32321306624}
[gradient] slide_id=normal_054 N=1 {'rdn': 2.636272430419922, 'region_encoder': 0.0, 'abmil': 0.0, 'classifier': 2.7894809246063232, 'p2w': 0.1803453415632248}
[WSI] epoch=7 iteration=1050 slide=normal_054 N=1 {'train_loss_cls': 0.4921875, 'train_loss_sr': 0.2297312468290329, 'train_loss_total': 0.5151606202125549, 'max_memory_allocated': 917036032, 'max_memory_reserved': 32321306624}
[WSI] epoch=7 iteration=1051 slide=normal_104 N=19 {'train_loss_cls': 0.251953125, 'train_loss_sr': 0.30753034353256226, 'train_loss_total': 0.2827061712741852, 'max_memory_allocated': 14217150976, 'max_memory_reserved': 32321306624}
[WSI] epoch=7 iteration=1052 slide=tumor_097 N=18 {'train_loss_cls': 1.0703125, 'train_loss_sr': 0.23068328201770782, 'train_loss_total': 1.0933808088302612, 'max_memory_allocated': 13478111744, 'max_memory_reserved': 32321306624}
[WSI] epoch=7 iteration=1053 slide=tumor_049 N=3 {'train_loss_cls': 0.53125, 'train_loss_sr': 0.36979466676712036, 'train_loss_total': 0.5682294368743896, 'max_memory_allocated': 2394577920, 'max_memory_reserved': 32321306624}
[WSI] epoch=7 iteration=1054 slide=tumor_034 N=6 {'train_loss_cls': 0.84375, 'train_loss_sr': 0.35108715295791626, 'train_loss_total': 0.8788586854934692, 'max_memory_allocated': 4611853312, 'max_memory_reserved': 32321306624}
[WSI] epoch=7 iteration=1055 slide=tumor_025 N=9 {'train_loss_cls': 0.921875, 'train_loss_sr': 0.3124516010284424, 'train_loss_total': 0.9531201720237732, 'max_memory_allocated': 6827601920, 'max_memory_reserved': 32321306624}
[WSI] epoch=7 iteration=1056 slide=normal_146 N=17 {'train_loss_cls': 0.4375, 'train_loss_sr': 0.24049881100654602, 'train_loss_total': 0.46154987812042236, 'max_memory_allocated': 12739459072, 'max_memory_reserved': 32321306624}
[WSI] epoch=7 iteration=1057 slide=normal_035 N=1 {'train_loss_cls': 0.5390625, 'train_loss_sr': 0.26010066270828247, 'train_loss_total': 0.5650725364685059, 'max_memory_allocated': 916147200, 'max_memory_reserved': 32321306624}
[WSI] epoch=7 iteration=1058 slide=normal_116 N=8 {'train_loss_cls': 0.60546875, 'train_loss_sr': 0.2813756465911865, 'train_loss_total': 0.6336063146591187, 'max_memory_allocated': 6088362496, 'max_memory_reserved': 32321306624}
[WSI] epoch=7 iteration=1059 slide=normal_014 N=2 {'train_loss_cls': 0.43359375, 'train_loss_sr': 0.31763753294944763, 'train_loss_total': 0.4653575122356415, 'max_memory_allocated': 1707813376, 'max_memory_reserved': 32321306624}
[gradient] slide_id=tumor_024 N=16 {'rdn': 2.3671491146087646, 'region_encoder': 0.0, 'abmil': 0.11040956526994705, 'classifier': 3.926378011703491, 'p2w': 0.7392587661743164}
[WSI] epoch=7 iteration=1060 slide=tumor_024 N=16 {'train_loss_cls': 0.515625, 'train_loss_sr': 0.3089344799518585, 'train_loss_total': 0.5465184450149536, 'max_memory_allocated': 12001712128, 'max_memory_reserved': 32321306624}
[WSI] epoch=7 iteration=1061 slide=normal_085 N=5 {'train_loss_cls': 0.51171875, 'train_loss_sr': 0.24193550646305084, 'train_loss_total': 0.535912275314331, 'max_memory_allocated': 3873012224, 'max_memory_reserved': 32321306624}
[WSI] epoch=7 iteration=1062 slide=tumor_057 N=4 {'train_loss_cls': 0.58984375, 'train_loss_sr': 0.24081037938594818, 'train_loss_total': 0.6139248013496399, 'max_memory_allocated': 3134106112, 'max_memory_reserved': 32321306624}
[WSI] epoch=7 iteration=1063 slide=tumor_040 N=10 {'train_loss_cls': 0.69921875, 'train_loss_sr': 0.3010539710521698, 'train_loss_total': 0.7293241620063782, 'max_memory_allocated': 7566572032, 'max_memory_reserved': 32321306624}
[WSI] epoch=7 iteration=1064 slide=normal_068 N=6 {'train_loss_cls': 0.76171875, 'train_loss_sr': 0.3231160640716553, 'train_loss_total': 0.7940303683280945, 'max_memory_allocated': 4612205568, 'max_memory_reserved': 32321306624}
[WSI] epoch=7 iteration=1065 slide=tumor_028 N=17 {'train_loss_cls': 0.63671875, 'train_loss_sr': 0.3686797022819519, 'train_loss_total': 0.6735867261886597, 'max_memory_allocated': 12739590656, 'max_memory_reserved': 32321306624}
[WSI] epoch=7 iteration=1066 slide=normal_080 N=15 {'train_loss_cls': 0.72265625, 'train_loss_sr': 0.3579845428466797, 'train_loss_total': 0.7584546804428101, 'max_memory_allocated': 11262298624, 'max_memory_reserved': 32321306624}
[WSI] epoch=7 iteration=1067 slide=normal_037 N=8 {'train_loss_cls': 0.671875, 'train_loss_sr': 0.23851969838142395, 'train_loss_total': 0.6957269906997681, 'max_memory_allocated': 6088176128, 'max_memory_reserved': 32321306624}
[WSI] epoch=7 iteration=1068 slide=normal_154 N=20 {'train_loss_cls': 0.55078125, 'train_loss_sr': 0.26379209756851196, 'train_loss_total': 0.5771604776382446, 'max_memory_allocated': 14956608000, 'max_memory_reserved': 32321306624}
[WSI] epoch=7 iteration=1069 slide=tumor_022 N=7 {'train_loss_cls': 0.66796875, 'train_loss_sr': 0.3748064935207367, 'train_loss_total': 0.7054494023323059, 'max_memory_allocated': 5350455808, 'max_memory_reserved': 32321306624}
[gradient] slide_id=tumor_002 N=5 {'rdn': 3.52354097366333, 'region_encoder': 0.0, 'abmil': 0.09380385279655457, 'classifier': 10.214902877807617, 'p2w': 0.6459824442863464}
[WSI] epoch=7 iteration=1070 slide=tumor_002 N=5 {'train_loss_cls': 1.0234375, 'train_loss_sr': 0.3014028072357178, 'train_loss_total': 1.0535777807235718, 'max_memory_allocated': 3872217600, 'max_memory_reserved': 32321306624}
[WSI] epoch=7 iteration=1071 slide=normal_157 N=16 {'train_loss_cls': 0.216796875, 'train_loss_sr': 0.29081249237060547, 'train_loss_total': 0.24587813019752502, 'max_memory_allocated': 12001217024, 'max_memory_reserved': 32321306624}
[WSI] epoch=7 iteration=1072 slide=normal_103 N=8 {'train_loss_cls': 0.546875, 'train_loss_sr': 0.19459597766399384, 'train_loss_total': 0.56633460521698, 'max_memory_allocated': 6088161792, 'max_memory_reserved': 32321306624}
[WSI] epoch=7 iteration=1073 slide=tumor_015 N=27 {'train_loss_cls': 0.80078125, 'train_loss_sr': 0.1902123987674713, 'train_loss_total': 0.819802463054657, 'max_memory_allocated': 20128815616, 'max_memory_reserved': 32321306624}
[WSI] epoch=7 iteration=1074 slide=normal_108 N=2 {'train_loss_cls': 0.29296875, 'train_loss_sr': 0.24234624207019806, 'train_loss_total': 0.3172033727169037, 'max_memory_allocated': 1706920448, 'max_memory_reserved': 32321306624}
[WSI] epoch=7 iteration=1075 slide=tumor_084 N=9 {'train_loss_cls': 0.90234375, 'train_loss_sr': 0.23619531095027924, 'train_loss_total': 0.925963282585144, 'max_memory_allocated': 6828394496, 'max_memory_reserved': 32321306624}
[WSI] epoch=7 iteration=1076 slide=normal_007 N=3 {'train_loss_cls': 0.78125, 'train_loss_sr': 0.25382107496261597, 'train_loss_total': 0.8066321015357971, 'max_memory_allocated': 2394942464, 'max_memory_reserved': 32321306624}
[WSI] epoch=7 iteration=1077 slide=normal_114 N=24 {'train_loss_cls': 0.248046875, 'train_loss_sr': 0.16583672165870667, 'train_loss_total': 0.2646305561065674, 'max_memory_allocated': 17913339904, 'max_memory_reserved': 32321306624}
[WSI] epoch=7 iteration=1078 slide=normal_029 N=1 {'train_loss_cls': 0.060546875, 'train_loss_sr': 0.10110782086849213, 'train_loss_total': 0.0706576555967331, 'max_memory_allocated': 916892160, 'max_memory_reserved': 32321306624}
[WSI] epoch=7 iteration=1079 slide=tumor_060 N=6 {'train_loss_cls': 0.73046875, 'train_loss_sr': 0.183069109916687, 'train_loss_total': 0.7487756609916687, 'max_memory_allocated': 4612078592, 'max_memory_reserved': 32321306624}
[gradient] slide_id=tumor_094 N=16 {'rdn': 3.344571828842163, 'region_encoder': 0.0, 'abmil': 0.22837099432945251, 'classifier': 9.99716567993164, 'p2w': 0.7356357574462891}
[WSI] epoch=7 iteration=1080 slide=tumor_094 N=16 {'train_loss_cls': 1.09375, 'train_loss_sr': 0.14208000898361206, 'train_loss_total': 1.1079579591751099, 'max_memory_allocated': 12001592832, 'max_memory_reserved': 32321306624}
[WSI] epoch=7 iteration=1081 slide=tumor_003 N=7 {'train_loss_cls': 1.8671875, 'train_loss_sr': 0.16131360828876495, 'train_loss_total': 1.8833189010620117, 'max_memory_allocated': 5350319616, 'max_memory_reserved': 32321306624}
[WSI] epoch=7 iteration=1082 slide=tumor_086 N=23 {'train_loss_cls': 0.44921875, 'train_loss_sr': 0.14508411288261414, 'train_loss_total': 0.4637271761894226, 'max_memory_allocated': 17173142016, 'max_memory_reserved': 32321306624}
[WSI] epoch=7 iteration=1083 slide=normal_119 N=14 {'train_loss_cls': 0.326171875, 'train_loss_sr': 0.14889398217201233, 'train_loss_total': 0.3410612642765045, 'max_memory_allocated': 10522065408, 'max_memory_reserved': 32321306624}
[WSI] epoch=7 iteration=1084 slide=tumor_047 N=15 {'train_loss_cls': 2.015625, 'train_loss_sr': 0.185910165309906, 'train_loss_total': 2.0342159271240234, 'max_memory_allocated': 11262982656, 'max_memory_reserved': 32321306624}
[WSI] epoch=7 iteration=1085 slide=normal_095 N=14 {'train_loss_cls': 0.53515625, 'train_loss_sr': 0.15766364336013794, 'train_loss_total': 0.5509226322174072, 'max_memory_allocated': 10522487296, 'max_memory_reserved': 32321306624}
[WSI] epoch=7 iteration=1086 slide=tumor_105 N=6 {'train_loss_cls': 0.6015625, 'train_loss_sr': 0.12141097337007523, 'train_loss_total': 0.6137036085128784, 'max_memory_allocated': 4612247040, 'max_memory_reserved': 32321306624}
[WSI] epoch=7 iteration=1087 slide=normal_051 N=3 {'train_loss_cls': 0.6171875, 'train_loss_sr': 0.171321839094162, 'train_loss_total': 0.6343196630477905, 'max_memory_allocated': 2394770432, 'max_memory_reserved': 32321306624}
[WSI] epoch=7 iteration=1088 slide=tumor_037 N=10 {'train_loss_cls': 0.6953125, 'train_loss_sr': 0.15911555290222168, 'train_loss_total': 0.7112240791320801, 'max_memory_allocated': 7566350848, 'max_memory_reserved': 32321306624}
[WSI] epoch=7 iteration=1089 slide=tumor_027 N=13 {'train_loss_cls': 0.390625, 'train_loss_sr': 0.16970306634902954, 'train_loss_total': 0.40759530663490295, 'max_memory_allocated': 9784142336, 'max_memory_reserved': 32321306624}
[gradient] slide_id=normal_144 N=12 {'rdn': 7.934141159057617, 'region_encoder': 0.0, 'abmil': 1.4563995599746704, 'classifier': 11.659892082214355, 'p2w': 0.7485965490341187}
[WSI] epoch=7 iteration=1090 slide=normal_144 N=12 {'train_loss_cls': 1.484375, 'train_loss_sr': 0.18915681540966034, 'train_loss_total': 1.5032906532287598, 'max_memory_allocated': 9045539328, 'max_memory_reserved': 32321306624}
[WSI] epoch=7 iteration=1091 slide=normal_105 N=12 {'train_loss_cls': 0.9453125, 'train_loss_sr': 0.15419107675552368, 'train_loss_total': 0.9607316255569458, 'max_memory_allocated': 9044978176, 'max_memory_reserved': 32321306624}
[WSI] epoch=7 iteration=1092 slide=tumor_087 N=10 {'train_loss_cls': 0.625, 'train_loss_sr': 0.10232973843812943, 'train_loss_total': 0.6352329850196838, 'max_memory_allocated': 7567235584, 'max_memory_reserved': 32321306624}
[WSI] epoch=7 iteration=1093 slide=normal_131 N=18 {'train_loss_cls': 0.8125, 'train_loss_sr': 0.10483931005001068, 'train_loss_total': 0.8229839205741882, 'max_memory_allocated': 13478222336, 'max_memory_reserved': 32321306624}
[WSI] epoch=7 iteration=1094 slide=tumor_039 N=4 {'train_loss_cls': 0.263671875, 'train_loss_sr': 0.13939565420150757, 'train_loss_total': 0.2776114344596863, 'max_memory_allocated': 3132537344, 'max_memory_reserved': 32321306624}
[WSI] epoch=7 iteration=1095 slide=normal_083 N=3 {'train_loss_cls': 0.6953125, 'train_loss_sr': 0.14975661039352417, 'train_loss_total': 0.7102881669998169, 'max_memory_allocated': 2394618368, 'max_memory_reserved': 32321306624}
[WSI] epoch=7 iteration=1096 slide=normal_067 N=12 {'train_loss_cls': 0.890625, 'train_loss_sr': 0.13102740049362183, 'train_loss_total': 0.9037277698516846, 'max_memory_allocated': 9044867584, 'max_memory_reserved': 32321306624}
[WSI] epoch=7 iteration=1097 slide=tumor_079 N=14 {'train_loss_cls': 0.419921875, 'train_loss_sr': 0.1596914380788803, 'train_loss_total': 0.4358910322189331, 'max_memory_allocated': 10522618368, 'max_memory_reserved': 32321306624}
[WSI] epoch=7 iteration=1098 slide=tumor_103 N=18 {'train_loss_cls': 0.5234375, 'train_loss_sr': 0.18852591514587402, 'train_loss_total': 0.5422900915145874, 'max_memory_allocated': 13478091264, 'max_memory_reserved': 32321306624}
[WSI] epoch=7 iteration=1099 slide=normal_126 N=17 {'train_loss_cls': 0.7578125, 'train_loss_sr': 0.14178642630577087, 'train_loss_total': 0.7719911336898804, 'max_memory_allocated': 12739811840, 'max_memory_reserved': 32321306624}
[gradient] slide_id=normal_058 N=7 {'rdn': 1.8002564907073975, 'region_encoder': 0.0, 'abmil': 0.05163390934467316, 'classifier': 4.027351379394531, 'p2w': 0.22444622218608856}
[WSI] epoch=7 iteration=1100 slide=normal_058 N=7 {'train_loss_cls': 0.53125, 'train_loss_sr': 0.16427922248840332, 'train_loss_total': 0.5476779341697693, 'max_memory_allocated': 5349792256, 'max_memory_reserved': 32321306624}
[WSI] epoch=7 iteration=1101 slide=normal_142 N=20 {'train_loss_cls': 0.51953125, 'train_loss_sr': 0.12210890650749207, 'train_loss_total': 0.5317421555519104, 'max_memory_allocated': 14956722688, 'max_memory_reserved': 32321306624}
[WSI] epoch=7 iteration=1102 slide=tumor_102 N=35 {'train_loss_cls': 0.890625, 'train_loss_sr': 0.14009824395179749, 'train_loss_total': 0.9046348333358765, 'max_memory_allocated': 26042599424, 'max_memory_reserved': 32321306624}
[WSI] epoch=7 iteration=1103 slide=normal_124 N=19 {'train_loss_cls': 0.314453125, 'train_loss_sr': 0.10406322032213211, 'train_loss_total': 0.3248594403266907, 'max_memory_allocated': 14217185792, 'max_memory_reserved': 32321306624}
[WSI] epoch=7 iteration=1104 slide=tumor_073 N=19 {'train_loss_cls': 0.80859375, 'train_loss_sr': 0.07528139650821686, 'train_loss_total': 0.8161218762397766, 'max_memory_allocated': 14217137152, 'max_memory_reserved': 32321306624}
[WSI] epoch=7 iteration=1105 slide=normal_089 N=20 {'train_loss_cls': 0.455078125, 'train_loss_sr': 0.19904090464115143, 'train_loss_total': 0.47498220205307007, 'max_memory_allocated': 14956481024, 'max_memory_reserved': 32321306624}
[WSI] epoch=7 iteration=1106 slide=normal_100 N=8 {'train_loss_cls': 0.5703125, 'train_loss_sr': 0.17610569298267365, 'train_loss_total': 0.5879230499267578, 'max_memory_allocated': 6088784384, 'max_memory_reserved': 32321306624}
[WSI] epoch=7 iteration=1107 slide=normal_022 N=6 {'train_loss_cls': 0.4296875, 'train_loss_sr': 0.17154666781425476, 'train_loss_total': 0.44684216380119324, 'max_memory_allocated': 4612693504, 'max_memory_reserved': 32321306624}
[WSI] epoch=7 iteration=1108 slide=normal_071 N=5 {'train_loss_cls': 0.59375, 'train_loss_sr': 0.1790682077407837, 'train_loss_total': 0.6116568446159363, 'max_memory_allocated': 3873270784, 'max_memory_reserved': 32321306624}
[WSI] epoch=7 iteration=1109 slide=normal_023 N=2 {'train_loss_cls': 0.263671875, 'train_loss_sr': 0.18835744261741638, 'train_loss_total': 0.28250762820243835, 'max_memory_allocated': 1706920448, 'max_memory_reserved': 32321306624}
[gradient] slide_id=normal_136 N=15 {'rdn': 1.5144062042236328, 'region_encoder': 0.0, 'abmil': 0.15114924311637878, 'classifier': 2.713331937789917, 'p2w': 0.7357033491134644}
[WSI] epoch=7 iteration=1110 slide=normal_136 N=15 {'train_loss_cls': 0.2451171875, 'train_loss_sr': 0.1229175329208374, 'train_loss_total': 0.2574089467525482, 'max_memory_allocated': 11262319104, 'max_memory_reserved': 32321306624}
[WSI] epoch=7 iteration=1111 slide=tumor_048 N=15 {'train_loss_cls': 1.6953125, 'train_loss_sr': 0.24220725893974304, 'train_loss_total': 1.7195332050323486, 'max_memory_allocated': 11262056960, 'max_memory_reserved': 32321306624}
[WSI] epoch=7 iteration=1112 slide=normal_152 N=5 {'train_loss_cls': 0.236328125, 'train_loss_sr': 0.40063926577568054, 'train_loss_total': 0.27639204263687134, 'max_memory_allocated': 3872803840, 'max_memory_reserved': 32321306624}
[WSI] epoch=7 iteration=1113 slide=normal_028 N=5 {'train_loss_cls': 0.341796875, 'train_loss_sr': 0.26218628883361816, 'train_loss_total': 0.36801549792289734, 'max_memory_allocated': 3873032704, 'max_memory_reserved': 32321306624}
[WSI] epoch=7 iteration=1114 slide=normal_148 N=5 {'train_loss_cls': 0.51953125, 'train_loss_sr': 0.30005761981010437, 'train_loss_total': 0.5495370030403137, 'max_memory_allocated': 3873475072, 'max_memory_reserved': 32321306624}
[WSI] epoch=7 iteration=1115 slide=normal_109 N=10 {'train_loss_cls': 0.443359375, 'train_loss_sr': 0.21757075190544128, 'train_loss_total': 0.4651164412498474, 'max_memory_allocated': 7566115840, 'max_memory_reserved': 32321306624}
[WSI] epoch=7 iteration=1116 slide=normal_097 N=17 {'train_loss_cls': 0.1298828125, 'train_loss_sr': 0.30668774247169495, 'train_loss_total': 0.16055159270763397, 'max_memory_allocated': 12739404800, 'max_memory_reserved': 32321306624}
[WSI] epoch=7 iteration=1117 slide=normal_018 N=3 {'train_loss_cls': 0.244140625, 'train_loss_sr': 0.23642122745513916, 'train_loss_total': 0.2677827477455139, 'max_memory_allocated': 2394860544, 'max_memory_reserved': 32321306624}
[WSI] epoch=7 iteration=1118 slide=tumor_050 N=10 {'train_loss_cls': 1.265625, 'train_loss_sr': 0.2641632556915283, 'train_loss_total': 1.292041301727295, 'max_memory_allocated': 7566350848, 'max_memory_reserved': 32321306624}
[WSI] epoch=7 iteration=1119 slide=normal_039 N=9 {'train_loss_cls': 0.21484375, 'train_loss_sr': 0.2724505364894867, 'train_loss_total': 0.24208880960941315, 'max_memory_allocated': 6827104768, 'max_memory_reserved': 32321306624}
[gradient] slide_id=tumor_066 N=7 {'rdn': 3.8401217460632324, 'region_encoder': 0.0, 'abmil': 0.2881423532962799, 'classifier': 7.986164093017578, 'p2w': 0.686504602432251}
[WSI] epoch=7 iteration=1120 slide=tumor_066 N=7 {'train_loss_cls': 1.21875, 'train_loss_sr': 0.3143447935581207, 'train_loss_total': 1.2501845359802246, 'max_memory_allocated': 5350505472, 'max_memory_reserved': 32321306624}
[WSI] epoch=7 iteration=1121 slide=normal_074 N=14 {'train_loss_cls': 0.1923828125, 'train_loss_sr': 0.3053860068321228, 'train_loss_total': 0.22292141616344452, 'max_memory_allocated': 10522024448, 'max_memory_reserved': 32321306624}
[WSI] epoch=7 iteration=1122 slide=normal_093 N=8 {'train_loss_cls': 0.1787109375, 'train_loss_sr': 0.1706695854663849, 'train_loss_total': 0.19577789306640625, 'max_memory_allocated': 6088915456, 'max_memory_reserved': 32321306624}
[WSI] epoch=7 iteration=1123 slide=normal_048 N=3 {'train_loss_cls': 0.333984375, 'train_loss_sr': 0.21884232759475708, 'train_loss_total': 0.3558686077594757, 'max_memory_allocated': 2394831872, 'max_memory_reserved': 32321306624}
[WSI] epoch=7 iteration=1124 slide=tumor_080 N=6 {'train_loss_cls': 1.1640625, 'train_loss_sr': 0.21730226278305054, 'train_loss_total': 1.1857926845550537, 'max_memory_allocated': 4611984384, 'max_memory_reserved': 32321306624}
[WSI] epoch=7 iteration=1125 slide=tumor_074 N=5 {'train_loss_cls': 0.98046875, 'train_loss_sr': 0.1642579436302185, 'train_loss_total': 0.9968945384025574, 'max_memory_allocated': 3872514560, 'max_memory_reserved': 32321306624}
[WSI] epoch=7 iteration=1126 slide=tumor_007 N=12 {'train_loss_cls': 0.90625, 'train_loss_sr': 0.19575875997543335, 'train_loss_total': 0.9258258938789368, 'max_memory_allocated': 9044601344, 'max_memory_reserved': 32321306624}
[WSI] epoch=7 iteration=1127 slide=normal_139 N=12 {'train_loss_cls': 0.55859375, 'train_loss_sr': 0.12358177453279495, 'train_loss_total': 0.5709519386291504, 'max_memory_allocated': 9045199360, 'max_memory_reserved': 32321306624}
[WSI] epoch=7 iteration=1128 slide=normal_129 N=19 {'train_loss_cls': 0.400390625, 'train_loss_sr': 0.13298803567886353, 'train_loss_total': 0.41368943452835083, 'max_memory_allocated': 14217494528, 'max_memory_reserved': 32321306624}
[WSI] epoch=7 iteration=1129 slide=normal_036 N=7 {'train_loss_cls': 0.1845703125, 'train_loss_sr': 0.19160544872283936, 'train_loss_total': 0.20373085141181946, 'max_memory_allocated': 5349792256, 'max_memory_reserved': 32321306624}
[gradient] slide_id=normal_135 N=13 {'rdn': 1.7630434036254883, 'region_encoder': 0.0, 'abmil': 0.16679377853870392, 'classifier': 1.618375301361084, 'p2w': 0.44017547369003296}
[WSI] epoch=7 iteration=1130 slide=normal_135 N=13 {'train_loss_cls': 0.2275390625, 'train_loss_sr': 0.14264503121376038, 'train_loss_total': 0.24180357158184052, 'max_memory_allocated': 9783589376, 'max_memory_reserved': 32321306624}
[WSI] epoch=7 iteration=1131 slide=normal_145 N=20 {'train_loss_cls': 0.5390625, 'train_loss_sr': 0.17496582865715027, 'train_loss_total': 0.5565590858459473, 'max_memory_allocated': 14956718592, 'max_memory_reserved': 32321306624}
[WSI] epoch=7 iteration=1132 slide=tumor_046 N=19 {'train_loss_cls': 1.078125, 'train_loss_sr': 0.17014075815677643, 'train_loss_total': 1.0951390266418457, 'max_memory_allocated': 14217406976, 'max_memory_reserved': 32321306624}
[WSI] epoch=7 iteration=1133 slide=normal_128 N=11 {'train_loss_cls': 0.453125, 'train_loss_sr': 0.09882368892431259, 'train_loss_total': 0.4630073606967926, 'max_memory_allocated': 8306637312, 'max_memory_reserved': 32321306624}
[WSI] epoch=7 iteration=1134 slide=normal_011 N=14 {'train_loss_cls': 0.484375, 'train_loss_sr': 0.15391141176223755, 'train_loss_total': 0.49976614117622375, 'max_memory_allocated': 10522671616, 'max_memory_reserved': 32321306624}
[WSI] epoch=7 iteration=1135 slide=normal_113 N=19 {'train_loss_cls': 0.1572265625, 'train_loss_sr': 0.13314494490623474, 'train_loss_total': 0.17054106295108795, 'max_memory_allocated': 14217072640, 'max_memory_reserved': 32321306624}
[WSI] epoch=7 iteration=1136 slide=normal_049 N=2 {'train_loss_cls': 0.35546875, 'train_loss_sr': 0.1724448949098587, 'train_loss_total': 0.37271323800086975, 'max_memory_allocated': 1706920448, 'max_memory_reserved': 32321306624}
[WSI] epoch=7 iteration=1137 slide=normal_015 N=5 {'train_loss_cls': 0.486328125, 'train_loss_sr': 0.16139492392539978, 'train_loss_total': 0.5024676322937012, 'max_memory_allocated': 3873807872, 'max_memory_reserved': 32321306624}
[WSI] epoch=7 iteration=1138 slide=tumor_019 N=2 {'train_loss_cls': 0.9140625, 'train_loss_sr': 0.07044874131679535, 'train_loss_total': 0.9211073517799377, 'max_memory_allocated': 1707362816, 'max_memory_reserved': 32321306624}
[WSI] epoch=7 iteration=1139 slide=normal_061 N=12 {'train_loss_cls': 0.25390625, 'train_loss_sr': 0.1468704640865326, 'train_loss_total': 0.26859331130981445, 'max_memory_allocated': 9044867584, 'max_memory_reserved': 32321306624}
[gradient] slide_id=normal_006 N=1 {'rdn': 0.8624086380004883, 'region_encoder': 0.0, 'abmil': 0.0, 'classifier': 1.8860396146774292, 'p2w': 0.14659208059310913}
[WSI] epoch=7 iteration=1140 slide=normal_006 N=1 {'train_loss_cls': 0.240234375, 'train_loss_sr': 0.2024449110031128, 'train_loss_total': 0.2604788541793823, 'max_memory_allocated': 917191168, 'max_memory_reserved': 32321306624}
[WSI] epoch=7 iteration=1141 slide=normal_107 N=16 {'train_loss_cls': 0.203125, 'train_loss_sr': 0.14370456337928772, 'train_loss_total': 0.21749545633792877, 'max_memory_allocated': 12000995840, 'max_memory_reserved': 32321306624}
[WSI] epoch=7 iteration=1142 slide=normal_032 N=9 {'train_loss_cls': 0.337890625, 'train_loss_sr': 0.18442262709140778, 'train_loss_total': 0.3563328981399536, 'max_memory_allocated': 6828035072, 'max_memory_reserved': 32321306624}
[WSI] epoch=7 iteration=1143 slide=normal_133 N=10 {'train_loss_cls': 0.09033203125, 'train_loss_sr': 0.1400904655456543, 'train_loss_total': 0.10434107482433319, 'max_memory_allocated': 7567005184, 'max_memory_reserved': 32321306624}
[WSI] epoch=7 iteration=1144 slide=tumor_054 N=17 {'train_loss_cls': 1.1875, 'train_loss_sr': 0.10708875954151154, 'train_loss_total': 1.1982089281082153, 'max_memory_allocated': 12740033024, 'max_memory_reserved': 32321306624}
[WSI] epoch=7 iteration=1145 slide=tumor_009 N=12 {'train_loss_cls': 1.6953125, 'train_loss_sr': 0.17390061914920807, 'train_loss_total': 1.7127025127410889, 'max_memory_allocated': 9045495296, 'max_memory_reserved': 32321306624}
[WSI] epoch=7 iteration=1146 slide=normal_002 N=2 {'train_loss_cls': 0.244140625, 'train_loss_sr': 0.15539133548736572, 'train_loss_total': 0.25967976450920105, 'max_memory_allocated': 1707362816, 'max_memory_reserved': 32321306624}
[WSI] epoch=7 iteration=1147 slide=tumor_093 N=14 {'train_loss_cls': 2.03125, 'train_loss_sr': 0.17345917224884033, 'train_loss_total': 2.048595905303955, 'max_memory_allocated': 10523030528, 'max_memory_reserved': 32321306624}
[WSI] epoch=7 iteration=1148 slide=tumor_088 N=12 {'train_loss_cls': 1.09375, 'train_loss_sr': 0.14560160040855408, 'train_loss_total': 1.1083101034164429, 'max_memory_allocated': 9044978176, 'max_memory_reserved': 32321306624}
[WSI] epoch=7 iteration=1149 slide=normal_111 N=31 {'train_loss_cls': 0.365234375, 'train_loss_sr': 0.12652097642421722, 'train_loss_total': 0.37788647413253784, 'max_memory_allocated': 23085947392, 'max_memory_reserved': 32321306624}
[gradient] slide_id=tumor_111 N=4 {'rdn': 1.97738516330719, 'region_encoder': 0.0, 'abmil': 0.07231823354959488, 'classifier': 8.58912467956543, 'p2w': 0.515556275844574}
[WSI] epoch=7 iteration=1150 slide=tumor_111 N=4 {'train_loss_cls': 1.0546875, 'train_loss_sr': 0.1611432582139969, 'train_loss_total': 1.070801854133606, 'max_memory_allocated': 3132185088, 'max_memory_reserved': 32321306624}
[WSI] epoch=7 iteration=1151 slide=tumor_052 N=15 {'train_loss_cls': 1.8046875, 'train_loss_sr': 0.15143881738185883, 'train_loss_total': 1.819831371307373, 'max_memory_allocated': 11262650880, 'max_memory_reserved': 32321306624}
[WSI] epoch=7 iteration=1152 slide=tumor_058 N=5 {'train_loss_cls': 0.94921875, 'train_loss_sr': 0.12165172398090363, 'train_loss_total': 0.9613839387893677, 'max_memory_allocated': 3872283136, 'max_memory_reserved': 32321306624}
[WSI] epoch=7 iteration=1153 slide=normal_070 N=16 {'train_loss_cls': 0.51953125, 'train_loss_sr': 0.20882487297058105, 'train_loss_total': 0.5404137372970581, 'max_memory_allocated': 12001548800, 'max_memory_reserved': 32321306624}
[WSI] epoch=7 iteration=1154 slide=tumor_078 N=15 {'train_loss_cls': 0.78125, 'train_loss_sr': 0.2301732748746872, 'train_loss_total': 0.8042673468589783, 'max_memory_allocated': 11262212096, 'max_memory_reserved': 32321306624}
[WSI] epoch=7 iteration=1155 slide=tumor_008 N=14 {'train_loss_cls': 0.52734375, 'train_loss_sr': 0.24527442455291748, 'train_loss_total': 0.5518711805343628, 'max_memory_allocated': 10522286592, 'max_memory_reserved': 32321306624}
[WSI] epoch=7 iteration=1156 slide=tumor_045 N=10 {'train_loss_cls': 0.65625, 'train_loss_sr': 0.22997315227985382, 'train_loss_total': 0.6792473196983337, 'max_memory_allocated': 7566662144, 'max_memory_reserved': 32321306624}
[WSI] epoch=7 iteration=1157 slide=normal_040 N=16 {'train_loss_cls': 0.95703125, 'train_loss_sr': 0.23326526582241058, 'train_loss_total': 0.9803577661514282, 'max_memory_allocated': 12001548800, 'max_memory_reserved': 32321306624}
[WSI] epoch=7 iteration=1158 slide=normal_063 N=7 {'train_loss_cls': 0.984375, 'train_loss_sr': 0.2657456696033478, 'train_loss_total': 1.0109496116638184, 'max_memory_allocated': 5350234624, 'max_memory_reserved': 32321306624}
[WSI] epoch=7 iteration=1159 slide=tumor_089 N=26 {'train_loss_cls': 0.5859375, 'train_loss_sr': 0.336642324924469, 'train_loss_total': 0.6196017265319824, 'max_memory_allocated': 19389955584, 'max_memory_reserved': 32321306624}
[gradient] slide_id=tumor_042 N=4 {'rdn': 1.7192962169647217, 'region_encoder': 0.0, 'abmil': 0.1479051113128662, 'classifier': 3.648465394973755, 'p2w': 0.7149944305419922}
[WSI] epoch=7 iteration=1160 slide=tumor_042 N=4 {'train_loss_cls': 0.5078125, 'train_loss_sr': 0.41201239824295044, 'train_loss_total': 0.5490137338638306, 'max_memory_allocated': 3132744192, 'max_memory_reserved': 32321306624}
[WSI] epoch=7 iteration=1161 slide=tumor_041 N=5 {'train_loss_cls': 0.66015625, 'train_loss_sr': 0.43006592988967896, 'train_loss_total': 0.7031628489494324, 'max_memory_allocated': 3872500736, 'max_memory_reserved': 32321306624}
[WSI] epoch=7 iteration=1162 slide=tumor_108 N=22 {'train_loss_cls': 0.400390625, 'train_loss_sr': 0.27752354741096497, 'train_loss_total': 0.4281429648399353, 'max_memory_allocated': 16434248192, 'max_memory_reserved': 32321306624}
[WSI] epoch=7 iteration=1163 slide=normal_003 N=7 {'train_loss_cls': 0.6640625, 'train_loss_sr': 0.32288485765457153, 'train_loss_total': 0.6963509917259216, 'max_memory_allocated': 5350566400, 'max_memory_reserved': 32321306624}
[WSI] epoch=7 iteration=1164 slide=normal_052 N=15 {'train_loss_cls': 0.7421875, 'train_loss_sr': 0.2910859286785126, 'train_loss_total': 0.7712960839271545, 'max_memory_allocated': 11262740992, 'max_memory_reserved': 32321306624}
[WSI] epoch=7 iteration=1165 slide=tumor_071 N=12 {'train_loss_cls': 0.427734375, 'train_loss_sr': 0.28616321086883545, 'train_loss_total': 0.4563506841659546, 'max_memory_allocated': 9044856320, 'max_memory_reserved': 32321306624}
[WSI] epoch=7 iteration=1166 slide=tumor_061 N=13 {'train_loss_cls': 0.34765625, 'train_loss_sr': 0.3233213424682617, 'train_loss_total': 0.3799883723258972, 'max_memory_allocated': 9783106048, 'max_memory_reserved': 32321306624}
[WSI] epoch=7 iteration=1167 slide=tumor_001 N=7 {'train_loss_cls': 0.54296875, 'train_loss_sr': 0.2764958143234253, 'train_loss_total': 0.5706183314323425, 'max_memory_allocated': 5350013440, 'max_memory_reserved': 32321306624}
[WSI] epoch=7 iteration=1168 slide=tumor_109 N=10 {'train_loss_cls': 0.58203125, 'train_loss_sr': 0.14916683733463287, 'train_loss_total': 0.5969479084014893, 'max_memory_allocated': 7566883328, 'max_memory_reserved': 32321306624}
[WSI] epoch=7 iteration=1169 slide=tumor_021 N=16 {'train_loss_cls': 0.470703125, 'train_loss_sr': 0.1684885323047638, 'train_loss_total': 0.4875519871711731, 'max_memory_allocated': 12001237504, 'max_memory_reserved': 32321306624}
[gradient] slide_id=tumor_082 N=3 {'rdn': 1.6254340410232544, 'region_encoder': 0.0, 'abmil': 0.06379984319210052, 'classifier': 3.2664008140563965, 'p2w': 0.7203465104103088}
[WSI] epoch=7 iteration=1170 slide=tumor_082 N=3 {'train_loss_cls': 0.3828125, 'train_loss_sr': 0.20139887928962708, 'train_loss_total': 0.4029523730278015, 'max_memory_allocated': 2395163648, 'max_memory_reserved': 32321306624}
[WSI] epoch=7 iteration=1171 slide=tumor_035 N=4 {'train_loss_cls': 0.1689453125, 'train_loss_sr': 0.22823569178581238, 'train_loss_total': 0.19176888465881348, 'max_memory_allocated': 3132350464, 'max_memory_reserved': 32321306624}
[WSI] epoch=7 iteration=1172 slide=normal_008 N=1 {'train_loss_cls': 0.80859375, 'train_loss_sr': 0.2459915578365326, 'train_loss_total': 0.8331928849220276, 'max_memory_allocated': 916409344, 'max_memory_reserved': 32321306624}
[WSI] epoch=7 iteration=1173 slide=normal_151 N=16 {'train_loss_cls': 0.79296875, 'train_loss_sr': 0.19574375450611115, 'train_loss_total': 0.8125431537628174, 'max_memory_allocated': 12001790464, 'max_memory_reserved': 32321306624}
[WSI] epoch=7 iteration=1174 slide=tumor_081 N=6 {'train_loss_cls': 0.2734375, 'train_loss_sr': 0.16882973909378052, 'train_loss_total': 0.290320485830307, 'max_memory_allocated': 4612004864, 'max_memory_reserved': 32321306624}
[WSI] epoch=7 iteration=1175 slide=normal_156 N=13 {'train_loss_cls': 0.56640625, 'train_loss_sr': 0.10359298437833786, 'train_loss_total': 0.5767655372619629, 'max_memory_allocated': 9783368192, 'max_memory_reserved': 32321306624}
[WSI] epoch=7 iteration=1176 slide=normal_084 N=1 {'train_loss_cls': 0.67578125, 'train_loss_sr': 0.20532004535198212, 'train_loss_total': 0.6963132619857788, 'max_memory_allocated': 916147200, 'max_memory_reserved': 32321306624}
[WSI] epoch=7 iteration=1177 slide=normal_078 N=6 {'train_loss_cls': 0.6953125, 'train_loss_sr': 0.2061985433101654, 'train_loss_total': 0.7159323692321777, 'max_memory_allocated': 4613184000, 'max_memory_reserved': 32321306624}
[WSI] epoch=7 iteration=1178 slide=tumor_044 N=12 {'train_loss_cls': 0.1826171875, 'train_loss_sr': 0.2899809777736664, 'train_loss_total': 0.21161527931690216, 'max_memory_allocated': 9044666880, 'max_memory_reserved': 32321306624}
[WSI] epoch=7 iteration=1179 slide=normal_096 N=7 {'train_loss_cls': 0.55078125, 'train_loss_sr': 0.4239438474178314, 'train_loss_total': 0.5931756496429443, 'max_memory_allocated': 5349792256, 'max_memory_reserved': 32321306624}
[gradient] slide_id=tumor_011 N=6 {'rdn': 5.295414447784424, 'region_encoder': 0.0, 'abmil': 0.3438374698162079, 'classifier': 12.717037200927734, 'p2w': 0.627411961555481}
[WSI] epoch=7 iteration=1180 slide=tumor_011 N=6 {'train_loss_cls': 1.5625, 'train_loss_sr': 0.2470022439956665, 'train_loss_total': 1.5872001647949219, 'max_memory_allocated': 4612723712, 'max_memory_reserved': 32321306624}
[WSI] epoch=7 iteration=1181 slide=normal_158 N=18 {'train_loss_cls': 0.6484375, 'train_loss_sr': 0.22982695698738098, 'train_loss_total': 0.6714202165603638, 'max_memory_allocated': 13479184384, 'max_memory_reserved': 32321306624}
[WSI] epoch=7 iteration=1182 slide=tumor_072 N=20 {'train_loss_cls': 0.94140625, 'train_loss_sr': 0.24863781034946442, 'train_loss_total': 0.9662700295448303, 'max_memory_allocated': 14956517888, 'max_memory_reserved': 32321306624}
[WSI] epoch=7 iteration=1183 slide=tumor_012 N=7 {'train_loss_cls': 0.99609375, 'train_loss_sr': 0.26119279861450195, 'train_loss_total': 1.0222129821777344, 'max_memory_allocated': 5350308352, 'max_memory_reserved': 32321306624}
[WSI] epoch=7 iteration=1184 slide=normal_088 N=14 {'train_loss_cls': 0.5859375, 'train_loss_sr': 0.31331926584243774, 'train_loss_total': 0.6172693967819214, 'max_memory_allocated': 10522208768, 'max_memory_reserved': 32321306624}
[WSI] epoch=7 iteration=1185 slide=normal_012 N=3 {'train_loss_cls': 0.953125, 'train_loss_sr': 0.30625683069229126, 'train_loss_total': 0.9837507009506226, 'max_memory_allocated': 2394467328, 'max_memory_reserved': 32321306624}
[WSI] epoch=7 iteration=1186 slide=normal_120 N=10 {'train_loss_cls': 0.71875, 'train_loss_sr': 0.2017192393541336, 'train_loss_total': 0.7389219403266907, 'max_memory_allocated': 7566440960, 'max_memory_reserved': 32321306624}
[WSI] epoch=7 iteration=1187 slide=tumor_004 N=15 {'train_loss_cls': 0.69921875, 'train_loss_sr': 0.22728657722473145, 'train_loss_total': 0.721947431564331, 'max_memory_allocated': 11262188032, 'max_memory_reserved': 32321306624}
[WSI] epoch=7 iteration=1188 slide=tumor_020 N=7 {'train_loss_cls': 0.373046875, 'train_loss_sr': 0.19823496043682098, 'train_loss_total': 0.39287036657333374, 'max_memory_allocated': 5350675456, 'max_memory_reserved': 32321306624}
[WSI] epoch=7 iteration=1189 slide=normal_079 N=8 {'train_loss_cls': 0.703125, 'train_loss_sr': 0.23899072408676147, 'train_loss_total': 0.7270240783691406, 'max_memory_allocated': 6088382976, 'max_memory_reserved': 32321306624}
[gradient] slide_id=normal_047 N=5 {'rdn': 1.417184829711914, 'region_encoder': 0.0, 'abmil': 0.23598161339759827, 'classifier': 3.135542154312134, 'p2w': 0.46588122844696045}
[WSI] epoch=7 iteration=1190 slide=normal_047 N=5 {'train_loss_cls': 0.63671875, 'train_loss_sr': 0.2275049388408661, 'train_loss_total': 0.6594692468643188, 'max_memory_allocated': 3873143296, 'max_memory_reserved': 32321306624}
[WSI] epoch=7 iteration=1191 slide=tumor_016 N=5 {'train_loss_cls': 0.69921875, 'train_loss_sr': 0.22719290852546692, 'train_loss_total': 0.7219380140304565, 'max_memory_allocated': 3872569856, 'max_memory_reserved': 32321306624}
[WSI] epoch=7 iteration=1192 slide=normal_031 N=6 {'train_loss_cls': 1.0078125, 'train_loss_sr': 0.22910615801811218, 'train_loss_total': 1.0307230949401855, 'max_memory_allocated': 4612094976, 'max_memory_reserved': 32321306624}
[WSI] epoch=7 iteration=1193 slide=normal_102 N=11 {'train_loss_cls': 0.76953125, 'train_loss_sr': 0.1535816788673401, 'train_loss_total': 0.7848894000053406, 'max_memory_allocated': 8305621504, 'max_memory_reserved': 32321306624}
[WSI] epoch=7 iteration=1194 slide=tumor_106 N=22 {'train_loss_cls': 0.455078125, 'train_loss_sr': 0.14895012974739075, 'train_loss_total': 0.4699731469154358, 'max_memory_allocated': 16434158080, 'max_memory_reserved': 32321306624}
[WSI] epoch=7 iteration=1195 slide=tumor_068 N=15 {'train_loss_cls': 0.671875, 'train_loss_sr': 0.17469900846481323, 'train_loss_total': 0.6893448829650879, 'max_memory_allocated': 11263563264, 'max_memory_reserved': 32321306624}
[WSI] epoch=7 iteration=1196 slide=normal_087 N=11 {'train_loss_cls': 0.8046875, 'train_loss_sr': 0.20639732480049133, 'train_loss_total': 0.8253272175788879, 'max_memory_allocated': 8305420800, 'max_memory_reserved': 32321306624}
[WSI] epoch=7 iteration=1197 slide=tumor_098 N=9 {'train_loss_cls': 0.5625, 'train_loss_sr': 0.15060222148895264, 'train_loss_total': 0.5775602459907532, 'max_memory_allocated': 6828311552, 'max_memory_reserved': 32321306624}
[WSI] epoch=7 iteration=1198 slide=normal_106 N=15 {'train_loss_cls': 0.96875, 'train_loss_sr': 0.14587101340293884, 'train_loss_total': 0.9833371043205261, 'max_memory_allocated': 11262077440, 'max_memory_reserved': 32321306624}
[WSI] epoch=7 iteration=1199 slide=normal_041 N=7 {'train_loss_cls': 0.345703125, 'train_loss_sr': 0.19412024319171906, 'train_loss_total': 0.36511513590812683, 'max_memory_allocated': 5350103552, 'max_memory_reserved': 32321306624}
[gradient] slide_id=tumor_077 N=14 {'rdn': 1.764430284500122, 'region_encoder': 0.0, 'abmil': 0.15301154553890228, 'classifier': 3.758976697921753, 'p2w': 0.38796189427375793}
[WSI] epoch=7 iteration=1200 slide=tumor_077 N=14 {'train_loss_cls': 0.96875, 'train_loss_sr': 0.15424063801765442, 'train_loss_total': 0.9841740727424622, 'max_memory_allocated': 10522716672, 'max_memory_reserved': 32321306624}
[WSI] epoch=7 iteration=1201 slide=normal_077 N=5 {'train_loss_cls': 0.55078125, 'train_loss_sr': 0.23556897044181824, 'train_loss_total': 0.5743381381034851, 'max_memory_allocated': 3872245760, 'max_memory_reserved': 32321306624}
[WSI] epoch=7 iteration=1202 slide=normal_081 N=6 {'train_loss_cls': 0.75390625, 'train_loss_sr': 0.21631157398223877, 'train_loss_total': 0.7755374312400818, 'max_memory_allocated': 4612405760, 'max_memory_reserved': 32321306624}
[WSI] epoch=7 iteration=1203 slide=normal_065 N=6 {'train_loss_cls': 0.88671875, 'train_loss_sr': 0.19657810032367706, 'train_loss_total': 0.9063765406608582, 'max_memory_allocated': 4612115456, 'max_memory_reserved': 32321306624}
[WSI] epoch=7 iteration=1204 slide=normal_121 N=13 {'train_loss_cls': 0.3515625, 'train_loss_sr': 0.163399338722229, 'train_loss_total': 0.3679024279117584, 'max_memory_allocated': 9783589376, 'max_memory_reserved': 32321306624}
[WSI] epoch=7 iteration=1205 slide=normal_076 N=24 {'train_loss_cls': 0.365234375, 'train_loss_sr': 0.20566055178642273, 'train_loss_total': 0.38580042123794556, 'max_memory_allocated': 17912437248, 'max_memory_reserved': 32321306624}
[WSI] epoch=7 iteration=1206 slide=normal_066 N=26 {'train_loss_cls': 0.5234375, 'train_loss_sr': 0.19014635682106018, 'train_loss_total': 0.5424521565437317, 'max_memory_allocated': 19390732800, 'max_memory_reserved': 32321306624}
[WSI] epoch=7 iteration=1207 slide=tumor_107 N=6 {'train_loss_cls': 0.396484375, 'train_loss_sr': 0.14439402520656586, 'train_loss_total': 0.4109237790107727, 'max_memory_allocated': 4612226048, 'max_memory_reserved': 32321306624}
[WSI] epoch=7 iteration=1208 slide=normal_044 N=4 {'train_loss_cls': 0.76953125, 'train_loss_sr': 0.14588871598243713, 'train_loss_total': 0.7841201424598694, 'max_memory_allocated': 3134056448, 'max_memory_reserved': 32321306624}
[WSI] epoch=7 iteration=1209 slide=tumor_095 N=29 {'train_loss_cls': 0.73046875, 'train_loss_sr': 0.13970142602920532, 'train_loss_total': 0.744438886642456, 'max_memory_allocated': 21607398912, 'max_memory_reserved': 32321306624}
[gradient] slide_id=tumor_005 N=4 {'rdn': 3.296400785446167, 'region_encoder': 0.0, 'abmil': 0.31605619192123413, 'classifier': 7.842698097229004, 'p2w': 0.6128507852554321}
[WSI] epoch=7 iteration=1210 slide=tumor_005 N=4 {'train_loss_cls': 0.7890625, 'train_loss_sr': 0.18503409624099731, 'train_loss_total': 0.8075659275054932, 'max_memory_allocated': 3133880832, 'max_memory_reserved': 32321306624}
[WSI] epoch=7 iteration=1211 slide=normal_155 N=11 {'train_loss_cls': 0.26953125, 'train_loss_sr': 0.17573100328445435, 'train_loss_total': 0.2871043384075165, 'max_memory_allocated': 8305732096, 'max_memory_reserved': 32321306624}
[WSI] epoch=7 iteration=1212 slide=tumor_043 N=4 {'train_loss_cls': 0.6796875, 'train_loss_sr': 0.17340946197509766, 'train_loss_total': 0.6970284581184387, 'max_memory_allocated': 3133598208, 'max_memory_reserved': 32321306624}
[WSI] epoch=7 iteration=1213 slide=normal_062 N=2 {'train_loss_cls': 0.46875, 'train_loss_sr': 0.159702330827713, 'train_loss_total': 0.48472023010253906, 'max_memory_allocated': 1707141632, 'max_memory_reserved': 32321306624}
[WSI] epoch=7 iteration=1214 slide=tumor_038 N=2 {'train_loss_cls': 0.734375, 'train_loss_sr': 0.1788303256034851, 'train_loss_total': 0.7522580623626709, 'max_memory_allocated': 1706789376, 'max_memory_reserved': 32321306624}
[WSI] epoch=7 iteration=1215 slide=normal_064 N=9 {'train_loss_cls': 0.310546875, 'train_loss_sr': 0.1810014843940735, 'train_loss_total': 0.32864701747894287, 'max_memory_allocated': 6827788800, 'max_memory_reserved': 32321306624}
[WSI] epoch=7 iteration=1216 slide=normal_159 N=14 {'train_loss_cls': 0.431640625, 'train_loss_sr': 0.14017438888549805, 'train_loss_total': 0.4456580579280853, 'max_memory_allocated': 10522616320, 'max_memory_reserved': 32321306624}
[WSI] epoch=7 iteration=1217 slide=normal_153 N=12 {'train_loss_cls': 0.28125, 'train_loss_sr': 0.12431477755308151, 'train_loss_total': 0.29368147253990173, 'max_memory_allocated': 9046260224, 'max_memory_reserved': 32321306624}
[WSI] epoch=7 iteration=1218 slide=tumor_083 N=14 {'train_loss_cls': 0.41796875, 'train_loss_sr': 0.13225679099559784, 'train_loss_total': 0.4311944246292114, 'max_memory_allocated': 10522790400, 'max_memory_reserved': 32321306624}
[epoch] {'epoch': 7, 'train_loss_cls': 0.6360592896910919, 'train_loss_sr': 0.20968225679692182, 'train_loss_total': 0.6570275137308, 'train_auc': 0.8551351351351352, 'train_acc': 0.7241379310344828, 'train_bacc': 0.6756756756756757, 'val_loss': 0.7016490589488636, 'val_auc': 0.5002649708532062, 'val_acc': 0.5681818181818182, 'val_bacc': 0.5013248542660307, 'max_memory_allocated': 26042599424, 'max_memory_reserved': 32321306624}
/root/miniconda3/envs/myconda/lib/python3.10/site-packages/torch/utils/checkpoint.py:1399: FutureWarning: `torch.cpu.amp.autocast(args...)` is deprecated. Please use `torch.amp.autocast('cpu', args...)` instead.
  with device_autocast_ctx, torch.cpu.amp.autocast(**cpu_autocast_kwargs), recompute_context:  # type: ignore[attr-defined]
[WSI] epoch=8 iteration=1219 slide=normal_107 N=16 {'train_loss_cls': 0.212890625, 'train_loss_sr': 0.13107465207576752, 'train_loss_total': 0.22599808871746063, 'max_memory_allocated': 12001769984, 'max_memory_reserved': 32321306624}
[gradient] slide_id=tumor_077 N=14 {'rdn': 2.8021292686462402, 'region_encoder': 0.0, 'abmil': 0.26054149866104126, 'classifier': 4.384110927581787, 'p2w': 0.3397640585899353}
[WSI] epoch=8 iteration=1220 slide=tumor_077 N=14 {'train_loss_cls': 1.2265625, 'train_loss_sr': 0.11683744192123413, 'train_loss_total': 1.238246202468872, 'max_memory_allocated': 10522044928, 'max_memory_reserved': 32321306624}
[WSI] epoch=8 iteration=1221 slide=normal_104 N=19 {'train_loss_cls': 0.470703125, 'train_loss_sr': 0.13468629121780396, 'train_loss_total': 0.4841717481613159, 'max_memory_allocated': 14216944128, 'max_memory_reserved': 32321306624}
[WSI] epoch=8 iteration=1222 slide=normal_087 N=11 {'train_loss_cls': 0.5078125, 'train_loss_sr': 0.20780307054519653, 'train_loss_total': 0.5285928249359131, 'max_memory_allocated': 8305953280, 'max_memory_reserved': 32321306624}
[WSI] epoch=8 iteration=1223 slide=tumor_027 N=13 {'train_loss_cls': 1.09375, 'train_loss_sr': 0.21276015043258667, 'train_loss_total': 1.1150259971618652, 'max_memory_allocated': 9783126528, 'max_memory_reserved': 32321306624}
[WSI] epoch=8 iteration=1224 slide=normal_083 N=3 {'train_loss_cls': 0.341796875, 'train_loss_sr': 0.18953663110733032, 'train_loss_total': 0.3607505261898041, 'max_memory_allocated': 2395040768, 'max_memory_reserved': 32321306624}
[WSI] epoch=8 iteration=1225 slide=normal_148 N=5 {'train_loss_cls': 0.6484375, 'train_loss_sr': 0.13494831323623657, 'train_loss_total': 0.6619323492050171, 'max_memory_allocated': 3873659392, 'max_memory_reserved': 32321306624}
[WSI] epoch=8 iteration=1226 slide=normal_031 N=6 {'train_loss_cls': 0.62109375, 'train_loss_sr': 0.148814395070076, 'train_loss_total': 0.635975182056427, 'max_memory_allocated': 4612949504, 'max_memory_reserved': 32321306624}
[WSI] epoch=8 iteration=1227 slide=tumor_073 N=19 {'train_loss_cls': 0.90234375, 'train_loss_sr': 0.08343633264303207, 'train_loss_total': 0.9106873869895935, 'max_memory_allocated': 14217898496, 'max_memory_reserved': 32321306624}
[WSI] epoch=8 iteration=1228 slide=normal_089 N=20 {'train_loss_cls': 0.146484375, 'train_loss_sr': 0.13329105079174042, 'train_loss_total': 0.15981347858905792, 'max_memory_allocated': 14956259840, 'max_memory_reserved': 32321306624}
[WSI] epoch=8 iteration=1229 slide=tumor_081 N=6 {'train_loss_cls': 0.8203125, 'train_loss_sr': 0.09990391880273819, 'train_loss_total': 0.830302894115448, 'max_memory_allocated': 4612004864, 'max_memory_reserved': 32321306624}
[gradient] slide_id=normal_095 N=14 {'rdn': 1.4954276084899902, 'region_encoder': 0.0, 'abmil': 0.30528876185417175, 'classifier': 3.3960487842559814, 'p2w': 0.19617047905921936}
[WSI] epoch=8 iteration=1230 slide=normal_095 N=14 {'train_loss_cls': 0.392578125, 'train_loss_sr': 0.1420079916715622, 'train_loss_total': 0.4067789316177368, 'max_memory_allocated': 10522632192, 'max_memory_reserved': 32321306624}
[WSI] epoch=8 iteration=1231 slide=tumor_021 N=16 {'train_loss_cls': 0.71875, 'train_loss_sr': 0.14655397832393646, 'train_loss_total': 0.7334054112434387, 'max_memory_allocated': 12000778752, 'max_memory_reserved': 32321306624}
[WSI] epoch=8 iteration=1232 slide=normal_120 N=10 {'train_loss_cls': 0.423828125, 'train_loss_sr': 0.1480596661567688, 'train_loss_total': 0.43863409757614136, 'max_memory_allocated': 7566551552, 'max_memory_reserved': 32321306624}
[WSI] epoch=8 iteration=1233 slide=normal_088 N=14 {'train_loss_cls': 0.23046875, 'train_loss_sr': 0.1187356561422348, 'train_loss_total': 0.24234232306480408, 'max_memory_allocated': 10522286592, 'max_memory_reserved': 32321306624}
[WSI] epoch=8 iteration=1234 slide=tumor_048 N=15 {'train_loss_cls': 0.8671875, 'train_loss_sr': 0.13724669814109802, 'train_loss_total': 0.880912184715271, 'max_memory_allocated': 11262851584, 'max_memory_reserved': 32321306624}
[WSI] epoch=8 iteration=1235 slide=normal_038 N=1 {'train_loss_cls': 0.5390625, 'train_loss_sr': 0.08879783004522324, 'train_loss_total': 0.5479422807693481, 'max_memory_allocated': 916474880, 'max_memory_reserved': 32321306624}
[WSI] epoch=8 iteration=1236 slide=tumor_082 N=3 {'train_loss_cls': 0.81640625, 'train_loss_sr': 0.03976073116064072, 'train_loss_total': 0.820382297039032, 'max_memory_allocated': 2394115072, 'max_memory_reserved': 32321306624}
[WSI] epoch=8 iteration=1237 slide=tumor_072 N=20 {'train_loss_cls': 1.1953125, 'train_loss_sr': 0.12974952161312103, 'train_loss_total': 1.2082874774932861, 'max_memory_allocated': 14956718592, 'max_memory_reserved': 32321306624}
[WSI] epoch=8 iteration=1238 slide=normal_159 N=14 {'train_loss_cls': 0.365234375, 'train_loss_sr': 0.10553531348705292, 'train_loss_total': 0.3757879137992859, 'max_memory_allocated': 10522286592, 'max_memory_reserved': 32321306624}
[WSI] epoch=8 iteration=1239 slide=tumor_011 N=6 {'train_loss_cls': 1.578125, 'train_loss_sr': 0.11745934188365936, 'train_loss_total': 1.5898709297180176, 'max_memory_allocated': 4612426752, 'max_memory_reserved': 32321306624}
[gradient] slide_id=normal_047 N=5 {'rdn': 1.681833028793335, 'region_encoder': 0.0, 'abmil': 0.2415178418159485, 'classifier': 2.733574390411377, 'p2w': 0.24699948728084564}
[WSI] epoch=8 iteration=1240 slide=normal_047 N=5 {'train_loss_cls': 0.421875, 'train_loss_sr': 0.17211122810840607, 'train_loss_total': 0.43908610939979553, 'max_memory_allocated': 3872479744, 'max_memory_reserved': 32321306624}
[WSI] epoch=8 iteration=1241 slide=tumor_074 N=5 {'train_loss_cls': 0.58203125, 'train_loss_sr': 0.14664694666862488, 'train_loss_total': 0.5966959595680237, 'max_memory_allocated': 3872827904, 'max_memory_reserved': 32321306624}
[WSI] epoch=8 iteration=1242 slide=tumor_008 N=14 {'train_loss_cls': 0.59375, 'train_loss_sr': 0.16794037818908691, 'train_loss_total': 0.6105440258979797, 'max_memory_allocated': 10523003392, 'max_memory_reserved': 32321306624}
[WSI] epoch=8 iteration=1243 slide=tumor_044 N=12 {'train_loss_cls': 0.421875, 'train_loss_sr': 0.15294083952903748, 'train_loss_total': 0.43716907501220703, 'max_memory_allocated': 9045358080, 'max_memory_reserved': 32321306624}
[WSI] epoch=8 iteration=1244 slide=tumor_003 N=7 {'train_loss_cls': 1.1015625, 'train_loss_sr': 0.09699496626853943, 'train_loss_total': 1.1112619638442993, 'max_memory_allocated': 5349792256, 'max_memory_reserved': 32321306624}
[WSI] epoch=8 iteration=1245 slide=tumor_079 N=14 {'train_loss_cls': 0.431640625, 'train_loss_sr': 0.08998395502567291, 'train_loss_total': 0.44063901901245117, 'max_memory_allocated': 10522597888, 'max_memory_reserved': 32321306624}
[WSI] epoch=8 iteration=1246 slide=tumor_097 N=18 {'train_loss_cls': 0.55859375, 'train_loss_sr': 0.09616867452859879, 'train_loss_total': 0.5682106018066406, 'max_memory_allocated': 13478707200, 'max_memory_reserved': 32321306624}
[WSI] epoch=8 iteration=1247 slide=normal_157 N=16 {'train_loss_cls': 0.3984375, 'train_loss_sr': 0.11694648861885071, 'train_loss_total': 0.41013213992118835, 'max_memory_allocated': 12001209856, 'max_memory_reserved': 32321306624}
[WSI] epoch=8 iteration=1248 slide=normal_093 N=8 {'train_loss_cls': 0.396484375, 'train_loss_sr': 0.12216505408287048, 'train_loss_total': 0.4087008833885193, 'max_memory_allocated': 6089120256, 'max_memory_reserved': 32321306624}
[WSI] epoch=8 iteration=1249 slide=tumor_054 N=17 {'train_loss_cls': 0.55078125, 'train_loss_sr': 0.13967391848564148, 'train_loss_total': 0.5647486448287964, 'max_memory_allocated': 12740061696, 'max_memory_reserved': 32321306624}
[gradient] slide_id=tumor_080 N=6 {'rdn': 1.3883670568466187, 'region_encoder': 0.0, 'abmil': 0.07977857440710068, 'classifier': 2.8611977100372314, 'p2w': 0.41997385025024414}
[WSI] epoch=8 iteration=1250 slide=tumor_080 N=6 {'train_loss_cls': 0.412109375, 'train_loss_sr': 0.1440923660993576, 'train_loss_total': 0.42651861906051636, 'max_memory_allocated': 4612537344, 'max_memory_reserved': 32321306624}
[WSI] epoch=8 iteration=1251 slide=normal_040 N=16 {'train_loss_cls': 1.1953125, 'train_loss_sr': 0.12643027305603027, 'train_loss_total': 1.2079554796218872, 'max_memory_allocated': 12002638336, 'max_memory_reserved': 32321306624}
[WSI] epoch=8 iteration=1252 slide=normal_068 N=6 {'train_loss_cls': 0.96484375, 'train_loss_sr': 0.1405714750289917, 'train_loss_total': 0.9789009094238281, 'max_memory_allocated': 4613000192, 'max_memory_reserved': 32321306624}
[WSI] epoch=8 iteration=1253 slide=tumor_071 N=12 {'train_loss_cls': 0.359375, 'train_loss_sr': 0.1633915901184082, 'train_loss_total': 0.37571415305137634, 'max_memory_allocated': 9045051904, 'max_memory_reserved': 32321306624}
[WSI] epoch=8 iteration=1254 slide=normal_156 N=13 {'train_loss_cls': 0.6015625, 'train_loss_sr': 0.12073858827352524, 'train_loss_total': 0.6136363744735718, 'max_memory_allocated': 9783126528, 'max_memory_reserved': 32321306624}
[WSI] epoch=8 iteration=1255 slide=normal_022 N=6 {'train_loss_cls': 0.65625, 'train_loss_sr': 0.14867444336414337, 'train_loss_total': 0.6711174249649048, 'max_memory_allocated': 4612426752, 'max_memory_reserved': 32321306624}
[WSI] epoch=8 iteration=1256 slide=normal_096 N=7 {'train_loss_cls': 0.384765625, 'train_loss_sr': 0.1326962411403656, 'train_loss_total': 0.3980352580547333, 'max_memory_allocated': 5350099456, 'max_memory_reserved': 32321306624}
[WSI] epoch=8 iteration=1257 slide=normal_041 N=7 {'train_loss_cls': 0.400390625, 'train_loss_sr': 0.1373278647661209, 'train_loss_total': 0.41412341594696045, 'max_memory_allocated': 5349792256, 'max_memory_reserved': 32321306624}
[WSI] epoch=8 iteration=1258 slide=tumor_017 N=9 {'train_loss_cls': 0.6796875, 'train_loss_sr': 0.159345805644989, 'train_loss_total': 0.6956220865249634, 'max_memory_allocated': 6828051456, 'max_memory_reserved': 32321306624}
[WSI] epoch=8 iteration=1259 slide=tumor_102 N=35 {'train_loss_cls': 0.60546875, 'train_loss_sr': 0.13785932958126068, 'train_loss_total': 0.6192547082901001, 'max_memory_allocated': 26041850880, 'max_memory_reserved': 32321306624}
[gradient] slide_id=normal_079 N=8 {'rdn': 1.5819206237792969, 'region_encoder': 0.0, 'abmil': 0.05499345809221268, 'classifier': 3.280972957611084, 'p2w': 0.5870690941810608}
[WSI] epoch=8 iteration=1260 slide=normal_079 N=8 {'train_loss_cls': 0.67578125, 'train_loss_sr': 0.13905863463878632, 'train_loss_total': 0.6896871328353882, 'max_memory_allocated': 6088251904, 'max_memory_reserved': 32321306624}
[WSI] epoch=8 iteration=1261 slide=normal_007 N=3 {'train_loss_cls': 0.84375, 'train_loss_sr': 0.13437455892562866, 'train_loss_total': 0.8571874499320984, 'max_memory_allocated': 2395294720, 'max_memory_reserved': 32321306624}
[WSI] epoch=8 iteration=1262 slide=tumor_060 N=6 {'train_loss_cls': 0.53515625, 'train_loss_sr': 0.06754517555236816, 'train_loss_total': 0.5419107675552368, 'max_memory_allocated': 4611984384, 'max_memory_reserved': 32321306624}
[WSI] epoch=8 iteration=1263 slide=normal_139 N=12 {'train_loss_cls': 0.85546875, 'train_loss_sr': 0.07885535061359406, 'train_loss_total': 0.8633542656898499, 'max_memory_allocated': 9045088768, 'max_memory_reserved': 32321306624}
[WSI] epoch=8 iteration=1264 slide=tumor_107 N=6 {'train_loss_cls': 0.1767578125, 'train_loss_sr': 0.13164876401424408, 'train_loss_total': 0.18992269039154053, 'max_memory_allocated': 4613324800, 'max_memory_reserved': 32321306624}
[WSI] epoch=8 iteration=1265 slide=normal_116 N=8 {'train_loss_cls': 0.58203125, 'train_loss_sr': 0.14176221191883087, 'train_loss_total': 0.5962074995040894, 'max_memory_allocated': 6089136640, 'max_memory_reserved': 32321306624}
[WSI] epoch=8 iteration=1266 slide=tumor_068 N=15 {'train_loss_cls': 0.5625, 'train_loss_sr': 0.14915958046913147, 'train_loss_total': 0.577415943145752, 'max_memory_allocated': 11263019520, 'max_memory_reserved': 32321306624}
[WSI] epoch=8 iteration=1267 slide=normal_136 N=15 {'train_loss_cls': 0.443359375, 'train_loss_sr': 0.1192130446434021, 'train_loss_total': 0.45528069138526917, 'max_memory_allocated': 11262319104, 'max_memory_reserved': 32321306624}
[WSI] epoch=8 iteration=1268 slide=normal_133 N=10 {'train_loss_cls': 0.283203125, 'train_loss_sr': 0.10620959103107452, 'train_loss_total': 0.29382407665252686, 'max_memory_allocated': 7566625280, 'max_memory_reserved': 32321306624}
[WSI] epoch=8 iteration=1269 slide=tumor_058 N=5 {'train_loss_cls': 0.76171875, 'train_loss_sr': 0.14129699766635895, 'train_loss_total': 0.7758484482765198, 'max_memory_allocated': 3872217600, 'max_memory_reserved': 32321306624}
[gradient] slide_id=normal_121 N=13 {'rdn': 1.010056734085083, 'region_encoder': 0.0, 'abmil': 0.052998386323451996, 'classifier': 2.150230884552002, 'p2w': 0.47104451060295105}
[WSI] epoch=8 iteration=1270 slide=normal_121 N=13 {'train_loss_cls': 0.291015625, 'train_loss_sr': 0.0785638839006424, 'train_loss_total': 0.2988720238208771, 'max_memory_allocated': 9783171584, 'max_memory_reserved': 32321306624}
[WSI] epoch=8 iteration=1271 slide=tumor_046 N=19 {'train_loss_cls': 0.86328125, 'train_loss_sr': 0.13061456382274628, 'train_loss_total': 0.8763427138328552, 'max_memory_allocated': 14217703936, 'max_memory_reserved': 32321306624}
[WSI] epoch=8 iteration=1272 slide=normal_103 N=8 {'train_loss_cls': 0.6640625, 'train_loss_sr': 0.06860821694135666, 'train_loss_total': 0.6709232926368713, 'max_memory_allocated': 6088382976, 'max_memory_reserved': 32321306624}
[WSI] epoch=8 iteration=1273 slide=normal_084 N=1 {'train_loss_cls': 0.3046875, 'train_loss_sr': 0.09360143542289734, 'train_loss_total': 0.314047634601593, 'max_memory_allocated': 917043712, 'max_memory_reserved': 32321306624}
[WSI] epoch=8 iteration=1274 slide=normal_052 N=15 {'train_loss_cls': 0.640625, 'train_loss_sr': 0.1356968879699707, 'train_loss_total': 0.654194712638855, 'max_memory_allocated': 11262319104, 'max_memory_reserved': 32321306624}
[WSI] epoch=8 iteration=1275 slide=normal_053 N=18 {'train_loss_cls': 0.27734375, 'train_loss_sr': 0.13205474615097046, 'train_loss_total': 0.29054921865463257, 'max_memory_allocated': 13478754304, 'max_memory_reserved': 32321306624}
[WSI] epoch=8 iteration=1276 slide=tumor_038 N=2 {'train_loss_cls': 0.4296875, 'train_loss_sr': 0.16535186767578125, 'train_loss_total': 0.4462226927280426, 'max_memory_allocated': 1708325376, 'max_memory_reserved': 32321306624}
[WSI] epoch=8 iteration=1277 slide=tumor_108 N=22 {'train_loss_cls': 0.287109375, 'train_loss_sr': 0.11708762496709824, 'train_loss_total': 0.2988181412220001, 'max_memory_allocated': 16433895936, 'max_memory_reserved': 32321306624}
[WSI] epoch=8 iteration=1278 slide=tumor_084 N=9 {'train_loss_cls': 0.75, 'train_loss_sr': 0.13877063989639282, 'train_loss_total': 0.7638770341873169, 'max_memory_allocated': 6827457024, 'max_memory_reserved': 32321306624}
[WSI] epoch=8 iteration=1279 slide=tumor_004 N=15 {'train_loss_cls': 0.6328125, 'train_loss_sr': 0.1299372911453247, 'train_loss_total': 0.6458062529563904, 'max_memory_allocated': 11262298624, 'max_memory_reserved': 32321306624}
[gradient] slide_id=normal_145 N=20 {'rdn': 1.4236575365066528, 'region_encoder': 0.0, 'abmil': 0.03735554590821266, 'classifier': 3.6197733879089355, 'p2w': 0.32470574975013733}
[WSI] epoch=8 iteration=1280 slide=normal_145 N=20 {'train_loss_cls': 0.69140625, 'train_loss_sr': 0.09534664452075958, 'train_loss_total': 0.7009409070014954, 'max_memory_allocated': 14956386816, 'max_memory_reserved': 32321306624}
[WSI] epoch=8 iteration=1281 slide=normal_035 N=1 {'train_loss_cls': 0.46484375, 'train_loss_sr': 0.07021279633045197, 'train_loss_total': 0.4718650281429291, 'max_memory_allocated': 916147200, 'max_memory_reserved': 32321306624}
[WSI] epoch=8 iteration=1282 slide=tumor_111 N=4 {'train_loss_cls': 0.6171875, 'train_loss_sr': 0.10280440002679825, 'train_loss_total': 0.627467930316925, 'max_memory_allocated': 3132226048, 'max_memory_reserved': 32321306624}
[WSI] epoch=8 iteration=1283 slide=tumor_012 N=7 {'train_loss_cls': 0.91015625, 'train_loss_sr': 0.12392402440309525, 'train_loss_total': 0.9225486516952515, 'max_memory_allocated': 5349882368, 'max_memory_reserved': 32321306624}
[WSI] epoch=8 iteration=1284 slide=normal_036 N=7 {'train_loss_cls': 0.255859375, 'train_loss_sr': 0.14682316780090332, 'train_loss_total': 0.2705416977405548, 'max_memory_allocated': 5349644800, 'max_memory_reserved': 32321306624}
[WSI] epoch=8 iteration=1285 slide=normal_066 N=26 {'train_loss_cls': 0.76171875, 'train_loss_sr': 0.13624119758605957, 'train_loss_total': 0.7753428816795349, 'max_memory_allocated': 19391306240, 'max_memory_reserved': 32321306624}
[WSI] epoch=8 iteration=1286 slide=normal_061 N=12 {'train_loss_cls': 0.55078125, 'train_loss_sr': 0.14970239996910095, 'train_loss_total': 0.5657514929771423, 'max_memory_allocated': 9045244416, 'max_memory_reserved': 32321306624}
[WSI] epoch=8 iteration=1287 slide=normal_015 N=5 {'train_loss_cls': 0.5078125, 'train_loss_sr': 0.13704827427864075, 'train_loss_total': 0.5215173363685608, 'max_memory_allocated': 3873479680, 'max_memory_reserved': 32321306624}
[WSI] epoch=8 iteration=1288 slide=normal_154 N=20 {'train_loss_cls': 0.671875, 'train_loss_sr': 0.09189872443675995, 'train_loss_total': 0.6810648441314697, 'max_memory_allocated': 14956287488, 'max_memory_reserved': 32321306624}
[WSI] epoch=8 iteration=1289 slide=tumor_050 N=10 {'train_loss_cls': 0.69140625, 'train_loss_sr': 0.1387903094291687, 'train_loss_total': 0.7052853107452393, 'max_memory_allocated': 7566627328, 'max_memory_reserved': 32321306624}
[gradient] slide_id=normal_002 N=2 {'rdn': 1.3136757612228394, 'region_encoder': 0.0, 'abmil': 0.0002719301264733076, 'classifier': 3.8124446868896484, 'p2w': 0.4940987229347229}
[WSI] epoch=8 iteration=1290 slide=normal_002 N=2 {'train_loss_cls': 0.47265625, 'train_loss_sr': 0.1260070651769638, 'train_loss_total': 0.48525696992874146, 'max_memory_allocated': 1706789376, 'max_memory_reserved': 32321306624}
[WSI] epoch=8 iteration=1291 slide=normal_039 N=9 {'train_loss_cls': 0.35546875, 'train_loss_sr': 0.10094098746776581, 'train_loss_total': 0.3655628561973572, 'max_memory_allocated': 6827332096, 'max_memory_reserved': 32321306624}
[WSI] epoch=8 iteration=1292 slide=tumor_086 N=23 {'train_loss_cls': 0.439453125, 'train_loss_sr': 0.11476647108793259, 'train_loss_total': 0.45092976093292236, 'max_memory_allocated': 17173604864, 'max_memory_reserved': 32321306624}
[WSI] epoch=8 iteration=1293 slide=tumor_020 N=7 {'train_loss_cls': 0.384765625, 'train_loss_sr': 0.12284848093986511, 'train_loss_total': 0.3970504701137543, 'max_memory_allocated': 5349689856, 'max_memory_reserved': 32321306624}
[WSI] epoch=8 iteration=1294 slide=tumor_039 N=4 {'train_loss_cls': 0.486328125, 'train_loss_sr': 0.09929519891738892, 'train_loss_total': 0.49625763297080994, 'max_memory_allocated': 3133020672, 'max_memory_reserved': 32321306624}
[WSI] epoch=8 iteration=1295 slide=tumor_025 N=9 {'train_loss_cls': 0.95703125, 'train_loss_sr': 0.1350114643573761, 'train_loss_total': 0.9705324172973633, 'max_memory_allocated': 6827366912, 'max_memory_reserved': 32321306624}
[WSI] epoch=8 iteration=1296 slide=tumor_088 N=12 {'train_loss_cls': 0.5625, 'train_loss_sr': 0.14812637865543365, 'train_loss_total': 0.5773126482963562, 'max_memory_allocated': 9045336576, 'max_memory_reserved': 32321306624}
[WSI] epoch=8 iteration=1297 slide=normal_097 N=17 {'train_loss_cls': 0.150390625, 'train_loss_sr': 0.1698279082775116, 'train_loss_total': 0.1673734188079834, 'max_memory_allocated': 12740382720, 'max_memory_reserved': 32321306624}
[WSI] epoch=8 iteration=1298 slide=normal_058 N=7 {'train_loss_cls': 0.330078125, 'train_loss_sr': 0.17221248149871826, 'train_loss_total': 0.34729936718940735, 'max_memory_allocated': 5350566400, 'max_memory_reserved': 32321306624}
[WSI] epoch=8 iteration=1299 slide=tumor_078 N=15 {'train_loss_cls': 0.42578125, 'train_loss_sr': 0.13052091002464294, 'train_loss_total': 0.4388333559036255, 'max_memory_allocated': 11262229504, 'max_memory_reserved': 32321306624}
[gradient] slide_id=tumor_047 N=15 {'rdn': 1.1919282674789429, 'region_encoder': 0.0, 'abmil': 0.07054096460342407, 'classifier': 5.862186908721924, 'p2w': 0.36592796444892883}
[WSI] epoch=8 iteration=1300 slide=tumor_047 N=15 {'train_loss_cls': 0.4609375, 'train_loss_sr': 0.1587533950805664, 'train_loss_total': 0.47681283950805664, 'max_memory_allocated': 11262097920, 'max_memory_reserved': 32321306624}
[WSI] epoch=8 iteration=1301 slide=tumor_105 N=6 {'train_loss_cls': 0.8359375, 'train_loss_sr': 0.09461142867803574, 'train_loss_total': 0.8453986644744873, 'max_memory_allocated': 4611984384, 'max_memory_reserved': 32321306624}
[WSI] epoch=8 iteration=1302 slide=normal_126 N=17 {'train_loss_cls': 0.5546875, 'train_loss_sr': 0.09118648618459702, 'train_loss_total': 0.5638061761856079, 'max_memory_allocated': 12739238400, 'max_memory_reserved': 32321306624}
[WSI] epoch=8 iteration=1303 slide=tumor_095 N=29 {'train_loss_cls': 0.166015625, 'train_loss_sr': 0.09387350082397461, 'train_loss_total': 0.17540296912193298, 'max_memory_allocated': 21607025152, 'max_memory_reserved': 32321306624}
[WSI] epoch=8 iteration=1304 slide=normal_070 N=16 {'train_loss_cls': 0.45703125, 'train_loss_sr': 0.14742755889892578, 'train_loss_total': 0.47177401185035706, 'max_memory_allocated': 12001445376, 'max_memory_reserved': 32321306624}
[WSI] epoch=8 iteration=1305 slide=tumor_035 N=4 {'train_loss_cls': 0.134765625, 'train_loss_sr': 0.14630725979804993, 'train_loss_total': 0.14939634501934052, 'max_memory_allocated': 3132537344, 'max_memory_reserved': 32321306624}
[WSI] epoch=8 iteration=1306 slide=normal_085 N=5 {'train_loss_cls': 0.828125, 'train_loss_sr': 0.10129363089799881, 'train_loss_total': 0.8382543921470642, 'max_memory_allocated': 3872338432, 'max_memory_reserved': 32321306624}
[WSI] epoch=8 iteration=1307 slide=tumor_066 N=7 {'train_loss_cls': 0.443359375, 'train_loss_sr': 0.13722753524780273, 'train_loss_total': 0.4570821225643158, 'max_memory_allocated': 5349792256, 'max_memory_reserved': 32321306624}
[WSI] epoch=8 iteration=1308 slide=tumor_087 N=10 {'train_loss_cls': 0.7421875, 'train_loss_sr': 0.10515981167554855, 'train_loss_total': 0.7527034878730774, 'max_memory_allocated': 7566088704, 'max_memory_reserved': 32321306624}
[WSI] epoch=8 iteration=1309 slide=normal_124 N=19 {'train_loss_cls': 0.1845703125, 'train_loss_sr': 0.10139700025320053, 'train_loss_total': 0.19471001625061035, 'max_memory_allocated': 14218054144, 'max_memory_reserved': 32321306624}
[gradient] slide_id=normal_151 N=16 {'rdn': 1.378812313079834, 'region_encoder': 0.0, 'abmil': 0.006760150194168091, 'classifier': 2.6822447776794434, 'p2w': 0.4970870614051819}
[WSI] epoch=8 iteration=1310 slide=normal_151 N=16 {'train_loss_cls': 0.2431640625, 'train_loss_sr': 0.11504649370908737, 'train_loss_total': 0.2546687126159668, 'max_memory_allocated': 12001438208, 'max_memory_reserved': 32321306624}
[WSI] epoch=8 iteration=1311 slide=tumor_002 N=5 {'train_loss_cls': 0.61328125, 'train_loss_sr': 0.16290917992591858, 'train_loss_total': 0.6295721530914307, 'max_memory_allocated': 3872590336, 'max_memory_reserved': 32321306624}
[WSI] epoch=8 iteration=1312 slide=normal_014 N=2 {'train_loss_cls': 0.578125, 'train_loss_sr': 0.2167321741580963, 'train_loss_total': 0.5997982025146484, 'max_memory_allocated': 1707031040, 'max_memory_reserved': 32321306624}
[WSI] epoch=8 iteration=1313 slide=normal_062 N=2 {'train_loss_cls': 0.76953125, 'train_loss_sr': 0.0811503529548645, 'train_loss_total': 0.7776463031768799, 'max_memory_allocated': 1706940928, 'max_memory_reserved': 32321306624}
[WSI] epoch=8 iteration=1314 slide=normal_078 N=6 {'train_loss_cls': 0.166015625, 'train_loss_sr': 0.1696348339319229, 'train_loss_total': 0.18297910690307617, 'max_memory_allocated': 4612631552, 'max_memory_reserved': 32321306624}
[WSI] epoch=8 iteration=1315 slide=normal_128 N=11 {'train_loss_cls': 1.0859375, 'train_loss_sr': 0.16899913549423218, 'train_loss_total': 1.1028374433517456, 'max_memory_allocated': 8305752576, 'max_memory_reserved': 32321306624}
[WSI] epoch=8 iteration=1316 slide=tumor_043 N=4 {'train_loss_cls': 0.45703125, 'train_loss_sr': 0.1745031476020813, 'train_loss_total': 0.4744815528392792, 'max_memory_allocated': 3132537344, 'max_memory_reserved': 32321306624}
[WSI] epoch=8 iteration=1317 slide=tumor_089 N=26 {'train_loss_cls': 0.6171875, 'train_loss_sr': 0.18001100420951843, 'train_loss_total': 0.6351885795593262, 'max_memory_allocated': 19390421504, 'max_memory_reserved': 32321306624}
[WSI] epoch=8 iteration=1318 slide=tumor_052 N=15 {'train_loss_cls': 1.6484375, 'train_loss_sr': 0.15000537037849426, 'train_loss_total': 1.663438081741333, 'max_memory_allocated': 11262704128, 'max_memory_reserved': 32321306624}
[WSI] epoch=8 iteration=1319 slide=tumor_009 N=12 {'train_loss_cls': 1.109375, 'train_loss_sr': 0.13793763518333435, 'train_loss_total': 1.123168706893921, 'max_memory_allocated': 9044777472, 'max_memory_reserved': 32321306624}
[gradient] slide_id=tumor_019 N=2 {'rdn': 1.8874088525772095, 'region_encoder': 0.0, 'abmil': 0.23755650222301483, 'classifier': 3.3719398975372314, 'p2w': 0.5674149990081787}
[WSI] epoch=8 iteration=1320 slide=tumor_019 N=2 {'train_loss_cls': 0.453125, 'train_loss_sr': 0.11626176536083221, 'train_loss_total': 0.4647511839866638, 'max_memory_allocated': 1706789376, 'max_memory_reserved': 32321306624}
[WSI] epoch=8 iteration=1321 slide=normal_003 N=7 {'train_loss_cls': 0.412109375, 'train_loss_sr': 0.1263512372970581, 'train_loss_total': 0.42474448680877686, 'max_memory_allocated': 5350165504, 'max_memory_reserved': 32321306624}
[WSI] epoch=8 iteration=1322 slide=normal_077 N=5 {'train_loss_cls': 0.734375, 'train_loss_sr': 0.15863002836704254, 'train_loss_total': 0.7502380013465881, 'max_memory_allocated': 3872848384, 'max_memory_reserved': 32321306624}
[WSI] epoch=8 iteration=1323 slide=normal_100 N=8 {'train_loss_cls': 0.828125, 'train_loss_sr': 0.1371394693851471, 'train_loss_total': 0.8418389558792114, 'max_memory_allocated': 6088473088, 'max_memory_reserved': 32321306624}
[WSI] epoch=8 iteration=1324 slide=tumor_016 N=5 {'train_loss_cls': 0.37109375, 'train_loss_sr': 0.15525415539741516, 'train_loss_total': 0.3866191506385803, 'max_memory_allocated': 3872868864, 'max_memory_reserved': 32321306624}
[WSI] epoch=8 iteration=1325 slide=normal_155 N=11 {'train_loss_cls': 0.328125, 'train_loss_sr': 0.11424562335014343, 'train_loss_total': 0.33954957127571106, 'max_memory_allocated': 8305653760, 'max_memory_reserved': 32321306624}
[WSI] epoch=8 iteration=1326 slide=tumor_083 N=14 {'train_loss_cls': 0.16015625, 'train_loss_sr': 0.10114269703626633, 'train_loss_total': 0.17027051746845245, 'max_memory_allocated': 10523134464, 'max_memory_reserved': 32321306624}
[WSI] epoch=8 iteration=1327 slide=normal_108 N=2 {'train_loss_cls': 0.39453125, 'train_loss_sr': 0.10454467684030533, 'train_loss_total': 0.4049857258796692, 'max_memory_allocated': 1707051520, 'max_memory_reserved': 32321306624}
[WSI] epoch=8 iteration=1328 slide=normal_105 N=12 {'train_loss_cls': 0.71875, 'train_loss_sr': 0.11230070888996124, 'train_loss_total': 0.7299800515174866, 'max_memory_allocated': 9044581888, 'max_memory_reserved': 32321306624}
[WSI] epoch=8 iteration=1329 slide=tumor_001 N=7 {'train_loss_cls': 0.5625, 'train_loss_sr': 0.14517967402935028, 'train_loss_total': 0.5770179629325867, 'max_memory_allocated': 5349625856, 'max_memory_reserved': 32321306624}
[gradient] slide_id=tumor_007 N=12 {'rdn': 4.961620330810547, 'region_encoder': 0.0, 'abmil': 0.5812278389930725, 'classifier': 4.378787040710449, 'p2w': 0.3416946828365326}
[WSI] epoch=8 iteration=1330 slide=tumor_007 N=12 {'train_loss_cls': 0.578125, 'train_loss_sr': 0.11965586245059967, 'train_loss_total': 0.5900905728340149, 'max_memory_allocated': 9044764672, 'max_memory_reserved': 32321306624}
[WSI] epoch=8 iteration=1331 slide=normal_018 N=3 {'train_loss_cls': 0.375, 'train_loss_sr': 0.09636690467596054, 'train_loss_total': 0.38463670015335083, 'max_memory_allocated': 2395274240, 'max_memory_reserved': 32321306624}
[WSI] epoch=8 iteration=1332 slide=tumor_028 N=17 {'train_loss_cls': 0.91015625, 'train_loss_sr': 0.13426880538463593, 'train_loss_total': 0.9235831499099731, 'max_memory_allocated': 12739721728, 'max_memory_reserved': 32321306624}
[WSI] epoch=8 iteration=1333 slide=normal_080 N=15 {'train_loss_cls': 1.0625, 'train_loss_sr': 0.1378459930419922, 'train_loss_total': 1.076284646987915, 'max_memory_allocated': 11263314432, 'max_memory_reserved': 32321306624}
[WSI] epoch=8 iteration=1334 slide=normal_135 N=13 {'train_loss_cls': 0.203125, 'train_loss_sr': 0.10622002184391022, 'train_loss_total': 0.21374699473381042, 'max_memory_allocated': 9783147008, 'max_memory_reserved': 32321306624}
[WSI] epoch=8 iteration=1335 slide=tumor_103 N=18 {'train_loss_cls': 0.279296875, 'train_loss_sr': 0.08408427238464355, 'train_loss_total': 0.28770530223846436, 'max_memory_allocated': 13478738432, 'max_memory_reserved': 32321306624}
[WSI] epoch=8 iteration=1336 slide=normal_048 N=3 {'train_loss_cls': 0.71875, 'train_loss_sr': 0.15020786225795746, 'train_loss_total': 0.7337707877159119, 'max_memory_allocated': 2394467328, 'max_memory_reserved': 32321306624}
[WSI] epoch=8 iteration=1337 slide=tumor_106 N=22 {'train_loss_cls': 0.30859375, 'train_loss_sr': 0.08415526151657104, 'train_loss_total': 0.3170092701911926, 'max_memory_allocated': 16434489856, 'max_memory_reserved': 32321306624}
[WSI] epoch=8 iteration=1338 slide=normal_065 N=6 {'train_loss_cls': 1.328125, 'train_loss_sr': 0.12356439232826233, 'train_loss_total': 1.3404814004898071, 'max_memory_allocated': 4612316160, 'max_memory_reserved': 32321306624}
[WSI] epoch=8 iteration=1339 slide=normal_111 N=31 {'train_loss_cls': 1.4375, 'train_loss_sr': 0.1002654880285263, 'train_loss_total': 1.4475265741348267, 'max_memory_allocated': 23085210112, 'max_memory_reserved': 32321306624}
[gradient] slide_id=normal_011 N=14 {'rdn': 1.6928991079330444, 'region_encoder': 0.0, 'abmil': 0.11259298026561737, 'classifier': 4.301070690155029, 'p2w': 0.3245376944541931}
[WSI] epoch=8 iteration=1340 slide=normal_011 N=14 {'train_loss_cls': 0.72265625, 'train_loss_sr': 0.16460956633090973, 'train_loss_total': 0.7391172051429749, 'max_memory_allocated': 10522314240, 'max_memory_reserved': 32321306624}
[WSI] epoch=8 iteration=1341 slide=normal_102 N=11 {'train_loss_cls': 0.474609375, 'train_loss_sr': 0.10161823779344559, 'train_loss_total': 0.484771192073822, 'max_memory_allocated': 8305634816, 'max_memory_reserved': 32321306624}
[WSI] epoch=8 iteration=1342 slide=normal_008 N=1 {'train_loss_cls': 0.1767578125, 'train_loss_sr': 0.16481554508209229, 'train_loss_total': 0.19323936104774475, 'max_memory_allocated': 916147200, 'max_memory_reserved': 32321306624}
[WSI] epoch=8 iteration=1343 slide=normal_037 N=8 {'train_loss_cls': 0.734375, 'train_loss_sr': 0.1574278473854065, 'train_loss_total': 0.7501177787780762, 'max_memory_allocated': 6088161792, 'max_memory_reserved': 32321306624}
[WSI] epoch=8 iteration=1344 slide=normal_076 N=24 {'train_loss_cls': 0.19140625, 'train_loss_sr': 0.1394953578710556, 'train_loss_total': 0.20535579323768616, 'max_memory_allocated': 17912015360, 'max_memory_reserved': 32321306624}
[WSI] epoch=8 iteration=1345 slide=normal_113 N=19 {'train_loss_cls': 0.1328125, 'train_loss_sr': 0.10553248971700668, 'train_loss_total': 0.1433657556772232, 'max_memory_allocated': 14217803776, 'max_memory_reserved': 32321306624}
[WSI] epoch=8 iteration=1346 slide=tumor_040 N=10 {'train_loss_cls': 0.94921875, 'train_loss_sr': 0.15282753109931946, 'train_loss_total': 0.9645015001296997, 'max_memory_allocated': 7566219776, 'max_memory_reserved': 32321306624}
[WSI] epoch=8 iteration=1347 slide=normal_044 N=4 {'train_loss_cls': 0.337890625, 'train_loss_sr': 0.13958591222763062, 'train_loss_total': 0.351849228143692, 'max_memory_allocated': 3133221376, 'max_memory_reserved': 32321306624}
[WSI] epoch=8 iteration=1348 slide=normal_071 N=5 {'train_loss_cls': 0.58203125, 'train_loss_sr': 0.17858180403709412, 'train_loss_total': 0.5998894572257996, 'max_memory_allocated': 3872773120, 'max_memory_reserved': 32321306624}
[WSI] epoch=8 iteration=1349 slide=normal_119 N=14 {'train_loss_cls': 0.1494140625, 'train_loss_sr': 0.27780282497406006, 'train_loss_total': 0.17719434201717377, 'max_memory_allocated': 10522155520, 'max_memory_reserved': 32321306624}
[gradient] slide_id=normal_063 N=7 {'rdn': 10.906890869140625, 'region_encoder': 0.0, 'abmil': 0.7905563116073608, 'classifier': 6.189722061157227, 'p2w': 1.6398301124572754}
[WSI] epoch=8 iteration=1350 slide=normal_063 N=7 {'train_loss_cls': 0.45703125, 'train_loss_sr': 0.25865045189857483, 'train_loss_total': 0.4828962981700897, 'max_memory_allocated': 5350346752, 'max_memory_reserved': 32321306624}
[WSI] epoch=8 iteration=1351 slide=normal_006 N=1 {'train_loss_cls': 0.05712890625, 'train_loss_sr': 1.1979320049285889, 'train_loss_total': 0.17692211270332336, 'max_memory_allocated': 916601344, 'max_memory_reserved': 32321306624}
[WSI] epoch=8 iteration=1352 slide=tumor_034 N=6 {'train_loss_cls': 1.140625, 'train_loss_sr': 9.107105255126953, 'train_loss_total': 2.051335573196411, 'max_memory_allocated': 4612004864, 'max_memory_reserved': 32321306624}
[WSI] epoch=8 iteration=1353 slide=normal_067 N=12 {'train_loss_cls': 0.69921875, 'train_loss_sr': 3.7216362953186035, 'train_loss_total': 1.0713824033737183, 'max_memory_allocated': 9044515328, 'max_memory_reserved': 32321306624}
[WSI] epoch=8 iteration=1354 slide=tumor_094 N=16 {'train_loss_cls': 4.21875, 'train_loss_sr': 4.497109413146973, 'train_loss_total': 4.668460845947266, 'max_memory_allocated': 12001659392, 'max_memory_reserved': 32321306624}
[WSI] epoch=8 iteration=1355 slide=tumor_098 N=9 {'train_loss_cls': 0.59375, 'train_loss_sr': 3.788831949234009, 'train_loss_total': 0.9726332426071167, 'max_memory_allocated': 6828472832, 'max_memory_reserved': 32321306624}
[WSI] epoch=8 iteration=1356 slide=normal_109 N=10 {'train_loss_cls': 0.86328125, 'train_loss_sr': 2.9392380714416504, 'train_loss_total': 1.1572051048278809, 'max_memory_allocated': 7566219776, 'max_memory_reserved': 32321306624}
[WSI] epoch=8 iteration=1357 slide=normal_153 N=12 {'train_loss_cls': 0.9375, 'train_loss_sr': 4.482302665710449, 'train_loss_total': 1.385730266571045, 'max_memory_allocated': 9046288896, 'max_memory_reserved': 32321306624}
[WSI] epoch=8 iteration=1358 slide=normal_029 N=1 {'train_loss_cls': 0.25390625, 'train_loss_sr': 4.113454818725586, 'train_loss_total': 0.6652517318725586, 'max_memory_allocated': 917036032, 'max_memory_reserved': 32321306624}
[WSI] epoch=8 iteration=1359 slide=normal_054 N=1 {'train_loss_cls': 0.6015625, 'train_loss_sr': 2.3309011459350586, 'train_loss_total': 0.8346526026725769, 'max_memory_allocated': 916147200, 'max_memory_reserved': 32321306624}
[gradient] slide_id=normal_106 N=15 {'rdn': 6.4601569175720215, 'region_encoder': 0.0, 'abmil': 0.38603636622428894, 'classifier': 4.174084186553955, 'p2w': 1.1885411739349365}
[WSI] epoch=8 iteration=1360 slide=normal_106 N=15 {'train_loss_cls': 0.515625, 'train_loss_sr': 1.0593852996826172, 'train_loss_total': 0.6215635538101196, 'max_memory_allocated': 11262298624, 'max_memory_reserved': 32321306624}
[WSI] epoch=8 iteration=1361 slide=tumor_015 N=27 {'train_loss_cls': 1.3671875, 'train_loss_sr': 1.3799406290054321, 'train_loss_total': 1.5051815509796143, 'max_memory_allocated': 20128891392, 'max_memory_reserved': 32321306624}
[WSI] epoch=8 iteration=1362 slide=normal_074 N=14 {'train_loss_cls': 0.0927734375, 'train_loss_sr': 1.6325664520263672, 'train_loss_total': 0.2560300827026367, 'max_memory_allocated': 10522728960, 'max_memory_reserved': 32321306624}
[WSI] epoch=8 iteration=1363 slide=tumor_093 N=14 {'train_loss_cls': 1.25, 'train_loss_sr': 1.7533729076385498, 'train_loss_total': 1.425337314605713, 'max_memory_allocated': 10522671616, 'max_memory_reserved': 32321306624}
[WSI] epoch=8 iteration=1364 slide=normal_023 N=2 {'train_loss_cls': 0.23828125, 'train_loss_sr': 1.604090929031372, 'train_loss_total': 0.3986903429031372, 'max_memory_allocated': 1707473408, 'max_memory_reserved': 32321306624}
[WSI] epoch=8 iteration=1365 slide=normal_081 N=6 {'train_loss_cls': 0.55859375, 'train_loss_sr': 1.9906880855560303, 'train_loss_total': 0.7576625347137451, 'max_memory_allocated': 4611881984, 'max_memory_reserved': 32321306624}
[WSI] epoch=8 iteration=1366 slide=normal_152 N=5 {'train_loss_cls': 0.373046875, 'train_loss_sr': 1.7335577011108398, 'train_loss_total': 0.546402633190155, 'max_memory_allocated': 3872848384, 'max_memory_reserved': 32321306624}
[WSI] epoch=8 iteration=1367 slide=tumor_024 N=16 {'train_loss_cls': 0.890625, 'train_loss_sr': 1.1944563388824463, 'train_loss_total': 1.0100706815719604, 'max_memory_allocated': 12000975360, 'max_memory_reserved': 32321306624}
[WSI] epoch=8 iteration=1368 slide=normal_142 N=20 {'train_loss_cls': 0.625, 'train_loss_sr': 0.8251150250434875, 'train_loss_total': 0.7075114846229553, 'max_memory_allocated': 14956608000, 'max_memory_reserved': 32321306624}
[WSI] epoch=8 iteration=1369 slide=normal_144 N=12 {'train_loss_cls': 0.287109375, 'train_loss_sr': 0.898487389087677, 'train_loss_total': 0.37695813179016113, 'max_memory_allocated': 9044978176, 'max_memory_reserved': 32321306624}
[gradient] slide_id=tumor_022 N=7 {'rdn': 3.574105978012085, 'region_encoder': 0.0, 'abmil': 0.021993620321154594, 'classifier': 4.442127227783203, 'p2w': 0.5183265805244446}
[WSI] epoch=8 iteration=1370 slide=tumor_022 N=7 {'train_loss_cls': 0.78515625, 'train_loss_sr': 0.6818010807037354, 'train_loss_total': 0.8533363342285156, 'max_memory_allocated': 5350047744, 'max_memory_reserved': 32321306624}
[WSI] epoch=8 iteration=1371 slide=normal_146 N=17 {'train_loss_cls': 0.208984375, 'train_loss_sr': 1.0763568878173828, 'train_loss_total': 0.3166200518608093, 'max_memory_allocated': 12739922432, 'max_memory_reserved': 32321306624}
[WSI] epoch=8 iteration=1372 slide=normal_026 N=5 {'train_loss_cls': 0.345703125, 'train_loss_sr': 0.9191358089447021, 'train_loss_total': 0.4376167058944702, 'max_memory_allocated': 3872217600, 'max_memory_reserved': 32321306624}
[WSI] epoch=8 iteration=1373 slide=normal_051 N=3 {'train_loss_cls': 0.130859375, 'train_loss_sr': 1.2772088050842285, 'train_loss_total': 0.2585802674293518, 'max_memory_allocated': 2395294720, 'max_memory_reserved': 32321306624}
[WSI] epoch=8 iteration=1374 slide=tumor_005 N=4 {'train_loss_cls': 0.8203125, 'train_loss_sr': 1.1570580005645752, 'train_loss_total': 0.9360182881355286, 'max_memory_allocated': 3132205568, 'max_memory_reserved': 32321306624}
[WSI] epoch=8 iteration=1375 slide=tumor_061 N=13 {'train_loss_cls': 0.58984375, 'train_loss_sr': 0.5939949750900269, 'train_loss_total': 0.6492432355880737, 'max_memory_allocated': 9783568896, 'max_memory_reserved': 32321306624}
[WSI] epoch=8 iteration=1376 slide=normal_028 N=5 {'train_loss_cls': 0.267578125, 'train_loss_sr': 0.7934795022010803, 'train_loss_total': 0.34692609310150146, 'max_memory_allocated': 3872680448, 'max_memory_reserved': 32321306624}
[WSI] epoch=8 iteration=1377 slide=tumor_037 N=10 {'train_loss_cls': 0.88671875, 'train_loss_sr': 0.47024327516555786, 'train_loss_total': 0.9337430596351624, 'max_memory_allocated': 7566701056, 'max_memory_reserved': 32321306624}
[WSI] epoch=8 iteration=1378 slide=normal_049 N=2 {'train_loss_cls': 0.34765625, 'train_loss_sr': 0.6357046961784363, 'train_loss_total': 0.41122671961784363, 'max_memory_allocated': 1706908160, 'max_memory_reserved': 32321306624}
[WSI] epoch=8 iteration=1379 slide=tumor_109 N=10 {'train_loss_cls': 1.25, 'train_loss_sr': 0.3105635643005371, 'train_loss_total': 1.2810564041137695, 'max_memory_allocated': 7566350848, 'max_memory_reserved': 32321306624}
[gradient] slide_id=normal_158 N=18 {'rdn': 2.4607629776000977, 'region_encoder': 0.0, 'abmil': 0.19410128891468048, 'classifier': 4.385350227355957, 'p2w': 0.3810954689979553}
[WSI] epoch=8 iteration=1380 slide=normal_158 N=18 {'train_loss_cls': 0.3515625, 'train_loss_sr': 0.3304196000099182, 'train_loss_total': 0.38460445404052734, 'max_memory_allocated': 13478740992, 'max_memory_reserved': 32321306624}
[WSI] epoch=8 iteration=1381 slide=normal_032 N=9 {'train_loss_cls': 1.03125, 'train_loss_sr': 0.4215419590473175, 'train_loss_total': 1.0734041929244995, 'max_memory_allocated': 6828103680, 'max_memory_reserved': 32321306624}
[WSI] epoch=8 iteration=1382 slide=tumor_045 N=10 {'train_loss_cls': 0.54296875, 'train_loss_sr': 0.45845019817352295, 'train_loss_total': 0.5888137817382812, 'max_memory_allocated': 7566088704, 'max_memory_reserved': 32321306624}
[WSI] epoch=8 iteration=1383 slide=tumor_049 N=3 {'train_loss_cls': 0.5078125, 'train_loss_sr': 0.4945267140865326, 'train_loss_total': 0.5572651624679565, 'max_memory_allocated': 2394115072, 'max_memory_reserved': 32321306624}
[WSI] epoch=8 iteration=1384 slide=normal_064 N=9 {'train_loss_cls': 0.361328125, 'train_loss_sr': 0.586356520652771, 'train_loss_total': 0.4199637770652771, 'max_memory_allocated': 6827883008, 'max_memory_reserved': 32321306624}
[WSI] epoch=8 iteration=1385 slide=normal_141 N=7 {'train_loss_cls': 0.369140625, 'train_loss_sr': 0.43617868423461914, 'train_loss_total': 0.4127584993839264, 'max_memory_allocated': 5349550592, 'max_memory_reserved': 32321306624}
[WSI] epoch=8 iteration=1386 slide=tumor_042 N=4 {'train_loss_cls': 1.2265625, 'train_loss_sr': 0.5459861755371094, 'train_loss_total': 1.2811610698699951, 'max_memory_allocated': 3132185088, 'max_memory_reserved': 32321306624}
[WSI] epoch=8 iteration=1387 slide=normal_012 N=3 {'train_loss_cls': 0.57421875, 'train_loss_sr': 0.49803972244262695, 'train_loss_total': 0.6240227222442627, 'max_memory_allocated': 2394704896, 'max_memory_reserved': 32321306624}
[WSI] epoch=8 iteration=1388 slide=tumor_057 N=4 {'train_loss_cls': 0.6875, 'train_loss_sr': 0.2745784521102905, 'train_loss_total': 0.7149578332901001, 'max_memory_allocated': 3132447232, 'max_memory_reserved': 32321306624}
[WSI] epoch=8 iteration=1389 slide=normal_131 N=18 {'train_loss_cls': 0.244140625, 'train_loss_sr': 0.31861352920532227, 'train_loss_total': 0.2760019898414612, 'max_memory_allocated': 13478222336, 'max_memory_reserved': 32321306624}
[gradient] slide_id=normal_114 N=24 {'rdn': 2.640340566635132, 'region_encoder': 0.0, 'abmil': 0.2851415276527405, 'classifier': 2.5005743503570557, 'p2w': 0.61737459897995}
[WSI] epoch=8 iteration=1390 slide=normal_114 N=24 {'train_loss_cls': 0.3671875, 'train_loss_sr': 0.35893940925598145, 'train_loss_total': 0.4030814468860626, 'max_memory_allocated': 17913018880, 'max_memory_reserved': 32321306624}
[WSI] epoch=8 iteration=1391 slide=normal_129 N=19 {'train_loss_cls': 0.443359375, 'train_loss_sr': 0.40983694791793823, 'train_loss_total': 0.4843430817127228, 'max_memory_allocated': 14216944128, 'max_memory_reserved': 32321306624}
[WSI] epoch=8 iteration=1392 slide=tumor_041 N=5 {'train_loss_cls': 0.91796875, 'train_loss_sr': 0.4478272497653961, 'train_loss_total': 0.9627514481544495, 'max_memory_allocated': 3872459264, 'max_memory_reserved': 32321306624}
[epoch] {'epoch': 8, 'train_loss_cls': 0.6055950296336207, 'train_loss_sr': 0.4662142143338576, 'train_loss_total': 0.6522164519490867, 'train_auc': 0.8599324324324324, 'train_acc': 0.7528735632183908, 'train_bacc': 0.7112162162162162, 'val_loss': 0.7589166814630682, 'val_auc': 0.4769475357710652, 'val_acc': 0.5340909090909091, 'val_bacc': 0.47562268150503445, 'max_memory_allocated': 26041850880, 'max_memory_reserved': 32321306624}
/root/miniconda3/envs/myconda/lib/python3.10/site-packages/torch/utils/checkpoint.py:1399: FutureWarning: `torch.cpu.amp.autocast(args...)` is deprecated. Please use `torch.amp.autocast('cpu', args...)` instead.
  with device_autocast_ctx, torch.cpu.amp.autocast(**cpu_autocast_kwargs), recompute_context:  # type: ignore[attr-defined]
[WSI] epoch=9 iteration=1393 slide=normal_087 N=11 {'train_loss_cls': 0.59765625, 'train_loss_sr': 0.2789595127105713, 'train_loss_total': 0.6255521774291992, 'max_memory_allocated': 8305953280, 'max_memory_reserved': 32321306624}
[WSI] epoch=9 iteration=1394 slide=tumor_081 N=6 {'train_loss_cls': 0.6875, 'train_loss_sr': 0.27940261363983154, 'train_loss_total': 0.7154402732849121, 'max_memory_allocated': 4612426752, 'max_memory_reserved': 32321306624}
[WSI] epoch=9 iteration=1395 slide=normal_136 N=15 {'train_loss_cls': 0.3203125, 'train_loss_sr': 0.20842763781547546, 'train_loss_total': 0.3411552608013153, 'max_memory_allocated': 11262188032, 'max_memory_reserved': 32321306624}
[WSI] epoch=9 iteration=1396 slide=normal_022 N=6 {'train_loss_cls': 0.28125, 'train_loss_sr': 0.1681637316942215, 'train_loss_total': 0.2980663776397705, 'max_memory_allocated': 4612972544, 'max_memory_reserved': 32321306624}
[WSI] epoch=9 iteration=1397 slide=tumor_046 N=19 {'train_loss_cls': 1.0625, 'train_loss_sr': 0.14634215831756592, 'train_loss_total': 1.0771342515945435, 'max_memory_allocated': 14217803776, 'max_memory_reserved': 32321306624}
[WSI] epoch=9 iteration=1398 slide=normal_144 N=12 {'train_loss_cls': 0.263671875, 'train_loss_sr': 0.2028658539056778, 'train_loss_total': 0.28395846486091614, 'max_memory_allocated': 9045330432, 'max_memory_reserved': 32321306624}
[WSI] epoch=9 iteration=1399 slide=normal_129 N=19 {'train_loss_cls': 0.373046875, 'train_loss_sr': 0.15555618703365326, 'train_loss_total': 0.38860249519348145, 'max_memory_allocated': 14217296384, 'max_memory_reserved': 32321306624}
[gradient] slide_id=normal_003 N=7 {'rdn': 1.1678730249404907, 'region_encoder': 0.0, 'abmil': 0.034961484372615814, 'classifier': 1.9593185186386108, 'p2w': 0.36205413937568665}
[WSI] epoch=9 iteration=1400 slide=normal_003 N=7 {'train_loss_cls': 0.21875, 'train_loss_sr': 0.24249321222305298, 'train_loss_total': 0.24299931526184082, 'max_memory_allocated': 5350214144, 'max_memory_reserved': 32321306624}
[WSI] epoch=9 iteration=1401 slide=normal_014 N=2 {'train_loss_cls': 0.1982421875, 'train_loss_sr': 0.23869489133358002, 'train_loss_total': 0.22211167216300964, 'max_memory_allocated': 1708337152, 'max_memory_reserved': 32321306624}
[WSI] epoch=9 iteration=1402 slide=tumor_047 N=15 {'train_loss_cls': 0.76171875, 'train_loss_sr': 0.21152324974536896, 'train_loss_total': 0.7828710675239563, 'max_memory_allocated': 11262358528, 'max_memory_reserved': 32321306624}
[WSI] epoch=9 iteration=1403 slide=tumor_039 N=4 {'train_loss_cls': 0.6875, 'train_loss_sr': 0.14650411903858185, 'train_loss_total': 0.7021504044532776, 'max_memory_allocated': 3132516864, 'max_memory_reserved': 32321306624}
[WSI] epoch=9 iteration=1404 slide=normal_040 N=16 {'train_loss_cls': 0.150390625, 'train_loss_sr': 0.11015734076499939, 'train_loss_total': 0.16140635311603546, 'max_memory_allocated': 12000909824, 'max_memory_reserved': 32321306624}
[WSI] epoch=9 iteration=1405 slide=normal_121 N=13 {'train_loss_cls': 0.1484375, 'train_loss_sr': 0.16576537489891052, 'train_loss_total': 0.16501404345035553, 'max_memory_allocated': 9783900672, 'max_memory_reserved': 32321306624}
[WSI] epoch=9 iteration=1406 slide=normal_012 N=3 {'train_loss_cls': 0.5078125, 'train_loss_sr': 0.17593446373939514, 'train_loss_total': 0.5254059433937073, 'max_memory_allocated': 2394700800, 'max_memory_reserved': 32321306624}
[WSI] epoch=9 iteration=1407 slide=normal_007 N=3 {'train_loss_cls': 0.7421875, 'train_loss_sr': 0.21307483315467834, 'train_loss_total': 0.7634949684143066, 'max_memory_allocated': 2395294720, 'max_memory_reserved': 32321306624}
[WSI] epoch=9 iteration=1408 slide=tumor_038 N=2 {'train_loss_cls': 0.51953125, 'train_loss_sr': 0.2653576731681824, 'train_loss_total': 0.5460669994354248, 'max_memory_allocated': 1707111936, 'max_memory_reserved': 32321306624}
[WSI] epoch=9 iteration=1409 slide=tumor_037 N=10 {'train_loss_cls': 0.7265625, 'train_loss_sr': 0.17321191728115082, 'train_loss_total': 0.7438836693763733, 'max_memory_allocated': 7566846464, 'max_memory_reserved': 32321306624}
[gradient] slide_id=tumor_003 N=7 {'rdn': 5.042295455932617, 'region_encoder': 0.0, 'abmil': 0.3826908767223358, 'classifier': 6.779979228973389, 'p2w': 0.3789745271205902}
[WSI] epoch=9 iteration=1410 slide=tumor_003 N=7 {'train_loss_cls': 1.546875, 'train_loss_sr': 0.11132526397705078, 'train_loss_total': 1.5580074787139893, 'max_memory_allocated': 5349571072, 'max_memory_reserved': 32321306624}
[WSI] epoch=9 iteration=1411 slide=normal_071 N=5 {'train_loss_cls': 0.703125, 'train_loss_sr': 0.12258002161979675, 'train_loss_total': 0.715382993221283, 'max_memory_allocated': 3873101824, 'max_memory_reserved': 32321306624}
[WSI] epoch=9 iteration=1412 slide=tumor_078 N=15 {'train_loss_cls': 0.431640625, 'train_loss_sr': 0.13126356899738312, 'train_loss_total': 0.44476696848869324, 'max_memory_allocated': 11262413312, 'max_memory_reserved': 32321306624}
[WSI] epoch=9 iteration=1413 slide=normal_031 N=6 {'train_loss_cls': 0.87890625, 'train_loss_sr': 0.20622333884239197, 'train_loss_total': 0.8995285630226135, 'max_memory_allocated': 4611853312, 'max_memory_reserved': 32321306624}
[WSI] epoch=9 iteration=1414 slide=tumor_021 N=16 {'train_loss_cls': 0.400390625, 'train_loss_sr': 0.18859073519706726, 'train_loss_total': 0.4192497134208679, 'max_memory_allocated': 12000668160, 'max_memory_reserved': 32321306624}
[WSI] epoch=9 iteration=1415 slide=tumor_060 N=6 {'train_loss_cls': 0.62890625, 'train_loss_sr': 0.13395088911056519, 'train_loss_total': 0.6423013210296631, 'max_memory_allocated': 4613181952, 'max_memory_reserved': 32321306624}
[WSI] epoch=9 iteration=1416 slide=tumor_048 N=15 {'train_loss_cls': 1.0078125, 'train_loss_sr': 0.15802781283855438, 'train_loss_total': 1.0236152410507202, 'max_memory_allocated': 11262099968, 'max_memory_reserved': 32321306624}
[WSI] epoch=9 iteration=1417 slide=tumor_035 N=4 {'train_loss_cls': 0.306640625, 'train_loss_sr': 0.2942155599594116, 'train_loss_total': 0.3360621929168701, 'max_memory_allocated': 3132930560, 'max_memory_reserved': 32321306624}
[WSI] epoch=9 iteration=1418 slide=tumor_080 N=6 {'train_loss_cls': 0.48046875, 'train_loss_sr': 0.19984109699726105, 'train_loss_total': 0.5004528760910034, 'max_memory_allocated': 4612336640, 'max_memory_reserved': 32321306624}
[WSI] epoch=9 iteration=1419 slide=tumor_084 N=9 {'train_loss_cls': 0.8125, 'train_loss_sr': 0.16650252044200897, 'train_loss_total': 0.8291502594947815, 'max_memory_allocated': 6827710464, 'max_memory_reserved': 32321306624}
[gradient] slide_id=tumor_004 N=15 {'rdn': 1.5135177373886108, 'region_encoder': 0.0, 'abmil': 0.02800929546356201, 'classifier': 3.4415690898895264, 'p2w': 0.3980843424797058}
[WSI] epoch=9 iteration=1420 slide=tumor_004 N=15 {'train_loss_cls': 0.38671875, 'train_loss_sr': 0.1787904053926468, 'train_loss_total': 0.40459778904914856, 'max_memory_allocated': 11262056960, 'max_memory_reserved': 32321306624}
[WSI] epoch=9 iteration=1421 slide=normal_049 N=2 {'train_loss_cls': 0.6171875, 'train_loss_sr': 0.2854078412055969, 'train_loss_total': 0.6457282900810242, 'max_memory_allocated': 1707252224, 'max_memory_reserved': 32321306624}
[WSI] epoch=9 iteration=1422 slide=normal_157 N=16 {'train_loss_cls': 0.2265625, 'train_loss_sr': 0.14026318490505219, 'train_loss_total': 0.24058881402015686, 'max_memory_allocated': 12000778752, 'max_memory_reserved': 32321306624}
[WSI] epoch=9 iteration=1423 slide=normal_152 N=5 {'train_loss_cls': 0.66015625, 'train_loss_sr': 0.1703091710805893, 'train_loss_total': 0.6771871447563171, 'max_memory_allocated': 3872258560, 'max_memory_reserved': 32321306624}
[WSI] epoch=9 iteration=1424 slide=normal_067 N=12 {'train_loss_cls': 0.77734375, 'train_loss_sr': 0.1648697555065155, 'train_loss_total': 0.7938307523727417, 'max_memory_allocated': 9044678656, 'max_memory_reserved': 32321306624}
[WSI] epoch=9 iteration=1425 slide=normal_041 N=7 {'train_loss_cls': 0.267578125, 'train_loss_sr': 0.16392186284065247, 'train_loss_total': 0.28397029638290405, 'max_memory_allocated': 5349730304, 'max_memory_reserved': 32321306624}
[WSI] epoch=9 iteration=1426 slide=tumor_034 N=6 {'train_loss_cls': 0.2021484375, 'train_loss_sr': 0.161053866147995, 'train_loss_total': 0.21825382113456726, 'max_memory_allocated': 4611922432, 'max_memory_reserved': 32321306624}
[WSI] epoch=9 iteration=1427 slide=normal_028 N=5 {'train_loss_cls': 0.51953125, 'train_loss_sr': 0.12721878290176392, 'train_loss_total': 0.5322531461715698, 'max_memory_allocated': 3872479744, 'max_memory_reserved': 32321306624}
[WSI] epoch=9 iteration=1428 slide=normal_155 N=11 {'train_loss_cls': 0.263671875, 'train_loss_sr': 0.10625050961971283, 'train_loss_total': 0.27429693937301636, 'max_memory_allocated': 8305584640, 'max_memory_reserved': 32321306624}
[WSI] epoch=9 iteration=1429 slide=normal_084 N=1 {'train_loss_cls': 0.248046875, 'train_loss_sr': 0.10617141425609589, 'train_loss_total': 0.25866401195526123, 'max_memory_allocated': 916537856, 'max_memory_reserved': 32321306624}
[gradient] slide_id=normal_058 N=7 {'rdn': 1.666395902633667, 'region_encoder': 0.0, 'abmil': 0.1450120508670807, 'classifier': 2.053459405899048, 'p2w': 0.39823639392852783}
[WSI] epoch=9 iteration=1430 slide=normal_058 N=7 {'train_loss_cls': 0.3046875, 'train_loss_sr': 0.163206547498703, 'train_loss_total': 0.3210081458091736, 'max_memory_allocated': 5350103552, 'max_memory_reserved': 32321306624}
[WSI] epoch=9 iteration=1431 slide=tumor_094 N=16 {'train_loss_cls': 0.5234375, 'train_loss_sr': 0.1496473252773285, 'train_loss_total': 0.538402259349823, 'max_memory_allocated': 12001159168, 'max_memory_reserved': 32321306624}
[WSI] epoch=9 iteration=1432 slide=tumor_098 N=9 {'train_loss_cls': 0.3359375, 'train_loss_sr': 0.16328397393226624, 'train_loss_total': 0.3522658944129944, 'max_memory_allocated': 6827567616, 'max_memory_reserved': 32321306624}
[WSI] epoch=9 iteration=1433 slide=normal_018 N=3 {'train_loss_cls': 0.255859375, 'train_loss_sr': 0.15266552567481995, 'train_loss_total': 0.2711259126663208, 'max_memory_allocated': 2394467328, 'max_memory_reserved': 32321306624}
[WSI] epoch=9 iteration=1434 slide=normal_109 N=10 {'train_loss_cls': 0.61328125, 'train_loss_sr': 0.11441494524478912, 'train_loss_total': 0.6247227191925049, 'max_memory_allocated': 7566129664, 'max_memory_reserved': 32321306624}
[WSI] epoch=9 iteration=1435 slide=normal_111 N=31 {'train_loss_cls': 1.0390625, 'train_loss_sr': 0.13137096166610718, 'train_loss_total': 1.0521996021270752, 'max_memory_allocated': 23085541888, 'max_memory_reserved': 32321306624}
[WSI] epoch=9 iteration=1436 slide=tumor_083 N=14 {'train_loss_cls': 0.267578125, 'train_loss_sr': 0.12417469918727875, 'train_loss_total': 0.2799955904483795, 'max_memory_allocated': 10522708480, 'max_memory_reserved': 32321306624}
[WSI] epoch=9 iteration=1437 slide=normal_066 N=26 {'train_loss_cls': 0.431640625, 'train_loss_sr': 0.13565127551555634, 'train_loss_total': 0.4452057480812073, 'max_memory_allocated': 19390511616, 'max_memory_reserved': 32321306624}
[WSI] epoch=9 iteration=1438 slide=tumor_049 N=3 {'train_loss_cls': 0.337890625, 'train_loss_sr': 0.1969548463821411, 'train_loss_total': 0.3575861155986786, 'max_memory_allocated': 2395427328, 'max_memory_reserved': 32321306624}
[WSI] epoch=9 iteration=1439 slide=normal_126 N=17 {'train_loss_cls': 0.482421875, 'train_loss_sr': 0.1254701465368271, 'train_loss_total': 0.49496889114379883, 'max_memory_allocated': 12739238400, 'max_memory_reserved': 32321306624}
[gradient] slide_id=tumor_102 N=35 {'rdn': 4.3623247146606445, 'region_encoder': 0.0, 'abmil': 0.2545579969882965, 'classifier': 4.915765762329102, 'p2w': 0.34154030680656433}
[WSI] epoch=9 iteration=1440 slide=tumor_102 N=35 {'train_loss_cls': 0.671875, 'train_loss_sr': 0.13648328185081482, 'train_loss_total': 0.6855233311653137, 'max_memory_allocated': 26041825280, 'max_memory_reserved': 32321306624}
[WSI] epoch=9 iteration=1441 slide=normal_035 N=1 {'train_loss_cls': 0.2021484375, 'train_loss_sr': 0.057659562677145004, 'train_loss_total': 0.20791439712047577, 'max_memory_allocated': 917366784, 'max_memory_reserved': 32321306624}
[WSI] epoch=9 iteration=1442 slide=tumor_041 N=5 {'train_loss_cls': 0.984375, 'train_loss_sr': 0.24622803926467896, 'train_loss_total': 1.0089977979660034, 'max_memory_allocated': 3872848384, 'max_memory_reserved': 32321306624}
[WSI] epoch=9 iteration=1443 slide=tumor_043 N=4 {'train_loss_cls': 0.5546875, 'train_loss_sr': 0.19893363118171692, 'train_loss_total': 0.5745808482170105, 'max_memory_allocated': 3133532672, 'max_memory_reserved': 32321306624}
[WSI] epoch=9 iteration=1444 slide=tumor_095 N=29 {'train_loss_cls': 0.240234375, 'train_loss_sr': 0.17828601598739624, 'train_loss_total': 0.2580629885196686, 'max_memory_allocated': 21606808064, 'max_memory_reserved': 32321306624}
[WSI] epoch=9 iteration=1445 slide=normal_114 N=24 {'train_loss_cls': 0.384765625, 'train_loss_sr': 0.18852859735488892, 'train_loss_total': 0.4036184847354889, 'max_memory_allocated': 17911904768, 'max_memory_reserved': 32321306624}
[WSI] epoch=9 iteration=1446 slide=normal_048 N=3 {'train_loss_cls': 0.490234375, 'train_loss_sr': 0.14550983905792236, 'train_loss_total': 0.5047853589057922, 'max_memory_allocated': 2394819584, 'max_memory_reserved': 32321306624}
[WSI] epoch=9 iteration=1447 slide=normal_141 N=7 {'train_loss_cls': 0.259765625, 'train_loss_sr': 0.13817226886749268, 'train_loss_total': 0.2735828459262848, 'max_memory_allocated': 5349530112, 'max_memory_reserved': 32321306624}
[WSI] epoch=9 iteration=1448 slide=normal_120 N=10 {'train_loss_cls': 0.388671875, 'train_loss_sr': 0.14286364614963531, 'train_loss_total': 0.4029582440853119, 'max_memory_allocated': 7566551552, 'max_memory_reserved': 32321306624}
[WSI] epoch=9 iteration=1449 slide=normal_102 N=11 {'train_loss_cls': 0.51953125, 'train_loss_sr': 0.0802181214094162, 'train_loss_total': 0.5275530815124512, 'max_memory_allocated': 8305953280, 'max_memory_reserved': 32321306624}
[gradient] slide_id=normal_077 N=5 {'rdn': 1.176310658454895, 'region_encoder': 0.0, 'abmil': 0.17606917023658752, 'classifier': 2.338334321975708, 'p2w': 0.21688659489154816}
[WSI] epoch=9 iteration=1450 slide=normal_077 N=5 {'train_loss_cls': 0.24609375, 'train_loss_sr': 0.14498363435268402, 'train_loss_total': 0.26059210300445557, 'max_memory_allocated': 3872700928, 'max_memory_reserved': 32321306624}
[WSI] epoch=9 iteration=1451 slide=tumor_040 N=10 {'train_loss_cls': 0.93359375, 'train_loss_sr': 0.16714391112327576, 'train_loss_total': 0.9503081440925598, 'max_memory_allocated': 7566772736, 'max_memory_reserved': 32321306624}
[WSI] epoch=9 iteration=1452 slide=tumor_027 N=13 {'train_loss_cls': 1.0859375, 'train_loss_sr': 0.1699880212545395, 'train_loss_total': 1.1029362678527832, 'max_memory_allocated': 9784143360, 'max_memory_reserved': 32321306624}
[WSI] epoch=9 iteration=1453 slide=tumor_009 N=12 {'train_loss_cls': 0.8828125, 'train_loss_sr': 0.1321767270565033, 'train_loss_total': 0.8960301876068115, 'max_memory_allocated': 9044998656, 'max_memory_reserved': 32321306624}
[WSI] epoch=9 iteration=1454 slide=tumor_015 N=27 {'train_loss_cls': 0.8828125, 'train_loss_sr': 0.16471046209335327, 'train_loss_total': 0.8992835283279419, 'max_memory_allocated': 20129851904, 'max_memory_reserved': 32321306624}
[WSI] epoch=9 iteration=1455 slide=tumor_045 N=10 {'train_loss_cls': 0.431640625, 'train_loss_sr': 0.1754525899887085, 'train_loss_total': 0.44918587803840637, 'max_memory_allocated': 7566572032, 'max_memory_reserved': 32321306624}
[WSI] epoch=9 iteration=1456 slide=normal_096 N=7 {'train_loss_cls': 0.4765625, 'train_loss_sr': 0.15788964927196503, 'train_loss_total': 0.4923514723777771, 'max_memory_allocated': 5350435328, 'max_memory_reserved': 32321306624}
[WSI] epoch=9 iteration=1457 slide=tumor_008 N=14 {'train_loss_cls': 0.59765625, 'train_loss_sr': 0.17498263716697693, 'train_loss_total': 0.615154504776001, 'max_memory_allocated': 10522597888, 'max_memory_reserved': 32321306624}
[WSI] epoch=9 iteration=1458 slide=tumor_025 N=9 {'train_loss_cls': 0.5859375, 'train_loss_sr': 0.1694355607032776, 'train_loss_total': 0.6028810739517212, 'max_memory_allocated': 6827566080, 'max_memory_reserved': 32321306624}
[WSI] epoch=9 iteration=1459 slide=tumor_106 N=22 {'train_loss_cls': 0.193359375, 'train_loss_sr': 0.14420494437217712, 'train_loss_total': 0.2077798694372177, 'max_memory_allocated': 16434600448, 'max_memory_reserved': 32321306624}
[gradient] slide_id=tumor_082 N=3 {'rdn': 3.085426092147827, 'region_encoder': 0.0, 'abmil': 0.2803117334842682, 'classifier': 3.444514036178589, 'p2w': 0.5478209257125854}
[WSI] epoch=9 iteration=1460 slide=tumor_082 N=3 {'train_loss_cls': 0.3984375, 'train_loss_sr': 0.13700002431869507, 'train_loss_total': 0.412137508392334, 'max_memory_allocated': 2394799104, 'max_memory_reserved': 32321306624}
[WSI] epoch=9 iteration=1461 slide=normal_095 N=14 {'train_loss_cls': 0.7734375, 'train_loss_sr': 0.19651925563812256, 'train_loss_total': 0.7930894494056702, 'max_memory_allocated': 10522024448, 'max_memory_reserved': 32321306624}
[WSI] epoch=9 iteration=1462 slide=normal_133 N=10 {'train_loss_cls': 2.109375, 'train_loss_sr': 0.16485103964805603, 'train_loss_total': 2.1258602142333984, 'max_memory_allocated': 7566240256, 'max_memory_reserved': 32321306624}
[WSI] epoch=9 iteration=1463 slide=normal_080 N=15 {'train_loss_cls': 1.296875, 'train_loss_sr': 0.18432292342185974, 'train_loss_total': 1.3153072595596313, 'max_memory_allocated': 11262056960, 'max_memory_reserved': 32321306624}
[WSI] epoch=9 iteration=1464 slide=tumor_073 N=19 {'train_loss_cls': 0.43359375, 'train_loss_sr': 0.15790224075317383, 'train_loss_total': 0.4493839740753174, 'max_memory_allocated': 14217084928, 'max_memory_reserved': 32321306624}
[WSI] epoch=9 iteration=1465 slide=normal_026 N=5 {'train_loss_cls': 0.443359375, 'train_loss_sr': 0.2499784231185913, 'train_loss_total': 0.4683572053909302, 'max_memory_allocated': 3872700928, 'max_memory_reserved': 32321306624}
[WSI] epoch=9 iteration=1466 slide=normal_061 N=12 {'train_loss_cls': 0.34375, 'train_loss_sr': 0.22885742783546448, 'train_loss_total': 0.3666357398033142, 'max_memory_allocated': 9045441024, 'max_memory_reserved': 32321306624}
[WSI] epoch=9 iteration=1467 slide=tumor_042 N=4 {'train_loss_cls': 0.59765625, 'train_loss_sr': 0.16067400574684143, 'train_loss_total': 0.613723635673523, 'max_memory_allocated': 3132211200, 'max_memory_reserved': 32321306624}
[WSI] epoch=9 iteration=1468 slide=normal_079 N=8 {'train_loss_cls': 0.62890625, 'train_loss_sr': 0.18680761754512787, 'train_loss_total': 0.6475870013237, 'max_memory_allocated': 6088303616, 'max_memory_reserved': 32321306624}
[WSI] epoch=9 iteration=1469 slide=normal_053 N=18 {'train_loss_cls': 0.1689453125, 'train_loss_sr': 0.17485037446022034, 'train_loss_total': 0.18643034994602203, 'max_memory_allocated': 13478406656, 'max_memory_reserved': 32321306624}
[gradient] slide_id=tumor_005 N=4 {'rdn': 1.0519096851348877, 'region_encoder': 0.0, 'abmil': 8.100711056613363e-06, 'classifier': 2.212688684463501, 'p2w': 0.3848436772823334}
[WSI] epoch=9 iteration=1470 slide=tumor_005 N=4 {'train_loss_cls': 0.1494140625, 'train_loss_sr': 0.26527780294418335, 'train_loss_total': 0.1759418398141861, 'max_memory_allocated': 3132865024, 'max_memory_reserved': 32321306624}
[WSI] epoch=9 iteration=1471 slide=normal_011 N=14 {'train_loss_cls': 0.6875, 'train_loss_sr': 0.20620602369308472, 'train_loss_total': 0.708120584487915, 'max_memory_allocated': 10522155520, 'max_memory_reserved': 32321306624}
[WSI] epoch=9 iteration=1472 slide=tumor_105 N=6 {'train_loss_cls': 1.2265625, 'train_loss_sr': 0.1428622007369995, 'train_loss_total': 1.2408487796783447, 'max_memory_allocated': 4612660224, 'max_memory_reserved': 32321306624}
[WSI] epoch=9 iteration=1473 slide=normal_052 N=15 {'train_loss_cls': 0.1484375, 'train_loss_sr': 0.15952631831169128, 'train_loss_total': 0.16439013183116913, 'max_memory_allocated': 11262171648, 'max_memory_reserved': 32321306624}
[WSI] epoch=9 iteration=1474 slide=normal_159 N=14 {'train_loss_cls': 0.30859375, 'train_loss_sr': 0.1487230658531189, 'train_loss_total': 0.32346606254577637, 'max_memory_allocated': 10522044928, 'max_memory_reserved': 32321306624}
[WSI] epoch=9 iteration=1475 slide=tumor_077 N=14 {'train_loss_cls': 1.6015625, 'train_loss_sr': 0.14114302396774292, 'train_loss_total': 1.615676760673523, 'max_memory_allocated': 10522819072, 'max_memory_reserved': 32321306624}
[WSI] epoch=9 iteration=1476 slide=normal_145 N=20 {'train_loss_cls': 0.640625, 'train_loss_sr': 0.15041765570640564, 'train_loss_total': 0.6556667685508728, 'max_memory_allocated': 14957453312, 'max_memory_reserved': 32321306624}
[WSI] epoch=9 iteration=1477 slide=normal_135 N=13 {'train_loss_cls': 0.091796875, 'train_loss_sr': 0.1331045925617218, 'train_loss_total': 0.10510733723640442, 'max_memory_allocated': 9783790080, 'max_memory_reserved': 32321306624}
[WSI] epoch=9 iteration=1478 slide=tumor_107 N=6 {'train_loss_cls': 0.1328125, 'train_loss_sr': 0.1082795113325119, 'train_loss_total': 0.1436404585838318, 'max_memory_allocated': 4611984384, 'max_memory_reserved': 32321306624}
[WSI] epoch=9 iteration=1479 slide=normal_085 N=5 {'train_loss_cls': 0.46484375, 'train_loss_sr': 0.15225452184677124, 'train_loss_total': 0.48006919026374817, 'max_memory_allocated': 3873917440, 'max_memory_reserved': 32321306624}
[gradient] slide_id=normal_068 N=6 {'rdn': 3.4309115409851074, 'region_encoder': 0.0, 'abmil': 0.14080041646957397, 'classifier': 4.423793315887451, 'p2w': 0.31125250458717346}
[WSI] epoch=9 iteration=1480 slide=normal_068 N=6 {'train_loss_cls': 0.6640625, 'train_loss_sr': 0.23754125833511353, 'train_loss_total': 0.6878166198730469, 'max_memory_allocated': 4613200896, 'max_memory_reserved': 32321306624}
[WSI] epoch=9 iteration=1481 slide=tumor_016 N=5 {'train_loss_cls': 0.99609375, 'train_loss_sr': 0.20566606521606445, 'train_loss_total': 1.0166603326797485, 'max_memory_allocated': 3873440256, 'max_memory_reserved': 32321306624}
[WSI] epoch=9 iteration=1482 slide=tumor_058 N=5 {'train_loss_cls': 1.046875, 'train_loss_sr': 0.1695842742919922, 'train_loss_total': 1.063833475112915, 'max_memory_allocated': 3873040896, 'max_memory_reserved': 32321306624}
[WSI] epoch=9 iteration=1483 slide=normal_153 N=12 {'train_loss_cls': 0.365234375, 'train_loss_sr': 0.11861743777990341, 'train_loss_total': 0.37709611654281616, 'max_memory_allocated': 9044542464, 'max_memory_reserved': 32321306624}
[WSI] epoch=9 iteration=1484 slide=normal_097 N=17 {'train_loss_cls': 0.35546875, 'train_loss_sr': 0.1621846854686737, 'train_loss_total': 0.37168723344802856, 'max_memory_allocated': 12739500544, 'max_memory_reserved': 32321306624}
[WSI] epoch=9 iteration=1485 slide=tumor_086 N=23 {'train_loss_cls': 0.38671875, 'train_loss_sr': 0.14127680659294128, 'train_loss_total': 0.4008464217185974, 'max_memory_allocated': 17173142016, 'max_memory_reserved': 32321306624}
[WSI] epoch=9 iteration=1486 slide=tumor_044 N=12 {'train_loss_cls': 0.357421875, 'train_loss_sr': 0.11671441048383713, 'train_loss_total': 0.3690933287143707, 'max_memory_allocated': 9044825600, 'max_memory_reserved': 32321306624}
[WSI] epoch=9 iteration=1487 slide=normal_063 N=7 {'train_loss_cls': 0.70703125, 'train_loss_sr': 0.16034725308418274, 'train_loss_total': 0.723065972328186, 'max_memory_allocated': 5349530112, 'max_memory_reserved': 32321306624}
[WSI] epoch=9 iteration=1488 slide=normal_006 N=1 {'train_loss_cls': 0.2333984375, 'train_loss_sr': 0.11343203485012054, 'train_loss_total': 0.24474164843559265, 'max_memory_allocated': 918156288, 'max_memory_reserved': 32321306624}
[WSI] epoch=9 iteration=1489 slide=tumor_089 N=26 {'train_loss_cls': 0.97265625, 'train_loss_sr': 0.34799107909202576, 'train_loss_total': 1.0074553489685059, 'max_memory_allocated': 19390421504, 'max_memory_reserved': 32321306624}
[gradient] slide_id=normal_064 N=9 {'rdn': 1.5044523477554321, 'region_encoder': 0.0, 'abmil': 0.04357416182756424, 'classifier': 2.765141010284424, 'p2w': 0.40125471353530884}
[WSI] epoch=9 iteration=1490 slide=normal_064 N=9 {'train_loss_cls': 0.2314453125, 'train_loss_sr': 0.16878750920295715, 'train_loss_total': 0.24832406640052795, 'max_memory_allocated': 6827834368, 'max_memory_reserved': 32321306624}
[WSI] epoch=9 iteration=1491 slide=normal_078 N=6 {'train_loss_cls': 0.15625, 'train_loss_sr': 0.14069348573684692, 'train_loss_total': 0.1703193485736847, 'max_memory_allocated': 4612426752, 'max_memory_reserved': 32321306624}
[WSI] epoch=9 iteration=1492 slide=tumor_088 N=12 {'train_loss_cls': 0.8984375, 'train_loss_sr': 0.1229964941740036, 'train_loss_total': 0.910737156867981, 'max_memory_allocated': 9044867584, 'max_memory_reserved': 32321306624}
[WSI] epoch=9 iteration=1493 slide=normal_104 N=19 {'train_loss_cls': 0.2216796875, 'train_loss_sr': 0.14143133163452148, 'train_loss_total': 0.23582282662391663, 'max_memory_allocated': 14217296384, 'max_memory_reserved': 32321306624}
[WSI] epoch=9 iteration=1494 slide=normal_039 N=9 {'train_loss_cls': 0.1376953125, 'train_loss_sr': 0.17791017889976501, 'train_loss_total': 0.1554863303899765, 'max_memory_allocated': 6827568128, 'max_memory_reserved': 32321306624}
[WSI] epoch=9 iteration=1495 slide=tumor_103 N=18 {'train_loss_cls': 0.48828125, 'train_loss_sr': 0.18554618954658508, 'train_loss_total': 0.5068358778953552, 'max_memory_allocated': 13479079936, 'max_memory_reserved': 32321306624}
[WSI] epoch=9 iteration=1496 slide=normal_093 N=8 {'train_loss_cls': 0.08642578125, 'train_loss_sr': 0.21654656529426575, 'train_loss_total': 0.1080804392695427, 'max_memory_allocated': 6089378304, 'max_memory_reserved': 32321306624}
[WSI] epoch=9 iteration=1497 slide=normal_146 N=17 {'train_loss_cls': 0.349609375, 'train_loss_sr': 0.17861461639404297, 'train_loss_total': 0.3674708306789398, 'max_memory_allocated': 12739341824, 'max_memory_reserved': 32321306624}
[WSI] epoch=9 iteration=1498 slide=tumor_093 N=14 {'train_loss_cls': 2.21875, 'train_loss_sr': 0.1376398801803589, 'train_loss_total': 2.232513904571533, 'max_memory_allocated': 10522044928, 'max_memory_reserved': 32321306624}
[WSI] epoch=9 iteration=1499 slide=normal_081 N=6 {'train_loss_cls': 0.466796875, 'train_loss_sr': 0.18289408087730408, 'train_loss_total': 0.4850862920284271, 'max_memory_allocated': 4612205568, 'max_memory_reserved': 32321306624}
[gradient] slide_id=tumor_024 N=16 {'rdn': 3.7995972633361816, 'region_encoder': 0.0, 'abmil': 0.10205252468585968, 'classifier': 5.949619293212891, 'p2w': 0.36370792984962463}
[WSI] epoch=9 iteration=1500 slide=tumor_024 N=16 {'train_loss_cls': 0.7890625, 'train_loss_sr': 0.2112935334444046, 'train_loss_total': 0.8101918697357178, 'max_memory_allocated': 12001106432, 'max_memory_reserved': 32321306624}
[WSI] epoch=9 iteration=1501 slide=normal_074 N=14 {'train_loss_cls': 0.07421875, 'train_loss_sr': 0.20472614467144012, 'train_loss_total': 0.09469136595726013, 'max_memory_allocated': 10522395136, 'max_memory_reserved': 32321306624}
[WSI] epoch=9 iteration=1502 slide=tumor_022 N=7 {'train_loss_cls': 0.73046875, 'train_loss_sr': 0.1968875527381897, 'train_loss_total': 0.7501574754714966, 'max_memory_allocated': 5350324736, 'max_memory_reserved': 32321306624}
[WSI] epoch=9 iteration=1503 slide=normal_131 N=18 {'train_loss_cls': 0.12353515625, 'train_loss_sr': 0.12991325557231903, 'train_loss_total': 0.13652648031711578, 'max_memory_allocated': 13479005696, 'max_memory_reserved': 32321306624}
[WSI] epoch=9 iteration=1504 slide=normal_105 N=12 {'train_loss_cls': 0.48828125, 'train_loss_sr': 0.11092450469732285, 'train_loss_total': 0.4993737041950226, 'max_memory_allocated': 9045772800, 'max_memory_reserved': 32321306624}
[WSI] epoch=9 iteration=1505 slide=tumor_061 N=13 {'train_loss_cls': 0.24609375, 'train_loss_sr': 0.14495941996574402, 'train_loss_total': 0.26058968901634216, 'max_memory_allocated': 9783703552, 'max_memory_reserved': 32321306624}
[WSI] epoch=9 iteration=1506 slide=normal_154 N=20 {'train_loss_cls': 0.26171875, 'train_loss_sr': 0.16880805790424347, 'train_loss_total': 0.2785995602607727, 'max_memory_allocated': 14957402624, 'max_memory_reserved': 32321306624}
[WSI] epoch=9 iteration=1507 slide=tumor_012 N=7 {'train_loss_cls': 1.0390625, 'train_loss_sr': 0.16966773569583893, 'train_loss_total': 1.0560293197631836, 'max_memory_allocated': 5350193152, 'max_memory_reserved': 32321306624}
[WSI] epoch=9 iteration=1508 slide=normal_100 N=8 {'train_loss_cls': 0.408203125, 'train_loss_sr': 0.1742788553237915, 'train_loss_total': 0.42563101649284363, 'max_memory_allocated': 6088206848, 'max_memory_reserved': 32321306624}
[WSI] epoch=9 iteration=1509 slide=tumor_074 N=5 {'train_loss_cls': 0.41015625, 'train_loss_sr': 0.18017622828483582, 'train_loss_total': 0.42817386984825134, 'max_memory_allocated': 3872238080, 'max_memory_reserved': 32321306624}
[gradient] slide_id=normal_151 N=16 {'rdn': 1.3974270820617676, 'region_encoder': 0.0, 'abmil': 0.06813262403011322, 'classifier': 1.5765268802642822, 'p2w': 0.48171958327293396}
[WSI] epoch=9 iteration=1510 slide=normal_151 N=16 {'train_loss_cls': 0.1455078125, 'train_loss_sr': 0.15521889925003052, 'train_loss_total': 0.16102969646453857, 'max_memory_allocated': 12000909824, 'max_memory_reserved': 32321306624}
[WSI] epoch=9 iteration=1511 slide=tumor_108 N=22 {'train_loss_cls': 0.08447265625, 'train_loss_sr': 0.1634826958179474, 'train_loss_total': 0.10082092881202698, 'max_memory_allocated': 16433909248, 'max_memory_reserved': 32321306624}
[WSI] epoch=9 iteration=1512 slide=normal_065 N=6 {'train_loss_cls': 1.4296875, 'train_loss_sr': 0.2281421720981598, 'train_loss_total': 1.4525017738342285, 'max_memory_allocated': 4612918784, 'max_memory_reserved': 32321306624}
[WSI] epoch=9 iteration=1513 slide=tumor_109 N=10 {'train_loss_cls': 0.478515625, 'train_loss_sr': 0.20245464146137238, 'train_loss_total': 0.4987610876560211, 'max_memory_allocated': 7566551552, 'max_memory_reserved': 32321306624}
[WSI] epoch=9 iteration=1514 slide=tumor_111 N=4 {'train_loss_cls': 0.74609375, 'train_loss_sr': 0.2126486748456955, 'train_loss_total': 0.7673586010932922, 'max_memory_allocated': 3132402176, 'max_memory_reserved': 32321306624}
[WSI] epoch=9 iteration=1515 slide=tumor_019 N=2 {'train_loss_cls': 0.38671875, 'train_loss_sr': 0.14989176392555237, 'train_loss_total': 0.4017079174518585, 'max_memory_allocated': 1706789376, 'max_memory_reserved': 32321306624}
[WSI] epoch=9 iteration=1516 slide=tumor_002 N=5 {'train_loss_cls': 0.45703125, 'train_loss_sr': 0.3416884243488312, 'train_loss_total': 0.4912000894546509, 'max_memory_allocated': 3872348672, 'max_memory_reserved': 32321306624}
[WSI] epoch=9 iteration=1517 slide=normal_128 N=11 {'train_loss_cls': 3.859375, 'train_loss_sr': 0.42985886335372925, 'train_loss_total': 3.9023609161376953, 'max_memory_allocated': 8305888256, 'max_memory_reserved': 32321306624}
[WSI] epoch=9 iteration=1518 slide=normal_062 N=2 {'train_loss_cls': 0.84765625, 'train_loss_sr': 0.33244258165359497, 'train_loss_total': 0.880900502204895, 'max_memory_allocated': 1707014144, 'max_memory_reserved': 32321306624}
[WSI] epoch=9 iteration=1519 slide=normal_116 N=8 {'train_loss_cls': 0.2451171875, 'train_loss_sr': 0.3538227677345276, 'train_loss_total': 0.2804994583129883, 'max_memory_allocated': 6088373760, 'max_memory_reserved': 32321306624}
[gradient] slide_id=tumor_017 N=9 {'rdn': 16.937095642089844, 'region_encoder': 0.0, 'abmil': 1.6993662118911743, 'classifier': 25.617956161499023, 'p2w': 2.315969944000244}
[WSI] epoch=9 iteration=1520 slide=tumor_017 N=9 {'train_loss_cls': 0.81640625, 'train_loss_sr': 0.5535085201263428, 'train_loss_total': 0.8717570900917053, 'max_memory_allocated': 6828312576, 'max_memory_reserved': 32321306624}
[WSI] epoch=9 iteration=1521 slide=normal_124 N=19 {'train_loss_cls': 0.2099609375, 'train_loss_sr': 1.002129077911377, 'train_loss_total': 0.3101738393306732, 'max_memory_allocated': 14217075200, 'max_memory_reserved': 32321306624}
[WSI] epoch=9 iteration=1522 slide=normal_076 N=24 {'train_loss_cls': 0.0001125335693359375, 'train_loss_sr': 0.6411774158477783, 'train_loss_total': 0.06423027813434601, 'max_memory_allocated': 17912437248, 'max_memory_reserved': 32321306624}
[WSI] epoch=9 iteration=1523 slide=tumor_028 N=17 {'train_loss_cls': 0.173828125, 'train_loss_sr': 5.774401664733887, 'train_loss_total': 0.7512683272361755, 'max_memory_allocated': 12739238400, 'max_memory_reserved': 32321306624}
[WSI] epoch=9 iteration=1524 slide=normal_015 N=5 {'train_loss_cls': 9.8125, 'train_loss_sr': 4.504006385803223, 'train_loss_total': 10.262900352478027, 'max_memory_allocated': 3872400384, 'max_memory_reserved': 32321306624}
[WSI] epoch=9 iteration=1525 slide=tumor_020 N=7 {'train_loss_cls': 1.21875, 'train_loss_sr': 1.0418165922164917, 'train_loss_total': 1.3229316473007202, 'max_memory_allocated': 5350176256, 'max_memory_reserved': 32321306624}
[WSI] epoch=9 iteration=1526 slide=normal_088 N=14 {'train_loss_cls': 0.283203125, 'train_loss_sr': 0.7733128070831299, 'train_loss_total': 0.3605343997478485, 'max_memory_allocated': 10522155520, 'max_memory_reserved': 32321306624}
[WSI] epoch=9 iteration=1527 slide=normal_070 N=16 {'train_loss_cls': 0.10791015625, 'train_loss_sr': 1.3763489723205566, 'train_loss_total': 0.24554505944252014, 'max_memory_allocated': 12001643008, 'max_memory_reserved': 32321306624}
[WSI] epoch=9 iteration=1528 slide=normal_083 N=3 {'train_loss_cls': 0.009033203125, 'train_loss_sr': 2.777832269668579, 'train_loss_total': 0.28681644797325134, 'max_memory_allocated': 2395066880, 'max_memory_reserved': 32321306624}
[WSI] epoch=9 iteration=1529 slide=tumor_097 N=18 {'train_loss_cls': 2.5625, 'train_loss_sr': 0.7754622101783752, 'train_loss_total': 2.6400461196899414, 'max_memory_allocated': 13478312448, 'max_memory_reserved': 32321306624}
[gradient] slide_id=normal_113 N=19 {'rdn': 15.798118591308594, 'region_encoder': 0.0, 'abmil': 0.4399321377277374, 'classifier': 10.789175033569336, 'p2w': 4.524656772613525}
[WSI] epoch=9 iteration=1530 slide=normal_113 N=19 {'train_loss_cls': 0.328125, 'train_loss_sr': 8.408547401428223, 'train_loss_total': 1.1689797639846802, 'max_memory_allocated': 14217625600, 'max_memory_reserved': 32321306624}
[WSI] epoch=9 iteration=1531 slide=normal_148 N=5 {'train_loss_cls': 0.6875, 'train_loss_sr': 7.235469818115234, 'train_loss_total': 1.4110469818115234, 'max_memory_allocated': 3872609280, 'max_memory_reserved': 32321306624}
[WSI] epoch=9 iteration=1532 slide=normal_044 N=4 {'train_loss_cls': 0.93359375, 'train_loss_sr': 1.121950387954712, 'train_loss_total': 1.0457887649536133, 'max_memory_allocated': 3132557824, 'max_memory_reserved': 32321306624}
[WSI] epoch=9 iteration=1533 slide=normal_002 N=2 {'train_loss_cls': 0.39453125, 'train_loss_sr': 0.9417301416397095, 'train_loss_total': 0.48870426416397095, 'max_memory_allocated': 1706789376, 'max_memory_reserved': 32321306624}
[WSI] epoch=9 iteration=1534 slide=normal_023 N=2 {'train_loss_cls': 0.1318359375, 'train_loss_sr': 1.389372706413269, 'train_loss_total': 0.2707732319831848, 'max_memory_allocated': 1707252224, 'max_memory_reserved': 32321306624}
[WSI] epoch=9 iteration=1535 slide=tumor_072 N=20 {'train_loss_cls': 1.9609375, 'train_loss_sr': 1.6944056749343872, 'train_loss_total': 2.130378007888794, 'max_memory_allocated': 14957132800, 'max_memory_reserved': 32321306624}
[WSI] epoch=9 iteration=1536 slide=normal_032 N=9 {'train_loss_cls': 0.10888671875, 'train_loss_sr': 2.0667307376861572, 'train_loss_total': 0.3155598044395447, 'max_memory_allocated': 6827936256, 'max_memory_reserved': 32321306624}
[WSI] epoch=9 iteration=1537 slide=tumor_068 N=15 {'train_loss_cls': 1.328125, 'train_loss_sr': 1.6986125707626343, 'train_loss_total': 1.4979863166809082, 'max_memory_allocated': 11263203840, 'max_memory_reserved': 32321306624}
[WSI] epoch=9 iteration=1538 slide=tumor_087 N=10 {'train_loss_cls': 0.82421875, 'train_loss_sr': 1.2103091478347778, 'train_loss_total': 0.9452496767044067, 'max_memory_allocated': 7566378496, 'max_memory_reserved': 32321306624}
[WSI] epoch=9 iteration=1539 slide=tumor_054 N=17 {'train_loss_cls': 0.2041015625, 'train_loss_sr': 2.111933708190918, 'train_loss_total': 0.41529494524002075, 'max_memory_allocated': 12739922432, 'max_memory_reserved': 32321306624}
[gradient] slide_id=tumor_066 N=7 {'rdn': 1.9778691530227661, 'region_encoder': 0.0, 'abmil': 0.0712054967880249, 'classifier': 1.6023635864257812, 'p2w': 1.4632846117019653}
[WSI] epoch=9 iteration=1540 slide=tumor_066 N=7 {'train_loss_cls': 0.039306640625, 'train_loss_sr': 1.500171422958374, 'train_loss_total': 0.1893237829208374, 'max_memory_allocated': 5349992960, 'max_memory_reserved': 32321306624}
[WSI] epoch=9 iteration=1541 slide=normal_089 N=20 {'train_loss_cls': 3.953125, 'train_loss_sr': 1.598411202430725, 'train_loss_total': 4.112966060638428, 'max_memory_allocated': 14956632064, 'max_memory_reserved': 32321306624}
[WSI] epoch=9 iteration=1542 slide=tumor_050 N=10 {'train_loss_cls': 0.12451171875, 'train_loss_sr': 0.5974844694137573, 'train_loss_total': 0.18426015973091125, 'max_memory_allocated': 7566350848, 'max_memory_reserved': 32321306624}
[WSI] epoch=9 iteration=1543 slide=normal_029 N=1 {'train_loss_cls': 0.64453125, 'train_loss_sr': 1.162968635559082, 'train_loss_total': 0.7608281373977661, 'max_memory_allocated': 916147200, 'max_memory_reserved': 32321306624}
[WSI] epoch=9 iteration=1544 slide=normal_103 N=8 {'train_loss_cls': 1.0859375, 'train_loss_sr': 1.1461294889450073, 'train_loss_total': 1.2005504369735718, 'max_memory_allocated': 6088130560, 'max_memory_reserved': 32321306624}
[WSI] epoch=9 iteration=1545 slide=normal_051 N=3 {'train_loss_cls': 0.0301513671875, 'train_loss_sr': 1.9486722946166992, 'train_loss_total': 0.22501860558986664, 'max_memory_allocated': 2395110400, 'max_memory_reserved': 32321306624}
[WSI] epoch=9 iteration=1546 slide=normal_037 N=8 {'train_loss_cls': 0.2431640625, 'train_loss_sr': 2.329854726791382, 'train_loss_total': 0.4761495590209961, 'max_memory_allocated': 6089243136, 'max_memory_reserved': 32321306624}
[WSI] epoch=9 iteration=1547 slide=tumor_057 N=4 {'train_loss_cls': 9.125, 'train_loss_sr': 18.27772331237793, 'train_loss_total': 10.95277214050293, 'max_memory_allocated': 3132758528, 'max_memory_reserved': 32321306624}
[WSI] epoch=9 iteration=1548 slide=normal_036 N=7 {'train_loss_cls': 0.296875, 'train_loss_sr': 1.4028339385986328, 'train_loss_total': 0.43715840578079224, 'max_memory_allocated': 5349882368, 'max_memory_reserved': 32321306624}
[WSI] epoch=9 iteration=1549 slide=normal_107 N=16 {'train_loss_cls': 0.04296875, 'train_loss_sr': 1.6358104944229126, 'train_loss_total': 0.20654980838298798, 'max_memory_allocated': 12001521152, 'max_memory_reserved': 32321306624}
[gradient] slide_id=normal_158 N=18 {'rdn': 5.0017571449279785, 'region_encoder': 0.0, 'abmil': 0.21292422711849213, 'classifier': 1.7688523530960083, 'p2w': 0.8847476840019226}
[WSI] epoch=9 iteration=1550 slide=normal_158 N=18 {'train_loss_cls': 0.11181640625, 'train_loss_sr': 1.553844690322876, 'train_loss_total': 0.26720088720321655, 'max_memory_allocated': 13478865408, 'max_memory_reserved': 32321306624}
[WSI] epoch=9 iteration=1551 slide=normal_008 N=1 {'train_loss_cls': 0.038330078125, 'train_loss_sr': 0.34826481342315674, 'train_loss_total': 0.07315656542778015, 'max_memory_allocated': 916147200, 'max_memory_reserved': 32321306624}
[WSI] epoch=9 iteration=1552 slide=tumor_052 N=15 {'train_loss_cls': 4.4375, 'train_loss_sr': 1.6181715726852417, 'train_loss_total': 4.5993170738220215, 'max_memory_allocated': 11262540288, 'max_memory_reserved': 32321306624}
[WSI] epoch=9 iteration=1553 slide=normal_106 N=15 {'train_loss_cls': 0.28515625, 'train_loss_sr': 3.0526304244995117, 'train_loss_total': 0.5904192924499512, 'max_memory_allocated': 11262097920, 'max_memory_reserved': 32321306624}
[WSI] epoch=9 iteration=1554 slide=normal_054 N=1 {'train_loss_cls': 0.326171875, 'train_loss_sr': 3.7821309566497803, 'train_loss_total': 0.704384982585907, 'max_memory_allocated': 916147200, 'max_memory_reserved': 32321306624}
[WSI] epoch=9 iteration=1555 slide=tumor_011 N=6 {'train_loss_cls': 0.69140625, 'train_loss_sr': 3.114898681640625, 'train_loss_total': 1.0028960704803467, 'max_memory_allocated': 4612889600, 'max_memory_reserved': 32321306624}
[WSI] epoch=9 iteration=1556 slide=normal_108 N=2 {'train_loss_cls': 0.76171875, 'train_loss_sr': 2.864551544189453, 'train_loss_total': 1.0481739044189453, 'max_memory_allocated': 1706920448, 'max_memory_reserved': 32321306624}
[WSI] epoch=9 iteration=1557 slide=tumor_001 N=7 {'train_loss_cls': 0.8515625, 'train_loss_sr': 1.9751317501068115, 'train_loss_total': 1.049075722694397, 'max_memory_allocated': 5349661184, 'max_memory_reserved': 32321306624}
[WSI] epoch=9 iteration=1558 slide=tumor_007 N=12 {'train_loss_cls': 0.8828125, 'train_loss_sr': 1.18462073802948, 'train_loss_total': 1.001274585723877, 'max_memory_allocated': 9044707840, 'max_memory_reserved': 32321306624}
[WSI] epoch=9 iteration=1559 slide=normal_142 N=20 {'train_loss_cls': 0.79296875, 'train_loss_sr': 1.0827451944351196, 'train_loss_total': 0.901243269443512, 'max_memory_allocated': 14956939776, 'max_memory_reserved': 32321306624}
[gradient] slide_id=normal_139 N=12 {'rdn': 12.659560203552246, 'region_encoder': 0.0, 'abmil': 0.3655732274055481, 'classifier': 4.756496429443359, 'p2w': 0.4781521260738373}
[WSI] epoch=9 iteration=1560 slide=normal_139 N=12 {'train_loss_cls': 0.66015625, 'train_loss_sr': 0.6616214513778687, 'train_loss_total': 0.7263184189796448, 'max_memory_allocated': 9045958656, 'max_memory_reserved': 32321306624}
[WSI] epoch=9 iteration=1561 slide=tumor_079 N=14 {'train_loss_cls': 0.7265625, 'train_loss_sr': 0.7097415924072266, 'train_loss_total': 0.7975366711616516, 'max_memory_allocated': 10522176000, 'max_memory_reserved': 32321306624}
[WSI] epoch=9 iteration=1562 slide=normal_047 N=5 {'train_loss_cls': 0.33203125, 'train_loss_sr': 0.6383811235427856, 'train_loss_total': 0.3958693742752075, 'max_memory_allocated': 3873012224, 'max_memory_reserved': 32321306624}
[WSI] epoch=9 iteration=1563 slide=normal_119 N=14 {'train_loss_cls': 0.142578125, 'train_loss_sr': 0.580298662185669, 'train_loss_total': 0.20060798525810242, 'max_memory_allocated': 10522556928, 'max_memory_reserved': 32321306624}
[WSI] epoch=9 iteration=1564 slide=tumor_071 N=12 {'train_loss_cls': 0.93359375, 'train_loss_sr': 0.7082837820053101, 'train_loss_total': 1.0044221878051758, 'max_memory_allocated': 9045587968, 'max_memory_reserved': 32321306624}
[WSI] epoch=9 iteration=1565 slide=normal_038 N=1 {'train_loss_cls': 0.77734375, 'train_loss_sr': 0.36257025599479675, 'train_loss_total': 0.8136007785797119, 'max_memory_allocated': 916409344, 'max_memory_reserved': 32321306624}
[WSI] epoch=9 iteration=1566 slide=normal_156 N=13 {'train_loss_cls': 0.3203125, 'train_loss_sr': 0.6815190315246582, 'train_loss_total': 0.38846439123153687, 'max_memory_allocated': 9783900672, 'max_memory_reserved': 32321306624}
[epoch] {'epoch': 9, 'train_loss_cls': 0.7080989596487461, 'train_loss_sr': 0.7242855671365028, 'train_loss_total': 0.7805275135598648, 'train_auc': 0.8466891891891892, 'train_acc': 0.7183908045977011, 'train_bacc': 0.6741891891891891, 'val_loss': 0.7050725763494318, 'val_auc': 0.5821409644939057, 'val_acc': 0.5681818181818182, 'val_bacc': 0.516163222045575, 'max_memory_allocated': 26041825280, 'max_memory_reserved': 32321306624}
/root/miniconda3/envs/myconda/lib/python3.10/site-packages/torch/utils/checkpoint.py:1399: FutureWarning: `torch.cpu.amp.autocast(args...)` is deprecated. Please use `torch.amp.autocast('cpu', args...)` instead.
  with device_autocast_ctx, torch.cpu.amp.autocast(**cpu_autocast_kwargs), recompute_context:  # type: ignore[attr-defined]
[WSI] epoch=10 iteration=1567 slide=tumor_087 N=10 {'train_loss_cls': 1.2734375, 'train_loss_sr': 0.3811977207660675, 'train_loss_total': 1.3115572929382324, 'max_memory_allocated': 7566540800, 'max_memory_reserved': 32321306624}
[WSI] epoch=10 iteration=1568 slide=normal_023 N=2 {'train_loss_cls': 0.287109375, 'train_loss_sr': 0.32099348306655884, 'train_loss_total': 0.31920871138572693, 'max_memory_allocated': 1708115968, 'max_memory_reserved': 32321306624}
[WSI] epoch=10 iteration=1569 slide=normal_022 N=6 {'train_loss_cls': 0.27734375, 'train_loss_sr': 0.6189858317375183, 'train_loss_total': 0.3392423391342163, 'max_memory_allocated': 4612115456, 'max_memory_reserved': 32321306624}
[gradient] slide_id=normal_111 N=31 {'rdn': 8.219226837158203, 'region_encoder': 0.0, 'abmil': 0.266823410987854, 'classifier': 4.210940837860107, 'p2w': 0.405426025390625}
[WSI] epoch=10 iteration=1570 slide=normal_111 N=31 {'train_loss_cls': 0.451171875, 'train_loss_sr': 0.39040905237197876, 'train_loss_total': 0.4902127683162689, 'max_memory_allocated': 23085636096, 'max_memory_reserved': 32321306624}
[WSI] epoch=10 iteration=1571 slide=normal_028 N=5 {'train_loss_cls': 0.458984375, 'train_loss_sr': 0.28224802017211914, 'train_loss_total': 0.48720917105674744, 'max_memory_allocated': 3873012224, 'max_memory_reserved': 32321306624}
[WSI] epoch=10 iteration=1572 slide=tumor_020 N=7 {'train_loss_cls': 1.0859375, 'train_loss_sr': 0.3371161222457886, 'train_loss_total': 1.1196491718292236, 'max_memory_allocated': 5350345216, 'max_memory_reserved': 32321306624}
[WSI] epoch=10 iteration=1573 slide=tumor_072 N=20 {'train_loss_cls': 1.390625, 'train_loss_sr': 0.4200749099254608, 'train_loss_total': 1.4326324462890625, 'max_memory_allocated': 14956766720, 'max_memory_reserved': 32321306624}
[WSI] epoch=10 iteration=1574 slide=tumor_040 N=10 {'train_loss_cls': 1.2578125, 'train_loss_sr': 0.32759031653404236, 'train_loss_total': 1.2905715703964233, 'max_memory_allocated': 7566625280, 'max_memory_reserved': 32321306624}
[WSI] epoch=10 iteration=1575 slide=normal_156 N=13 {'train_loss_cls': 0.4296875, 'train_loss_sr': 0.4284111261367798, 'train_loss_total': 0.4725286066532135, 'max_memory_allocated': 9783368192, 'max_memory_reserved': 32321306624}
[WSI] epoch=10 iteration=1576 slide=normal_154 N=20 {'train_loss_cls': 0.578125, 'train_loss_sr': 0.42879655957221985, 'train_loss_total': 0.6210046410560608, 'max_memory_allocated': 14956939776, 'max_memory_reserved': 32321306624}
[WSI] epoch=10 iteration=1577 slide=tumor_109 N=10 {'train_loss_cls': 0.94921875, 'train_loss_sr': 0.3529895842075348, 'train_loss_total': 0.9845176935195923, 'max_memory_allocated': 7566088704, 'max_memory_reserved': 32321306624}
[WSI] epoch=10 iteration=1578 slide=tumor_001 N=7 {'train_loss_cls': 0.36328125, 'train_loss_sr': 0.4008467197418213, 'train_loss_total': 0.4033659100532532, 'max_memory_allocated': 5350537728, 'max_memory_reserved': 32321306624}
[WSI] epoch=10 iteration=1579 slide=normal_054 N=1 {'train_loss_cls': 1.8671875, 'train_loss_sr': 0.7789868712425232, 'train_loss_total': 1.9450862407684326, 'max_memory_allocated': 916147200, 'max_memory_reserved': 32321306624}
[gradient] slide_id=tumor_106 N=22 {'rdn': 2.0449533462524414, 'region_encoder': 0.0, 'abmil': 0.13896754384040833, 'classifier': 2.5216379165649414, 'p2w': 0.6376634240150452}
[WSI] epoch=10 iteration=1580 slide=tumor_106 N=22 {'train_loss_cls': 0.17578125, 'train_loss_sr': 0.3659934401512146, 'train_loss_total': 0.21238058805465698, 'max_memory_allocated': 16433929728, 'max_memory_reserved': 32321306624}
[WSI] epoch=10 iteration=1581 slide=normal_049 N=2 {'train_loss_cls': 0.70703125, 'train_loss_sr': 0.30961450934410095, 'train_loss_total': 0.7379927039146423, 'max_memory_allocated': 1707826688, 'max_memory_reserved': 32321306624}
[WSI] epoch=10 iteration=1582 slide=tumor_108 N=22 {'train_loss_cls': 0.279296875, 'train_loss_sr': 0.33181440830230713, 'train_loss_total': 0.31247830390930176, 'max_memory_allocated': 16434469376, 'max_memory_reserved': 32321306624}
[WSI] epoch=10 iteration=1583 slide=normal_120 N=10 {'train_loss_cls': 0.95703125, 'train_loss_sr': 0.28076666593551636, 'train_loss_total': 0.9851078987121582, 'max_memory_allocated': 7566109184, 'max_memory_reserved': 32321306624}
[WSI] epoch=10 iteration=1584 slide=normal_003 N=7 {'train_loss_cls': 0.546875, 'train_loss_sr': 0.21686872839927673, 'train_loss_total': 0.568561851978302, 'max_memory_allocated': 5350870528, 'max_memory_reserved': 32321306624}
[WSI] epoch=10 iteration=1585 slide=normal_124 N=19 {'train_loss_cls': 0.2255859375, 'train_loss_sr': 0.14810438454151154, 'train_loss_total': 0.2403963804244995, 'max_memory_allocated': 14217296384, 'max_memory_reserved': 32321306624}
[WSI] epoch=10 iteration=1586 slide=normal_096 N=7 {'train_loss_cls': 0.146484375, 'train_loss_sr': 0.2268720269203186, 'train_loss_total': 0.16917157173156738, 'max_memory_allocated': 5350103552, 'max_memory_reserved': 32321306624}
[WSI] epoch=10 iteration=1587 slide=tumor_060 N=6 {'train_loss_cls': 1.2578125, 'train_loss_sr': 0.2690250873565674, 'train_loss_total': 1.2847150564193726, 'max_memory_allocated': 4612758528, 'max_memory_reserved': 32321306624}
[WSI] epoch=10 iteration=1588 slide=normal_076 N=24 {'train_loss_cls': 0.306640625, 'train_loss_sr': 0.2521870732307434, 'train_loss_total': 0.3318593204021454, 'max_memory_allocated': 17911994880, 'max_memory_reserved': 32321306624}
[WSI] epoch=10 iteration=1589 slide=normal_040 N=16 {'train_loss_cls': 0.1748046875, 'train_loss_sr': 0.2462572157382965, 'train_loss_total': 0.1994304060935974, 'max_memory_allocated': 12000647680, 'max_memory_reserved': 32321306624}
[gradient] slide_id=normal_071 N=5 {'rdn': 4.04913854598999, 'region_encoder': 0.0, 'abmil': 0.0690528005361557, 'classifier': 2.823812246322632, 'p2w': 0.12920890748500824}
[WSI] epoch=10 iteration=1590 slide=normal_071 N=5 {'train_loss_cls': 0.330078125, 'train_loss_sr': 0.2056565284729004, 'train_loss_total': 0.3506437838077545, 'max_memory_allocated': 3872348672, 'max_memory_reserved': 32321306624}
[WSI] epoch=10 iteration=1591 slide=tumor_037 N=10 {'train_loss_cls': 1.78125, 'train_loss_sr': 0.21314796805381775, 'train_loss_total': 1.8025647401809692, 'max_memory_allocated': 7566350848, 'max_memory_reserved': 32321306624}
[WSI] epoch=10 iteration=1592 slide=tumor_058 N=5 {'train_loss_cls': 1.828125, 'train_loss_sr': 0.18772760033607483, 'train_loss_total': 1.8468977212905884, 'max_memory_allocated': 3873012224, 'max_memory_reserved': 32321306624}
[WSI] epoch=10 iteration=1593 slide=tumor_078 N=15 {'train_loss_cls': 0.83984375, 'train_loss_sr': 0.2145492136478424, 'train_loss_total': 0.861298680305481, 'max_memory_allocated': 11263203840, 'max_memory_reserved': 32321306624}
[WSI] epoch=10 iteration=1594 slide=normal_093 N=8 {'train_loss_cls': 0.248046875, 'train_loss_sr': 0.38496819138526917, 'train_loss_total': 0.28654369711875916, 'max_memory_allocated': 6088583680, 'max_memory_reserved': 32321306624}
[WSI] epoch=10 iteration=1595 slide=tumor_054 N=17 {'train_loss_cls': 0.74609375, 'train_loss_sr': 0.456416517496109, 'train_loss_total': 0.7917354106903076, 'max_memory_allocated': 12739701248, 'max_memory_reserved': 32321306624}
[WSI] epoch=10 iteration=1596 slide=tumor_073 N=19 {'train_loss_cls': 0.58203125, 'train_loss_sr': 0.4572056531906128, 'train_loss_total': 0.6277518272399902, 'max_memory_allocated': 14217289216, 'max_memory_reserved': 32321306624}
[WSI] epoch=10 iteration=1597 slide=normal_106 N=15 {'train_loss_cls': 0.9140625, 'train_loss_sr': 0.4553503692150116, 'train_loss_total': 0.9595975279808044, 'max_memory_allocated': 11263277568, 'max_memory_reserved': 32321306624}
[WSI] epoch=10 iteration=1598 slide=tumor_045 N=10 {'train_loss_cls': 0.61328125, 'train_loss_sr': 0.3682297468185425, 'train_loss_total': 0.6501042246818542, 'max_memory_allocated': 7566551552, 'max_memory_reserved': 32321306624}
[WSI] epoch=10 iteration=1599 slide=tumor_042 N=4 {'train_loss_cls': 0.341796875, 'train_loss_sr': 0.27150991559028625, 'train_loss_total': 0.3689478635787964, 'max_memory_allocated': 3132426752, 'max_memory_reserved': 32321306624}
[gradient] slide_id=normal_037 N=8 {'rdn': 9.291437149047852, 'region_encoder': 0.0, 'abmil': 0.13296186923980713, 'classifier': 7.296023368835449, 'p2w': 0.8317404389381409}
[WSI] epoch=10 iteration=1600 slide=normal_037 N=8 {'train_loss_cls': 1.2109375, 'train_loss_sr': 0.279151052236557, 'train_loss_total': 1.238852620124817, 'max_memory_allocated': 6089267712, 'max_memory_reserved': 32321306624}
[WSI] epoch=10 iteration=1601 slide=normal_014 N=2 {'train_loss_cls': 0.498046875, 'train_loss_sr': 0.3248078227043152, 'train_loss_total': 0.530527651309967, 'max_memory_allocated': 1707452928, 'max_memory_reserved': 32321306624}
[WSI] epoch=10 iteration=1602 slide=normal_053 N=18 {'train_loss_cls': 0.494140625, 'train_loss_sr': 0.3383108377456665, 'train_loss_total': 0.5279716849327087, 'max_memory_allocated': 13478091264, 'max_memory_reserved': 32321306624}
[WSI] epoch=10 iteration=1603 slide=normal_015 N=5 {'train_loss_cls': 0.67578125, 'train_loss_sr': 0.3424414396286011, 'train_loss_total': 0.7100253701210022, 'max_memory_allocated': 3872479744, 'max_memory_reserved': 32321306624}
[WSI] epoch=10 iteration=1604 slide=normal_041 N=7 {'train_loss_cls': 0.251953125, 'train_loss_sr': 0.3867560923099518, 'train_loss_total': 0.29062873125076294, 'max_memory_allocated': 5349530112, 'max_memory_reserved': 32321306624}
[WSI] epoch=10 iteration=1605 slide=normal_066 N=26 {'train_loss_cls': 0.42578125, 'train_loss_sr': 0.3574434518814087, 'train_loss_total': 0.4615255892276764, 'max_memory_allocated': 19391175168, 'max_memory_reserved': 32321306624}
[WSI] epoch=10 iteration=1606 slide=tumor_017 N=9 {'train_loss_cls': 1.2109375, 'train_loss_sr': 0.3508751094341278, 'train_loss_total': 1.2460249662399292, 'max_memory_allocated': 6827171328, 'max_memory_reserved': 32321306624}
[WSI] epoch=10 iteration=1607 slide=tumor_097 N=18 {'train_loss_cls': 0.80859375, 'train_loss_sr': 0.3407783508300781, 'train_loss_total': 0.8426715731620789, 'max_memory_allocated': 13479116288, 'max_memory_reserved': 32321306624}
[WSI] epoch=10 iteration=1608 slide=tumor_107 N=6 {'train_loss_cls': 0.7109375, 'train_loss_sr': 0.31173163652420044, 'train_loss_total': 0.7421106696128845, 'max_memory_allocated': 4612115456, 'max_memory_reserved': 32321306624}
[WSI] epoch=10 iteration=1609 slide=normal_047 N=5 {'train_loss_cls': 0.3359375, 'train_loss_sr': 0.26910024881362915, 'train_loss_total': 0.36284753680229187, 'max_memory_allocated': 3873076224, 'max_memory_reserved': 32321306624}
[gradient] slide_id=normal_121 N=13 {'rdn': 1.998015284538269, 'region_encoder': 0.0, 'abmil': 0.018391534686088562, 'classifier': 2.2608120441436768, 'p2w': 0.41807612776756287}
[WSI] epoch=10 iteration=1610 slide=normal_121 N=13 {'train_loss_cls': 0.271484375, 'train_loss_sr': 0.23288588225841522, 'train_loss_total': 0.2947729527950287, 'max_memory_allocated': 9783368192, 'max_memory_reserved': 32321306624}
[WSI] epoch=10 iteration=1611 slide=normal_051 N=3 {'train_loss_cls': 0.1533203125, 'train_loss_sr': 0.17580148577690125, 'train_loss_total': 0.17090046405792236, 'max_memory_allocated': 2395536384, 'max_memory_reserved': 32321306624}
[WSI] epoch=10 iteration=1612 slide=tumor_089 N=26 {'train_loss_cls': 0.62890625, 'train_loss_sr': 0.14219790697097778, 'train_loss_total': 0.6431260108947754, 'max_memory_allocated': 19389886464, 'max_memory_reserved': 32321306624}
[WSI] epoch=10 iteration=1613 slide=tumor_022 N=7 {'train_loss_cls': 0.77734375, 'train_loss_sr': 0.19901005923748016, 'train_loss_total': 0.7972447276115417, 'max_memory_allocated': 5350103552, 'max_memory_reserved': 32321306624}
[WSI] epoch=10 iteration=1614 slide=tumor_071 N=12 {'train_loss_cls': 0.58203125, 'train_loss_sr': 0.19213949143886566, 'train_loss_total': 0.6012452244758606, 'max_memory_allocated': 9044535808, 'max_memory_reserved': 32321306624}
[WSI] epoch=10 iteration=1615 slide=tumor_048 N=15 {'train_loss_cls': 0.6484375, 'train_loss_sr': 0.27846798300743103, 'train_loss_total': 0.6762843132019043, 'max_memory_allocated': 11262084096, 'max_memory_reserved': 32321306624}
[WSI] epoch=10 iteration=1616 slide=tumor_046 N=19 {'train_loss_cls': 0.78515625, 'train_loss_sr': 0.3232421875, 'train_loss_total': 0.8174804449081421, 'max_memory_allocated': 14217517568, 'max_memory_reserved': 32321306624}
[WSI] epoch=10 iteration=1617 slide=tumor_088 N=12 {'train_loss_cls': 0.4453125, 'train_loss_sr': 0.30743539333343506, 'train_loss_total': 0.4760560393333435, 'max_memory_allocated': 9045551616, 'max_memory_reserved': 32321306624}
[WSI] epoch=10 iteration=1618 slide=normal_159 N=14 {'train_loss_cls': 0.67578125, 'train_loss_sr': 0.3509310483932495, 'train_loss_total': 0.7108743786811829, 'max_memory_allocated': 10522339840, 'max_memory_reserved': 32321306624}
[WSI] epoch=10 iteration=1619 slide=normal_029 N=1 {'train_loss_cls': 0.17578125, 'train_loss_sr': 0.3405296206474304, 'train_loss_total': 0.20983421802520752, 'max_memory_allocated': 916261888, 'max_memory_reserved': 32321306624}
[gradient] slide_id=normal_133 N=10 {'rdn': 5.090993881225586, 'region_encoder': 0.0, 'abmil': 0.5128685832023621, 'classifier': 3.4376580715179443, 'p2w': 0.6231357455253601}
[WSI] epoch=10 iteration=1620 slide=normal_133 N=10 {'train_loss_cls': 0.447265625, 'train_loss_sr': 0.2580832839012146, 'train_loss_total': 0.47307395935058594, 'max_memory_allocated': 7567456768, 'max_memory_reserved': 32321306624}
[WSI] epoch=10 iteration=1621 slide=normal_008 N=1 {'train_loss_cls': 0.3203125, 'train_loss_sr': 0.20910370349884033, 'train_loss_total': 0.341222882270813, 'max_memory_allocated': 916519936, 'max_memory_reserved': 32321306624}
[WSI] epoch=10 iteration=1622 slide=normal_067 N=12 {'train_loss_cls': 0.703125, 'train_loss_sr': 0.16166070103645325, 'train_loss_total': 0.719291090965271, 'max_memory_allocated': 9045560832, 'max_memory_reserved': 32321306624}
[WSI] epoch=10 iteration=1623 slide=tumor_081 N=6 {'train_loss_cls': 0.291015625, 'train_loss_sr': 0.18089374899864197, 'train_loss_total': 0.3091050088405609, 'max_memory_allocated': 4612647936, 'max_memory_reserved': 32321306624}
[WSI] epoch=10 iteration=1624 slide=normal_151 N=16 {'train_loss_cls': 0.48046875, 'train_loss_sr': 0.33603739738464355, 'train_loss_total': 0.5140724778175354, 'max_memory_allocated': 12001016320, 'max_memory_reserved': 32321306624}
[WSI] epoch=10 iteration=1625 slide=normal_026 N=5 {'train_loss_cls': 0.66015625, 'train_loss_sr': 0.35773026943206787, 'train_loss_total': 0.6959292888641357, 'max_memory_allocated': 3872479744, 'max_memory_reserved': 32321306624}
[WSI] epoch=10 iteration=1626 slide=tumor_024 N=16 {'train_loss_cls': 0.40625, 'train_loss_sr': 0.36040061712265015, 'train_loss_total': 0.4422900676727295, 'max_memory_allocated': 12001548800, 'max_memory_reserved': 32321306624}
[WSI] epoch=10 iteration=1627 slide=normal_078 N=6 {'train_loss_cls': 0.64453125, 'train_loss_sr': 0.33843618631362915, 'train_loss_total': 0.6783748865127563, 'max_memory_allocated': 4612316160, 'max_memory_reserved': 32321306624}
[WSI] epoch=10 iteration=1628 slide=tumor_095 N=29 {'train_loss_cls': 0.169921875, 'train_loss_sr': 0.30444860458374023, 'train_loss_total': 0.20036673545837402, 'max_memory_allocated': 21607672320, 'max_memory_reserved': 32321306624}
[WSI] epoch=10 iteration=1629 slide=tumor_084 N=9 {'train_loss_cls': 0.6171875, 'train_loss_sr': 0.24530404806137085, 'train_loss_total': 0.6417179107666016, 'max_memory_allocated': 6827696640, 'max_memory_reserved': 32321306624}
[gradient] slide_id=tumor_111 N=4 {'rdn': 2.8881359100341797, 'region_encoder': 0.0, 'abmil': 0.004269585013389587, 'classifier': 4.830363750457764, 'p2w': 0.362314373254776}
[WSI] epoch=10 iteration=1630 slide=tumor_111 N=4 {'train_loss_cls': 0.515625, 'train_loss_sr': 0.20767366886138916, 'train_loss_total': 0.5363923907279968, 'max_memory_allocated': 3132869120, 'max_memory_reserved': 32321306624}
[WSI] epoch=10 iteration=1631 slide=normal_097 N=17 {'train_loss_cls': 0.1640625, 'train_loss_sr': 0.18018759787082672, 'train_loss_total': 0.18208125233650208, 'max_memory_allocated': 12739238400, 'max_memory_reserved': 32321306624}
[WSI] epoch=10 iteration=1632 slide=normal_035 N=1 {'train_loss_cls': 0.53125, 'train_loss_sr': 0.2321755737066269, 'train_loss_total': 0.5544675588607788, 'max_memory_allocated': 917498880, 'max_memory_reserved': 32321306624}
[WSI] epoch=10 iteration=1633 slide=normal_088 N=14 {'train_loss_cls': 0.63671875, 'train_loss_sr': 0.2631808817386627, 'train_loss_total': 0.6630368232727051, 'max_memory_allocated': 10522708480, 'max_memory_reserved': 32321306624}
[WSI] epoch=10 iteration=1634 slide=normal_153 N=12 {'train_loss_cls': 0.0986328125, 'train_loss_sr': 0.29629218578338623, 'train_loss_total': 0.12826202809810638, 'max_memory_allocated': 9044515328, 'max_memory_reserved': 32321306624}
[WSI] epoch=10 iteration=1635 slide=normal_012 N=3 {'train_loss_cls': 0.64453125, 'train_loss_sr': 0.27739018201828003, 'train_loss_total': 0.6722702980041504, 'max_memory_allocated': 2394909696, 'max_memory_reserved': 32321306624}
[WSI] epoch=10 iteration=1636 slide=normal_152 N=5 {'train_loss_cls': 0.33984375, 'train_loss_sr': 0.24041485786437988, 'train_loss_total': 0.36388522386550903, 'max_memory_allocated': 3872532992, 'max_memory_reserved': 32321306624}
[WSI] epoch=10 iteration=1637 slide=tumor_028 N=17 {'train_loss_cls': 0.57421875, 'train_loss_sr': 0.2197299599647522, 'train_loss_total': 0.5961917638778687, 'max_memory_allocated': 12739500544, 'max_memory_reserved': 32321306624}
[WSI] epoch=10 iteration=1638 slide=normal_142 N=20 {'train_loss_cls': 0.1787109375, 'train_loss_sr': 0.19211870431900024, 'train_loss_total': 0.19792281091213226, 'max_memory_allocated': 14957160960, 'max_memory_reserved': 32321306624}
[WSI] epoch=10 iteration=1639 slide=tumor_057 N=4 {'train_loss_cls': 0.306640625, 'train_loss_sr': 0.19914354383945465, 'train_loss_total': 0.3265549838542938, 'max_memory_allocated': 3132869120, 'max_memory_reserved': 32321306624}
[gradient] slide_id=normal_085 N=5 {'rdn': 3.001105785369873, 'region_encoder': 0.0, 'abmil': 0.10826822370290756, 'classifier': 4.871768474578857, 'p2w': 0.32705533504486084}
[WSI] epoch=10 iteration=1640 slide=normal_085 N=5 {'train_loss_cls': 0.59765625, 'train_loss_sr': 0.21616308391094208, 'train_loss_total': 0.6192725300788879, 'max_memory_allocated': 3873357824, 'max_memory_reserved': 32321306624}
[WSI] epoch=10 iteration=1641 slide=normal_064 N=9 {'train_loss_cls': 0.287109375, 'train_loss_sr': 0.24997320771217346, 'train_loss_total': 0.3121066987514496, 'max_memory_allocated': 6827235840, 'max_memory_reserved': 32321306624}
[WSI] epoch=10 iteration=1642 slide=tumor_015 N=27 {'train_loss_cls': 0.87109375, 'train_loss_sr': 0.22704823315143585, 'train_loss_total': 0.8937985897064209, 'max_memory_allocated': 20128946688, 'max_memory_reserved': 32321306624}
[WSI] epoch=10 iteration=1643 slide=tumor_008 N=14 {'train_loss_cls': 0.82421875, 'train_loss_sr': 0.20783810317516327, 'train_loss_total': 0.8450025320053101, 'max_memory_allocated': 10522770432, 'max_memory_reserved': 32321306624}
[WSI] epoch=10 iteration=1644 slide=tumor_041 N=5 {'train_loss_cls': 0.6328125, 'train_loss_sr': 0.2126687467098236, 'train_loss_total': 0.6540793776512146, 'max_memory_allocated': 3872410624, 'max_memory_reserved': 32321306624}
[WSI] epoch=10 iteration=1645 slide=normal_084 N=1 {'train_loss_cls': 0.09033203125, 'train_loss_sr': 0.28069180250167847, 'train_loss_total': 0.11840121448040009, 'max_memory_allocated': 916158976, 'max_memory_reserved': 32321306624}
[WSI] epoch=10 iteration=1646 slide=tumor_074 N=5 {'train_loss_cls': 0.416015625, 'train_loss_sr': 0.23674380779266357, 'train_loss_total': 0.4396899938583374, 'max_memory_allocated': 3872569856, 'max_memory_reserved': 32321306624}
[WSI] epoch=10 iteration=1647 slide=tumor_080 N=6 {'train_loss_cls': 0.53125, 'train_loss_sr': 0.1577359139919281, 'train_loss_total': 0.547023594379425, 'max_memory_allocated': 4612205568, 'max_memory_reserved': 32321306624}
[WSI] epoch=10 iteration=1648 slide=normal_128 N=11 {'train_loss_cls': 0.9453125, 'train_loss_sr': 0.11120590567588806, 'train_loss_total': 0.956433117389679, 'max_memory_allocated': 8305500160, 'max_memory_reserved': 32321306624}
[WSI] epoch=10 iteration=1649 slide=tumor_083 N=14 {'train_loss_cls': 0.11279296875, 'train_loss_sr': 0.18870291113853455, 'train_loss_total': 0.1316632628440857, 'max_memory_allocated': 10522487296, 'max_memory_reserved': 32321306624}
[gradient] slide_id=tumor_077 N=14 {'rdn': 4.987709045410156, 'region_encoder': 0.0, 'abmil': 0.1152959018945694, 'classifier': 7.1036787033081055, 'p2w': 0.44002604484558105}
[WSI] epoch=10 iteration=1650 slide=tumor_077 N=14 {'train_loss_cls': 1.140625, 'train_loss_sr': 0.22192847728729248, 'train_loss_total': 1.1628178358078003, 'max_memory_allocated': 10522397184, 'max_memory_reserved': 32321306624}
[WSI] epoch=10 iteration=1651 slide=tumor_098 N=9 {'train_loss_cls': 0.12890625, 'train_loss_sr': 0.22158104181289673, 'train_loss_total': 0.15106435120105743, 'max_memory_allocated': 6827232256, 'max_memory_reserved': 32321306624}
[WSI] epoch=10 iteration=1652 slide=tumor_004 N=15 {'train_loss_cls': 0.32421875, 'train_loss_sr': 0.2024526596069336, 'train_loss_total': 0.3444640040397644, 'max_memory_allocated': 11262097920, 'max_memory_reserved': 32321306624}
[WSI] epoch=10 iteration=1653 slide=tumor_094 N=16 {'train_loss_cls': 0.1171875, 'train_loss_sr': 0.07705717533826828, 'train_loss_total': 0.12489321827888489, 'max_memory_allocated': 12001237504, 'max_memory_reserved': 32321306624}
[WSI] epoch=10 iteration=1654 slide=normal_074 N=14 {'train_loss_cls': 0.17578125, 'train_loss_sr': 0.23828937113285065, 'train_loss_total': 0.19961018860340118, 'max_memory_allocated': 10522871296, 'max_memory_reserved': 32321306624}
[WSI] epoch=10 iteration=1655 slide=tumor_066 N=7 {'train_loss_cls': 0.2373046875, 'train_loss_sr': 0.18005892634391785, 'train_loss_total': 0.255310595035553, 'max_memory_allocated': 5349754368, 'max_memory_reserved': 32321306624}
[WSI] epoch=10 iteration=1656 slide=tumor_079 N=14 {'train_loss_cls': 1.5078125, 'train_loss_sr': 0.15854863822460175, 'train_loss_total': 1.523667335510254, 'max_memory_allocated': 10522100224, 'max_memory_reserved': 32321306624}
[WSI] epoch=10 iteration=1657 slide=normal_116 N=8 {'train_loss_cls': 0.57421875, 'train_loss_sr': 0.22970832884311676, 'train_loss_total': 0.5971896052360535, 'max_memory_allocated': 6088694272, 'max_memory_reserved': 32321306624}
[WSI] epoch=10 iteration=1658 slide=normal_145 N=20 {'train_loss_cls': 1.0546875, 'train_loss_sr': 0.20001563429832458, 'train_loss_total': 1.0746890306472778, 'max_memory_allocated': 14957738496, 'max_memory_reserved': 32321306624}
[WSI] epoch=10 iteration=1659 slide=normal_039 N=9 {'train_loss_cls': 0.50390625, 'train_loss_sr': 0.1569402515888214, 'train_loss_total': 0.5196002721786499, 'max_memory_allocated': 6827104768, 'max_memory_reserved': 32321306624}
[gradient] slide_id=tumor_034 N=6 {'rdn': 0.41904062032699585, 'region_encoder': 0.0, 'abmil': 0.00020862386736553162, 'classifier': 0.3810766637325287, 'p2w': 0.13040205836296082}
[WSI] epoch=10 iteration=1660 slide=tumor_034 N=6 {'train_loss_cls': 0.0225830078125, 'train_loss_sr': 0.23125863075256348, 'train_loss_total': 0.04570887237787247, 'max_memory_allocated': 4612669952, 'max_memory_reserved': 32321306624}
[WSI] epoch=10 iteration=1661 slide=normal_089 N=20 {'train_loss_cls': 0.05712890625, 'train_loss_sr': 0.3133212924003601, 'train_loss_total': 0.08846104145050049, 'max_memory_allocated': 14956407296, 'max_memory_reserved': 32321306624}
[WSI] epoch=10 iteration=1662 slide=normal_031 N=6 {'train_loss_cls': 2.171875, 'train_loss_sr': 0.32339590787887573, 'train_loss_total': 2.204214572906494, 'max_memory_allocated': 4611996672, 'max_memory_reserved': 32321306624}
[WSI] epoch=10 iteration=1663 slide=normal_095 N=14 {'train_loss_cls': 0.640625, 'train_loss_sr': 0.3054141402244568, 'train_loss_total': 0.6711664199829102, 'max_memory_allocated': 10522739712, 'max_memory_reserved': 32321306624}
[WSI] epoch=10 iteration=1664 slide=normal_081 N=6 {'train_loss_cls': 1.15625, 'train_loss_sr': 0.2619001865386963, 'train_loss_total': 1.1824400424957275, 'max_memory_allocated': 4611853312, 'max_memory_reserved': 32321306624}
[WSI] epoch=10 iteration=1665 slide=normal_158 N=18 {'train_loss_cls': 0.5703125, 'train_loss_sr': 0.3567599952220917, 'train_loss_total': 0.6059885025024414, 'max_memory_allocated': 13478312448, 'max_memory_reserved': 32321306624}
[WSI] epoch=10 iteration=1666 slide=normal_080 N=15 {'train_loss_cls': 0.5234375, 'train_loss_sr': 0.274109810590744, 'train_loss_total': 0.5508484840393066, 'max_memory_allocated': 11262298624, 'max_memory_reserved': 32321306624}
[WSI] epoch=10 iteration=1667 slide=tumor_025 N=9 {'train_loss_cls': 1.09375, 'train_loss_sr': 0.1621377170085907, 'train_loss_total': 1.1099637746810913, 'max_memory_allocated': 6827104768, 'max_memory_reserved': 32321306624}
[WSI] epoch=10 iteration=1668 slide=normal_032 N=9 {'train_loss_cls': 0.43359375, 'train_loss_sr': 0.2528129816055298, 'train_loss_total': 0.45887506008148193, 'max_memory_allocated': 6828373504, 'max_memory_reserved': 32321306624}
[WSI] epoch=10 iteration=1669 slide=normal_070 N=16 {'train_loss_cls': 0.4296875, 'train_loss_sr': 0.29737019538879395, 'train_loss_total': 0.45942452549934387, 'max_memory_allocated': 12001769984, 'max_memory_reserved': 32321306624}
[gradient] slide_id=normal_062 N=2 {'rdn': 2.6330316066741943, 'region_encoder': 0.0, 'abmil': 0.0046183574013412, 'classifier': 3.3367793560028076, 'p2w': 0.7271751165390015}
[WSI] epoch=10 iteration=1670 slide=normal_062 N=2 {'train_loss_cls': 0.404296875, 'train_loss_sr': 0.24965208768844604, 'train_loss_total': 0.42926207184791565, 'max_memory_allocated': 1707772416, 'max_memory_reserved': 32321306624}
[WSI] epoch=10 iteration=1671 slide=normal_102 N=11 {'train_loss_cls': 0.4609375, 'train_loss_sr': 0.23662114143371582, 'train_loss_total': 0.48459962010383606, 'max_memory_allocated': 8305269248, 'max_memory_reserved': 32321306624}
[WSI] epoch=10 iteration=1672 slide=normal_144 N=12 {'train_loss_cls': 0.1044921875, 'train_loss_sr': 0.21181681752204895, 'train_loss_total': 0.12567387521266937, 'max_memory_allocated': 9044707840, 'max_memory_reserved': 32321306624}
[WSI] epoch=10 iteration=1673 slide=tumor_103 N=18 {'train_loss_cls': 0.31640625, 'train_loss_sr': 0.1897636353969574, 'train_loss_total': 0.3353826105594635, 'max_memory_allocated': 13478312448, 'max_memory_reserved': 32321306624}
[WSI] epoch=10 iteration=1674 slide=normal_148 N=5 {'train_loss_cls': 0.7421875, 'train_loss_sr': 0.21320712566375732, 'train_loss_total': 0.7635082006454468, 'max_memory_allocated': 3873356288, 'max_memory_reserved': 32321306624}
[WSI] epoch=10 iteration=1675 slide=normal_011 N=14 {'train_loss_cls': 0.267578125, 'train_loss_sr': 0.19098269939422607, 'train_loss_total': 0.28667640686035156, 'max_memory_allocated': 10522155520, 'max_memory_reserved': 32321306624}
[WSI] epoch=10 iteration=1676 slide=tumor_038 N=2 {'train_loss_cls': 1.09375, 'train_loss_sr': 0.17289187014102936, 'train_loss_total': 1.111039161682129, 'max_memory_allocated': 1707252224, 'max_memory_reserved': 32321306624}
[WSI] epoch=10 iteration=1677 slide=tumor_009 N=12 {'train_loss_cls': 1.7265625, 'train_loss_sr': 0.16646599769592285, 'train_loss_total': 1.7432091236114502, 'max_memory_allocated': 9044515328, 'max_memory_reserved': 32321306624}
[WSI] epoch=10 iteration=1678 slide=normal_146 N=17 {'train_loss_cls': 0.138671875, 'train_loss_sr': 0.17491517961025238, 'train_loss_total': 0.15616339445114136, 'max_memory_allocated': 12740606464, 'max_memory_reserved': 32321306624}
[WSI] epoch=10 iteration=1679 slide=normal_038 N=1 {'train_loss_cls': 0.46875, 'train_loss_sr': 0.19190149009227753, 'train_loss_total': 0.4879401624202728, 'max_memory_allocated': 916601344, 'max_memory_reserved': 32321306624}
[gradient] slide_id=tumor_039 N=4 {'rdn': 7.053606986999512, 'region_encoder': 0.0, 'abmil': 0.9227784276008606, 'classifier': 10.71920108795166, 'p2w': 0.6156386733055115}
[WSI] epoch=10 iteration=1680 slide=tumor_039 N=4 {'train_loss_cls': 1.1796875, 'train_loss_sr': 0.2000039517879486, 'train_loss_total': 1.1996878385543823, 'max_memory_allocated': 3132758528, 'max_memory_reserved': 32321306624}
[WSI] epoch=10 iteration=1681 slide=normal_100 N=8 {'train_loss_cls': 0.2294921875, 'train_loss_sr': 0.1797071099281311, 'train_loss_total': 0.2474628984928131, 'max_memory_allocated': 6088735232, 'max_memory_reserved': 32321306624}
[WSI] epoch=10 iteration=1682 slide=tumor_086 N=23 {'train_loss_cls': 0.458984375, 'train_loss_sr': 0.13326099514961243, 'train_loss_total': 0.47231048345565796, 'max_memory_allocated': 17173584384, 'max_memory_reserved': 32321306624}
[WSI] epoch=10 iteration=1683 slide=tumor_082 N=3 {'train_loss_cls': 0.90234375, 'train_loss_sr': 0.12549829483032227, 'train_loss_total': 0.9148935675621033, 'max_memory_allocated': 2394909696, 'max_memory_reserved': 32321306624}
[WSI] epoch=10 iteration=1684 slide=normal_108 N=2 {'train_loss_cls': 0.201171875, 'train_loss_sr': 0.09543319791555405, 'train_loss_total': 0.210715189576149, 'max_memory_allocated': 1707141632, 'max_memory_reserved': 32321306624}
[WSI] epoch=10 iteration=1685 slide=tumor_007 N=12 {'train_loss_cls': 1.1640625, 'train_loss_sr': 0.15502126514911652, 'train_loss_total': 1.1795645952224731, 'max_memory_allocated': 9044777472, 'max_memory_reserved': 32321306624}
[WSI] epoch=10 iteration=1686 slide=tumor_016 N=5 {'train_loss_cls': 1.296875, 'train_loss_sr': 0.15732280910015106, 'train_loss_total': 1.3126072883605957, 'max_memory_allocated': 3872479744, 'max_memory_reserved': 32321306624}
[WSI] epoch=10 iteration=1687 slide=tumor_068 N=15 {'train_loss_cls': 0.89453125, 'train_loss_sr': 0.15345126390457153, 'train_loss_total': 0.9098763465881348, 'max_memory_allocated': 11263166976, 'max_memory_reserved': 32321306624}
[WSI] epoch=10 iteration=1688 slide=normal_141 N=7 {'train_loss_cls': 0.283203125, 'train_loss_sr': 0.10946940630674362, 'train_loss_total': 0.29415005445480347, 'max_memory_allocated': 5349571072, 'max_memory_reserved': 32321306624}
[WSI] epoch=10 iteration=1689 slide=normal_105 N=12 {'train_loss_cls': 0.5234375, 'train_loss_sr': 0.1374584436416626, 'train_loss_total': 0.5371833443641663, 'max_memory_allocated': 9044777472, 'max_memory_reserved': 32321306624}
[gradient] slide_id=tumor_027 N=13 {'rdn': 10.818355560302734, 'region_encoder': 0.0, 'abmil': 1.6817742586135864, 'classifier': 7.57701301574707, 'p2w': 0.24218404293060303}
[WSI] epoch=10 iteration=1690 slide=tumor_027 N=13 {'train_loss_cls': 1.296875, 'train_loss_sr': 0.16028258204460144, 'train_loss_total': 1.3129032850265503, 'max_memory_allocated': 9783458304, 'max_memory_reserved': 32321306624}
[WSI] epoch=10 iteration=1691 slide=normal_107 N=16 {'train_loss_cls': 0.26953125, 'train_loss_sr': 0.12110511213541031, 'train_loss_total': 0.28164175152778625, 'max_memory_allocated': 12001331712, 'max_memory_reserved': 32321306624}
[WSI] epoch=10 iteration=1692 slide=normal_139 N=12 {'train_loss_cls': 0.76171875, 'train_loss_sr': 0.15150080621242523, 'train_loss_total': 0.7768688201904297, 'max_memory_allocated': 9044733952, 'max_memory_reserved': 32321306624}
[WSI] epoch=10 iteration=1693 slide=normal_006 N=1 {'train_loss_cls': 0.3515625, 'train_loss_sr': 0.19780880212783813, 'train_loss_total': 0.37134337425231934, 'max_memory_allocated': 917395968, 'max_memory_reserved': 32321306624}
[WSI] epoch=10 iteration=1694 slide=normal_135 N=13 {'train_loss_cls': 0.28125, 'train_loss_sr': 0.12554222345352173, 'train_loss_total': 0.29380422830581665, 'max_memory_allocated': 9784180736, 'max_memory_reserved': 32321306624}
[WSI] epoch=10 iteration=1695 slide=tumor_011 N=6 {'train_loss_cls': 0.8203125, 'train_loss_sr': 0.1650107353925705, 'train_loss_total': 0.8368135690689087, 'max_memory_allocated': 4612115456, 'max_memory_reserved': 32321306624}
[WSI] epoch=10 iteration=1696 slide=tumor_012 N=7 {'train_loss_cls': 0.61328125, 'train_loss_sr': 0.15050041675567627, 'train_loss_total': 0.6283313035964966, 'max_memory_allocated': 5349882368, 'max_memory_reserved': 32321306624}
[WSI] epoch=10 iteration=1697 slide=normal_131 N=18 {'train_loss_cls': 0.61328125, 'train_loss_sr': 0.16605612635612488, 'train_loss_total': 0.6298868656158447, 'max_memory_allocated': 13478607360, 'max_memory_reserved': 32321306624}
[WSI] epoch=10 iteration=1698 slide=normal_079 N=8 {'train_loss_cls': 0.66015625, 'train_loss_sr': 0.18458834290504456, 'train_loss_total': 0.6786150932312012, 'max_memory_allocated': 6088473088, 'max_memory_reserved': 32321306624}
[WSI] epoch=10 iteration=1699 slide=tumor_052 N=15 {'train_loss_cls': 0.267578125, 'train_loss_sr': 0.15758301317691803, 'train_loss_total': 0.28333643078804016, 'max_memory_allocated': 11262519808, 'max_memory_reserved': 32321306624}
[gradient] slide_id=tumor_044 N=12 {'rdn': 2.1357505321502686, 'region_encoder': 0.0, 'abmil': 0.176522359251976, 'classifier': 1.5071079730987549, 'p2w': 0.5846182703971863}
[WSI] epoch=10 iteration=1700 slide=tumor_044 N=12 {'train_loss_cls': 0.1552734375, 'train_loss_sr': 0.1934228092432022, 'train_loss_total': 0.17461571097373962, 'max_memory_allocated': 9045551616, 'max_memory_reserved': 32321306624}
[WSI] epoch=10 iteration=1701 slide=normal_018 N=3 {'train_loss_cls': 1.0703125, 'train_loss_sr': 0.21096163988113403, 'train_loss_total': 1.091408610343933, 'max_memory_allocated': 2394115072, 'max_memory_reserved': 32321306624}
[WSI] epoch=10 iteration=1702 slide=normal_109 N=10 {'train_loss_cls': 0.6640625, 'train_loss_sr': 0.17657747864723206, 'train_loss_total': 0.6817202568054199, 'max_memory_allocated': 7566772736, 'max_memory_reserved': 32321306624}
[WSI] epoch=10 iteration=1703 slide=tumor_003 N=7 {'train_loss_cls': 1.0078125, 'train_loss_sr': 0.21032235026359558, 'train_loss_total': 1.0288447141647339, 'max_memory_allocated': 5351340544, 'max_memory_reserved': 32321306624}
[WSI] epoch=10 iteration=1704 slide=normal_068 N=6 {'train_loss_cls': 1.0546875, 'train_loss_sr': 0.1927296370267868, 'train_loss_total': 1.0739604234695435, 'max_memory_allocated': 4612389888, 'max_memory_reserved': 32321306624}
[WSI] epoch=10 iteration=1705 slide=normal_002 N=2 {'train_loss_cls': 0.369140625, 'train_loss_sr': 0.14379894733428955, 'train_loss_total': 0.3835205137729645, 'max_memory_allocated': 1707989504, 'max_memory_reserved': 32321306624}
[WSI] epoch=10 iteration=1706 slide=normal_129 N=19 {'train_loss_cls': 0.9375, 'train_loss_sr': 0.11811275035142899, 'train_loss_total': 0.9493112564086914, 'max_memory_allocated': 14216944128, 'max_memory_reserved': 32321306624}
[WSI] epoch=10 iteration=1707 slide=normal_104 N=19 {'train_loss_cls': 0.890625, 'train_loss_sr': 0.143601655960083, 'train_loss_total': 0.9049851894378662, 'max_memory_allocated': 14217869824, 'max_memory_reserved': 32321306624}
[WSI] epoch=10 iteration=1708 slide=normal_103 N=8 {'train_loss_cls': 0.333984375, 'train_loss_sr': 0.1392795890569687, 'train_loss_total': 0.34791234135627747, 'max_memory_allocated': 6088133120, 'max_memory_reserved': 32321306624}
[WSI] epoch=10 iteration=1709 slide=normal_048 N=3 {'train_loss_cls': 0.435546875, 'train_loss_sr': 0.1363435536623001, 'train_loss_total': 0.4491812288761139, 'max_memory_allocated': 2394480640, 'max_memory_reserved': 32321306624}
[gradient] slide_id=tumor_050 N=10 {'rdn': 9.275815963745117, 'region_encoder': 0.0, 'abmil': 1.0159677267074585, 'classifier': 8.047770500183105, 'p2w': 0.22793398797512054}
[WSI] epoch=10 iteration=1710 slide=tumor_050 N=10 {'train_loss_cls': 2.015625, 'train_loss_sr': 0.19491511583328247, 'train_loss_total': 2.03511643409729, 'max_memory_allocated': 7566817280, 'max_memory_reserved': 32321306624}
[WSI] epoch=10 iteration=1711 slide=tumor_093 N=14 {'train_loss_cls': 1.9140625, 'train_loss_sr': 0.2202092409133911, 'train_loss_total': 1.936083436012268, 'max_memory_allocated': 10522502144, 'max_memory_reserved': 32321306624}
[WSI] epoch=10 iteration=1712 slide=normal_119 N=14 {'train_loss_cls': 0.1767578125, 'train_loss_sr': 0.2223740667104721, 'train_loss_total': 0.1989952176809311, 'max_memory_allocated': 10522100224, 'max_memory_reserved': 32321306624}
[WSI] epoch=10 iteration=1713 slide=normal_044 N=4 {'train_loss_cls': 0.369140625, 'train_loss_sr': 0.15338820219039917, 'train_loss_total': 0.38447943329811096, 'max_memory_allocated': 3132758528, 'max_memory_reserved': 32321306624}
[WSI] epoch=10 iteration=1714 slide=normal_136 N=15 {'train_loss_cls': 0.279296875, 'train_loss_sr': 0.25170624256134033, 'train_loss_total': 0.30446749925613403, 'max_memory_allocated': 11262369280, 'max_memory_reserved': 32321306624}
[WSI] epoch=10 iteration=1715 slide=normal_155 N=11 {'train_loss_cls': 0.1162109375, 'train_loss_sr': 0.2374141812324524, 'train_loss_total': 0.13995236158370972, 'max_memory_allocated': 8305842688, 'max_memory_reserved': 32321306624}
[WSI] epoch=10 iteration=1716 slide=normal_052 N=15 {'train_loss_cls': 0.3203125, 'train_loss_sr': 0.24200798571109772, 'train_loss_total': 0.34451329708099365, 'max_memory_allocated': 11262097920, 'max_memory_reserved': 32321306624}
[WSI] epoch=10 iteration=1717 slide=tumor_005 N=4 {'train_loss_cls': 0.45703125, 'train_loss_sr': 0.2170208841562271, 'train_loss_total': 0.4787333309650421, 'max_memory_allocated': 3132647936, 'max_memory_reserved': 32321306624}
[WSI] epoch=10 iteration=1718 slide=normal_077 N=5 {'train_loss_cls': 0.21875, 'train_loss_sr': 0.22424420714378357, 'train_loss_total': 0.24117441475391388, 'max_memory_allocated': 3872801792, 'max_memory_reserved': 32321306624}
[WSI] epoch=10 iteration=1719 slide=tumor_049 N=3 {'train_loss_cls': 0.6015625, 'train_loss_sr': 0.237003892660141, 'train_loss_total': 0.6252629160881042, 'max_memory_allocated': 2394115072, 'max_memory_reserved': 32321306624}
[gradient] slide_id=normal_087 N=11 {'rdn': 3.3385472297668457, 'region_encoder': 0.0, 'abmil': 0.12611651420593262, 'classifier': 4.2615861892700195, 'p2w': 0.1140231117606163}
[WSI] epoch=10 iteration=1720 slide=normal_087 N=11 {'train_loss_cls': 0.515625, 'train_loss_sr': 0.19296637177467346, 'train_loss_total': 0.5349216461181641, 'max_memory_allocated': 8305273344, 'max_memory_reserved': 32321306624}
[WSI] epoch=10 iteration=1721 slide=normal_083 N=3 {'train_loss_cls': 0.228515625, 'train_loss_sr': 0.1912136673927307, 'train_loss_total': 0.24763698875904083, 'max_memory_allocated': 2394118656, 'max_memory_reserved': 32321306624}
[WSI] epoch=10 iteration=1722 slide=tumor_021 N=16 {'train_loss_cls': 0.71875, 'train_loss_sr': 0.1946919709444046, 'train_loss_total': 0.7382192015647888, 'max_memory_allocated': 12001880576, 'max_memory_reserved': 32321306624}
[WSI] epoch=10 iteration=1723 slide=normal_126 N=17 {'train_loss_cls': 0.1884765625, 'train_loss_sr': 0.18209649622440338, 'train_loss_total': 0.20668621361255646, 'max_memory_allocated': 12740644864, 'max_memory_reserved': 32321306624}
[WSI] epoch=10 iteration=1724 slide=tumor_002 N=5 {'train_loss_cls': 1.140625, 'train_loss_sr': 0.1339748352766037, 'train_loss_total': 1.154022455215454, 'max_memory_allocated': 3872791040, 'max_memory_reserved': 32321306624}
[WSI] epoch=10 iteration=1725 slide=normal_007 N=3 {'train_loss_cls': 0.3203125, 'train_loss_sr': 0.16920623183250427, 'train_loss_total': 0.33723312616348267, 'max_memory_allocated': 2395566080, 'max_memory_reserved': 32321306624}
[WSI] epoch=10 iteration=1726 slide=normal_113 N=19 {'train_loss_cls': 0.0869140625, 'train_loss_sr': 0.15224850177764893, 'train_loss_total': 0.10213891416788101, 'max_memory_allocated': 14216944128, 'max_memory_reserved': 32321306624}
[WSI] epoch=10 iteration=1727 slide=normal_065 N=6 {'train_loss_cls': 0.40625, 'train_loss_sr': 0.19368332624435425, 'train_loss_total': 0.42561832070350647, 'max_memory_allocated': 4613553152, 'max_memory_reserved': 32321306624}
[WSI] epoch=10 iteration=1728 slide=tumor_102 N=35 {'train_loss_cls': 1.671875, 'train_loss_sr': 0.17968784272670746, 'train_loss_total': 1.689843773841858, 'max_memory_allocated': 26042404352, 'max_memory_reserved': 32321306624}
[WSI] epoch=10 iteration=1729 slide=tumor_061 N=13 {'train_loss_cls': 0.546875, 'train_loss_sr': 0.18171477317810059, 'train_loss_total': 0.565046489238739, 'max_memory_allocated': 9784098304, 'max_memory_reserved': 32321306624}
[gradient] slide_id=tumor_105 N=6 {'rdn': 4.3630876541137695, 'region_encoder': 0.0, 'abmil': 0.09261051565408707, 'classifier': 5.27160120010376, 'p2w': 0.27504390478134155}
[WSI] epoch=10 iteration=1730 slide=tumor_105 N=6 {'train_loss_cls': 1.2109375, 'train_loss_sr': 0.15589070320129395, 'train_loss_total': 1.2265266180038452, 'max_memory_allocated': 4612638720, 'max_memory_reserved': 32321306624}
[WSI] epoch=10 iteration=1731 slide=normal_036 N=7 {'train_loss_cls': 0.1513671875, 'train_loss_sr': 0.18509294092655182, 'train_loss_total': 0.16987648606300354, 'max_memory_allocated': 5349619712, 'max_memory_reserved': 32321306624}
[WSI] epoch=10 iteration=1732 slide=tumor_035 N=4 {'train_loss_cls': 0.2890625, 'train_loss_sr': 0.16726621985435486, 'train_loss_total': 0.30578911304473877, 'max_memory_allocated': 3132185088, 'max_memory_reserved': 32321306624}
[WSI] epoch=10 iteration=1733 slide=tumor_047 N=15 {'train_loss_cls': 1.1796875, 'train_loss_sr': 0.13602831959724426, 'train_loss_total': 1.19329035282135, 'max_memory_allocated': 11262226944, 'max_memory_reserved': 32321306624}
[WSI] epoch=10 iteration=1734 slide=tumor_019 N=2 {'train_loss_cls': 0.765625, 'train_loss_sr': 0.17621833086013794, 'train_loss_total': 0.7832468152046204, 'max_memory_allocated': 1707407872, 'max_memory_reserved': 32321306624}
[WSI] epoch=10 iteration=1735 slide=normal_061 N=12 {'train_loss_cls': 0.33984375, 'train_loss_sr': 0.17876417934894562, 'train_loss_total': 0.35772016644477844, 'max_memory_allocated': 9045109248, 'max_memory_reserved': 32321306624}
[WSI] epoch=10 iteration=1736 slide=normal_157 N=16 {'train_loss_cls': 0.1962890625, 'train_loss_sr': 0.11712168157100677, 'train_loss_total': 0.20800122618675232, 'max_memory_allocated': 12001375744, 'max_memory_reserved': 32321306624}
[WSI] epoch=10 iteration=1737 slide=normal_063 N=7 {'train_loss_cls': 0.9140625, 'train_loss_sr': 0.1297539621591568, 'train_loss_total': 0.9270378947257996, 'max_memory_allocated': 5350520832, 'max_memory_reserved': 32321306624}
[WSI] epoch=10 iteration=1738 slide=normal_058 N=7 {'train_loss_cls': 0.345703125, 'train_loss_sr': 0.2084830105304718, 'train_loss_total': 0.3665514290332794, 'max_memory_allocated': 5349530112, 'max_memory_reserved': 32321306624}
[WSI] epoch=10 iteration=1739 slide=normal_114 N=24 {'train_loss_cls': 0.35546875, 'train_loss_sr': 0.13147959113121033, 'train_loss_total': 0.3686167001724243, 'max_memory_allocated': 17912070656, 'max_memory_reserved': 32321306624}
[gradient] slide_id=tumor_043 N=4 {'rdn': 1.443720817565918, 'region_encoder': 0.0, 'abmil': 0.06715672463178635, 'classifier': 1.9987013339996338, 'p2w': 0.11074282228946686}
[WSI] epoch=10 iteration=1740 slide=tumor_043 N=4 {'train_loss_cls': 0.28125, 'train_loss_sr': 0.14456914365291595, 'train_loss_total': 0.29570692777633667, 'max_memory_allocated': 3133147648, 'max_memory_reserved': 32321306624}
[epoch] {'epoch': 10, 'train_loss_cls': 0.6113540824802443, 'train_loss_sr': 0.23782526971451168, 'train_loss_total': 0.6351366079059141, 'train_auc': 0.8997297297297298, 'train_acc': 0.8045977011494253, 'train_bacc': 0.7948648648648649, 'val_loss': 0.7485684481534091, 'val_auc': 0.4848966613672496, 'val_acc': 0.48863636363636365, 'val_bacc': 0.47350291467938527, 'max_memory_allocated': 26042404352, 'max_memory_reserved': 32321306624}
/root/miniconda3/envs/myconda/lib/python3.10/site-packages/torch/utils/checkpoint.py:1399: FutureWarning: `torch.cpu.amp.autocast(args...)` is deprecated. Please use `torch.amp.autocast('cpu', args...)` instead.
  with device_autocast_ctx, torch.cpu.amp.autocast(**cpu_autocast_kwargs), recompute_context:  # type: ignore[attr-defined]
[WSI] epoch=11 iteration=1741 slide=tumor_048 N=15 {'train_loss_cls': 0.60546875, 'train_loss_sr': 0.1385011225938797, 'train_loss_total': 0.6193188428878784, 'max_memory_allocated': 11263646208, 'max_memory_reserved': 32321306624}
[WSI] epoch=11 iteration=1742 slide=normal_141 N=7 {'train_loss_cls': 0.43359375, 'train_loss_sr': 0.10561589896678925, 'train_loss_total': 0.44415533542633057, 'max_memory_allocated': 5349939712, 'max_memory_reserved': 32321306624}
[WSI] epoch=11 iteration=1743 slide=tumor_103 N=18 {'train_loss_cls': 0.375, 'train_loss_sr': 0.12352994084358215, 'train_loss_total': 0.38735300302505493, 'max_memory_allocated': 13478222336, 'max_memory_reserved': 32321306624}
[WSI] epoch=11 iteration=1744 slide=tumor_066 N=7 {'train_loss_cls': 0.61328125, 'train_loss_sr': 0.14628082513809204, 'train_loss_total': 0.6279093027114868, 'max_memory_allocated': 5349688832, 'max_memory_reserved': 32321306624}
[WSI] epoch=11 iteration=1745 slide=normal_121 N=13 {'train_loss_cls': 0.2451171875, 'train_loss_sr': 0.1388241946697235, 'train_loss_total': 0.25899961590766907, 'max_memory_allocated': 9783458304, 'max_memory_reserved': 32321306624}
[WSI] epoch=11 iteration=1746 slide=tumor_042 N=4 {'train_loss_cls': 0.47265625, 'train_loss_sr': 0.1026000827550888, 'train_loss_total': 0.4829162657260895, 'max_memory_allocated': 3133590016, 'max_memory_reserved': 32321306624}
[WSI] epoch=11 iteration=1747 slide=normal_106 N=15 {'train_loss_cls': 0.8671875, 'train_loss_sr': 0.1188012957572937, 'train_loss_total': 0.8790676593780518, 'max_memory_allocated': 11262306304, 'max_memory_reserved': 32321306624}
[WSI] epoch=11 iteration=1748 slide=normal_126 N=17 {'train_loss_cls': 0.3203125, 'train_loss_sr': 0.1235777884721756, 'train_loss_total': 0.33267027139663696, 'max_memory_allocated': 12739265536, 'max_memory_reserved': 32321306624}
[WSI] epoch=11 iteration=1749 slide=normal_074 N=14 {'train_loss_cls': 0.240234375, 'train_loss_sr': 0.1133594959974289, 'train_loss_total': 0.25157031416893005, 'max_memory_allocated': 10522708480, 'max_memory_reserved': 32321306624}
[gradient] slide_id=tumor_037 N=10 {'rdn': 1.917275071144104, 'region_encoder': 0.0, 'abmil': 0.050167523324489594, 'classifier': 3.3927161693573, 'p2w': 0.1636132448911667}
[WSI] epoch=11 iteration=1750 slide=tumor_037 N=10 {'train_loss_cls': 0.57421875, 'train_loss_sr': 0.12540215253829956, 'train_loss_total': 0.5867589712142944, 'max_memory_allocated': 7567346176, 'max_memory_reserved': 32321306624}
[WSI] epoch=11 iteration=1751 slide=tumor_068 N=15 {'train_loss_cls': 0.296875, 'train_loss_sr': 0.11600361764431, 'train_loss_total': 0.3084753751754761, 'max_memory_allocated': 11262851584, 'max_memory_reserved': 32321306624}
[WSI] epoch=11 iteration=1752 slide=tumor_040 N=10 {'train_loss_cls': 0.5703125, 'train_loss_sr': 0.13508790731430054, 'train_loss_total': 0.5838212966918945, 'max_memory_allocated': 7566330368, 'max_memory_reserved': 32321306624}
[WSI] epoch=11 iteration=1753 slide=normal_111 N=31 {'train_loss_cls': 0.83203125, 'train_loss_sr': 0.08057013154029846, 'train_loss_total': 0.8400882482528687, 'max_memory_allocated': 23085652480, 'max_memory_reserved': 32321306624}
[WSI] epoch=11 iteration=1754 slide=tumor_024 N=16 {'train_loss_cls': 0.46875, 'train_loss_sr': 0.13421601057052612, 'train_loss_total': 0.48217159509658813, 'max_memory_allocated': 12001442304, 'max_memory_reserved': 32321306624}
[WSI] epoch=11 iteration=1755 slide=tumor_007 N=12 {'train_loss_cls': 0.4921875, 'train_loss_sr': 0.14334514737129211, 'train_loss_total': 0.506521999835968, 'max_memory_allocated': 9045438464, 'max_memory_reserved': 32321306624}
[WSI] epoch=11 iteration=1756 slide=normal_036 N=7 {'train_loss_cls': 0.21875, 'train_loss_sr': 0.11306700110435486, 'train_loss_total': 0.23005670309066772, 'max_memory_allocated': 5350345216, 'max_memory_reserved': 32321306624}
[WSI] epoch=11 iteration=1757 slide=normal_058 N=7 {'train_loss_cls': 0.34375, 'train_loss_sr': 0.13787716627120972, 'train_loss_total': 0.35753771662712097, 'max_memory_allocated': 5349792256, 'max_memory_reserved': 32321306624}
[WSI] epoch=11 iteration=1758 slide=tumor_001 N=7 {'train_loss_cls': 0.6484375, 'train_loss_sr': 0.17004740238189697, 'train_loss_total': 0.6654422283172607, 'max_memory_allocated': 5349882368, 'max_memory_reserved': 32321306624}
[WSI] epoch=11 iteration=1759 slide=tumor_072 N=20 {'train_loss_cls': 0.8828125, 'train_loss_sr': 0.13014823198318481, 'train_loss_total': 0.8958272933959961, 'max_memory_allocated': 14956497408, 'max_memory_reserved': 32321306624}
[gradient] slide_id=tumor_020 N=7 {'rdn': 2.6421139240264893, 'region_encoder': 0.0, 'abmil': 0.5297271609306335, 'classifier': 3.269242525100708, 'p2w': 0.20457623898983002}
[WSI] epoch=11 iteration=1760 slide=tumor_020 N=7 {'train_loss_cls': 0.388671875, 'train_loss_sr': 0.11178060621023178, 'train_loss_total': 0.39984992146492004, 'max_memory_allocated': 5351066112, 'max_memory_reserved': 32321306624}
[WSI] epoch=11 iteration=1761 slide=normal_093 N=8 {'train_loss_cls': 0.18359375, 'train_loss_sr': 0.11576686799526215, 'train_loss_total': 0.19517043232917786, 'max_memory_allocated': 6088751616, 'max_memory_reserved': 32321306624}
[WSI] epoch=11 iteration=1762 slide=tumor_108 N=22 {'train_loss_cls': 0.1552734375, 'train_loss_sr': 0.09856043010950089, 'train_loss_total': 0.16512948274612427, 'max_memory_allocated': 16434469376, 'max_memory_reserved': 32321306624}
[WSI] epoch=11 iteration=1763 slide=normal_154 N=20 {'train_loss_cls': 0.58984375, 'train_loss_sr': 0.08450391888618469, 'train_loss_total': 0.5982941389083862, 'max_memory_allocated': 14956718592, 'max_memory_reserved': 32321306624}
[WSI] epoch=11 iteration=1764 slide=tumor_054 N=17 {'train_loss_cls': 0.53125, 'train_loss_sr': 0.08925063908100128, 'train_loss_total': 0.5401750802993774, 'max_memory_allocated': 12741203968, 'max_memory_reserved': 32321306624}
[WSI] epoch=11 iteration=1765 slide=normal_070 N=16 {'train_loss_cls': 0.30078125, 'train_loss_sr': 0.14668522775173187, 'train_loss_total': 0.3154497742652893, 'max_memory_allocated': 12001659392, 'max_memory_reserved': 32321306624}
[WSI] epoch=11 iteration=1766 slide=normal_135 N=13 {'train_loss_cls': 0.1064453125, 'train_loss_sr': 0.11163536459207535, 'train_loss_total': 0.11760884523391724, 'max_memory_allocated': 9783678976, 'max_memory_reserved': 32321306624}
