/root/miniconda3/envs/myconda/lib/python3.10/site-packages/torch/utils/checkpoint.py:1399: FutureWarning: `torch.cpu.amp.autocast(args...)` is deprecated. Please use `torch.amp.autocast('cpu', args...)` instead.
  with device_autocast_ctx, torch.cpu.amp.autocast(**cpu_autocast_kwargs), recompute_context:  # type: ignore[attr-defined]
Decoder equivalence and checkpoint gate passed: RDN-B/G0=64/D=8/C=8/G=64
/root/miniconda3/envs/myconda/lib/python3.10/site-packages/torch/utils/checkpoint.py:1399: FutureWarning: `torch.cpu.amp.autocast(args...)` is deprecated. Please use `torch.amp.autocast('cpu', args...)` instead.
  with device_autocast_ctx, torch.cpu.amp.autocast(**cpu_autocast_kwargs), recompute_context:  # type: ignore[attr-defined]
[WSI] epoch=1 iteration=1 slide=tumor_035 N=4 {'train_loss_cls': 0.57421875, 'train_loss_sr': 0.7249482870101929, 'train_loss_total': 0.6467135548591614, 'max_memory_allocated': 3033640960, 'max_memory_reserved': 3550478336}
[WSI] epoch=1 iteration=2 slide=normal_155 N=11 {'train_loss_cls': 0.77734375, 'train_loss_sr': 0.9700796008110046, 'train_loss_total': 0.8743517398834229, 'max_memory_allocated': 8305946112, 'max_memory_reserved': 9676259328}
[WSI] epoch=1 iteration=3 slide=normal_148 N=5 {'train_loss_cls': 0.84765625, 'train_loss_sr': 0.8336323499679565, 'train_loss_total': 0.9310194849967957, 'max_memory_allocated': 3872676352, 'max_memory_reserved': 9676259328}
[WSI] epoch=1 iteration=4 slide=tumor_068 N=15 {'train_loss_cls': 0.59765625, 'train_loss_sr': 0.6564333438873291, 'train_loss_total': 0.663299560546875, 'max_memory_allocated': 11262752768, 'max_memory_reserved': 17127440384}
[WSI] epoch=1 iteration=5 slide=tumor_038 N=2 {'train_loss_cls': 0.59765625, 'train_loss_sr': 0.637514591217041, 'train_loss_total': 0.6614077091217041, 'max_memory_allocated': 1707252224, 'max_memory_reserved': 17127440384}
[WSI] epoch=1 iteration=6 slide=normal_078 N=6 {'train_loss_cls': 0.81640625, 'train_loss_sr': 0.4697250723838806, 'train_loss_total': 0.8633787631988525, 'max_memory_allocated': 4613118976, 'max_memory_reserved': 17127440384}
[WSI] epoch=1 iteration=7 slide=normal_097 N=17 {'train_loss_cls': 0.8125, 'train_loss_sr': 0.43422287702560425, 'train_loss_total': 0.855922281742096, 'max_memory_allocated': 12740245504, 'max_memory_reserved': 24580718592}
[WSI] epoch=1 iteration=8 slide=normal_141 N=7 {'train_loss_cls': 0.796875, 'train_loss_sr': 0.4139745235443115, 'train_loss_total': 0.8382724523544312, 'max_memory_allocated': 5351066624, 'max_memory_reserved': 24580718592}
[WSI] epoch=1 iteration=9 slide=normal_136 N=15 {'train_loss_cls': 0.7890625, 'train_loss_sr': 0.35146966576576233, 'train_loss_total': 0.824209451675415, 'max_memory_allocated': 11263064064, 'max_memory_reserved': 24580718592}
[gradient] slide_id=normal_135 N=13 {'rdn': 2.0507915019989014, 'region_encoder': 0.0, 'abmil': 0.038418516516685486, 'classifier': 12.980571746826172, 'p2w': 0.7185038924217224}
[WSI] epoch=1 iteration=10 slide=normal_135 N=13 {'train_loss_cls': 0.79296875, 'train_loss_sr': 0.3512212634086609, 'train_loss_total': 0.8280909061431885, 'max_memory_allocated': 9783237120, 'max_memory_reserved': 24580718592}
[WSI] epoch=1 iteration=11 slide=normal_038 N=1 {'train_loss_cls': 0.75, 'train_loss_sr': 0.35012754797935486, 'train_loss_total': 0.7850127816200256, 'max_memory_allocated': 916605952, 'max_memory_reserved': 24580718592}
[WSI] epoch=1 iteration=12 slide=normal_066 N=26 {'train_loss_cls': 0.76171875, 'train_loss_sr': 0.3246312141418457, 'train_loss_total': 0.7941818833351135, 'max_memory_allocated': 19390527488, 'max_memory_reserved': 38839255040}
[WSI] epoch=1 iteration=13 slide=normal_008 N=1 {'train_loss_cls': 0.74609375, 'train_loss_sr': 0.3325667381286621, 'train_loss_total': 0.7793503999710083, 'max_memory_allocated': 916474880, 'max_memory_reserved': 38839255040}
[WSI] epoch=1 iteration=14 slide=tumor_052 N=15 {'train_loss_cls': 0.64453125, 'train_loss_sr': 0.335877388715744, 'train_loss_total': 0.6781190037727356, 'max_memory_allocated': 11263248384, 'max_memory_reserved': 38839255040}
[WSI] epoch=1 iteration=15 slide=normal_018 N=3 {'train_loss_cls': 0.7421875, 'train_loss_sr': 0.3024822473526001, 'train_loss_total': 0.77243572473526, 'max_memory_allocated': 2394926080, 'max_memory_reserved': 38839255040}
[WSI] epoch=1 iteration=16 slide=tumor_103 N=18 {'train_loss_cls': 0.65625, 'train_loss_sr': 0.2512857913970947, 'train_loss_total': 0.6813786029815674, 'max_memory_allocated': 13478328832, 'max_memory_reserved': 38839255040}
[WSI] epoch=1 iteration=17 slide=tumor_084 N=9 {'train_loss_cls': 0.66015625, 'train_loss_sr': 0.26490843296051025, 'train_loss_total': 0.6866471171379089, 'max_memory_allocated': 6829308416, 'max_memory_reserved': 38839255040}
[WSI] epoch=1 iteration=18 slide=normal_044 N=4 {'train_loss_cls': 0.671875, 'train_loss_sr': 0.2817317247390747, 'train_loss_total': 0.7000481486320496, 'max_memory_allocated': 3132839936, 'max_memory_reserved': 38839255040}
[WSI] epoch=1 iteration=19 slide=normal_107 N=16 {'train_loss_cls': 0.70703125, 'train_loss_sr': 0.25043830275535583, 'train_loss_total': 0.7320750951766968, 'max_memory_allocated': 12001680896, 'max_memory_reserved': 38839255040}
[gradient] slide_id=tumor_024 N=16 {'rdn': 1.9281935691833496, 'region_encoder': 0.0, 'abmil': 0.02104063890874386, 'classifier': 12.113993644714355, 'p2w': 0.5850631594657898}
[WSI] epoch=1 iteration=20 slide=tumor_024 N=16 {'train_loss_cls': 0.69140625, 'train_loss_sr': 0.28957146406173706, 'train_loss_total': 0.7203633785247803, 'max_memory_allocated': 12001905152, 'max_memory_reserved': 38839255040}
[WSI] epoch=1 iteration=21 slide=normal_077 N=5 {'train_loss_cls': 0.703125, 'train_loss_sr': 0.2661852538585663, 'train_loss_total': 0.7297435402870178, 'max_memory_allocated': 3872798720, 'max_memory_reserved': 38839255040}
[WSI] epoch=1 iteration=22 slide=normal_159 N=14 {'train_loss_cls': 0.69921875, 'train_loss_sr': 0.23623842000961304, 'train_loss_total': 0.7228425741195679, 'max_memory_allocated': 10522814976, 'max_memory_reserved': 38839255040}
[WSI] epoch=1 iteration=23 slide=normal_126 N=17 {'train_loss_cls': 0.6953125, 'train_loss_sr': 0.25138986110687256, 'train_loss_total': 0.7204514741897583, 'max_memory_allocated': 12740134912, 'max_memory_reserved': 38839255040}
[WSI] epoch=1 iteration=24 slide=tumor_043 N=4 {'train_loss_cls': 0.72265625, 'train_loss_sr': 0.265840083360672, 'train_loss_total': 0.7492402791976929, 'max_memory_allocated': 3133302784, 'max_memory_reserved': 38839255040}
[WSI] epoch=1 iteration=25 slide=tumor_048 N=15 {'train_loss_cls': 0.73046875, 'train_loss_sr': 0.24977721273899078, 'train_loss_total': 0.7554464936256409, 'max_memory_allocated': 11263347200, 'max_memory_reserved': 38839255040}
[WSI] epoch=1 iteration=26 slide=normal_032 N=9 {'train_loss_cls': 0.67578125, 'train_loss_sr': 0.2588571012020111, 'train_loss_total': 0.7016669511795044, 'max_memory_allocated': 6827764224, 'max_memory_reserved': 38839255040}
[WSI] epoch=1 iteration=27 slide=tumor_109 N=10 {'train_loss_cls': 0.72265625, 'train_loss_sr': 0.17840880155563354, 'train_loss_total': 0.7404971122741699, 'max_memory_allocated': 7566129664, 'max_memory_reserved': 38839255040}
[WSI] epoch=1 iteration=28 slide=tumor_003 N=7 {'train_loss_cls': 0.74609375, 'train_loss_sr': 0.22443431615829468, 'train_loss_total': 0.768537163734436, 'max_memory_allocated': 5350402560, 'max_memory_reserved': 38839255040}
[WSI] epoch=1 iteration=29 slide=normal_111 N=31 {'train_loss_cls': 0.6640625, 'train_loss_sr': 0.19570958614349365, 'train_loss_total': 0.6836334466934204, 'max_memory_allocated': 23085647872, 'max_memory_reserved': 40921726976}
[gradient] slide_id=normal_035 N=1 {'rdn': 1.8691855669021606, 'region_encoder': 0.0, 'abmil': 0.0, 'classifier': 12.376453399658203, 'p2w': 0.23185200989246368}
[WSI] epoch=1 iteration=30 slide=normal_035 N=1 {'train_loss_cls': 0.625, 'train_loss_sr': 0.19905313849449158, 'train_loss_total': 0.6449053287506104, 'max_memory_allocated': 916147200, 'max_memory_reserved': 26778533888}
[WSI] epoch=1 iteration=31 slide=normal_154 N=20 {'train_loss_cls': 0.63671875, 'train_loss_sr': 0.21815043687820435, 'train_loss_total': 0.6585338115692139, 'max_memory_allocated': 14956718592, 'max_memory_reserved': 26778533888}
[WSI] epoch=1 iteration=32 slide=normal_014 N=2 {'train_loss_cls': 0.66015625, 'train_loss_sr': 0.18178550899028778, 'train_loss_total': 0.6783347725868225, 'max_memory_allocated': 1707584000, 'max_memory_reserved': 26778533888}
[WSI] epoch=1 iteration=33 slide=tumor_098 N=9 {'train_loss_cls': 0.7421875, 'train_loss_sr': 0.23992988467216492, 'train_loss_total': 0.7661805152893066, 'max_memory_allocated': 6827567616, 'max_memory_reserved': 26778533888}
[WSI] epoch=1 iteration=34 slide=normal_121 N=13 {'train_loss_cls': 0.65234375, 'train_loss_sr': 0.19640830159187317, 'train_loss_total': 0.6719845533370972, 'max_memory_allocated': 9783237120, 'max_memory_reserved': 26778533888}
[WSI] epoch=1 iteration=35 slide=normal_100 N=8 {'train_loss_cls': 0.64453125, 'train_loss_sr': 0.2714252769947052, 'train_loss_total': 0.6716737747192383, 'max_memory_allocated': 6088911360, 'max_memory_reserved': 26778533888}
[WSI] epoch=1 iteration=36 slide=tumor_088 N=12 {'train_loss_cls': 0.7265625, 'train_loss_sr': 0.1802542507648468, 'train_loss_total': 0.7445878982543945, 'max_memory_allocated': 9044666880, 'max_memory_reserved': 26778533888}
[WSI] epoch=1 iteration=37 slide=normal_076 N=24 {'train_loss_cls': 0.640625, 'train_loss_sr': 0.2183457911014557, 'train_loss_total': 0.6624595522880554, 'max_memory_allocated': 17913121280, 'max_memory_reserved': 26778533888}
[WSI] epoch=1 iteration=38 slide=normal_158 N=18 {'train_loss_cls': 0.6484375, 'train_loss_sr': 0.19411218166351318, 'train_loss_total': 0.6678487062454224, 'max_memory_allocated': 13478443520, 'max_memory_reserved': 26778533888}
[WSI] epoch=1 iteration=39 slide=normal_071 N=5 {'train_loss_cls': 0.62109375, 'train_loss_sr': 0.2203313708305359, 'train_loss_total': 0.643126904964447, 'max_memory_allocated': 3872974848, 'max_memory_reserved': 26778533888}
[gradient] slide_id=tumor_034 N=6 {'rdn': 2.1196389198303223, 'region_encoder': 0.0, 'abmil': 0.005641951225697994, 'classifier': 13.452622413635254, 'p2w': 0.580424427986145}
[WSI] epoch=1 iteration=40 slide=tumor_034 N=6 {'train_loss_cls': 0.765625, 'train_loss_sr': 0.18516235053539276, 'train_loss_total': 0.7841412425041199, 'max_memory_allocated': 4612094976, 'max_memory_reserved': 26778533888}
[WSI] epoch=1 iteration=41 slide=normal_089 N=20 {'train_loss_cls': 0.625, 'train_loss_sr': 0.23471412062644958, 'train_loss_total': 0.6484714150428772, 'max_memory_allocated': 14956939776, 'max_memory_reserved': 26778533888}
[WSI] epoch=1 iteration=42 slide=normal_114 N=24 {'train_loss_cls': 0.625, 'train_loss_sr': 0.20373103022575378, 'train_loss_total': 0.6453731060028076, 'max_memory_allocated': 17912714240, 'max_memory_reserved': 26778533888}
[WSI] epoch=1 iteration=43 slide=normal_058 N=7 {'train_loss_cls': 0.59375, 'train_loss_sr': 0.2031053602695465, 'train_loss_total': 0.6140605211257935, 'max_memory_allocated': 5349746688, 'max_memory_reserved': 26778533888}
[WSI] epoch=1 iteration=44 slide=normal_049 N=2 {'train_loss_cls': 0.6015625, 'train_loss_sr': 0.11435332149267197, 'train_loss_total': 0.612997829914093, 'max_memory_allocated': 1707303936, 'max_memory_reserved': 26778533888}
[WSI] epoch=1 iteration=45 slide=tumor_011 N=6 {'train_loss_cls': 0.8125, 'train_loss_sr': 0.15900598466396332, 'train_loss_total': 0.8284006118774414, 'max_memory_allocated': 4612647936, 'max_memory_reserved': 26778533888}
[WSI] epoch=1 iteration=46 slide=normal_095 N=14 {'train_loss_cls': 0.56640625, 'train_loss_sr': 0.20090347528457642, 'train_loss_total': 0.5864965915679932, 'max_memory_allocated': 10522266112, 'max_memory_reserved': 26778533888}
[WSI] epoch=1 iteration=47 slide=normal_151 N=16 {'train_loss_cls': 0.58984375, 'train_loss_sr': 0.20228885114192963, 'train_loss_total': 0.6100726127624512, 'max_memory_allocated': 12000975360, 'max_memory_reserved': 26778533888}
[WSI] epoch=1 iteration=48 slide=normal_015 N=5 {'train_loss_cls': 0.5859375, 'train_loss_sr': 0.1633218228816986, 'train_loss_total': 0.60226970911026, 'max_memory_allocated': 3873151488, 'max_memory_reserved': 26778533888}
[WSI] epoch=1 iteration=49 slide=tumor_047 N=15 {'train_loss_cls': 0.8125, 'train_loss_sr': 0.20114676654338837, 'train_loss_total': 0.8326146602630615, 'max_memory_allocated': 11262409216, 'max_memory_reserved': 26778533888}
[gradient] slide_id=tumor_095 N=29 {'rdn': 2.2719926834106445, 'region_encoder': 0.0, 'abmil': 0.020531749352812767, 'classifier': 13.450976371765137, 'p2w': 0.45198854804039}
[WSI] epoch=1 iteration=50 slide=tumor_095 N=29 {'train_loss_cls': 0.8359375, 'train_loss_sr': 0.1489921510219574, 'train_loss_total': 0.8508366942405701, 'max_memory_allocated': 21607246336, 'max_memory_reserved': 26778533888}
[WSI] epoch=1 iteration=51 slide=normal_084 N=1 {'train_loss_cls': 0.53515625, 'train_loss_sr': 0.11489079892635345, 'train_loss_total': 0.5466453433036804, 'max_memory_allocated': 916868096, 'max_memory_reserved': 26778533888}
[WSI] epoch=1 iteration=52 slide=normal_133 N=10 {'train_loss_cls': 0.56640625, 'train_loss_sr': 0.1971249282360077, 'train_loss_total': 0.586118757724762, 'max_memory_allocated': 7566756352, 'max_memory_reserved': 26778533888}
[WSI] epoch=1 iteration=53 slide=tumor_049 N=3 {'train_loss_cls': 0.8359375, 'train_loss_sr': 0.21388688683509827, 'train_loss_total': 0.8573262095451355, 'max_memory_allocated': 2394246144, 'max_memory_reserved': 26778533888}
[WSI] epoch=1 iteration=54 slide=tumor_060 N=6 {'train_loss_cls': 0.890625, 'train_loss_sr': 0.17278558015823364, 'train_loss_total': 0.9079035520553589, 'max_memory_allocated': 4611853312, 'max_memory_reserved': 26778533888}
[WSI] epoch=1 iteration=55 slide=tumor_002 N=5 {'train_loss_cls': 0.890625, 'train_loss_sr': 0.14410503208637238, 'train_loss_total': 0.9050354957580566, 'max_memory_allocated': 3872331776, 'max_memory_reserved': 26778533888}
[WSI] epoch=1 iteration=56 slide=tumor_066 N=7 {'train_loss_cls': 0.84375, 'train_loss_sr': 0.18971306085586548, 'train_loss_total': 0.86272132396698, 'max_memory_allocated': 5349661184, 'max_memory_reserved': 26778533888}
[WSI] epoch=1 iteration=57 slide=normal_037 N=8 {'train_loss_cls': 0.5546875, 'train_loss_sr': 0.1591210961341858, 'train_loss_total': 0.5705996155738831, 'max_memory_allocated': 6088448512, 'max_memory_reserved': 26778533888}
[WSI] epoch=1 iteration=58 slide=normal_129 N=19 {'train_loss_cls': 0.5703125, 'train_loss_sr': 0.16656890511512756, 'train_loss_total': 0.5869693756103516, 'max_memory_allocated': 14216985088, 'max_memory_reserved': 26778533888}
[WSI] epoch=1 iteration=59 slide=tumor_005 N=4 {'train_loss_cls': 0.87890625, 'train_loss_sr': 0.20275895297527313, 'train_loss_total': 0.899182140827179, 'max_memory_allocated': 3133417984, 'max_memory_reserved': 26778533888}
[gradient] slide_id=normal_068 N=6 {'rdn': 1.7482753992080688, 'region_encoder': 0.0, 'abmil': 0.02013453282415867, 'classifier': 11.057700157165527, 'p2w': 0.25246337056159973}
[WSI] epoch=1 iteration=60 slide=normal_068 N=6 {'train_loss_cls': 0.5703125, 'train_loss_sr': 0.1887740045785904, 'train_loss_total': 0.589189887046814, 'max_memory_allocated': 4612004864, 'max_memory_reserved': 26778533888}
[WSI] epoch=1 iteration=61 slide=normal_088 N=14 {'train_loss_cls': 0.5546875, 'train_loss_sr': 0.1498681604862213, 'train_loss_total': 0.5696743130683899, 'max_memory_allocated': 10522155520, 'max_memory_reserved': 26778533888}
[WSI] epoch=1 iteration=62 slide=tumor_017 N=9 {'train_loss_cls': 0.85546875, 'train_loss_sr': 0.13886931538581848, 'train_loss_total': 0.8693556785583496, 'max_memory_allocated': 6827346432, 'max_memory_reserved': 26778533888}
[WSI] epoch=1 iteration=63 slide=tumor_019 N=2 {'train_loss_cls': 0.8671875, 'train_loss_sr': 0.26450586318969727, 'train_loss_total': 0.8936380743980408, 'max_memory_allocated': 1706920448, 'max_memory_reserved': 26778533888}
[WSI] epoch=1 iteration=64 slide=tumor_058 N=5 {'train_loss_cls': 0.89453125, 'train_loss_sr': 0.1964382827281952, 'train_loss_total': 0.9141750931739807, 'max_memory_allocated': 3872283136, 'max_memory_reserved': 26778533888}
[WSI] epoch=1 iteration=65 slide=tumor_083 N=14 {'train_loss_cls': 0.83984375, 'train_loss_sr': 0.10883831977844238, 'train_loss_total': 0.8507275581359863, 'max_memory_allocated': 10522824704, 'max_memory_reserved': 26778533888}
[WSI] epoch=1 iteration=66 slide=tumor_025 N=9 {'train_loss_cls': 0.83203125, 'train_loss_sr': 0.17604273557662964, 'train_loss_total': 0.8496355414390564, 'max_memory_allocated': 6827855360, 'max_memory_reserved': 26778533888}
[WSI] epoch=1 iteration=67 slide=tumor_001 N=7 {'train_loss_cls': 0.84375, 'train_loss_sr': 0.1925531029701233, 'train_loss_total': 0.8630052804946899, 'max_memory_allocated': 5349530112, 'max_memory_reserved': 26778533888}
[WSI] epoch=1 iteration=68 slide=tumor_008 N=14 {'train_loss_cls': 0.828125, 'train_loss_sr': 0.16448092460632324, 'train_loss_total': 0.8445730805397034, 'max_memory_allocated': 10523171328, 'max_memory_reserved': 26778533888}
[WSI] epoch=1 iteration=69 slide=normal_152 N=5 {'train_loss_cls': 0.62109375, 'train_loss_sr': 0.1366884559392929, 'train_loss_total': 0.6347625851631165, 'max_memory_allocated': 3872627200, 'max_memory_reserved': 26778533888}
[gradient] slide_id=tumor_074 N=5 {'rdn': 2.0376932621002197, 'region_encoder': 0.0, 'abmil': 0.014598960056900978, 'classifier': 13.992976188659668, 'p2w': 0.17052339017391205}
[WSI] epoch=1 iteration=70 slide=tumor_074 N=5 {'train_loss_cls': 0.79296875, 'train_loss_sr': 0.15014615654945374, 'train_loss_total': 0.8079833388328552, 'max_memory_allocated': 3873196032, 'max_memory_reserved': 26778533888}
[WSI] epoch=1 iteration=71 slide=tumor_081 N=6 {'train_loss_cls': 0.7421875, 'train_loss_sr': 0.12410452216863632, 'train_loss_total': 0.7545979619026184, 'max_memory_allocated': 4612119552, 'max_memory_reserved': 26778533888}
[WSI] epoch=1 iteration=72 slide=normal_106 N=15 {'train_loss_cls': 0.61328125, 'train_loss_sr': 0.1670854240655899, 'train_loss_total': 0.6299898028373718, 'max_memory_allocated': 11262188032, 'max_memory_reserved': 26778533888}
[WSI] epoch=1 iteration=73 slide=normal_105 N=12 {'train_loss_cls': 0.6328125, 'train_loss_sr': 0.14796307682991028, 'train_loss_total': 0.6476088166236877, 'max_memory_allocated': 9044646400, 'max_memory_reserved': 26778533888}
[WSI] epoch=1 iteration=74 slide=normal_156 N=13 {'train_loss_cls': 0.64453125, 'train_loss_sr': 0.151060089468956, 'train_loss_total': 0.6596372723579407, 'max_memory_allocated': 9783589376, 'max_memory_reserved': 26778533888}
[WSI] epoch=1 iteration=75 slide=normal_065 N=6 {'train_loss_cls': 0.59765625, 'train_loss_sr': 0.14485815167427063, 'train_loss_total': 0.6121420860290527, 'max_memory_allocated': 4612004864, 'max_memory_reserved': 26778533888}
[WSI] epoch=1 iteration=76 slide=tumor_041 N=5 {'train_loss_cls': 0.77734375, 'train_loss_sr': 0.18750503659248352, 'train_loss_total': 0.7960942387580872, 'max_memory_allocated': 3873143808, 'max_memory_reserved': 26778533888}
[WSI] epoch=1 iteration=77 slide=normal_048 N=3 {'train_loss_cls': 0.6640625, 'train_loss_sr': 0.17009882628917694, 'train_loss_total': 0.6810723543167114, 'max_memory_allocated': 2395839488, 'max_memory_reserved': 26778533888}
[WSI] epoch=1 iteration=78 slide=normal_074 N=14 {'train_loss_cls': 0.6328125, 'train_loss_sr': 0.1704416275024414, 'train_loss_total': 0.649856686592102, 'max_memory_allocated': 10522784256, 'max_memory_reserved': 26778533888}
[WSI] epoch=1 iteration=79 slide=tumor_045 N=10 {'train_loss_cls': 0.73828125, 'train_loss_sr': 0.18855944275856018, 'train_loss_total': 0.7571371793746948, 'max_memory_allocated': 7566182912, 'max_memory_reserved': 26778533888}
[gradient] slide_id=tumor_012 N=7 {'rdn': 1.9248254299163818, 'region_encoder': 0.0, 'abmil': 0.03282717615365982, 'classifier': 13.447789192199707, 'p2w': 0.12915252149105072}
[WSI] epoch=1 iteration=80 slide=tumor_012 N=7 {'train_loss_cls': 0.79296875, 'train_loss_sr': 0.17664366960525513, 'train_loss_total': 0.81063312292099, 'max_memory_allocated': 5350119936, 'max_memory_reserved': 26778533888}
[WSI] epoch=1 iteration=81 slide=tumor_077 N=14 {'train_loss_cls': 0.75390625, 'train_loss_sr': 0.14948853850364685, 'train_loss_total': 0.768855094909668, 'max_memory_allocated': 10522487296, 'max_memory_reserved': 26778533888}
[WSI] epoch=1 iteration=82 slide=normal_040 N=16 {'train_loss_cls': 0.62890625, 'train_loss_sr': 0.16728094220161438, 'train_loss_total': 0.6456343531608582, 'max_memory_allocated': 12001016320, 'max_memory_reserved': 26778533888}
[WSI] epoch=1 iteration=83 slide=normal_051 N=3 {'train_loss_cls': 0.64453125, 'train_loss_sr': 0.1226305291056633, 'train_loss_total': 0.6567943096160889, 'max_memory_allocated': 2394266624, 'max_memory_reserved': 26778533888}
[WSI] epoch=1 iteration=84 slide=normal_153 N=12 {'train_loss_cls': 0.64453125, 'train_loss_sr': 0.12285594642162323, 'train_loss_total': 0.656816840171814, 'max_memory_allocated': 9045088768, 'max_memory_reserved': 26778533888}
[WSI] epoch=1 iteration=85 slide=normal_119 N=14 {'train_loss_cls': 0.63671875, 'train_loss_sr': 0.12808185815811157, 'train_loss_total': 0.6495269536972046, 'max_memory_allocated': 10522376704, 'max_memory_reserved': 26778533888}
[WSI] epoch=1 iteration=86 slide=normal_128 N=11 {'train_loss_cls': 0.62890625, 'train_loss_sr': 0.11105713993310928, 'train_loss_total': 0.6400119662284851, 'max_memory_allocated': 8305531392, 'max_memory_reserved': 26778533888}
[WSI] epoch=1 iteration=87 slide=tumor_020 N=7 {'train_loss_cls': 0.7578125, 'train_loss_sr': 0.1100005954504013, 'train_loss_total': 0.7688125371932983, 'max_memory_allocated': 5349882368, 'max_memory_reserved': 26778533888}
[WSI] epoch=1 iteration=88 slide=tumor_027 N=13 {'train_loss_cls': 0.765625, 'train_loss_sr': 0.16415242850780487, 'train_loss_total': 0.7820402383804321, 'max_memory_allocated': 9783637504, 'max_memory_reserved': 26778533888}
[WSI] epoch=1 iteration=89 slide=normal_028 N=5 {'train_loss_cls': 0.62109375, 'train_loss_sr': 0.16433283686637878, 'train_loss_total': 0.6375270485877991, 'max_memory_allocated': 3873205248, 'max_memory_reserved': 26778533888}
[gradient] slide_id=tumor_015 N=27 {'rdn': 1.7152739763259888, 'region_encoder': 0.0, 'abmil': 0.014907394535839558, 'classifier': 12.99188232421875, 'p2w': 0.10013073682785034}
[WSI] epoch=1 iteration=90 slide=tumor_015 N=27 {'train_loss_cls': 0.7578125, 'train_loss_sr': 0.17421609163284302, 'train_loss_total': 0.7752341032028198, 'max_memory_allocated': 20129389056, 'max_memory_reserved': 26778533888}
[WSI] epoch=1 iteration=91 slide=tumor_044 N=12 {'train_loss_cls': 0.7578125, 'train_loss_sr': 0.17555812001228333, 'train_loss_total': 0.775368332862854, 'max_memory_allocated': 9045199360, 'max_memory_reserved': 26778533888}
[WSI] epoch=1 iteration=92 slide=tumor_089 N=26 {'train_loss_cls': 0.7265625, 'train_loss_sr': 0.15244632959365845, 'train_loss_total': 0.7418071031570435, 'max_memory_allocated': 19390605824, 'max_memory_reserved': 26778533888}
[WSI] epoch=1 iteration=93 slide=tumor_037 N=10 {'train_loss_cls': 0.7578125, 'train_loss_sr': 0.15600614249706268, 'train_loss_total': 0.7734131217002869, 'max_memory_allocated': 7566369280, 'max_memory_reserved': 26778533888}
[WSI] epoch=1 iteration=94 slide=tumor_042 N=4 {'train_loss_cls': 0.7578125, 'train_loss_sr': 0.1905181109905243, 'train_loss_total': 0.7768642902374268, 'max_memory_allocated': 3133471744, 'max_memory_reserved': 26778533888}
[WSI] epoch=1 iteration=95 slide=normal_103 N=8 {'train_loss_cls': 0.65234375, 'train_loss_sr': 0.16400757431983948, 'train_loss_total': 0.6687445044517517, 'max_memory_allocated': 6088546816, 'max_memory_reserved': 26778533888}
[WSI] epoch=1 iteration=96 slide=normal_142 N=20 {'train_loss_cls': 0.6640625, 'train_loss_sr': 0.1874072253704071, 'train_loss_total': 0.682803213596344, 'max_memory_allocated': 14957191168, 'max_memory_reserved': 26778533888}
[WSI] epoch=1 iteration=97 slide=normal_120 N=10 {'train_loss_cls': 0.63671875, 'train_loss_sr': 0.14291657507419586, 'train_loss_total': 0.6510103940963745, 'max_memory_allocated': 7566551552, 'max_memory_reserved': 26778533888}
[WSI] epoch=1 iteration=98 slide=tumor_016 N=5 {'train_loss_cls': 0.734375, 'train_loss_sr': 0.19505855441093445, 'train_loss_total': 0.7538808584213257, 'max_memory_allocated': 3872680448, 'max_memory_reserved': 26778533888}
[WSI] epoch=1 iteration=99 slide=normal_157 N=16 {'train_loss_cls': 0.66796875, 'train_loss_sr': 0.1746658980846405, 'train_loss_total': 0.6854353547096252, 'max_memory_allocated': 12001719296, 'max_memory_reserved': 26778533888}
[gradient] slide_id=normal_116 N=8 {'rdn': 1.6360985040664673, 'region_encoder': 0.0, 'abmil': 0.02767758257687092, 'classifier': 11.694592475891113, 'p2w': 0.1077737882733345}
[WSI] epoch=1 iteration=100 slide=normal_116 N=8 {'train_loss_cls': 0.6640625, 'train_loss_sr': 0.13059000670909882, 'train_loss_total': 0.6771215200424194, 'max_memory_allocated': 6088567808, 'max_memory_reserved': 26778533888}
[WSI] epoch=1 iteration=101 slide=tumor_009 N=12 {'train_loss_cls': 0.7421875, 'train_loss_sr': 0.16902142763137817, 'train_loss_total': 0.7590896487236023, 'max_memory_allocated': 9045002752, 'max_memory_reserved': 26778533888}
[WSI] epoch=1 iteration=102 slide=normal_064 N=9 {'train_loss_cls': 0.66796875, 'train_loss_sr': 0.11697928607463837, 'train_loss_total': 0.6796666979789734, 'max_memory_allocated': 6827899392, 'max_memory_reserved': 26778533888}
[WSI] epoch=1 iteration=103 slide=normal_087 N=11 {'train_loss_cls': 0.65625, 'train_loss_sr': 0.20695757865905762, 'train_loss_total': 0.6769457459449768, 'max_memory_allocated': 8306285056, 'max_memory_reserved': 26778533888}
[WSI] epoch=1 iteration=104 slide=normal_104 N=19 {'train_loss_cls': 0.64453125, 'train_loss_sr': 0.13152113556861877, 'train_loss_total': 0.6576833724975586, 'max_memory_allocated': 14217628160, 'max_memory_reserved': 26778533888}
[WSI] epoch=1 iteration=105 slide=normal_002 N=2 {'train_loss_cls': 0.6328125, 'train_loss_sr': 0.08428055047988892, 'train_loss_total': 0.6412405371665955, 'max_memory_allocated': 1707772416, 'max_memory_reserved': 26778533888}
[WSI] epoch=1 iteration=106 slide=tumor_022 N=7 {'train_loss_cls': 0.76171875, 'train_loss_sr': 0.1468905359506607, 'train_loss_total': 0.776407778263092, 'max_memory_allocated': 5349992960, 'max_memory_reserved': 26778533888}
[WSI] epoch=1 iteration=107 slide=tumor_073 N=19 {'train_loss_cls': 0.75390625, 'train_loss_sr': 0.10364437103271484, 'train_loss_total': 0.7642706632614136, 'max_memory_allocated': 14217148928, 'max_memory_reserved': 26778533888}
[WSI] epoch=1 iteration=108 slide=tumor_028 N=17 {'train_loss_cls': 0.7734375, 'train_loss_sr': 0.15911714732646942, 'train_loss_total': 0.7893491983413696, 'max_memory_allocated': 12739664384, 'max_memory_reserved': 26778533888}
[WSI] epoch=1 iteration=109 slide=normal_012 N=3 {'train_loss_cls': 0.62109375, 'train_loss_sr': 0.22821418941020966, 'train_loss_total': 0.6439151763916016, 'max_memory_allocated': 2394356736, 'max_memory_reserved': 26778533888}
[gradient] slide_id=normal_070 N=16 {'rdn': 1.5342007875442505, 'region_encoder': 0.0, 'abmil': 0.02527417615056038, 'classifier': 12.146880149841309, 'p2w': 0.08588313311338425}
[WSI] epoch=1 iteration=110 slide=normal_070 N=16 {'train_loss_cls': 0.6484375, 'train_loss_sr': 0.2139781415462494, 'train_loss_total': 0.6698353290557861, 'max_memory_allocated': 12001438208, 'max_memory_reserved': 26778533888}
[WSI] epoch=1 iteration=111 slide=normal_079 N=8 {'train_loss_cls': 0.63671875, 'train_loss_sr': 0.15580502152442932, 'train_loss_total': 0.6522992253303528, 'max_memory_allocated': 6088468992, 'max_memory_reserved': 26778533888}
[WSI] epoch=1 iteration=112 slide=normal_031 N=6 {'train_loss_cls': 0.625, 'train_loss_sr': 0.17554667592048645, 'train_loss_total': 0.6425546407699585, 'max_memory_allocated': 4612004864, 'max_memory_reserved': 26778533888}
[WSI] epoch=1 iteration=113 slide=normal_093 N=8 {'train_loss_cls': 0.6015625, 'train_loss_sr': 0.125424325466156, 'train_loss_total': 0.6141049265861511, 'max_memory_allocated': 6088911360, 'max_memory_reserved': 26778533888}
[WSI] epoch=1 iteration=114 slide=tumor_004 N=15 {'train_loss_cls': 0.7890625, 'train_loss_sr': 0.10189904272556305, 'train_loss_total': 0.7992523908615112, 'max_memory_allocated': 11262298624, 'max_memory_reserved': 26778533888}
[WSI] epoch=1 iteration=115 slide=tumor_080 N=6 {'train_loss_cls': 0.76953125, 'train_loss_sr': 0.10394297540187836, 'train_loss_total': 0.779925525188446, 'max_memory_allocated': 4612639744, 'max_memory_reserved': 26778533888}
[WSI] epoch=1 iteration=116 slide=tumor_082 N=3 {'train_loss_cls': 0.78515625, 'train_loss_sr': 0.1495344191789627, 'train_loss_total': 0.8001096844673157, 'max_memory_allocated': 2394135552, 'max_memory_reserved': 26778533888}
[WSI] epoch=1 iteration=117 slide=normal_039 N=9 {'train_loss_cls': 0.59375, 'train_loss_sr': 0.15835361182689667, 'train_loss_total': 0.6095853447914124, 'max_memory_allocated': 6829067264, 'max_memory_reserved': 26778533888}
[WSI] epoch=1 iteration=118 slide=tumor_102 N=35 {'train_loss_cls': 0.75390625, 'train_loss_sr': 0.16757963597774506, 'train_loss_total': 0.7706642150878906, 'max_memory_allocated': 26042046464, 'max_memory_reserved': 39436943360}
[WSI] epoch=1 iteration=119 slide=tumor_093 N=14 {'train_loss_cls': 0.74609375, 'train_loss_sr': 0.11539539694786072, 'train_loss_total': 0.7576332688331604, 'max_memory_allocated': 10523221504, 'max_memory_reserved': 29381099520}
[gradient] slide_id=normal_053 N=18 {'rdn': 1.5687371492385864, 'region_encoder': 0.0, 'abmil': 0.017184948548674583, 'classifier': 10.822715759277344, 'p2w': 0.22402168810367584}
[WSI] epoch=1 iteration=120 slide=normal_053 N=18 {'train_loss_cls': 0.609375, 'train_loss_sr': 0.15980252623558044, 'train_loss_total': 0.6253552436828613, 'max_memory_allocated': 13478644224, 'max_memory_reserved': 29387390976}
[WSI] epoch=1 iteration=121 slide=tumor_054 N=17 {'train_loss_cls': 0.80078125, 'train_loss_sr': 0.13219638168811798, 'train_loss_total': 0.8140009045600891, 'max_memory_allocated': 12739279360, 'max_memory_reserved': 29406265344}
[WSI] epoch=1 iteration=122 slide=normal_113 N=19 {'train_loss_cls': 0.6328125, 'train_loss_sr': 0.12241990864276886, 'train_loss_total': 0.6450545191764832, 'max_memory_allocated': 14216964608, 'max_memory_reserved': 29412556800}
[WSI] epoch=1 iteration=123 slide=tumor_021 N=16 {'train_loss_cls': 0.76953125, 'train_loss_sr': 0.13360518217086792, 'train_loss_total': 0.7828917503356934, 'max_memory_allocated': 12001548800, 'max_memory_reserved': 29412556800}
[WSI] epoch=1 iteration=124 slide=normal_139 N=12 {'train_loss_cls': 0.640625, 'train_loss_sr': 0.09560364484786987, 'train_loss_total': 0.6501853466033936, 'max_memory_allocated': 9044646400, 'max_memory_reserved': 29412556800}
[WSI] epoch=1 iteration=125 slide=tumor_086 N=23 {'train_loss_cls': 0.765625, 'train_loss_sr': 0.1581699252128601, 'train_loss_total': 0.7814419865608215, 'max_memory_allocated': 17173674496, 'max_memory_reserved': 29441916928}
[WSI] epoch=1 iteration=126 slide=tumor_061 N=13 {'train_loss_cls': 0.75390625, 'train_loss_sr': 0.18090176582336426, 'train_loss_total': 0.7719964385032654, 'max_memory_allocated': 9783492608, 'max_memory_reserved': 29441916928}
[WSI] epoch=1 iteration=127 slide=tumor_078 N=15 {'train_loss_cls': 0.70703125, 'train_loss_sr': 0.12152738869190216, 'train_loss_total': 0.7191839814186096, 'max_memory_allocated': 11262056960, 'max_memory_reserved': 29441916928}
[WSI] epoch=1 iteration=128 slide=tumor_046 N=19 {'train_loss_cls': 0.77734375, 'train_loss_sr': 0.15248985588550568, 'train_loss_total': 0.7925927639007568, 'max_memory_allocated': 14218496512, 'max_memory_reserved': 29441916928}
[WSI] epoch=1 iteration=129 slide=normal_067 N=12 {'train_loss_cls': 0.6171875, 'train_loss_sr': 0.1045319214463234, 'train_loss_total': 0.6276406645774841, 'max_memory_allocated': 9045662208, 'max_memory_reserved': 29441916928}
[gradient] slide_id=tumor_050 N=10 {'rdn': 1.855168104171753, 'region_encoder': 0.0, 'abmil': 0.02226618304848671, 'classifier': 12.6719331741333, 'p2w': 0.14534549415111542}
[WSI] epoch=1 iteration=130 slide=tumor_050 N=10 {'train_loss_cls': 0.76953125, 'train_loss_sr': 0.15628091990947723, 'train_loss_total': 0.7851593494415283, 'max_memory_allocated': 7566680064, 'max_memory_reserved': 29441916928}
[WSI] epoch=1 iteration=131 slide=normal_029 N=1 {'train_loss_cls': 0.65234375, 'train_loss_sr': 0.09547283500432968, 'train_loss_total': 0.6618910431861877, 'max_memory_allocated': 916925440, 'max_memory_reserved': 29441916928}
[WSI] epoch=1 iteration=132 slide=tumor_071 N=12 {'train_loss_cls': 0.71484375, 'train_loss_sr': 0.15718090534210205, 'train_loss_total': 0.7305618524551392, 'max_memory_allocated': 9044515328, 'max_memory_reserved': 29441916928}
[WSI] epoch=1 iteration=133 slide=normal_108 N=2 {'train_loss_cls': 0.671875, 'train_loss_sr': 0.1963350772857666, 'train_loss_total': 0.6915085315704346, 'max_memory_allocated': 1707051520, 'max_memory_reserved': 29441916928}
[WSI] epoch=1 iteration=134 slide=tumor_097 N=18 {'train_loss_cls': 0.734375, 'train_loss_sr': 0.11490372568368912, 'train_loss_total': 0.7458653450012207, 'max_memory_allocated': 13478644224, 'max_memory_reserved': 29441916928}
[WSI] epoch=1 iteration=135 slide=normal_085 N=5 {'train_loss_cls': 0.63671875, 'train_loss_sr': 0.1548345685005188, 'train_loss_total': 0.6522021889686584, 'max_memory_allocated': 3872856576, 'max_memory_reserved': 29441916928}
[WSI] epoch=1 iteration=136 slide=normal_145 N=20 {'train_loss_cls': 0.66015625, 'train_loss_sr': 0.12367095798254013, 'train_loss_total': 0.6725233197212219, 'max_memory_allocated': 14957506560, 'max_memory_reserved': 29441916928}
[WSI] epoch=1 iteration=137 slide=normal_041 N=7 {'train_loss_cls': 0.65234375, 'train_loss_sr': 0.1038331687450409, 'train_loss_total': 0.6627270579338074, 'max_memory_allocated': 5351008768, 'max_memory_reserved': 29441916928}
[WSI] epoch=1 iteration=138 slide=tumor_105 N=6 {'train_loss_cls': 0.7109375, 'train_loss_sr': 0.15640176832675934, 'train_loss_total': 0.7265776991844177, 'max_memory_allocated': 4612094976, 'max_memory_reserved': 29441916928}
[WSI] epoch=1 iteration=139 slide=tumor_111 N=4 {'train_loss_cls': 0.734375, 'train_loss_sr': 0.19266462326049805, 'train_loss_total': 0.7536414861679077, 'max_memory_allocated': 3132185088, 'max_memory_reserved': 29441916928}
[gradient] slide_id=normal_023 N=2 {'rdn': 1.7000821828842163, 'region_encoder': 0.0, 'abmil': 0.0004819013993255794, 'classifier': 11.51722526550293, 'p2w': 0.10638073086738586}
[WSI] epoch=1 iteration=140 slide=normal_023 N=2 {'train_loss_cls': 0.60546875, 'train_loss_sr': 0.154611274600029, 'train_loss_total': 0.6209298968315125, 'max_memory_allocated': 1707252224, 'max_memory_reserved': 29441916928}
[WSI] epoch=1 iteration=141 slide=normal_003 N=7 {'train_loss_cls': 0.64453125, 'train_loss_sr': 0.15345856547355652, 'train_loss_total': 0.6598771214485168, 'max_memory_allocated': 5350434816, 'max_memory_reserved': 29441916928}
[WSI] epoch=1 iteration=142 slide=tumor_072 N=20 {'train_loss_cls': 0.72265625, 'train_loss_sr': 0.14517605304718018, 'train_loss_total': 0.737173855304718, 'max_memory_allocated': 14956296704, 'max_memory_reserved': 29441916928}
[WSI] epoch=1 iteration=143 slide=normal_081 N=6 {'train_loss_cls': 0.66015625, 'train_loss_sr': 0.21272680163383484, 'train_loss_total': 0.6814289093017578, 'max_memory_allocated': 4612299776, 'max_memory_reserved': 29441916928}
[WSI] epoch=1 iteration=144 slide=normal_047 N=5 {'train_loss_cls': 0.63671875, 'train_loss_sr': 0.1995674967765808, 'train_loss_total': 0.6566755175590515, 'max_memory_allocated': 3873696256, 'max_memory_reserved': 29441916928}
[WSI] epoch=1 iteration=145 slide=normal_054 N=1 {'train_loss_cls': 0.62890625, 'train_loss_sr': 0.23234091699123383, 'train_loss_total': 0.6521403193473816, 'max_memory_allocated': 916704256, 'max_memory_reserved': 29441916928}
[WSI] epoch=1 iteration=146 slide=normal_052 N=15 {'train_loss_cls': 0.6484375, 'train_loss_sr': 0.13070881366729736, 'train_loss_total': 0.6615083813667297, 'max_memory_allocated': 11262740992, 'max_memory_reserved': 29441916928}
[WSI] epoch=1 iteration=147 slide=normal_007 N=3 {'train_loss_cls': 0.6640625, 'train_loss_sr': 0.11528745293617249, 'train_loss_total': 0.675591230392456, 'max_memory_allocated': 2394811392, 'max_memory_reserved': 29441916928}
[WSI] epoch=1 iteration=148 slide=normal_124 N=19 {'train_loss_cls': 0.640625, 'train_loss_sr': 0.08192812651395798, 'train_loss_total': 0.6488178372383118, 'max_memory_allocated': 14216985088, 'max_memory_reserved': 29441916928}
[WSI] epoch=1 iteration=149 slide=normal_063 N=7 {'train_loss_cls': 0.640625, 'train_loss_sr': 0.0981837809085846, 'train_loss_total': 0.6504433751106262, 'max_memory_allocated': 5351158272, 'max_memory_reserved': 29441916928}
[gradient] slide_id=normal_146 N=17 {'rdn': 1.699695348739624, 'region_encoder': 0.0, 'abmil': 0.02242809720337391, 'classifier': 11.78342056274414, 'p2w': 0.25358203053474426}
[WSI] epoch=1 iteration=150 slide=normal_146 N=17 {'train_loss_cls': 0.62890625, 'train_loss_sr': 0.1360795497894287, 'train_loss_total': 0.6425142288208008, 'max_memory_allocated': 12739552256, 'max_memory_reserved': 29441916928}
[WSI] epoch=1 iteration=151 slide=normal_022 N=6 {'train_loss_cls': 0.58984375, 'train_loss_sr': 0.14003537595272064, 'train_loss_total': 0.6038472652435303, 'max_memory_allocated': 4611873792, 'max_memory_reserved': 29441916928}
[WSI] epoch=1 iteration=152 slide=normal_011 N=14 {'train_loss_cls': 0.61328125, 'train_loss_sr': 0.15221670269966125, 'train_loss_total': 0.6285029053688049, 'max_memory_allocated': 10523040256, 'max_memory_reserved': 29441916928}
[WSI] epoch=1 iteration=153 slide=tumor_057 N=4 {'train_loss_cls': 0.82421875, 'train_loss_sr': 0.17923504114151, 'train_loss_total': 0.8421422243118286, 'max_memory_allocated': 3133037056, 'max_memory_reserved': 29441916928}
[WSI] epoch=1 iteration=154 slide=normal_109 N=10 {'train_loss_cls': 0.609375, 'train_loss_sr': 0.15206703543663025, 'train_loss_total': 0.6245816946029663, 'max_memory_allocated': 7566728704, 'max_memory_reserved': 29441916928}
[WSI] epoch=1 iteration=155 slide=normal_080 N=15 {'train_loss_cls': 0.6015625, 'train_loss_sr': 0.14043855667114258, 'train_loss_total': 0.6156063675880432, 'max_memory_allocated': 11262319104, 'max_memory_reserved': 29441916928}
[WSI] epoch=1 iteration=156 slide=tumor_087 N=10 {'train_loss_cls': 0.8046875, 'train_loss_sr': 0.08565598726272583, 'train_loss_total': 0.8132531046867371, 'max_memory_allocated': 7566957056, 'max_memory_reserved': 29441916928}
[WSI] epoch=1 iteration=157 slide=normal_026 N=5 {'train_loss_cls': 0.578125, 'train_loss_sr': 0.17375324666500092, 'train_loss_total': 0.5955003499984741, 'max_memory_allocated': 3874028032, 'max_memory_reserved': 29441916928}
[WSI] epoch=1 iteration=158 slide=normal_131 N=18 {'train_loss_cls': 0.59375, 'train_loss_sr': 0.14052267372608185, 'train_loss_total': 0.6078022718429565, 'max_memory_allocated': 13478194688, 'max_memory_reserved': 29441916928}
[WSI] epoch=1 iteration=159 slide=tumor_007 N=12 {'train_loss_cls': 0.8125, 'train_loss_sr': 0.17299258708953857, 'train_loss_total': 0.829799234867096, 'max_memory_allocated': 9044747264, 'max_memory_reserved': 29441916928}
[gradient] slide_id=tumor_079 N=14 {'rdn': 2.0900402069091797, 'region_encoder': 0.0, 'abmil': 0.04879249259829521, 'classifier': 13.785195350646973, 'p2w': 0.4041104316711426}
[WSI] epoch=1 iteration=160 slide=tumor_079 N=14 {'train_loss_cls': 0.8203125, 'train_loss_sr': 0.09939485788345337, 'train_loss_total': 0.8302519917488098, 'max_memory_allocated': 10523313664, 'max_memory_reserved': 29441916928}
[WSI] epoch=1 iteration=161 slide=tumor_040 N=10 {'train_loss_cls': 0.84765625, 'train_loss_sr': 0.1495555341243744, 'train_loss_total': 0.8626118302345276, 'max_memory_allocated': 7566572032, 'max_memory_reserved': 29441916928}
[WSI] epoch=1 iteration=162 slide=tumor_039 N=4 {'train_loss_cls': 0.83203125, 'train_loss_sr': 0.16141825914382935, 'train_loss_total': 0.8481730818748474, 'max_memory_allocated': 3132758528, 'max_memory_reserved': 29441916928}
[WSI] epoch=1 iteration=163 slide=tumor_106 N=22 {'train_loss_cls': 0.8125, 'train_loss_sr': 0.13600625097751617, 'train_loss_total': 0.8261006474494934, 'max_memory_allocated': 16433936896, 'max_memory_reserved': 29441916928}
[WSI] epoch=1 iteration=164 slide=normal_006 N=1 {'train_loss_cls': 0.55078125, 'train_loss_sr': 0.03565184772014618, 'train_loss_total': 0.5543464422225952, 'max_memory_allocated': 917384192, 'max_memory_reserved': 29441916928}
[WSI] epoch=1 iteration=165 slide=normal_102 N=11 {'train_loss_cls': 0.55078125, 'train_loss_sr': 0.08089792728424072, 'train_loss_total': 0.5588710308074951, 'max_memory_allocated': 8305269248, 'max_memory_reserved': 29441916928}
[WSI] epoch=1 iteration=166 slide=normal_036 N=7 {'train_loss_cls': 0.5625, 'train_loss_sr': 0.13596868515014648, 'train_loss_total': 0.5760968923568726, 'max_memory_allocated': 5350877696, 'max_memory_reserved': 29441916928}
[WSI] epoch=1 iteration=167 slide=tumor_094 N=16 {'train_loss_cls': 0.8359375, 'train_loss_sr': 0.098243847489357, 'train_loss_total': 0.8457618951797485, 'max_memory_allocated': 12001387520, 'max_memory_reserved': 29441916928}
[WSI] epoch=1 iteration=168 slide=normal_096 N=7 {'train_loss_cls': 0.5546875, 'train_loss_sr': 0.14536994695663452, 'train_loss_total': 0.56922447681427, 'max_memory_allocated': 5349992960, 'max_memory_reserved': 29441916928}
[WSI] epoch=1 iteration=169 slide=normal_144 N=12 {'train_loss_cls': 0.58203125, 'train_loss_sr': 0.11796444654464722, 'train_loss_total': 0.5938277244567871, 'max_memory_allocated': 9044978176, 'max_memory_reserved': 29441916928}
[gradient] slide_id=normal_062 N=2 {'rdn': 1.7806661128997803, 'region_encoder': 0.0, 'abmil': 0.04240638017654419, 'classifier': 10.690825462341309, 'p2w': 0.3589222729206085}
[WSI] epoch=1 iteration=170 slide=normal_062 N=2 {'train_loss_cls': 0.56640625, 'train_loss_sr': 0.12583038210868835, 'train_loss_total': 0.5789892673492432, 'max_memory_allocated': 1707772416, 'max_memory_reserved': 29441916928}
[WSI] epoch=1 iteration=171 slide=tumor_107 N=6 {'train_loss_cls': 0.8125, 'train_loss_sr': 0.17660634219646454, 'train_loss_total': 0.8301606178283691, 'max_memory_allocated': 4612852736, 'max_memory_reserved': 29441916928}
[WSI] epoch=1 iteration=172 slide=tumor_108 N=22 {'train_loss_cls': 0.8203125, 'train_loss_sr': 0.11128838360309601, 'train_loss_total': 0.831441342830658, 'max_memory_allocated': 16434379264, 'max_memory_reserved': 29441916928}
[WSI] epoch=1 iteration=173 slide=normal_061 N=12 {'train_loss_cls': 0.546875, 'train_loss_sr': 0.18279138207435608, 'train_loss_total': 0.5651541352272034, 'max_memory_allocated': 9044791296, 'max_memory_reserved': 29441916928}
[WSI] epoch=1 iteration=174 slide=normal_083 N=3 {'train_loss_cls': 0.51171875, 'train_loss_sr': 0.1431775689125061, 'train_loss_total': 0.5260365009307861, 'max_memory_allocated': 2394356736, 'max_memory_reserved': 29441916928}
[epoch] {'epoch': 1, 'train_loss_cls': 0.6961880387931034, 'train_loss_sr': 0.1939886237612401, 'train_loss_total': 0.7155869000259487, 'train_auc': 0.5897297297297297, 'train_acc': 0.5747126436781609, 'train_bacc': 0.5, 'val_loss': 0.6809525923295454, 'val_auc': 0.47085320614732384, 'val_acc': 0.5795454545454546, 'val_bacc': 0.5, 'max_memory_allocated': 26042046464, 'max_memory_reserved': 40921726976}
/root/miniconda3/envs/myconda/lib/python3.10/site-packages/torch/utils/checkpoint.py:1399: FutureWarning: `torch.cpu.amp.autocast(args...)` is deprecated. Please use `torch.amp.autocast('cpu', args...)` instead.
  with device_autocast_ctx, torch.cpu.amp.autocast(**cpu_autocast_kwargs), recompute_context:  # type: ignore[attr-defined]
[WSI] epoch=2 iteration=175 slide=tumor_002 N=5 {'train_loss_cls': 0.87109375, 'train_loss_sr': 0.14105884730815887, 'train_loss_total': 0.8851996064186096, 'max_memory_allocated': 3872479744, 'max_memory_reserved': 32237420544}
[WSI] epoch=2 iteration=176 slide=normal_032 N=9 {'train_loss_cls': 0.5703125, 'train_loss_sr': 0.14848440885543823, 'train_loss_total': 0.5851609706878662, 'max_memory_allocated': 6827630592, 'max_memory_reserved': 32237420544}
[WSI] epoch=2 iteration=177 slide=normal_015 N=5 {'train_loss_cls': 0.56640625, 'train_loss_sr': 0.13802427053451538, 'train_loss_total': 0.5802086591720581, 'max_memory_allocated': 3872286720, 'max_memory_reserved': 32237420544}
[WSI] epoch=2 iteration=178 slide=normal_039 N=9 {'train_loss_cls': 0.53125, 'train_loss_sr': 0.1505705714225769, 'train_loss_total': 0.5463070869445801, 'max_memory_allocated': 6827366912, 'max_memory_reserved': 32237420544}
[WSI] epoch=2 iteration=179 slide=normal_084 N=1 {'train_loss_cls': 0.5234375, 'train_loss_sr': 0.04708864912390709, 'train_loss_total': 0.5281463861465454, 'max_memory_allocated': 916483072, 'max_memory_reserved': 32237420544}
[gradient] slide_id=normal_146 N=17 {'rdn': 1.6856358051300049, 'region_encoder': 0.0, 'abmil': 0.020531879737973213, 'classifier': 10.812352180480957, 'p2w': 0.07504267990589142}
[WSI] epoch=2 iteration=180 slide=normal_146 N=17 {'train_loss_cls': 0.546875, 'train_loss_sr': 0.16076324880123138, 'train_loss_total': 0.5629513263702393, 'max_memory_allocated': 12739501056, 'max_memory_reserved': 32237420544}
[WSI] epoch=2 iteration=181 slide=normal_121 N=13 {'train_loss_cls': 0.546875, 'train_loss_sr': 0.13141660392284393, 'train_loss_total': 0.5600166320800781, 'max_memory_allocated': 9783568896, 'max_memory_reserved': 32237420544}
[WSI] epoch=2 iteration=182 slide=normal_023 N=2 {'train_loss_cls': 0.484375, 'train_loss_sr': 0.12948204576969147, 'train_loss_total': 0.497323215007782, 'max_memory_allocated': 1707051520, 'max_memory_reserved': 32237420544}
[WSI] epoch=2 iteration=183 slide=tumor_073 N=19 {'train_loss_cls': 0.8671875, 'train_loss_sr': 0.09053564816713333, 'train_loss_total': 0.8762410879135132, 'max_memory_allocated': 14217061376, 'max_memory_reserved': 32237420544}
[WSI] epoch=2 iteration=184 slide=normal_012 N=3 {'train_loss_cls': 0.515625, 'train_loss_sr': 0.16459020972251892, 'train_loss_total': 0.532084047794342, 'max_memory_allocated': 2394467328, 'max_memory_reserved': 32237420544}
[WSI] epoch=2 iteration=185 slide=normal_124 N=19 {'train_loss_cls': 0.52734375, 'train_loss_sr': 0.08607524633407593, 'train_loss_total': 0.5359512567520142, 'max_memory_allocated': 14217296384, 'max_memory_reserved': 32237420544}
[WSI] epoch=2 iteration=186 slide=normal_054 N=1 {'train_loss_cls': 0.494140625, 'train_loss_sr': 0.20070427656173706, 'train_loss_total': 0.5142110586166382, 'max_memory_allocated': 916147200, 'max_memory_reserved': 32237420544}
[WSI] epoch=2 iteration=187 slide=normal_006 N=1 {'train_loss_cls': 0.48828125, 'train_loss_sr': 0.2071031928062439, 'train_loss_total': 0.5089915990829468, 'max_memory_allocated': 917036032, 'max_memory_reserved': 32237420544}
[WSI] epoch=2 iteration=188 slide=tumor_097 N=18 {'train_loss_cls': 0.91796875, 'train_loss_sr': 0.11847056448459625, 'train_loss_total': 0.9298158288002014, 'max_memory_allocated': 13478607360, 'max_memory_reserved': 32237420544}
[WSI] epoch=2 iteration=189 slide=tumor_003 N=7 {'train_loss_cls': 0.94921875, 'train_loss_sr': 0.1373433917760849, 'train_loss_total': 0.9629530906677246, 'max_memory_allocated': 5350767104, 'max_memory_reserved': 32237420544}
[gradient] slide_id=normal_153 N=12 {'rdn': 1.5650689601898193, 'region_encoder': 0.0, 'abmil': 0.04566710814833641, 'classifier': 10.034112930297852, 'p2w': 0.1877712458372116}
[WSI] epoch=2 iteration=190 slide=normal_153 N=12 {'train_loss_cls': 0.51171875, 'train_loss_sr': 0.08084125071763992, 'train_loss_total': 0.5198028683662415, 'max_memory_allocated': 9045441024, 'max_memory_reserved': 32237420544}
[WSI] epoch=2 iteration=191 slide=normal_035 N=1 {'train_loss_cls': 0.451171875, 'train_loss_sr': 0.21222332119941711, 'train_loss_total': 0.472394198179245, 'max_memory_allocated': 916147200, 'max_memory_reserved': 32237420544}
[WSI] epoch=2 iteration=192 slide=tumor_047 N=15 {'train_loss_cls': 0.88671875, 'train_loss_sr': 0.1518760472536087, 'train_loss_total': 0.9019063711166382, 'max_memory_allocated': 11263314432, 'max_memory_reserved': 32237420544}
[WSI] epoch=2 iteration=193 slide=tumor_021 N=16 {'train_loss_cls': 0.9375, 'train_loss_sr': 0.1443510204553604, 'train_loss_total': 0.9519351124763489, 'max_memory_allocated': 12001967616, 'max_memory_reserved': 32237420544}
[WSI] epoch=2 iteration=194 slide=tumor_072 N=20 {'train_loss_cls': 0.90234375, 'train_loss_sr': 0.11035199463367462, 'train_loss_total': 0.9133789539337158, 'max_memory_allocated': 14957255168, 'max_memory_reserved': 32237420544}
[WSI] epoch=2 iteration=195 slide=tumor_088 N=12 {'train_loss_cls': 0.8984375, 'train_loss_sr': 0.13987690210342407, 'train_loss_total': 0.91242516040802, 'max_memory_allocated': 9045563392, 'max_memory_reserved': 32237420544}
[WSI] epoch=2 iteration=196 slide=normal_036 N=7 {'train_loss_cls': 0.490234375, 'train_loss_sr': 0.12161237001419067, 'train_loss_total': 0.5023956298828125, 'max_memory_allocated': 5349992960, 'max_memory_reserved': 32237420544}
[WSI] epoch=2 iteration=197 slide=tumor_034 N=6 {'train_loss_cls': 0.9296875, 'train_loss_sr': 0.16317695379257202, 'train_loss_total': 0.9460052251815796, 'max_memory_allocated': 4612115456, 'max_memory_reserved': 32237420544}
[WSI] epoch=2 iteration=198 slide=normal_133 N=10 {'train_loss_cls': 0.515625, 'train_loss_sr': 0.09829334914684296, 'train_loss_total': 0.5254543423652649, 'max_memory_allocated': 7566957056, 'max_memory_reserved': 32237420544}
[WSI] epoch=2 iteration=199 slide=tumor_061 N=13 {'train_loss_cls': 0.91015625, 'train_loss_sr': 0.15571467578411102, 'train_loss_total': 0.9257277250289917, 'max_memory_allocated': 9783458304, 'max_memory_reserved': 32237420544}
[gradient] slide_id=tumor_045 N=10 {'rdn': 2.2621705532073975, 'region_encoder': 0.0, 'abmil': 0.03005918487906456, 'classifier': 15.415867805480957, 'p2w': 0.06996017694473267}
[WSI] epoch=2 iteration=200 slide=tumor_045 N=10 {'train_loss_cls': 0.890625, 'train_loss_sr': 0.1854363977909088, 'train_loss_total': 0.9091686606407166, 'max_memory_allocated': 7567235584, 'max_memory_reserved': 32237420544}
[WSI] epoch=2 iteration=201 slide=normal_154 N=20 {'train_loss_cls': 0.4921875, 'train_loss_sr': 0.14075258374214172, 'train_loss_total': 0.5062627792358398, 'max_memory_allocated': 14956296704, 'max_memory_reserved': 32237420544}
[WSI] epoch=2 iteration=202 slide=tumor_028 N=17 {'train_loss_cls': 0.93359375, 'train_loss_sr': 0.10573685169219971, 'train_loss_total': 0.94416743516922, 'max_memory_allocated': 12739684864, 'max_memory_reserved': 32237420544}
[WSI] epoch=2 iteration=203 slide=tumor_106 N=22 {'train_loss_cls': 0.8671875, 'train_loss_sr': 0.12224704772233963, 'train_loss_total': 0.8794122338294983, 'max_memory_allocated': 16434358784, 'max_memory_reserved': 32237420544}
[WSI] epoch=2 iteration=204 slide=normal_131 N=18 {'train_loss_cls': 0.546875, 'train_loss_sr': 0.09959830343723297, 'train_loss_total': 0.5568348169326782, 'max_memory_allocated': 13478423040, 'max_memory_reserved': 32237420544}
[WSI] epoch=2 iteration=205 slide=normal_089 N=20 {'train_loss_cls': 0.546875, 'train_loss_sr': 0.11580941081047058, 'train_loss_total': 0.5584559440612793, 'max_memory_allocated': 14956608000, 'max_memory_reserved': 32237420544}
[WSI] epoch=2 iteration=206 slide=tumor_098 N=9 {'train_loss_cls': 0.88671875, 'train_loss_sr': 0.09480629116296768, 'train_loss_total': 0.8961994051933289, 'max_memory_allocated': 6827104768, 'max_memory_reserved': 32237420544}
[WSI] epoch=2 iteration=207 slide=normal_028 N=5 {'train_loss_cls': 0.515625, 'train_loss_sr': 0.13835234940052032, 'train_loss_total': 0.5294602513313293, 'max_memory_allocated': 3872904704, 'max_memory_reserved': 32237420544}
[WSI] epoch=2 iteration=208 slide=normal_095 N=14 {'train_loss_cls': 0.5234375, 'train_loss_sr': 0.12713512778282166, 'train_loss_total': 0.5361509919166565, 'max_memory_allocated': 10522376704, 'max_memory_reserved': 32237420544}
[WSI] epoch=2 iteration=209 slide=normal_007 N=3 {'train_loss_cls': 0.55859375, 'train_loss_sr': 0.08055165410041809, 'train_loss_total': 0.5666489005088806, 'max_memory_allocated': 2395978752, 'max_memory_reserved': 32237420544}
[gradient] slide_id=tumor_016 N=5 {'rdn': 2.1049652099609375, 'region_encoder': 0.0, 'abmil': 0.07569019496440887, 'classifier': 16.087696075439453, 'p2w': 0.1073598563671112}
[WSI] epoch=2 iteration=210 slide=tumor_016 N=5 {'train_loss_cls': 0.87109375, 'train_loss_sr': 0.138007253408432, 'train_loss_total': 0.8848944902420044, 'max_memory_allocated': 3872939520, 'max_memory_reserved': 32237420544}
[WSI] epoch=2 iteration=211 slide=tumor_071 N=12 {'train_loss_cls': 0.828125, 'train_loss_sr': 0.1413486748933792, 'train_loss_total': 0.8422598838806152, 'max_memory_allocated': 9045050368, 'max_memory_reserved': 32237420544}
[WSI] epoch=2 iteration=212 slide=tumor_087 N=10 {'train_loss_cls': 0.859375, 'train_loss_sr': 0.07935915887355804, 'train_loss_total': 0.8673109412193298, 'max_memory_allocated': 7566330368, 'max_memory_reserved': 32237420544}
[WSI] epoch=2 iteration=213 slide=tumor_022 N=7 {'train_loss_cls': 0.875, 'train_loss_sr': 0.1582528054714203, 'train_loss_total': 0.8908252716064453, 'max_memory_allocated': 5350103552, 'max_memory_reserved': 32237420544}
[WSI] epoch=2 iteration=214 slide=normal_049 N=2 {'train_loss_cls': 0.55078125, 'train_loss_sr': 0.15272796154022217, 'train_loss_total': 0.5660540461540222, 'max_memory_allocated': 1707141632, 'max_memory_reserved': 32237420544}
[WSI] epoch=2 iteration=215 slide=normal_040 N=16 {'train_loss_cls': 0.54296875, 'train_loss_sr': 0.1336389183998108, 'train_loss_total': 0.5563326478004456, 'max_memory_allocated': 12000975360, 'max_memory_reserved': 32237420544}
[WSI] epoch=2 iteration=216 slide=tumor_027 N=13 {'train_loss_cls': 0.84765625, 'train_loss_sr': 0.16515609622001648, 'train_loss_total': 0.8641718626022339, 'max_memory_allocated': 9783679488, 'max_memory_reserved': 32237420544}
[WSI] epoch=2 iteration=217 slide=normal_052 N=15 {'train_loss_cls': 0.55859375, 'train_loss_sr': 0.132490873336792, 'train_loss_total': 0.5718428492546082, 'max_memory_allocated': 11263646208, 'max_memory_reserved': 32237420544}
[WSI] epoch=2 iteration=218 slide=tumor_009 N=12 {'train_loss_cls': 0.84765625, 'train_loss_sr': 0.16487155854701996, 'train_loss_total': 0.864143431186676, 'max_memory_allocated': 9044515328, 'max_memory_reserved': 32237420544}
[WSI] epoch=2 iteration=219 slide=normal_065 N=6 {'train_loss_cls': 0.54296875, 'train_loss_sr': 0.12277709692716599, 'train_loss_total': 0.5552464723587036, 'max_memory_allocated': 4611853312, 'max_memory_reserved': 32237420544}
[gradient] slide_id=normal_078 N=6 {'rdn': 1.6253973245620728, 'region_encoder': 0.0, 'abmil': 0.04013691842556, 'classifier': 11.334894180297852, 'p2w': 0.19306907057762146}
[WSI] epoch=2 iteration=220 slide=normal_078 N=6 {'train_loss_cls': 0.5703125, 'train_loss_sr': 0.15081533789634705, 'train_loss_total': 0.585394024848938, 'max_memory_allocated': 4612115456, 'max_memory_reserved': 32237420544}
[WSI] epoch=2 iteration=221 slide=normal_014 N=2 {'train_loss_cls': 0.5703125, 'train_loss_sr': 0.19473455846309662, 'train_loss_total': 0.5897859334945679, 'max_memory_allocated': 1707051520, 'max_memory_reserved': 32237420544}
[WSI] epoch=2 iteration=222 slide=normal_080 N=15 {'train_loss_cls': 0.5703125, 'train_loss_sr': 0.14636541903018951, 'train_loss_total': 0.5849490165710449, 'max_memory_allocated': 11262319104, 'max_memory_reserved': 32237420544}
[WSI] epoch=2 iteration=223 slide=tumor_052 N=15 {'train_loss_cls': 0.828125, 'train_loss_sr': 0.16158729791641235, 'train_loss_total': 0.8442836999893188, 'max_memory_allocated': 11262056960, 'max_memory_reserved': 32237420544}
[WSI] epoch=2 iteration=224 slide=tumor_048 N=15 {'train_loss_cls': 0.86328125, 'train_loss_sr': 0.13681307435035706, 'train_loss_total': 0.8769625425338745, 'max_memory_allocated': 11262540288, 'max_memory_reserved': 32237420544}
[WSI] epoch=2 iteration=225 slide=normal_048 N=3 {'train_loss_cls': 0.6015625, 'train_loss_sr': 0.14040416479110718, 'train_loss_total': 0.6156029105186462, 'max_memory_allocated': 2394577920, 'max_memory_reserved': 32237420544}
[WSI] epoch=2 iteration=226 slide=normal_152 N=5 {'train_loss_cls': 0.59765625, 'train_loss_sr': 0.13987335562705994, 'train_loss_total': 0.6116436123847961, 'max_memory_allocated': 3872587776, 'max_memory_reserved': 32237420544}
[WSI] epoch=2 iteration=227 slide=tumor_093 N=14 {'train_loss_cls': 0.79296875, 'train_loss_sr': 0.11743055284023285, 'train_loss_total': 0.8047118186950684, 'max_memory_allocated': 10522044928, 'max_memory_reserved': 32237420544}
[WSI] epoch=2 iteration=228 slide=normal_066 N=26 {'train_loss_cls': 0.56640625, 'train_loss_sr': 0.156334787607193, 'train_loss_total': 0.5820397138595581, 'max_memory_allocated': 19390310912, 'max_memory_reserved': 32256294912}
[WSI] epoch=2 iteration=229 slide=normal_071 N=5 {'train_loss_cls': 0.56640625, 'train_loss_sr': 0.13170544803142548, 'train_loss_total': 0.5795767903327942, 'max_memory_allocated': 3872348672, 'max_memory_reserved': 32256294912}
[gradient] slide_id=normal_002 N=2 {'rdn': 1.7571393251419067, 'region_encoder': 0.0, 'abmil': 0.0049633970484137535, 'classifier': 11.464494705200195, 'p2w': 0.39044633507728577}
[WSI] epoch=2 iteration=230 slide=normal_002 N=2 {'train_loss_cls': 0.546875, 'train_loss_sr': 0.08183258771896362, 'train_loss_total': 0.5550582408905029, 'max_memory_allocated': 1706789376, 'max_memory_reserved': 32256294912}
[WSI] epoch=2 iteration=231 slide=normal_102 N=11 {'train_loss_cls': 0.5390625, 'train_loss_sr': 0.08219841122627258, 'train_loss_total': 0.547282338142395, 'max_memory_allocated': 8305842688, 'max_memory_reserved': 32256294912}
[WSI] epoch=2 iteration=232 slide=tumor_074 N=5 {'train_loss_cls': 0.84375, 'train_loss_sr': 0.10777416825294495, 'train_loss_total': 0.8545274138450623, 'max_memory_allocated': 3873147392, 'max_memory_reserved': 32256294912}
[WSI] epoch=2 iteration=233 slide=normal_151 N=16 {'train_loss_cls': 0.56640625, 'train_loss_sr': 0.1412498950958252, 'train_loss_total': 0.5805312395095825, 'max_memory_allocated': 12002675200, 'max_memory_reserved': 32256294912}
[WSI] epoch=2 iteration=234 slide=tumor_011 N=6 {'train_loss_cls': 0.86328125, 'train_loss_sr': 0.13838732242584229, 'train_loss_total': 0.8771199584007263, 'max_memory_allocated': 4612120064, 'max_memory_reserved': 32256294912}
[WSI] epoch=2 iteration=235 slide=normal_111 N=31 {'train_loss_cls': 0.55859375, 'train_loss_sr': 0.10847526788711548, 'train_loss_total': 0.5694412589073181, 'max_memory_allocated': 23085079040, 'max_memory_reserved': 32264683520}
[WSI] epoch=2 iteration=236 slide=tumor_107 N=6 {'train_loss_cls': 0.828125, 'train_loss_sr': 0.16945791244506836, 'train_loss_total': 0.8450707793235779, 'max_memory_allocated': 4612302336, 'max_memory_reserved': 32264683520}
[WSI] epoch=2 iteration=237 slide=normal_047 N=5 {'train_loss_cls': 0.53515625, 'train_loss_sr': 0.1378742754459381, 'train_loss_total': 0.5489436984062195, 'max_memory_allocated': 3872569856, 'max_memory_reserved': 32264683520}
[WSI] epoch=2 iteration=238 slide=normal_097 N=17 {'train_loss_cls': 0.54296875, 'train_loss_sr': 0.12976327538490295, 'train_loss_total': 0.555945098400116, 'max_memory_allocated': 12739942912, 'max_memory_reserved': 32264683520}
[WSI] epoch=2 iteration=239 slide=normal_008 N=1 {'train_loss_cls': 0.5078125, 'train_loss_sr': 0.023858418688178062, 'train_loss_total': 0.5101983547210693, 'max_memory_allocated': 916147200, 'max_memory_reserved': 32264683520}
[gradient] slide_id=tumor_089 N=26 {'rdn': 1.7691234350204468, 'region_encoder': 0.0, 'abmil': 0.03288143128156662, 'classifier': 12.190598487854004, 'p2w': 0.09525413811206818}
[WSI] epoch=2 iteration=240 slide=tumor_089 N=26 {'train_loss_cls': 0.80078125, 'train_loss_sr': 0.14060881733894348, 'train_loss_total': 0.8148421049118042, 'max_memory_allocated': 19391158784, 'max_memory_reserved': 32264683520}
[WSI] epoch=2 iteration=241 slide=tumor_035 N=4 {'train_loss_cls': 0.83984375, 'train_loss_sr': 0.08897783607244492, 'train_loss_total': 0.8487415313720703, 'max_memory_allocated': 3132758528, 'max_memory_reserved': 32264683520}
[WSI] epoch=2 iteration=242 slide=tumor_060 N=6 {'train_loss_cls': 0.8984375, 'train_loss_sr': 0.11468975245952606, 'train_loss_total': 0.9099064469337463, 'max_memory_allocated': 4613000192, 'max_memory_reserved': 32264683520}
[WSI] epoch=2 iteration=243 slide=normal_026 N=5 {'train_loss_cls': 0.53125, 'train_loss_sr': 0.07525871694087982, 'train_loss_total': 0.5387758612632751, 'max_memory_allocated': 3873589760, 'max_memory_reserved': 32264683520}
[WSI] epoch=2 iteration=244 slide=normal_128 N=11 {'train_loss_cls': 0.5390625, 'train_loss_sr': 0.08765944093465805, 'train_loss_total': 0.5478284358978271, 'max_memory_allocated': 8305420800, 'max_memory_reserved': 32264683520}
[WSI] epoch=2 iteration=245 slide=normal_159 N=14 {'train_loss_cls': 0.578125, 'train_loss_sr': 0.08340064436197281, 'train_loss_total': 0.586465060710907, 'max_memory_allocated': 10522376704, 'max_memory_reserved': 32264683520}
[WSI] epoch=2 iteration=246 slide=normal_120 N=10 {'train_loss_cls': 0.53125, 'train_loss_sr': 0.10767249763011932, 'train_loss_total': 0.5420172214508057, 'max_memory_allocated': 7567993856, 'max_memory_reserved': 32264683520}
[WSI] epoch=2 iteration=247 slide=tumor_105 N=6 {'train_loss_cls': 0.83984375, 'train_loss_sr': 0.11121156811714172, 'train_loss_total': 0.8509649038314819, 'max_memory_allocated': 4613630976, 'max_memory_reserved': 32264683520}
[WSI] epoch=2 iteration=248 slide=normal_038 N=1 {'train_loss_cls': 0.5078125, 'train_loss_sr': 0.11249685287475586, 'train_loss_total': 0.5190621614456177, 'max_memory_allocated': 916162048, 'max_memory_reserved': 32264683520}
[WSI] epoch=2 iteration=249 slide=normal_037 N=8 {'train_loss_cls': 0.53125, 'train_loss_sr': 0.1473383605480194, 'train_loss_total': 0.5459838509559631, 'max_memory_allocated': 6088715776, 'max_memory_reserved': 32264683520}
[gradient] slide_id=tumor_024 N=16 {'rdn': 2.206089973449707, 'region_encoder': 0.0, 'abmil': 0.03910621255636215, 'classifier': 14.282395362854004, 'p2w': 0.06852339953184128}
[WSI] epoch=2 iteration=250 slide=tumor_024 N=16 {'train_loss_cls': 0.87890625, 'train_loss_sr': 0.17185068130493164, 'train_loss_total': 0.8960913419723511, 'max_memory_allocated': 12003132928, 'max_memory_reserved': 32264683520}
[WSI] epoch=2 iteration=251 slide=normal_068 N=6 {'train_loss_cls': 0.546875, 'train_loss_sr': 0.1587536334991455, 'train_loss_total': 0.5627503395080566, 'max_memory_allocated': 4612551168, 'max_memory_reserved': 32264683520}
[WSI] epoch=2 iteration=252 slide=normal_083 N=3 {'train_loss_cls': 0.470703125, 'train_loss_sr': 0.16282132267951965, 'train_loss_total': 0.4869852662086487, 'max_memory_allocated': 2394156032, 'max_memory_reserved': 32264683520}
[WSI] epoch=2 iteration=253 slide=normal_062 N=2 {'train_loss_cls': 0.51953125, 'train_loss_sr': 0.06566408276557922, 'train_loss_total': 0.5260976552963257, 'max_memory_allocated': 1706892800, 'max_memory_reserved': 32264683520}
[WSI] epoch=2 iteration=254 slide=normal_063 N=7 {'train_loss_cls': 0.515625, 'train_loss_sr': 0.12507104873657227, 'train_loss_total': 0.5281320810317993, 'max_memory_allocated': 5350676992, 'max_memory_reserved': 32264683520}
[WSI] epoch=2 iteration=255 slide=tumor_004 N=15 {'train_loss_cls': 0.9296875, 'train_loss_sr': 0.13488419353961945, 'train_loss_total': 0.9431759119033813, 'max_memory_allocated': 11262061056, 'max_memory_reserved': 32264683520}
[WSI] epoch=2 iteration=256 slide=tumor_094 N=16 {'train_loss_cls': 0.91015625, 'train_loss_sr': 0.08814813196659088, 'train_loss_total': 0.918971061706543, 'max_memory_allocated': 12001438208, 'max_memory_reserved': 32264683520}
[WSI] epoch=2 iteration=257 slide=normal_058 N=7 {'train_loss_cls': 0.5078125, 'train_loss_sr': 0.15168127417564392, 'train_loss_total': 0.5229806303977966, 'max_memory_allocated': 5350124032, 'max_memory_reserved': 32264683520}
[WSI] epoch=2 iteration=258 slide=normal_018 N=3 {'train_loss_cls': 0.5078125, 'train_loss_sr': 0.11173304915428162, 'train_loss_total': 0.5189858078956604, 'max_memory_allocated': 2395646976, 'max_memory_reserved': 32264683520}
[WSI] epoch=2 iteration=259 slide=normal_074 N=14 {'train_loss_cls': 0.51953125, 'train_loss_sr': 0.13997125625610352, 'train_loss_total': 0.5335283875465393, 'max_memory_allocated': 10522065408, 'max_memory_reserved': 32264683520}
[gradient] slide_id=tumor_020 N=7 {'rdn': 2.7394189834594727, 'region_encoder': 0.0, 'abmil': 0.022735364735126495, 'classifier': 16.21867561340332, 'p2w': 0.31785136461257935}
[WSI] epoch=2 iteration=260 slide=tumor_020 N=7 {'train_loss_cls': 0.94140625, 'train_loss_sr': 0.08272367715835571, 'train_loss_total': 0.9496785998344421, 'max_memory_allocated': 5349771776, 'max_memory_reserved': 32264683520}
[WSI] epoch=2 iteration=261 slide=tumor_037 N=10 {'train_loss_cls': 0.90234375, 'train_loss_sr': 0.1313238888978958, 'train_loss_total': 0.9154761433601379, 'max_memory_allocated': 7566385664, 'max_memory_reserved': 32264683520}
[WSI] epoch=2 iteration=262 slide=normal_139 N=12 {'train_loss_cls': 0.52734375, 'train_loss_sr': 0.12467195093631744, 'train_loss_total': 0.5398109555244446, 'max_memory_allocated': 9045374464, 'max_memory_reserved': 32264683520}
[WSI] epoch=2 iteration=263 slide=normal_126 N=17 {'train_loss_cls': 0.5390625, 'train_loss_sr': 0.11209792643785477, 'train_loss_total': 0.5502722859382629, 'max_memory_allocated': 12739389952, 'max_memory_reserved': 32264683520}
[WSI] epoch=2 iteration=264 slide=tumor_103 N=18 {'train_loss_cls': 0.8828125, 'train_loss_sr': 0.0861378163099289, 'train_loss_total': 0.8914262652397156, 'max_memory_allocated': 13478894080, 'max_memory_reserved': 32264683520}
[WSI] epoch=2 iteration=265 slide=normal_064 N=9 {'train_loss_cls': 0.5078125, 'train_loss_sr': 0.10151463747024536, 'train_loss_total': 0.5179639458656311, 'max_memory_allocated': 6827145728, 'max_memory_reserved': 32264683520}
[WSI] epoch=2 iteration=266 slide=normal_141 N=7 {'train_loss_cls': 0.48828125, 'train_loss_sr': 0.13640324771404266, 'train_loss_total': 0.5019215941429138, 'max_memory_allocated': 5349530112, 'max_memory_reserved': 32264683520}
[WSI] epoch=2 iteration=267 slide=normal_053 N=18 {'train_loss_cls': 0.494140625, 'train_loss_sr': 0.13426797091960907, 'train_loss_total': 0.5075674057006836, 'max_memory_allocated': 13478014976, 'max_memory_reserved': 32264683520}
[WSI] epoch=2 iteration=268 slide=tumor_039 N=4 {'train_loss_cls': 0.9375, 'train_loss_sr': 0.06111874803900719, 'train_loss_total': 0.9436118602752686, 'max_memory_allocated': 3132308992, 'max_memory_reserved': 32264683520}
[WSI] epoch=2 iteration=269 slide=normal_022 N=6 {'train_loss_cls': 0.455078125, 'train_loss_sr': 0.15151147544384003, 'train_loss_total': 0.47022926807403564, 'max_memory_allocated': 4612537344, 'max_memory_reserved': 32264683520}
[gradient] slide_id=normal_107 N=16 {'rdn': 1.6548418998718262, 'region_encoder': 0.0, 'abmil': 0.032394103705883026, 'classifier': 9.790093421936035, 'p2w': 0.2834722101688385}
[WSI] epoch=2 iteration=270 slide=normal_107 N=16 {'train_loss_cls': 0.50390625, 'train_loss_sr': 0.10805021226406097, 'train_loss_total': 0.5147112607955933, 'max_memory_allocated': 12001057792, 'max_memory_reserved': 32264683520}
[WSI] epoch=2 iteration=271 slide=normal_106 N=15 {'train_loss_cls': 0.494140625, 'train_loss_sr': 0.11128053069114685, 'train_loss_total': 0.5052686929702759, 'max_memory_allocated': 11263011328, 'max_memory_reserved': 32264683520}
[WSI] epoch=2 iteration=272 slide=normal_129 N=19 {'train_loss_cls': 0.51171875, 'train_loss_sr': 0.09727248549461365, 'train_loss_total': 0.5214459896087646, 'max_memory_allocated': 14217980416, 'max_memory_reserved': 32264683520}
[WSI] epoch=2 iteration=273 slide=normal_051 N=3 {'train_loss_cls': 0.46484375, 'train_loss_sr': 0.16307273507118225, 'train_loss_total': 0.4811510145664215, 'max_memory_allocated': 2394909696, 'max_memory_reserved': 32264683520}
[WSI] epoch=2 iteration=274 slide=tumor_015 N=27 {'train_loss_cls': 0.9453125, 'train_loss_sr': 0.1583910435438156, 'train_loss_total': 0.9611515998840332, 'max_memory_allocated': 20129610240, 'max_memory_reserved': 32264683520}
[WSI] epoch=2 iteration=275 slide=normal_100 N=8 {'train_loss_cls': 0.46484375, 'train_loss_sr': 0.1365029662847519, 'train_loss_total': 0.4784940481185913, 'max_memory_allocated': 6088799744, 'max_memory_reserved': 32264683520}
[WSI] epoch=2 iteration=276 slide=normal_096 N=7 {'train_loss_cls': 0.44140625, 'train_loss_sr': 0.07301799952983856, 'train_loss_total': 0.44870805740356445, 'max_memory_allocated': 5349550592, 'max_memory_reserved': 32264683520}
[WSI] epoch=2 iteration=277 slide=tumor_043 N=4 {'train_loss_cls': 0.97265625, 'train_loss_sr': 0.19391223788261414, 'train_loss_total': 0.9920474886894226, 'max_memory_allocated': 3132185088, 'max_memory_reserved': 32264683520}
[WSI] epoch=2 iteration=278 slide=normal_105 N=12 {'train_loss_cls': 0.48828125, 'train_loss_sr': 0.1306656152009964, 'train_loss_total': 0.5013478398323059, 'max_memory_allocated': 9044777472, 'max_memory_reserved': 32264683520}
[WSI] epoch=2 iteration=279 slide=tumor_054 N=17 {'train_loss_cls': 1.0546875, 'train_loss_sr': 0.13897386193275452, 'train_loss_total': 1.06858491897583, 'max_memory_allocated': 12739981824, 'max_memory_reserved': 32264683520}
[gradient] slide_id=tumor_040 N=10 {'rdn': 3.0276567935943604, 'region_encoder': 0.0, 'abmil': 0.029368164017796516, 'classifier': 17.381864547729492, 'p2w': 0.5388166308403015}
[WSI] epoch=2 iteration=280 slide=tumor_040 N=10 {'train_loss_cls': 1.015625, 'train_loss_sr': 0.14501996338367462, 'train_loss_total': 1.0301270484924316, 'max_memory_allocated': 7566866944, 'max_memory_reserved': 32264683520}
[WSI] epoch=2 iteration=281 slide=tumor_042 N=4 {'train_loss_cls': 1.0390625, 'train_loss_sr': 0.07822409272193909, 'train_loss_total': 1.0468848943710327, 'max_memory_allocated': 3133037056, 'max_memory_reserved': 32264683520}
[WSI] epoch=2 iteration=282 slide=tumor_049 N=3 {'train_loss_cls': 0.94140625, 'train_loss_sr': 0.07860422134399414, 'train_loss_total': 0.9492666721343994, 'max_memory_allocated': 2395573248, 'max_memory_reserved': 32264683520}
[WSI] epoch=2 iteration=283 slide=tumor_001 N=7 {'train_loss_cls': 1.0078125, 'train_loss_sr': 0.14582574367523193, 'train_loss_total': 1.022395133972168, 'max_memory_allocated': 5349882368, 'max_memory_reserved': 32264683520}
[WSI] epoch=2 iteration=284 slide=tumor_086 N=23 {'train_loss_cls': 0.9453125, 'train_loss_sr': 0.10283128917217255, 'train_loss_total': 0.9555956125259399, 'max_memory_allocated': 17173010944, 'max_memory_reserved': 32264683520}
[WSI] epoch=2 iteration=285 slide=normal_108 N=2 {'train_loss_cls': 0.50390625, 'train_loss_sr': 0.1174832284450531, 'train_loss_total': 0.5156545639038086, 'max_memory_allocated': 1707252224, 'max_memory_reserved': 32264683520}
[WSI] epoch=2 iteration=286 slide=tumor_078 N=15 {'train_loss_cls': 0.83203125, 'train_loss_sr': 0.11180613934993744, 'train_loss_total': 0.8432118892669678, 'max_memory_allocated': 11262823936, 'max_memory_reserved': 32264683520}
[WSI] epoch=2 iteration=287 slide=tumor_017 N=9 {'train_loss_cls': 0.94140625, 'train_loss_sr': 0.16647490859031677, 'train_loss_total': 0.9580537676811218, 'max_memory_allocated': 6828325376, 'max_memory_reserved': 32264683520}
[WSI] epoch=2 iteration=288 slide=normal_088 N=14 {'train_loss_cls': 0.50390625, 'train_loss_sr': 0.14116637408733368, 'train_loss_total': 0.518022894859314, 'max_memory_allocated': 10522286592, 'max_memory_reserved': 32264683520}
[WSI] epoch=2 iteration=289 slide=tumor_044 N=12 {'train_loss_cls': 0.91796875, 'train_loss_sr': 0.12673434615135193, 'train_loss_total': 0.9306421875953674, 'max_memory_allocated': 9045795840, 'max_memory_reserved': 32264683520}
[gradient] slide_id=normal_145 N=20 {'rdn': 1.6017210483551025, 'region_encoder': 0.0, 'abmil': 0.013261847198009491, 'classifier': 10.101200103759766, 'p2w': 0.17049621045589447}
[WSI] epoch=2 iteration=290 slide=normal_145 N=20 {'train_loss_cls': 0.52734375, 'train_loss_sr': 0.12485668808221817, 'train_loss_total': 0.539829432964325, 'max_memory_allocated': 14957402624, 'max_memory_reserved': 32264683520}
[WSI] epoch=2 iteration=291 slide=normal_003 N=7 {'train_loss_cls': 0.5, 'train_loss_sr': 0.16295760869979858, 'train_loss_total': 0.5162957906723022, 'max_memory_allocated': 5350098944, 'max_memory_reserved': 32264683520}
[WSI] epoch=2 iteration=292 slide=normal_155 N=11 {'train_loss_cls': 0.5078125, 'train_loss_sr': 0.10423023998737335, 'train_loss_total': 0.5182355046272278, 'max_memory_allocated': 8305842688, 'max_memory_reserved': 32264683520}
[WSI] epoch=2 iteration=293 slide=tumor_077 N=14 {'train_loss_cls': 0.8828125, 'train_loss_sr': 0.09376180171966553, 'train_loss_total': 0.8921886682510376, 'max_memory_allocated': 10522376704, 'max_memory_reserved': 32264683520}
[WSI] epoch=2 iteration=294 slide=normal_119 N=14 {'train_loss_cls': 0.52734375, 'train_loss_sr': 0.0949070081114769, 'train_loss_total': 0.5368344783782959, 'max_memory_allocated': 10522950144, 'max_memory_reserved': 32264683520}
[WSI] epoch=2 iteration=295 slide=tumor_019 N=2 {'train_loss_cls': 0.90234375, 'train_loss_sr': 0.043544672429561615, 'train_loss_total': 0.9066982269287109, 'max_memory_allocated': 1706789376, 'max_memory_reserved': 32264683520}
[WSI] epoch=2 iteration=296 slide=normal_156 N=13 {'train_loss_cls': 0.55859375, 'train_loss_sr': 0.08887112140655518, 'train_loss_total': 0.5674808621406555, 'max_memory_allocated': 9783106048, 'max_memory_reserved': 32264683520}
[WSI] epoch=2 iteration=297 slide=normal_142 N=20 {'train_loss_cls': 0.55859375, 'train_loss_sr': 0.12866801023483276, 'train_loss_total': 0.5714605450630188, 'max_memory_allocated': 14956517888, 'max_memory_reserved': 32264683520}
[WSI] epoch=2 iteration=298 slide=normal_135 N=13 {'train_loss_cls': 0.5625, 'train_loss_sr': 0.10890080034732819, 'train_loss_total': 0.5733900666236877, 'max_memory_allocated': 9783340544, 'max_memory_reserved': 32264683520}
[WSI] epoch=2 iteration=299 slide=tumor_038 N=2 {'train_loss_cls': 0.90234375, 'train_loss_sr': 0.18369242548942566, 'train_loss_total': 0.9207130074501038, 'max_memory_allocated': 1708336128, 'max_memory_reserved': 32264683520}
[gradient] slide_id=tumor_082 N=3 {'rdn': 2.2595455646514893, 'region_encoder': 0.0, 'abmil': 0.01115403138101101, 'classifier': 14.623708724975586, 'p2w': 0.10848930478096008}
[WSI] epoch=2 iteration=300 slide=tumor_082 N=3 {'train_loss_cls': 0.87890625, 'train_loss_sr': 0.11129090189933777, 'train_loss_total': 0.8900353312492371, 'max_memory_allocated': 2394930176, 'max_memory_reserved': 32264683520}
[WSI] epoch=2 iteration=301 slide=normal_109 N=10 {'train_loss_cls': 0.546875, 'train_loss_sr': 0.12293307483196259, 'train_loss_total': 0.55916827917099, 'max_memory_allocated': 7567097344, 'max_memory_reserved': 32264683520}
[WSI] epoch=2 iteration=302 slide=normal_011 N=14 {'train_loss_cls': 0.53515625, 'train_loss_sr': 0.12800031900405884, 'train_loss_total': 0.5479562878608704, 'max_memory_allocated': 10522286592, 'max_memory_reserved': 32264683520}
[WSI] epoch=2 iteration=303 slide=normal_085 N=5 {'train_loss_cls': 0.515625, 'train_loss_sr': 0.13981975615024567, 'train_loss_total': 0.5296069979667664, 'max_memory_allocated': 3872680448, 'max_memory_reserved': 32264683520}
[WSI] epoch=2 iteration=304 slide=normal_031 N=6 {'train_loss_cls': 0.5234375, 'train_loss_sr': 0.16372863948345184, 'train_loss_total': 0.5398103594779968, 'max_memory_allocated': 4611894272, 'max_memory_reserved': 32264683520}
[WSI] epoch=2 iteration=305 slide=normal_076 N=24 {'train_loss_cls': 0.55078125, 'train_loss_sr': 0.16262319684028625, 'train_loss_total': 0.5670435428619385, 'max_memory_allocated': 17911994880, 'max_memory_reserved': 32264683520}
[WSI] epoch=2 iteration=306 slide=normal_029 N=1 {'train_loss_cls': 0.51953125, 'train_loss_sr': 0.03937172517180443, 'train_loss_total': 0.5234684348106384, 'max_memory_allocated': 916158976, 'max_memory_reserved': 32264683520}
[WSI] epoch=2 iteration=307 slide=tumor_012 N=7 {'train_loss_cls': 0.92578125, 'train_loss_sr': 0.18324849009513855, 'train_loss_total': 0.9441061019897461, 'max_memory_allocated': 5349792256, 'max_memory_reserved': 32264683520}
[WSI] epoch=2 iteration=308 slide=normal_070 N=16 {'train_loss_cls': 0.5390625, 'train_loss_sr': 0.19167709350585938, 'train_loss_total': 0.5582302212715149, 'max_memory_allocated': 12001552896, 'max_memory_reserved': 32264683520}
[WSI] epoch=2 iteration=309 slide=tumor_008 N=14 {'train_loss_cls': 0.9140625, 'train_loss_sr': 0.13675294816493988, 'train_loss_total': 0.9277377724647522, 'max_memory_allocated': 10522597888, 'max_memory_reserved': 32264683520}
[gradient] slide_id=normal_087 N=11 {'rdn': 1.485032320022583, 'region_encoder': 0.0, 'abmil': 0.01942143402993679, 'classifier': 10.584925651550293, 'p2w': 0.09620669484138489}
[WSI] epoch=2 iteration=310 slide=normal_087 N=11 {'train_loss_cls': 0.53515625, 'train_loss_sr': 0.16240611672401428, 'train_loss_total': 0.5513968467712402, 'max_memory_allocated': 8305400320, 'max_memory_reserved': 32264683520}
[WSI] epoch=2 iteration=311 slide=tumor_068 N=15 {'train_loss_cls': 0.90625, 'train_loss_sr': 0.15367527306079865, 'train_loss_total': 0.9216175079345703, 'max_memory_allocated': 11262994432, 'max_memory_reserved': 32264683520}
[WSI] epoch=2 iteration=312 slide=normal_044 N=4 {'train_loss_cls': 0.484375, 'train_loss_sr': 0.1178709864616394, 'train_loss_total': 0.496162086725235, 'max_memory_allocated': 3133331968, 'max_memory_reserved': 32264683520}
[WSI] epoch=2 iteration=313 slide=tumor_084 N=9 {'train_loss_cls': 0.8828125, 'train_loss_sr': 0.11124937236309052, 'train_loss_total': 0.8939374089241028, 'max_memory_allocated': 6828047360, 'max_memory_reserved': 32264683520}
[WSI] epoch=2 iteration=314 slide=normal_148 N=5 {'train_loss_cls': 0.55078125, 'train_loss_sr': 0.10489620268344879, 'train_loss_total': 0.5612708926200867, 'max_memory_allocated': 3872553472, 'max_memory_reserved': 32264683520}
[WSI] epoch=2 iteration=315 slide=tumor_095 N=29 {'train_loss_cls': 0.875, 'train_loss_sr': 0.08512748032808304, 'train_loss_total': 0.8835127353668213, 'max_memory_allocated': 21607045632, 'max_memory_reserved': 32264683520}
[WSI] epoch=2 iteration=316 slide=normal_136 N=15 {'train_loss_cls': 0.55078125, 'train_loss_sr': 0.12321813404560089, 'train_loss_total': 0.5631030797958374, 'max_memory_allocated': 11262077440, 'max_memory_reserved': 32264683520}
[WSI] epoch=2 iteration=317 slide=normal_093 N=8 {'train_loss_cls': 0.494140625, 'train_loss_sr': 0.11983460187911987, 'train_loss_total': 0.5061240792274475, 'max_memory_allocated': 6088694272, 'max_memory_reserved': 32264683520}
[WSI] epoch=2 iteration=318 slide=tumor_079 N=14 {'train_loss_cls': 0.87890625, 'train_loss_sr': 0.10805138200521469, 'train_loss_total': 0.8897113800048828, 'max_memory_allocated': 10523003392, 'max_memory_reserved': 32264683520}
[WSI] epoch=2 iteration=319 slide=normal_158 N=18 {'train_loss_cls': 0.53125, 'train_loss_sr': 0.11319701373577118, 'train_loss_total': 0.5425696969032288, 'max_memory_allocated': 13478332928, 'max_memory_reserved': 32264683520}
[gradient] slide_id=tumor_041 N=5 {'rdn': 2.220588207244873, 'region_encoder': 0.0, 'abmil': 0.043655142188072205, 'classifier': 15.022185325622559, 'p2w': 0.21393349766731262}
[WSI] epoch=2 iteration=320 slide=tumor_041 N=5 {'train_loss_cls': 0.90234375, 'train_loss_sr': 0.08745334297418594, 'train_loss_total': 0.9110890626907349, 'max_memory_allocated': 3872238080, 'max_memory_reserved': 32264683520}
[WSI] epoch=2 iteration=321 slide=normal_067 N=12 {'train_loss_cls': 0.498046875, 'train_loss_sr': 0.11143478751182556, 'train_loss_total': 0.5091903805732727, 'max_memory_allocated': 9045380096, 'max_memory_reserved': 32264683520}
[WSI] epoch=2 iteration=322 slide=tumor_058 N=5 {'train_loss_cls': 0.94921875, 'train_loss_sr': 0.10589342564344406, 'train_loss_total': 0.9598081111907959, 'max_memory_allocated': 3873454592, 'max_memory_reserved': 32264683520}
[WSI] epoch=2 iteration=323 slide=normal_041 N=7 {'train_loss_cls': 0.5078125, 'train_loss_sr': 0.1485411524772644, 'train_loss_total': 0.5226666331291199, 'max_memory_allocated': 5350320640, 'max_memory_reserved': 32264683520}
[WSI] epoch=2 iteration=324 slide=tumor_109 N=10 {'train_loss_cls': 0.88671875, 'train_loss_sr': 0.06592026352882385, 'train_loss_total': 0.8933107852935791, 'max_memory_allocated': 7566350848, 'max_memory_reserved': 32264683520}
[WSI] epoch=2 iteration=325 slide=tumor_007 N=12 {'train_loss_cls': 0.8671875, 'train_loss_sr': 0.15148618817329407, 'train_loss_total': 0.8823361396789551, 'max_memory_allocated': 9045088768, 'max_memory_reserved': 32264683520}
[WSI] epoch=2 iteration=326 slide=tumor_083 N=14 {'train_loss_cls': 0.8828125, 'train_loss_sr': 0.08268359303474426, 'train_loss_total': 0.8910808563232422, 'max_memory_allocated': 10523281920, 'max_memory_reserved': 32264683520}
[WSI] epoch=2 iteration=327 slide=normal_157 N=16 {'train_loss_cls': 0.5546875, 'train_loss_sr': 0.10908004641532898, 'train_loss_total': 0.5655955076217651, 'max_memory_allocated': 12001926144, 'max_memory_reserved': 32264683520}
[WSI] epoch=2 iteration=328 slide=tumor_046 N=19 {'train_loss_cls': 0.9140625, 'train_loss_sr': 0.13872720301151276, 'train_loss_total': 0.9279352426528931, 'max_memory_allocated': 14217006080, 'max_memory_reserved': 32264683520}
[WSI] epoch=2 iteration=329 slide=tumor_102 N=35 {'train_loss_cls': 0.83203125, 'train_loss_sr': 0.13109013438224792, 'train_loss_total': 0.845140278339386, 'max_memory_allocated': 26042099712, 'max_memory_reserved': 32300335104}
[gradient] slide_id=tumor_025 N=9 {'rdn': 2.135561227798462, 'region_encoder': 0.0, 'abmil': 0.028210027143359184, 'classifier': 16.10654067993164, 'p2w': 0.22321851551532745}
[WSI] epoch=2 iteration=330 slide=tumor_025 N=9 {'train_loss_cls': 0.86328125, 'train_loss_sr': 0.13529156148433685, 'train_loss_total': 0.8768104314804077, 'max_memory_allocated': 6827678208, 'max_memory_reserved': 32300335104}
[WSI] epoch=2 iteration=331 slide=tumor_066 N=7 {'train_loss_cls': 0.8515625, 'train_loss_sr': 0.10839265584945679, 'train_loss_total': 0.8624017834663391, 'max_memory_allocated': 5349792256, 'max_memory_reserved': 32300335104}
[WSI] epoch=2 iteration=332 slide=normal_081 N=6 {'train_loss_cls': 0.546875, 'train_loss_sr': 0.17051632702350616, 'train_loss_total': 0.563926637172699, 'max_memory_allocated': 4612826112, 'max_memory_reserved': 32300335104}
[WSI] epoch=2 iteration=333 slide=tumor_050 N=10 {'train_loss_cls': 0.87109375, 'train_loss_sr': 0.12028303742408752, 'train_loss_total': 0.8831220269203186, 'max_memory_allocated': 7566793216, 'max_memory_reserved': 32300335104}
[WSI] epoch=2 iteration=334 slide=normal_077 N=5 {'train_loss_cls': 0.56640625, 'train_loss_sr': 0.12698930501937866, 'train_loss_total': 0.5791051983833313, 'max_memory_allocated': 3872424448, 'max_memory_reserved': 32300335104}
[WSI] epoch=2 iteration=335 slide=normal_114 N=24 {'train_loss_cls': 0.59375, 'train_loss_sr': 0.13474522531032562, 'train_loss_total': 0.6072245240211487, 'max_memory_allocated': 17912125952, 'max_memory_reserved': 32300335104}
[WSI] epoch=2 iteration=336 slide=normal_104 N=19 {'train_loss_cls': 0.578125, 'train_loss_sr': 0.11932246387004852, 'train_loss_total': 0.5900572538375854, 'max_memory_allocated': 14217406976, 'max_memory_reserved': 32300335104}
[WSI] epoch=2 iteration=337 slide=normal_061 N=12 {'train_loss_cls': 0.5546875, 'train_loss_sr': 0.1802486628293991, 'train_loss_total': 0.5727123618125916, 'max_memory_allocated': 9044674048, 'max_memory_reserved': 32300335104}
[WSI] epoch=2 iteration=338 slide=tumor_080 N=6 {'train_loss_cls': 0.8125, 'train_loss_sr': 0.10337694734334946, 'train_loss_total': 0.8228377103805542, 'max_memory_allocated': 4611949568, 'max_memory_reserved': 32300335104}
[WSI] epoch=2 iteration=339 slide=tumor_005 N=4 {'train_loss_cls': 0.83984375, 'train_loss_sr': 0.06825212389230728, 'train_loss_total': 0.8466689586639404, 'max_memory_allocated': 3132185088, 'max_memory_reserved': 32300335104}
[gradient] slide_id=normal_079 N=8 {'rdn': 1.6039520502090454, 'region_encoder': 0.0, 'abmil': 0.012371835298836231, 'classifier': 11.02413558959961, 'p2w': 0.1649773269891739}
[WSI] epoch=2 iteration=340 slide=normal_079 N=8 {'train_loss_cls': 0.578125, 'train_loss_sr': 0.1302901804447174, 'train_loss_total': 0.5911540389060974, 'max_memory_allocated': 6088382976, 'max_memory_reserved': 32300335104}
[WSI] epoch=2 iteration=341 slide=normal_113 N=19 {'train_loss_cls': 0.59765625, 'train_loss_sr': 0.09903134405612946, 'train_loss_total': 0.6075593829154968, 'max_memory_allocated': 14217980416, 'max_memory_reserved': 32300335104}
[WSI] epoch=2 iteration=342 slide=normal_103 N=8 {'train_loss_cls': 0.58203125, 'train_loss_sr': 0.10825975239276886, 'train_loss_total': 0.5928572416305542, 'max_memory_allocated': 6088224256, 'max_memory_reserved': 32300335104}
[WSI] epoch=2 iteration=343 slide=normal_144 N=12 {'train_loss_cls': 0.6015625, 'train_loss_sr': 0.09135572612285614, 'train_loss_total': 0.6106980443000793, 'max_memory_allocated': 9044556288, 'max_memory_reserved': 32300335104}
[WSI] epoch=2 iteration=344 slide=tumor_108 N=22 {'train_loss_cls': 0.796875, 'train_loss_sr': 0.07972195744514465, 'train_loss_total': 0.8048471808433533, 'max_memory_allocated': 16434743296, 'max_memory_reserved': 32300335104}
[WSI] epoch=2 iteration=345 slide=tumor_111 N=4 {'train_loss_cls': 0.8359375, 'train_loss_sr': 0.09001677483320236, 'train_loss_total': 0.8449391722679138, 'max_memory_allocated': 3132185088, 'max_memory_reserved': 32300335104}
[WSI] epoch=2 iteration=346 slide=tumor_057 N=4 {'train_loss_cls': 0.87109375, 'train_loss_sr': 0.09319670498371124, 'train_loss_total': 0.8804134130477905, 'max_memory_allocated': 3132312576, 'max_memory_reserved': 32300335104}
[WSI] epoch=2 iteration=347 slide=normal_116 N=8 {'train_loss_cls': 0.59765625, 'train_loss_sr': 0.11614064872264862, 'train_loss_total': 0.6092703342437744, 'max_memory_allocated': 6088120832, 'max_memory_reserved': 32300335104}
[WSI] epoch=2 iteration=348 slide=tumor_081 N=6 {'train_loss_cls': 0.7578125, 'train_loss_sr': 0.09839200973510742, 'train_loss_total': 0.7676516771316528, 'max_memory_allocated': 4613006336, 'max_memory_reserved': 32300335104}
[epoch] {'epoch': 2, 'train_loss_cls': 0.6839641702586207, 'train_loss_sr': 0.124554552491112, 'train_loss_total': 0.6964196273307691, 'train_auc': 0.6142567567567567, 'train_acc': 0.5747126436781609, 'train_bacc': 0.5, 'val_loss': 0.6821732954545454, 'val_auc': 0.45892951775304713, 'val_acc': 0.5795454545454546, 'val_bacc': 0.5, 'max_memory_allocated': 26042099712, 'max_memory_reserved': 32300335104}
/root/miniconda3/envs/myconda/lib/python3.10/site-packages/torch/utils/checkpoint.py:1399: FutureWarning: `torch.cpu.amp.autocast(args...)` is deprecated. Please use `torch.amp.autocast('cpu', args...)` instead.
  with device_autocast_ctx, torch.cpu.amp.autocast(**cpu_autocast_kwargs), recompute_context:  # type: ignore[attr-defined]
[WSI] epoch=3 iteration=349 slide=normal_146 N=17 {'train_loss_cls': 0.578125, 'train_loss_sr': 0.09915974736213684, 'train_loss_total': 0.5880409479141235, 'max_memory_allocated': 12739922432, 'max_memory_reserved': 32300335104}
[gradient] slide_id=normal_133 N=10 {'rdn': 1.5366621017456055, 'region_encoder': 0.0, 'abmil': 0.01967109739780426, 'classifier': 10.71951675415039, 'p2w': 0.21924351155757904}
[WSI] epoch=3 iteration=350 slide=normal_133 N=10 {'train_loss_cls': 0.59765625, 'train_loss_sr': 0.10973835736513138, 'train_loss_total': 0.6086300611495972, 'max_memory_allocated': 7566219776, 'max_memory_reserved': 32300335104}
[WSI] epoch=3 iteration=351 slide=normal_159 N=14 {'train_loss_cls': 0.61328125, 'train_loss_sr': 0.09807958453893661, 'train_loss_total': 0.6230891942977905, 'max_memory_allocated': 10523032576, 'max_memory_reserved': 32300335104}
[WSI] epoch=3 iteration=352 slide=tumor_048 N=15 {'train_loss_cls': 0.8359375, 'train_loss_sr': 0.11405995488166809, 'train_loss_total': 0.8473435044288635, 'max_memory_allocated': 11262409216, 'max_memory_reserved': 32300335104}
[WSI] epoch=3 iteration=353 slide=normal_085 N=5 {'train_loss_cls': 0.5625, 'train_loss_sr': 0.18014280498027802, 'train_loss_total': 0.5805142521858215, 'max_memory_allocated': 3873364480, 'max_memory_reserved': 32300335104}
[WSI] epoch=3 iteration=354 slide=normal_035 N=1 {'train_loss_cls': 0.5390625, 'train_loss_sr': 0.03869397193193436, 'train_loss_total': 0.5429319143295288, 'max_memory_allocated': 916278272, 'max_memory_reserved': 32300335104}
[WSI] epoch=3 iteration=355 slide=normal_142 N=20 {'train_loss_cls': 0.60546875, 'train_loss_sr': 0.13209819793701172, 'train_loss_total': 0.6186785697937012, 'max_memory_allocated': 14957271552, 'max_memory_reserved': 32300335104}
[WSI] epoch=3 iteration=356 slide=normal_102 N=11 {'train_loss_cls': 0.55078125, 'train_loss_sr': 0.06727254390716553, 'train_loss_total': 0.5575085282325745, 'max_memory_allocated': 8305269248, 'max_memory_reserved': 32300335104}
[WSI] epoch=3 iteration=357 slide=normal_074 N=14 {'train_loss_cls': 0.5859375, 'train_loss_sr': 0.12997621297836304, 'train_loss_total': 0.5989351272583008, 'max_memory_allocated': 10522913280, 'max_memory_reserved': 32300335104}
[WSI] epoch=3 iteration=358 slide=normal_002 N=2 {'train_loss_cls': 0.546875, 'train_loss_sr': 0.09937838464975357, 'train_loss_total': 0.5568128228187561, 'max_memory_allocated': 1707449344, 'max_memory_reserved': 32300335104}
[WSI] epoch=3 iteration=359 slide=tumor_041 N=5 {'train_loss_cls': 0.83203125, 'train_loss_sr': 0.10136061906814575, 'train_loss_total': 0.842167317867279, 'max_memory_allocated': 3873017856, 'max_memory_reserved': 32300335104}
[gradient] slide_id=normal_119 N=14 {'rdn': 1.6843901872634888, 'region_encoder': 0.0, 'abmil': 0.023238936439156532, 'classifier': 10.51775074005127, 'p2w': 0.4018435776233673}
[WSI] epoch=3 iteration=360 slide=normal_119 N=14 {'train_loss_cls': 0.55859375, 'train_loss_sr': 0.09287760406732559, 'train_loss_total': 0.5678815245628357, 'max_memory_allocated': 10522176000, 'max_memory_reserved': 32300335104}
[WSI] epoch=3 iteration=361 slide=normal_012 N=3 {'train_loss_cls': 0.546875, 'train_loss_sr': 0.21662339568138123, 'train_loss_total': 0.5685373544692993, 'max_memory_allocated': 2394799104, 'max_memory_reserved': 32300335104}
[WSI] epoch=3 iteration=362 slide=normal_120 N=10 {'train_loss_cls': 0.5390625, 'train_loss_sr': 0.12870937585830688, 'train_loss_total': 0.5519334077835083, 'max_memory_allocated': 7566129664, 'max_memory_reserved': 32300335104}
[WSI] epoch=3 iteration=363 slide=normal_153 N=12 {'train_loss_cls': 0.56640625, 'train_loss_sr': 0.08213891088962555, 'train_loss_total': 0.5746201276779175, 'max_memory_allocated': 9044515328, 'max_memory_reserved': 32300335104}
[WSI] epoch=3 iteration=364 slide=tumor_028 N=17 {'train_loss_cls': 0.890625, 'train_loss_sr': 0.13131287693977356, 'train_loss_total': 0.9037562608718872, 'max_memory_allocated': 12740217344, 'max_memory_reserved': 32300335104}
[WSI] epoch=3 iteration=365 slide=tumor_079 N=14 {'train_loss_cls': 0.8515625, 'train_loss_sr': 0.07758137583732605, 'train_loss_total': 0.8593206405639648, 'max_memory_allocated': 10522176000, 'max_memory_reserved': 32300335104}
[WSI] epoch=3 iteration=366 slide=tumor_044 N=12 {'train_loss_cls': 0.8671875, 'train_loss_sr': 0.12207604199647903, 'train_loss_total': 0.8793951272964478, 'max_memory_allocated': 9045502464, 'max_memory_reserved': 32300335104}
[WSI] epoch=3 iteration=367 slide=normal_135 N=13 {'train_loss_cls': 0.56640625, 'train_loss_sr': 0.1099967509508133, 'train_loss_total': 0.5774059295654297, 'max_memory_allocated': 9783458304, 'max_memory_reserved': 32300335104}
[WSI] epoch=3 iteration=368 slide=tumor_072 N=20 {'train_loss_cls': 0.83984375, 'train_loss_sr': 0.095858633518219, 'train_loss_total': 0.8494296073913574, 'max_memory_allocated': 14956718592, 'max_memory_reserved': 32300335104}
[WSI] epoch=3 iteration=369 slide=normal_081 N=6 {'train_loss_cls': 0.53125, 'train_loss_sr': 0.1440296173095703, 'train_loss_total': 0.5456529855728149, 'max_memory_allocated': 4612500480, 'max_memory_reserved': 32300335104}
[gradient] slide_id=normal_080 N=15 {'rdn': 1.5403538942337036, 'region_encoder': 0.0, 'abmil': 0.039428550750017166, 'classifier': 10.950581550598145, 'p2w': 0.13754643499851227}
[WSI] epoch=3 iteration=370 slide=normal_080 N=15 {'train_loss_cls': 0.546875, 'train_loss_sr': 0.12982702255249023, 'train_loss_total': 0.5598577260971069, 'max_memory_allocated': 11262787072, 'max_memory_reserved': 32300335104}
[WSI] epoch=3 iteration=371 slide=normal_052 N=15 {'train_loss_cls': 0.53515625, 'train_loss_sr': 0.11636223644018173, 'train_loss_total': 0.5467924475669861, 'max_memory_allocated': 11262973440, 'max_memory_reserved': 32300335104}
[WSI] epoch=3 iteration=372 slide=tumor_083 N=14 {'train_loss_cls': 0.87109375, 'train_loss_sr': 0.1131758913397789, 'train_loss_total': 0.8824113607406616, 'max_memory_allocated': 10522470912, 'max_memory_reserved': 32300335104}
[WSI] epoch=3 iteration=373 slide=normal_023 N=2 {'train_loss_cls': 0.470703125, 'train_loss_sr': 0.11908707022666931, 'train_loss_total': 0.48261183500289917, 'max_memory_allocated': 1707051520, 'max_memory_reserved': 32300335104}
[WSI] epoch=3 iteration=374 slide=tumor_027 N=13 {'train_loss_cls': 0.875, 'train_loss_sr': 0.11308445781469345, 'train_loss_total': 0.8863084316253662, 'max_memory_allocated': 9783862784, 'max_memory_reserved': 32300335104}
[WSI] epoch=3 iteration=375 slide=normal_003 N=7 {'train_loss_cls': 0.515625, 'train_loss_sr': 0.12245191633701324, 'train_loss_total': 0.5278701782226562, 'max_memory_allocated': 5349571072, 'max_memory_reserved': 32300335104}
[WSI] epoch=3 iteration=376 slide=tumor_046 N=19 {'train_loss_cls': 0.92578125, 'train_loss_sr': 0.10055892169475555, 'train_loss_total': 0.9358371496200562, 'max_memory_allocated': 14217095680, 'max_memory_reserved': 32300335104}
[WSI] epoch=3 iteration=377 slide=normal_121 N=13 {'train_loss_cls': 0.5234375, 'train_loss_sr': 0.10739775002002716, 'train_loss_total': 0.534177303314209, 'max_memory_allocated': 9783368192, 'max_memory_reserved': 32300335104}
[WSI] epoch=3 iteration=378 slide=tumor_095 N=29 {'train_loss_cls': 0.8671875, 'train_loss_sr': 0.09679020941257477, 'train_loss_total': 0.8768665194511414, 'max_memory_allocated': 21607156224, 'max_memory_reserved': 32300335104}
[WSI] epoch=3 iteration=379 slide=normal_054 N=1 {'train_loss_cls': 0.5078125, 'train_loss_sr': 0.17916390299797058, 'train_loss_total': 0.5257288813591003, 'max_memory_allocated': 916610048, 'max_memory_reserved': 32300335104}
[gradient] slide_id=normal_014 N=2 {'rdn': 1.5417778491973877, 'region_encoder': 0.0, 'abmil': 0.056993186473846436, 'classifier': 10.887505531311035, 'p2w': 0.03465734422206879}
[WSI] epoch=3 iteration=380 slide=normal_014 N=2 {'train_loss_cls': 0.53515625, 'train_loss_sr': 0.2200450748205185, 'train_loss_total': 0.5571607351303101, 'max_memory_allocated': 1707452928, 'max_memory_reserved': 32300335104}
[WSI] epoch=3 iteration=381 slide=normal_088 N=14 {'train_loss_cls': 0.53515625, 'train_loss_sr': 0.1317777782678604, 'train_loss_total': 0.548334002494812, 'max_memory_allocated': 10522065408, 'max_memory_reserved': 32300335104}
[WSI] epoch=3 iteration=382 slide=normal_067 N=12 {'train_loss_cls': 0.5, 'train_loss_sr': 0.15612667798995972, 'train_loss_total': 0.5156126618385315, 'max_memory_allocated': 9044556288, 'max_memory_reserved': 32300335104}
[WSI] epoch=3 iteration=383 slide=normal_152 N=5 {'train_loss_cls': 0.55078125, 'train_loss_sr': 0.07145050913095474, 'train_loss_total': 0.5579262971878052, 'max_memory_allocated': 3872348672, 'max_memory_reserved': 32300335104}
[WSI] epoch=3 iteration=384 slide=normal_026 N=5 {'train_loss_cls': 0.5078125, 'train_loss_sr': 0.13783672451972961, 'train_loss_total': 0.5215961933135986, 'max_memory_allocated': 3873071104, 'max_memory_reserved': 32300335104}
[WSI] epoch=3 iteration=385 slide=normal_097 N=17 {'train_loss_cls': 0.51171875, 'train_loss_sr': 0.1538461148738861, 'train_loss_total': 0.5271033644676208, 'max_memory_allocated': 12740000256, 'max_memory_reserved': 32300335104}
[WSI] epoch=3 iteration=386 slide=tumor_094 N=16 {'train_loss_cls': 0.921875, 'train_loss_sr': 0.08185796439647675, 'train_loss_total': 0.9300608038902283, 'max_memory_allocated': 12001880576, 'max_memory_reserved': 32300335104}
[WSI] epoch=3 iteration=387 slide=tumor_077 N=14 {'train_loss_cls': 0.9140625, 'train_loss_sr': 0.10270225256681442, 'train_loss_total': 0.9243327379226685, 'max_memory_allocated': 10522819072, 'max_memory_reserved': 32300335104}
[WSI] epoch=3 iteration=388 slide=tumor_045 N=10 {'train_loss_cls': 0.88671875, 'train_loss_sr': 0.15007774531841278, 'train_loss_total': 0.9017265439033508, 'max_memory_allocated': 7567654400, 'max_memory_reserved': 32300335104}
[WSI] epoch=3 iteration=389 slide=normal_015 N=5 {'train_loss_cls': 0.50390625, 'train_loss_sr': 0.13765770196914673, 'train_loss_total': 0.5176720023155212, 'max_memory_allocated': 3872819712, 'max_memory_reserved': 32300335104}
[gradient] slide_id=tumor_108 N=22 {'rdn': 2.185784339904785, 'region_encoder': 0.0, 'abmil': 0.025233427062630653, 'classifier': 13.682418823242188, 'p2w': 0.47948452830314636}
[WSI] epoch=3 iteration=390 slide=tumor_108 N=22 {'train_loss_cls': 0.890625, 'train_loss_sr': 0.08971840143203735, 'train_loss_total': 0.8995968103408813, 'max_memory_allocated': 16433936896, 'max_memory_reserved': 32300335104}
[WSI] epoch=3 iteration=391 slide=normal_064 N=9 {'train_loss_cls': 0.51171875, 'train_loss_sr': 0.08649104833602905, 'train_loss_total': 0.5203678607940674, 'max_memory_allocated': 6827588096, 'max_memory_reserved': 32300335104}
[WSI] epoch=3 iteration=392 slide=normal_044 N=4 {'train_loss_cls': 0.466796875, 'train_loss_sr': 0.10823148488998413, 'train_loss_total': 0.47762003540992737, 'max_memory_allocated': 3133090304, 'max_memory_reserved': 32300335104}
[WSI] epoch=3 iteration=393 slide=normal_106 N=15 {'train_loss_cls': 0.50390625, 'train_loss_sr': 0.11007395386695862, 'train_loss_total': 0.5149136185646057, 'max_memory_allocated': 11262994432, 'max_memory_reserved': 32300335104}
[WSI] epoch=3 iteration=394 slide=tumor_102 N=35 {'train_loss_cls': 0.875, 'train_loss_sr': 0.12347662448883057, 'train_loss_total': 0.8873476386070251, 'max_memory_allocated': 26041438208, 'max_memory_reserved': 32300335104}
[WSI] epoch=3 iteration=395 slide=normal_007 N=3 {'train_loss_cls': 0.52734375, 'train_loss_sr': 0.12414242327213287, 'train_loss_total': 0.5397579669952393, 'max_memory_allocated': 2394799104, 'max_memory_reserved': 32300335104}
[WSI] epoch=3 iteration=396 slide=normal_105 N=12 {'train_loss_cls': 0.51953125, 'train_loss_sr': 0.13363172113895416, 'train_loss_total': 0.5328944325447083, 'max_memory_allocated': 9045330432, 'max_memory_reserved': 32300335104}
[WSI] epoch=3 iteration=397 slide=normal_083 N=3 {'train_loss_cls': 0.44140625, 'train_loss_sr': 0.07526084780693054, 'train_loss_total': 0.44893234968185425, 'max_memory_allocated': 2395294720, 'max_memory_reserved': 32300335104}
[WSI] epoch=3 iteration=398 slide=normal_077 N=5 {'train_loss_cls': 0.490234375, 'train_loss_sr': 0.10271306335926056, 'train_loss_total': 0.5005056858062744, 'max_memory_allocated': 3872217600, 'max_memory_reserved': 32300335104}
[WSI] epoch=3 iteration=399 slide=tumor_037 N=10 {'train_loss_cls': 0.921875, 'train_loss_sr': 0.09629128873348236, 'train_loss_total': 0.9315041303634644, 'max_memory_allocated': 7566088704, 'max_memory_reserved': 32300335104}
[gradient] slide_id=tumor_057 N=4 {'rdn': 2.8953282833099365, 'region_encoder': 0.0, 'abmil': 0.01991238072514534, 'classifier': 17.873865127563477, 'p2w': 0.0987943783402443}
[WSI] epoch=3 iteration=400 slide=tumor_057 N=4 {'train_loss_cls': 1.0234375, 'train_loss_sr': 0.17509159445762634, 'train_loss_total': 1.04094660282135, 'max_memory_allocated': 3132221952, 'max_memory_reserved': 32300335104}
[WSI] epoch=3 iteration=401 slide=normal_144 N=12 {'train_loss_cls': 0.498046875, 'train_loss_sr': 0.0997665598988533, 'train_loss_total': 0.5080235600471497, 'max_memory_allocated': 9044756992, 'max_memory_reserved': 32300335104}
[WSI] epoch=3 iteration=402 slide=normal_065 N=6 {'train_loss_cls': 0.466796875, 'train_loss_sr': 0.12332648038864136, 'train_loss_total': 0.47912952303886414, 'max_memory_allocated': 4612217856, 'max_memory_reserved': 32300335104}
[WSI] epoch=3 iteration=403 slide=normal_131 N=18 {'train_loss_cls': 0.50390625, 'train_loss_sr': 0.10022182762622833, 'train_loss_total': 0.5139284133911133, 'max_memory_allocated': 13478717952, 'max_memory_reserved': 32300335104}
[WSI] epoch=3 iteration=404 slide=tumor_040 N=10 {'train_loss_cls': 0.97265625, 'train_loss_sr': 0.14622962474822998, 'train_loss_total': 0.9872792363166809, 'max_memory_allocated': 7566887936, 'max_memory_reserved': 32300335104}
[WSI] epoch=3 iteration=405 slide=normal_141 N=7 {'train_loss_cls': 0.462890625, 'train_loss_sr': 0.0949704498052597, 'train_loss_total': 0.4723876714706421, 'max_memory_allocated': 5349882368, 'max_memory_reserved': 32300335104}
[WSI] epoch=3 iteration=406 slide=tumor_074 N=5 {'train_loss_cls': 0.9609375, 'train_loss_sr': 0.16407504677772522, 'train_loss_total': 0.9773449897766113, 'max_memory_allocated': 3872791040, 'max_memory_reserved': 32300335104}
[WSI] epoch=3 iteration=407 slide=tumor_088 N=12 {'train_loss_cls': 0.921875, 'train_loss_sr': 0.0922548696398735, 'train_loss_total': 0.9311004877090454, 'max_memory_allocated': 9044818432, 'max_memory_reserved': 32300335104}
[WSI] epoch=3 iteration=408 slide=normal_029 N=1 {'train_loss_cls': 0.46484375, 'train_loss_sr': 0.07894334197044373, 'train_loss_total': 0.4727380871772766, 'max_memory_allocated': 916147200, 'max_memory_reserved': 32300335104}
[WSI] epoch=3 iteration=409 slide=tumor_109 N=10 {'train_loss_cls': 0.9453125, 'train_loss_sr': 0.09012064337730408, 'train_loss_total': 0.9543245434761047, 'max_memory_allocated': 7566683648, 'max_memory_reserved': 32300335104}
[gradient] slide_id=normal_155 N=11 {'rdn': 1.7173453569412231, 'region_encoder': 0.0, 'abmil': 0.03171318769454956, 'classifier': 9.284029960632324, 'p2w': 0.7126426100730896}
[WSI] epoch=3 iteration=410 slide=normal_155 N=11 {'train_loss_cls': 0.46875, 'train_loss_sr': 0.10993005335330963, 'train_loss_total': 0.47974300384521484, 'max_memory_allocated': 8305420800, 'max_memory_reserved': 32300335104}
[WSI] epoch=3 iteration=411 slide=normal_089 N=20 {'train_loss_cls': 0.5, 'train_loss_sr': 0.13026267290115356, 'train_loss_total': 0.513026237487793, 'max_memory_allocated': 14956608000, 'max_memory_reserved': 32300335104}
[WSI] epoch=3 iteration=412 slide=normal_096 N=7 {'train_loss_cls': 0.45703125, 'train_loss_sr': 0.1149132251739502, 'train_loss_total': 0.4685225784778595, 'max_memory_allocated': 5350013440, 'max_memory_reserved': 32300335104}
[WSI] epoch=3 iteration=413 slide=normal_063 N=7 {'train_loss_cls': 0.4765625, 'train_loss_sr': 0.15945814549922943, 'train_loss_total': 0.49250832200050354, 'max_memory_allocated': 5349792256, 'max_memory_reserved': 32300335104}
[WSI] epoch=3 iteration=414 slide=normal_047 N=5 {'train_loss_cls': 0.470703125, 'train_loss_sr': 0.13514558970928192, 'train_loss_total': 0.48421767354011536, 'max_memory_allocated': 3873023488, 'max_memory_reserved': 32300335104}
[WSI] epoch=3 iteration=415 slide=tumor_106 N=22 {'train_loss_cls': 0.92578125, 'train_loss_sr': 0.11377516388893127, 'train_loss_total': 0.9371587634086609, 'max_memory_allocated': 16434158080, 'max_memory_reserved': 32300335104}
[WSI] epoch=3 iteration=416 slide=normal_126 N=17 {'train_loss_cls': 0.5078125, 'train_loss_sr': 0.122954823076725, 'train_loss_total': 0.5201079845428467, 'max_memory_allocated': 12740078592, 'max_memory_reserved': 32300335104}
[WSI] epoch=3 iteration=417 slide=normal_070 N=16 {'train_loss_cls': 0.486328125, 'train_loss_sr': 0.13695579767227173, 'train_loss_total': 0.5000237226486206, 'max_memory_allocated': 12000990720, 'max_memory_reserved': 32300335104}
[WSI] epoch=3 iteration=418 slide=normal_062 N=2 {'train_loss_cls': 0.4609375, 'train_loss_sr': 0.12116441130638123, 'train_loss_total': 0.4730539321899414, 'max_memory_allocated': 1707867136, 'max_memory_reserved': 32300335104}
[WSI] epoch=3 iteration=419 slide=tumor_016 N=5 {'train_loss_cls': 0.98046875, 'train_loss_sr': 0.11847256869077682, 'train_loss_total': 0.9923160076141357, 'max_memory_allocated': 3872840192, 'max_memory_reserved': 32300335104}
[gradient] slide_id=normal_151 N=16 {'rdn': 1.5125677585601807, 'region_encoder': 0.0, 'abmil': 0.0344986692070961, 'classifier': 9.647871017456055, 'p2w': 0.11575262993574142}
[WSI] epoch=3 iteration=420 slide=normal_151 N=16 {'train_loss_cls': 0.478515625, 'train_loss_sr': 0.12317647784948349, 'train_loss_total': 0.4908332824707031, 'max_memory_allocated': 12001180160, 'max_memory_reserved': 32300335104}
[WSI] epoch=3 iteration=421 slide=normal_116 N=8 {'train_loss_cls': 0.48046875, 'train_loss_sr': 0.09731797873973846, 'train_loss_total': 0.49020054936408997, 'max_memory_allocated': 6088161792, 'max_memory_reserved': 32300335104}
[WSI] epoch=3 iteration=422 slide=normal_156 N=13 {'train_loss_cls': 0.48828125, 'train_loss_sr': 0.10987184941768646, 'train_loss_total': 0.49926844239234924, 'max_memory_allocated': 9783593984, 'max_memory_reserved': 32300335104}
[WSI] epoch=3 iteration=423 slide=normal_109 N=10 {'train_loss_cls': 0.46875, 'train_loss_sr': 0.09486611187458038, 'train_loss_total': 0.4782366156578064, 'max_memory_allocated': 7566551552, 'max_memory_reserved': 32300335104}
[WSI] epoch=3 iteration=424 slide=normal_061 N=12 {'train_loss_cls': 0.4296875, 'train_loss_sr': 0.12301111221313477, 'train_loss_total': 0.44198861718177795, 'max_memory_allocated': 9045963776, 'max_memory_reserved': 32300335104}
[WSI] epoch=3 iteration=425 slide=normal_039 N=9 {'train_loss_cls': 0.419921875, 'train_loss_sr': 0.1143893301486969, 'train_loss_total': 0.43136081099510193, 'max_memory_allocated': 6827335680, 'max_memory_reserved': 32300335104}
[WSI] epoch=3 iteration=426 slide=normal_079 N=8 {'train_loss_cls': 0.439453125, 'train_loss_sr': 0.16041550040245056, 'train_loss_total': 0.4554946720600128, 'max_memory_allocated': 6089240064, 'max_memory_reserved': 32300335104}
[WSI] epoch=3 iteration=427 slide=tumor_081 N=6 {'train_loss_cls': 0.9609375, 'train_loss_sr': 0.08420710265636444, 'train_loss_total': 0.9693582057952881, 'max_memory_allocated': 4611894272, 'max_memory_reserved': 32300335104}
[WSI] epoch=3 iteration=428 slide=normal_071 N=5 {'train_loss_cls': 0.439453125, 'train_loss_sr': 0.10655872523784637, 'train_loss_total': 0.45010900497436523, 'max_memory_allocated': 3872680448, 'max_memory_reserved': 32300335104}
[WSI] epoch=3 iteration=429 slide=tumor_019 N=2 {'train_loss_cls': 1.078125, 'train_loss_sr': 0.1180303767323494, 'train_loss_total': 1.0899280309677124, 'max_memory_allocated': 1707051520, 'max_memory_reserved': 32300335104}
[gradient] slide_id=normal_113 N=19 {'rdn': 1.6277287006378174, 'region_encoder': 0.0, 'abmil': 0.02989012561738491, 'classifier': 8.505485534667969, 'p2w': 0.21647681295871735}
[WSI] epoch=3 iteration=430 slide=normal_113 N=19 {'train_loss_cls': 0.451171875, 'train_loss_sr': 0.06676136702299118, 'train_loss_total': 0.4578480124473572, 'max_memory_allocated': 14217628160, 'max_memory_reserved': 32300335104}
[WSI] epoch=3 iteration=431 slide=normal_018 N=3 {'train_loss_cls': 0.41796875, 'train_loss_sr': 0.1704094260931015, 'train_loss_total': 0.4350096881389618, 'max_memory_allocated': 2394721280, 'max_memory_reserved': 32300335104}
[WSI] epoch=3 iteration=432 slide=tumor_047 N=15 {'train_loss_cls': 0.9765625, 'train_loss_sr': 0.1313633769750595, 'train_loss_total': 0.9896988272666931, 'max_memory_allocated': 11262481408, 'max_memory_reserved': 32300335104}
[WSI] epoch=3 iteration=433 slide=normal_049 N=2 {'train_loss_cls': 0.41015625, 'train_loss_sr': 0.14176243543624878, 'train_loss_total': 0.42433249950408936, 'max_memory_allocated': 1707252224, 'max_memory_reserved': 32300335104}
[WSI] epoch=3 iteration=434 slide=tumor_021 N=16 {'train_loss_cls': 1.0546875, 'train_loss_sr': 0.10632820427417755, 'train_loss_total': 1.065320372581482, 'max_memory_allocated': 12001126912, 'max_memory_reserved': 32300335104}
[WSI] epoch=3 iteration=435 slide=tumor_009 N=12 {'train_loss_cls': 1.0859375, 'train_loss_sr': 0.12506045401096344, 'train_loss_total': 1.0984435081481934, 'max_memory_allocated': 9045420544, 'max_memory_reserved': 32300335104}
[WSI] epoch=3 iteration=436 slide=tumor_054 N=17 {'train_loss_cls': 1.140625, 'train_loss_sr': 0.10496149957180023, 'train_loss_total': 1.1511211395263672, 'max_memory_allocated': 12739701248, 'max_memory_reserved': 32300335104}
[WSI] epoch=3 iteration=437 slide=normal_104 N=19 {'train_loss_cls': 0.427734375, 'train_loss_sr': 0.11342062801122665, 'train_loss_total': 0.43907642364501953, 'max_memory_allocated': 14216964608, 'max_memory_reserved': 32300335104}
[WSI] epoch=3 iteration=438 slide=tumor_066 N=7 {'train_loss_cls': 1.0546875, 'train_loss_sr': 0.12769721448421478, 'train_loss_total': 1.0674571990966797, 'max_memory_allocated': 5349661184, 'max_memory_reserved': 32300335104}
[WSI] epoch=3 iteration=439 slide=tumor_022 N=7 {'train_loss_cls': 1.0625, 'train_loss_sr': 0.13951663672924042, 'train_loss_total': 1.0764516592025757, 'max_memory_allocated': 5350096384, 'max_memory_reserved': 32300335104}
[gradient] slide_id=normal_158 N=18 {'rdn': 1.6300544738769531, 'region_encoder': 0.0, 'abmil': 0.030230117961764336, 'classifier': 10.097352981567383, 'p2w': 0.20776431262493134}
[WSI] epoch=3 iteration=440 slide=normal_158 N=18 {'train_loss_cls': 0.439453125, 'train_loss_sr': 0.10566616803407669, 'train_loss_total': 0.4500197470188141, 'max_memory_allocated': 13478423040, 'max_memory_reserved': 32300335104}
[WSI] epoch=3 iteration=441 slide=normal_095 N=14 {'train_loss_cls': 0.421875, 'train_loss_sr': 0.11154858022928238, 'train_loss_total': 0.4330298602581024, 'max_memory_allocated': 10522487296, 'max_memory_reserved': 32300335104}
[WSI] epoch=3 iteration=442 slide=normal_040 N=16 {'train_loss_cls': 0.42578125, 'train_loss_sr': 0.11211889982223511, 'train_loss_total': 0.43699315190315247, 'max_memory_allocated': 12001272320, 'max_memory_reserved': 32300335104}
[WSI] epoch=3 iteration=443 slide=normal_036 N=7 {'train_loss_cls': 0.4375, 'train_loss_sr': 0.11860737204551697, 'train_loss_total': 0.449360728263855, 'max_memory_allocated': 5349771776, 'max_memory_reserved': 32300335104}
[WSI] epoch=3 iteration=444 slide=tumor_049 N=3 {'train_loss_cls': 0.97265625, 'train_loss_sr': 0.13197168707847595, 'train_loss_total': 0.9858534336090088, 'max_memory_allocated': 2394577920, 'max_memory_reserved': 32300335104}
[WSI] epoch=3 iteration=445 slide=normal_107 N=16 {'train_loss_cls': 0.455078125, 'train_loss_sr': 0.10667110979557037, 'train_loss_total': 0.4657452404499054, 'max_memory_allocated': 12000999936, 'max_memory_reserved': 32300335104}
[WSI] epoch=3 iteration=446 slide=tumor_001 N=7 {'train_loss_cls': 1.046875, 'train_loss_sr': 0.15738025307655334, 'train_loss_total': 1.0626130104064941, 'max_memory_allocated': 5350545920, 'max_memory_reserved': 32300335104}
[WSI] epoch=3 iteration=447 slide=tumor_111 N=4 {'train_loss_cls': 1.0546875, 'train_loss_sr': 0.1450851559638977, 'train_loss_total': 1.0691959857940674, 'max_memory_allocated': 3132316160, 'max_memory_reserved': 32300335104}
[WSI] epoch=3 iteration=448 slide=normal_154 N=20 {'train_loss_cls': 0.4296875, 'train_loss_sr': 0.0674590915441513, 'train_loss_total': 0.4364334046840668, 'max_memory_allocated': 14956902912, 'max_memory_reserved': 32300335104}
[WSI] epoch=3 iteration=449 slide=normal_032 N=9 {'train_loss_cls': 0.46484375, 'train_loss_sr': 0.1559453010559082, 'train_loss_total': 0.4804382920265198, 'max_memory_allocated': 6827457024, 'max_memory_reserved': 32300335104}
[gradient] slide_id=tumor_020 N=7 {'rdn': 2.9074409008026123, 'region_encoder': 0.0, 'abmil': 0.025631705299019814, 'classifier': 17.13953971862793, 'p2w': 0.12659741938114166}
[WSI] epoch=3 iteration=450 slide=tumor_020 N=7 {'train_loss_cls': 1.015625, 'train_loss_sr': 0.12382948398590088, 'train_loss_total': 1.028007984161377, 'max_memory_allocated': 5349992960, 'max_memory_reserved': 32300335104}
[WSI] epoch=3 iteration=451 slide=normal_037 N=8 {'train_loss_cls': 0.45703125, 'train_loss_sr': 0.13592685759067535, 'train_loss_total': 0.4706239402294159, 'max_memory_allocated': 6089806848, 'max_memory_reserved': 32300335104}
[WSI] epoch=3 iteration=452 slide=tumor_093 N=14 {'train_loss_cls': 0.9296875, 'train_loss_sr': 0.10368993133306503, 'train_loss_total': 0.9400565028190613, 'max_memory_allocated': 10522176000, 'max_memory_reserved': 32300335104}
[WSI] epoch=3 iteration=453 slide=normal_028 N=5 {'train_loss_cls': 0.439453125, 'train_loss_sr': 0.14138396084308624, 'train_loss_total': 0.453591525554657, 'max_memory_allocated': 3872680448, 'max_memory_reserved': 32300335104}
[WSI] epoch=3 iteration=454 slide=normal_114 N=24 {'train_loss_cls': 0.4921875, 'train_loss_sr': 0.12936142086982727, 'train_loss_total': 0.5051236152648926, 'max_memory_allocated': 17911994880, 'max_memory_reserved': 32300335104}
[WSI] epoch=3 iteration=455 slide=tumor_004 N=15 {'train_loss_cls': 1.0078125, 'train_loss_sr': 0.18361811339855194, 'train_loss_total': 1.0261743068695068, 'max_memory_allocated': 11263166976, 'max_memory_reserved': 32300335104}
[WSI] epoch=3 iteration=456 slide=tumor_025 N=9 {'train_loss_cls': 0.97265625, 'train_loss_sr': 0.13181547820568085, 'train_loss_total': 0.9858378171920776, 'max_memory_allocated': 6827781632, 'max_memory_reserved': 32300335104}
[WSI] epoch=3 iteration=457 slide=tumor_007 N=12 {'train_loss_cls': 0.9375, 'train_loss_sr': 0.1477525532245636, 'train_loss_total': 0.952275276184082, 'max_memory_allocated': 9044998656, 'max_memory_reserved': 32300335104}
[WSI] epoch=3 iteration=458 slide=tumor_002 N=5 {'train_loss_cls': 1.0078125, 'train_loss_sr': 0.09871415793895721, 'train_loss_total': 1.0176838636398315, 'max_memory_allocated': 3872791040, 'max_memory_reserved': 32300335104}
[WSI] epoch=3 iteration=459 slide=normal_108 N=2 {'train_loss_cls': 0.498046875, 'train_loss_sr': 0.09664425998926163, 'train_loss_total': 0.5077112913131714, 'max_memory_allocated': 1707252224, 'max_memory_reserved': 32300335104}
[gradient] slide_id=tumor_012 N=7 {'rdn': 2.5162460803985596, 'region_encoder': 0.0, 'abmil': 0.05952845886349678, 'classifier': 15.642416000366211, 'p2w': 0.14047439396381378}
[WSI] epoch=3 iteration=460 slide=tumor_012 N=7 {'train_loss_cls': 0.984375, 'train_loss_sr': 0.14292483031749725, 'train_loss_total': 0.9986674785614014, 'max_memory_allocated': 5350972416, 'max_memory_reserved': 32300335104}
[WSI] epoch=3 iteration=461 slide=tumor_038 N=2 {'train_loss_cls': 0.94921875, 'train_loss_sr': 0.15957152843475342, 'train_loss_total': 0.9651759266853333, 'max_memory_allocated': 1706832384, 'max_memory_reserved': 32300335104}
[WSI] epoch=3 iteration=462 slide=normal_145 N=20 {'train_loss_cls': 0.51171875, 'train_loss_sr': 0.12839341163635254, 'train_loss_total': 0.5245580673217773, 'max_memory_allocated': 14956255744, 'max_memory_reserved': 32300335104}
[WSI] epoch=3 iteration=463 slide=normal_148 N=5 {'train_loss_cls': 0.53515625, 'train_loss_sr': 0.0784301906824112, 'train_loss_total': 0.542999267578125, 'max_memory_allocated': 3872217600, 'max_memory_reserved': 32300335104}
[WSI] epoch=3 iteration=464 slide=normal_078 N=6 {'train_loss_cls': 0.5078125, 'train_loss_sr': 0.08543471992015839, 'train_loss_total': 0.5163559913635254, 'max_memory_allocated': 4612115456, 'max_memory_reserved': 32300335104}
[WSI] epoch=3 iteration=465 slide=normal_084 N=1 {'train_loss_cls': 0.466796875, 'train_loss_sr': 0.061633653938770294, 'train_loss_total': 0.4729602336883545, 'max_memory_allocated': 916147200, 'max_memory_reserved': 32300335104}
[WSI] epoch=3 iteration=466 slide=tumor_082 N=3 {'train_loss_cls': 0.91015625, 'train_loss_sr': 0.10105083137750626, 'train_loss_total': 0.9202613234519958, 'max_memory_allocated': 2394377216, 'max_memory_reserved': 32300335104}
[WSI] epoch=3 iteration=467 slide=normal_139 N=12 {'train_loss_cls': 0.5390625, 'train_loss_sr': 0.08909020572900772, 'train_loss_total': 0.5479715466499329, 'max_memory_allocated': 9045396992, 'max_memory_reserved': 32300335104}
[WSI] epoch=3 iteration=468 slide=tumor_005 N=4 {'train_loss_cls': 0.91796875, 'train_loss_sr': 0.20853310823440552, 'train_loss_total': 0.9388220310211182, 'max_memory_allocated': 3132185088, 'max_memory_reserved': 32300335104}
[WSI] epoch=3 iteration=469 slide=normal_068 N=6 {'train_loss_cls': 0.53125, 'train_loss_sr': 0.1718100905418396, 'train_loss_total': 0.5484310388565063, 'max_memory_allocated': 4612856832, 'max_memory_reserved': 32300335104}
[gradient] slide_id=normal_051 N=3 {'rdn': 1.659193754196167, 'region_encoder': 0.0, 'abmil': 0.051570650190114975, 'classifier': 11.914005279541016, 'p2w': 0.09310992807149887}
[WSI] epoch=3 iteration=470 slide=normal_051 N=3 {'train_loss_cls': 0.5078125, 'train_loss_sr': 0.14533059298992157, 'train_loss_total': 0.5223455429077148, 'max_memory_allocated': 2395646976, 'max_memory_reserved': 32300335104}
[WSI] epoch=3 iteration=471 slide=tumor_073 N=19 {'train_loss_cls': 0.89453125, 'train_loss_sr': 0.1006065309047699, 'train_loss_total': 0.9045919179916382, 'max_memory_allocated': 14217963520, 'max_memory_reserved': 32300335104}
[WSI] epoch=3 iteration=472 slide=normal_103 N=8 {'train_loss_cls': 0.515625, 'train_loss_sr': 0.0816487967967987, 'train_loss_total': 0.5237898826599121, 'max_memory_allocated': 6088583680, 'max_memory_reserved': 32300335104}
[WSI] epoch=3 iteration=473 slide=normal_087 N=11 {'train_loss_cls': 0.5390625, 'train_loss_sr': 0.14593778550624847, 'train_loss_total': 0.553656280040741, 'max_memory_allocated': 8306063872, 'max_memory_reserved': 32300335104}
[WSI] epoch=3 iteration=474 slide=tumor_071 N=12 {'train_loss_cls': 0.859375, 'train_loss_sr': 0.10880932956933975, 'train_loss_total': 0.8702559471130371, 'max_memory_allocated': 9045088768, 'max_memory_reserved': 32300335104}
[WSI] epoch=3 iteration=475 slide=tumor_043 N=4 {'train_loss_cls': 0.890625, 'train_loss_sr': 0.11027991771697998, 'train_loss_total': 0.901652991771698, 'max_memory_allocated': 3132226560, 'max_memory_reserved': 32300335104}
[WSI] epoch=3 iteration=476 slide=normal_076 N=24 {'train_loss_cls': 0.54296875, 'train_loss_sr': 0.13446582853794098, 'train_loss_total': 0.556415319442749, 'max_memory_allocated': 17912326656, 'max_memory_reserved': 32300335104}
[WSI] epoch=3 iteration=477 slide=tumor_084 N=9 {'train_loss_cls': 0.8828125, 'train_loss_sr': 0.07515621930360794, 'train_loss_total': 0.8903281092643738, 'max_memory_allocated': 6827104768, 'max_memory_reserved': 32300335104}
[WSI] epoch=3 iteration=478 slide=normal_136 N=15 {'train_loss_cls': 0.55078125, 'train_loss_sr': 0.11211387068033218, 'train_loss_total': 0.5619926452636719, 'max_memory_allocated': 11262319104, 'max_memory_reserved': 32300335104}
[WSI] epoch=3 iteration=479 slide=normal_129 N=19 {'train_loss_cls': 0.546875, 'train_loss_sr': 0.08481195569038391, 'train_loss_total': 0.5553562045097351, 'max_memory_allocated': 14216944128, 'max_memory_reserved': 32300335104}
[gradient] slide_id=normal_022 N=6 {'rdn': 1.5256924629211426, 'region_encoder': 0.0, 'abmil': 0.031113913282752037, 'classifier': 10.302726745605469, 'p2w': 0.17407433688640594}
[WSI] epoch=3 iteration=480 slide=normal_022 N=6 {'train_loss_cls': 0.490234375, 'train_loss_sr': 0.12830886244773865, 'train_loss_total': 0.503065288066864, 'max_memory_allocated': 4612447232, 'max_memory_reserved': 32300335104}
[WSI] epoch=3 iteration=481 slide=tumor_078 N=15 {'train_loss_cls': 0.78515625, 'train_loss_sr': 0.1027955710887909, 'train_loss_total': 0.7954357862472534, 'max_memory_allocated': 11262409216, 'max_memory_reserved': 32300335104}
[WSI] epoch=3 iteration=482 slide=tumor_105 N=6 {'train_loss_cls': 0.85546875, 'train_loss_sr': 0.12250927090644836, 'train_loss_total': 0.8677196502685547, 'max_memory_allocated': 4612537344, 'max_memory_reserved': 32300335104}
[WSI] epoch=3 iteration=483 slide=normal_058 N=7 {'train_loss_cls': 0.51953125, 'train_loss_sr': 0.20256748795509338, 'train_loss_total': 0.539788007736206, 'max_memory_allocated': 5349882368, 'max_memory_reserved': 32300335104}
[WSI] epoch=3 iteration=484 slide=tumor_087 N=10 {'train_loss_cls': 0.88671875, 'train_loss_sr': 0.07616347074508667, 'train_loss_total': 0.8943350911140442, 'max_memory_allocated': 7566129664, 'max_memory_reserved': 32300335104}
[WSI] epoch=3 iteration=485 slide=tumor_098 N=9 {'train_loss_cls': 0.88671875, 'train_loss_sr': 0.08122674375772476, 'train_loss_total': 0.8948414325714111, 'max_memory_allocated': 6828121088, 'max_memory_reserved': 32300335104}
[WSI] epoch=3 iteration=486 slide=tumor_080 N=6 {'train_loss_cls': 0.8671875, 'train_loss_sr': 0.11299912631511688, 'train_loss_total': 0.8784874081611633, 'max_memory_allocated': 4612278784, 'max_memory_reserved': 32300335104}
[WSI] epoch=3 iteration=487 slide=tumor_097 N=18 {'train_loss_cls': 0.87109375, 'train_loss_sr': 0.10527010262012482, 'train_loss_total': 0.8816207647323608, 'max_memory_allocated': 13477964288, 'max_memory_reserved': 32300335104}
[WSI] epoch=3 iteration=488 slide=tumor_039 N=4 {'train_loss_cls': 0.8515625, 'train_loss_sr': 0.16353724896907806, 'train_loss_total': 0.8679162263870239, 'max_memory_allocated': 3132185088, 'max_memory_reserved': 32300335104}
[WSI] epoch=3 iteration=489 slide=tumor_058 N=5 {'train_loss_cls': 0.90234375, 'train_loss_sr': 0.13468696177005768, 'train_loss_total': 0.9158124327659607, 'max_memory_allocated': 3872801280, 'max_memory_reserved': 32300335104}
[gradient] slide_id=normal_128 N=11 {'rdn': 1.624838948249817, 'region_encoder': 0.0, 'abmil': 0.015937188640236855, 'classifier': 10.120367050170898, 'p2w': 0.43988364934921265}
[WSI] epoch=3 iteration=490 slide=normal_128 N=11 {'train_loss_cls': 0.546875, 'train_loss_sr': 0.0714358389377594, 'train_loss_total': 0.5540185570716858, 'max_memory_allocated': 8305531392, 'max_memory_reserved': 32300335104}
[WSI] epoch=3 iteration=491 slide=normal_011 N=14 {'train_loss_cls': 0.55859375, 'train_loss_sr': 0.1408645510673523, 'train_loss_total': 0.5726802349090576, 'max_memory_allocated': 10522151424, 'max_memory_reserved': 32300335104}
[WSI] epoch=3 iteration=492 slide=tumor_042 N=4 {'train_loss_cls': 0.87109375, 'train_loss_sr': 0.10341198742389679, 'train_loss_total': 0.881434977054596, 'max_memory_allocated': 3132447232, 'max_memory_reserved': 32300335104}
[WSI] epoch=3 iteration=493 slide=normal_038 N=1 {'train_loss_cls': 0.53515625, 'train_loss_sr': 0.07729285210371017, 'train_loss_total': 0.5428855419158936, 'max_memory_allocated': 916409344, 'max_memory_reserved': 32300335104}
[WSI] epoch=3 iteration=494 slide=tumor_003 N=7 {'train_loss_cls': 0.859375, 'train_loss_sr': 0.128868967294693, 'train_loss_total': 0.8722618818283081, 'max_memory_allocated': 5350103552, 'max_memory_reserved': 32300335104}
[WSI] epoch=3 iteration=495 slide=tumor_017 N=9 {'train_loss_cls': 0.8203125, 'train_loss_sr': 0.1220102310180664, 'train_loss_total': 0.8325135111808777, 'max_memory_allocated': 6827748864, 'max_memory_reserved': 32300335104}
[WSI] epoch=3 iteration=496 slide=tumor_060 N=6 {'train_loss_cls': 0.8359375, 'train_loss_sr': 0.076886847615242, 'train_loss_total': 0.8436262011528015, 'max_memory_allocated': 4611894272, 'max_memory_reserved': 32300335104}
[WSI] epoch=3 iteration=497 slide=normal_006 N=1 {'train_loss_cls': 0.5546875, 'train_loss_sr': 0.1707296073436737, 'train_loss_total': 0.5717604756355286, 'max_memory_allocated': 916147200, 'max_memory_reserved': 32300335104}
[WSI] epoch=3 iteration=498 slide=tumor_103 N=18 {'train_loss_cls': 0.76953125, 'train_loss_sr': 0.09494920074939728, 'train_loss_total': 0.7790261507034302, 'max_memory_allocated': 13478312448, 'max_memory_reserved': 32300335104}
[WSI] epoch=3 iteration=499 slide=normal_157 N=16 {'train_loss_cls': 0.625, 'train_loss_sr': 0.11790293455123901, 'train_loss_total': 0.6367902755737305, 'max_memory_allocated': 12001307648, 'max_memory_reserved': 32300335104}
[gradient] slide_id=tumor_050 N=10 {'rdn': 1.9097853899002075, 'region_encoder': 0.0, 'abmil': 0.030613936483860016, 'classifier': 13.032926559448242, 'p2w': 0.4234660863876343}
[WSI] epoch=3 iteration=500 slide=tumor_050 N=10 {'train_loss_cls': 0.81640625, 'train_loss_sr': 0.10430268943309784, 'train_loss_total': 0.8268365263938904, 'max_memory_allocated': 7566309376, 'max_memory_reserved': 32300335104}
[WSI] epoch=3 iteration=501 slide=tumor_011 N=6 {'train_loss_cls': 0.7890625, 'train_loss_sr': 0.11957687139511108, 'train_loss_total': 0.8010202050209045, 'max_memory_allocated': 4612779008, 'max_memory_reserved': 32300335104}
[WSI] epoch=3 iteration=502 slide=tumor_034 N=6 {'train_loss_cls': 0.7734375, 'train_loss_sr': 0.12247850745916367, 'train_loss_total': 0.7856853604316711, 'max_memory_allocated': 4613331968, 'max_memory_reserved': 32300335104}
[WSI] epoch=3 iteration=503 slide=normal_053 N=18 {'train_loss_cls': 0.609375, 'train_loss_sr': 0.1205727681517601, 'train_loss_total': 0.6214323043823242, 'max_memory_allocated': 13478274048, 'max_memory_reserved': 32300335104}
[WSI] epoch=3 iteration=504 slide=normal_066 N=26 {'train_loss_cls': 0.625, 'train_loss_sr': 0.14857232570648193, 'train_loss_total': 0.6398572325706482, 'max_memory_allocated': 19390290432, 'max_memory_reserved': 32300335104}
[WSI] epoch=3 iteration=505 slide=tumor_061 N=13 {'train_loss_cls': 0.734375, 'train_loss_sr': 0.1542356014251709, 'train_loss_total': 0.7497985363006592, 'max_memory_allocated': 9783679488, 'max_memory_reserved': 32300335104}
[WSI] epoch=3 iteration=506 slide=normal_041 N=7 {'train_loss_cls': 0.62109375, 'train_loss_sr': 0.14607197046279907, 'train_loss_total': 0.6357009410858154, 'max_memory_allocated': 5350345216, 'max_memory_reserved': 32300335104}
[WSI] epoch=3 iteration=507 slide=normal_093 N=8 {'train_loss_cls': 0.6015625, 'train_loss_sr': 0.07965081930160522, 'train_loss_total': 0.609527587890625, 'max_memory_allocated': 6089859584, 'max_memory_reserved': 32300335104}
[WSI] epoch=3 iteration=508 slide=tumor_015 N=27 {'train_loss_cls': 0.734375, 'train_loss_sr': 0.16871510446071625, 'train_loss_total': 0.7512465119361877, 'max_memory_allocated': 20129077760, 'max_memory_reserved': 32300335104}
[WSI] epoch=3 iteration=509 slide=tumor_024 N=16 {'train_loss_cls': 0.75, 'train_loss_sr': 0.15383894741535187, 'train_loss_total': 0.7653838992118835, 'max_memory_allocated': 12000778752, 'max_memory_reserved': 32300335104}
[gradient] slide_id=normal_100 N=8 {'rdn': 1.6059300899505615, 'region_encoder': 0.0, 'abmil': 0.04115106165409088, 'classifier': 12.60769271850586, 'p2w': 0.22964885830879211}
[WSI] epoch=3 iteration=510 slide=normal_100 N=8 {'train_loss_cls': 0.64453125, 'train_loss_sr': 0.16711655259132385, 'train_loss_total': 0.6612429022789001, 'max_memory_allocated': 6088382976, 'max_memory_reserved': 32300335104}
[WSI] epoch=3 iteration=511 slide=normal_031 N=6 {'train_loss_cls': 0.640625, 'train_loss_sr': 0.1334049254655838, 'train_loss_total': 0.6539654731750488, 'max_memory_allocated': 4611873792, 'max_memory_reserved': 32300335104}
[WSI] epoch=3 iteration=512 slide=tumor_008 N=14 {'train_loss_cls': 0.76171875, 'train_loss_sr': 0.14671334624290466, 'train_loss_total': 0.7763900756835938, 'max_memory_allocated': 10522266112, 'max_memory_reserved': 32300335104}
[WSI] epoch=3 iteration=513 slide=normal_111 N=31 {'train_loss_cls': 0.6484375, 'train_loss_sr': 0.09150119125843048, 'train_loss_total': 0.6575876474380493, 'max_memory_allocated': 23085431296, 'max_memory_reserved': 32300335104}
[WSI] epoch=3 iteration=514 slide=tumor_068 N=15 {'train_loss_cls': 0.73828125, 'train_loss_sr': 0.12126971036195755, 'train_loss_total': 0.7504082322120667, 'max_memory_allocated': 11262132736, 'max_memory_reserved': 32300335104}
[WSI] epoch=3 iteration=515 slide=tumor_089 N=26 {'train_loss_cls': 0.69140625, 'train_loss_sr': 0.11943650990724564, 'train_loss_total': 0.7033498883247375, 'max_memory_allocated': 19391748608, 'max_memory_reserved': 32300335104}
[WSI] epoch=3 iteration=516 slide=tumor_052 N=15 {'train_loss_cls': 0.71484375, 'train_loss_sr': 0.1595296561717987, 'train_loss_total': 0.7307966947555542, 'max_memory_allocated': 11262091264, 'max_memory_reserved': 32300335104}
[WSI] epoch=3 iteration=517 slide=tumor_035 N=4 {'train_loss_cls': 0.6953125, 'train_loss_sr': 0.2026572972536087, 'train_loss_total': 0.7155782580375671, 'max_memory_allocated': 3132316160, 'max_memory_reserved': 32300335104}
[WSI] epoch=3 iteration=518 slide=tumor_086 N=23 {'train_loss_cls': 0.71875, 'train_loss_sr': 0.08406440913677216, 'train_loss_total': 0.7271564602851868, 'max_memory_allocated': 17173805568, 'max_memory_reserved': 32300335104}
[WSI] epoch=3 iteration=519 slide=normal_124 N=19 {'train_loss_cls': 0.66796875, 'train_loss_sr': 0.08288879692554474, 'train_loss_total': 0.6762576103210449, 'max_memory_allocated': 14217406976, 'max_memory_reserved': 32300335104}
[gradient] slide_id=normal_008 N=1 {'rdn': 1.9925264120101929, 'region_encoder': 0.0, 'abmil': 0.0, 'classifier': 13.133756637573242, 'p2w': 0.16690053045749664}
[WSI] epoch=3 iteration=520 slide=normal_008 N=1 {'train_loss_cls': 0.64453125, 'train_loss_sr': 0.16396650671958923, 'train_loss_total': 0.6609278917312622, 'max_memory_allocated': 916147200, 'max_memory_reserved': 32300335104}
[WSI] epoch=3 iteration=521 slide=tumor_107 N=6 {'train_loss_cls': 0.671875, 'train_loss_sr': 0.12381419539451599, 'train_loss_total': 0.6842564344406128, 'max_memory_allocated': 4613116416, 'max_memory_reserved': 32300335104}
[WSI] epoch=3 iteration=522 slide=normal_048 N=3 {'train_loss_cls': 0.7265625, 'train_loss_sr': 0.0945756807923317, 'train_loss_total': 0.7360200881958008, 'max_memory_allocated': 2395646976, 'max_memory_reserved': 32300335104}
[epoch] {'epoch': 3, 'train_loss_cls': 0.6774874281609196, 'train_loss_sr': 0.12025418346640708, 'train_loss_total': 0.6895128459423437, 'train_auc': 0.6235135135135135, 'train_acc': 0.6206896551724138, 'train_bacc': 0.5839189189189189, 'val_loss': 0.6924715909090909, 'val_auc': 0.42819289878113403, 'val_acc': 0.5227272727272727, 'val_bacc': 0.4732379438261791, 'max_memory_allocated': 26041438208, 'max_memory_reserved': 32300335104}
/root/miniconda3/envs/myconda/lib/python3.10/site-packages/torch/utils/checkpoint.py:1399: FutureWarning: `torch.cpu.amp.autocast(args...)` is deprecated. Please use `torch.amp.autocast('cpu', args...)` instead.
  with device_autocast_ctx, torch.cpu.amp.autocast(**cpu_autocast_kwargs), recompute_context:  # type: ignore[attr-defined]
[WSI] epoch=4 iteration=523 slide=normal_040 N=16 {'train_loss_cls': 0.66796875, 'train_loss_sr': 0.1074012741446495, 'train_loss_total': 0.6787088513374329, 'max_memory_allocated': 12001237504, 'max_memory_reserved': 32300335104}
[WSI] epoch=4 iteration=524 slide=normal_062 N=2 {'train_loss_cls': 0.66015625, 'train_loss_sr': 0.20999623835086823, 'train_loss_total': 0.6811558604240417, 'max_memory_allocated': 1706789376, 'max_memory_reserved': 32300335104}
[WSI] epoch=4 iteration=525 slide=tumor_098 N=9 {'train_loss_cls': 0.70703125, 'train_loss_sr': 0.09023258835077286, 'train_loss_total': 0.7160544991493225, 'max_memory_allocated': 6827457024, 'max_memory_reserved': 32300335104}
[WSI] epoch=4 iteration=526 slide=normal_106 N=15 {'train_loss_cls': 0.67578125, 'train_loss_sr': 0.10020503401756287, 'train_loss_total': 0.6858017444610596, 'max_memory_allocated': 11262740992, 'max_memory_reserved': 32300335104}
[WSI] epoch=4 iteration=527 slide=normal_146 N=17 {'train_loss_cls': 0.6640625, 'train_loss_sr': 0.1253758668899536, 'train_loss_total': 0.6766000986099243, 'max_memory_allocated': 12739922432, 'max_memory_reserved': 32300335104}
[WSI] epoch=4 iteration=528 slide=tumor_011 N=6 {'train_loss_cls': 0.71875, 'train_loss_sr': 0.14890038967132568, 'train_loss_total': 0.7336400151252747, 'max_memory_allocated': 4611853312, 'max_memory_reserved': 32300335104}
[WSI] epoch=4 iteration=529 slide=normal_044 N=4 {'train_loss_cls': 0.62890625, 'train_loss_sr': 0.08519808948040009, 'train_loss_total': 0.6374260783195496, 'max_memory_allocated': 3132312576, 'max_memory_reserved': 32300335104}
[gradient] slide_id=normal_070 N=16 {'rdn': 1.562984585762024, 'region_encoder': 0.0, 'abmil': 0.04291067644953728, 'classifier': 12.523603439331055, 'p2w': 0.13924264907836914}
[WSI] epoch=4 iteration=530 slide=normal_070 N=16 {'train_loss_cls': 0.69140625, 'train_loss_sr': 0.15183523297309875, 'train_loss_total': 0.7065897583961487, 'max_memory_allocated': 12001873920, 'max_memory_reserved': 32300335104}
[WSI] epoch=4 iteration=531 slide=normal_048 N=3 {'train_loss_cls': 0.71484375, 'train_loss_sr': 0.11325369775295258, 'train_loss_total': 0.7261691093444824, 'max_memory_allocated': 2394246144, 'max_memory_reserved': 32300335104}
[WSI] epoch=4 iteration=532 slide=normal_096 N=7 {'train_loss_cls': 0.64453125, 'train_loss_sr': 0.09660504758358002, 'train_loss_total': 0.6541917324066162, 'max_memory_allocated': 5349571584, 'max_memory_reserved': 32300335104}
[WSI] epoch=4 iteration=533 slide=normal_007 N=3 {'train_loss_cls': 0.69140625, 'train_loss_sr': 0.10859249532222748, 'train_loss_total': 0.7022655010223389, 'max_memory_allocated': 2395814912, 'max_memory_reserved': 32300335104}
[WSI] epoch=4 iteration=534 slide=tumor_083 N=14 {'train_loss_cls': 0.72265625, 'train_loss_sr': 0.061214711517095566, 'train_loss_total': 0.7287777066230774, 'max_memory_allocated': 10522850304, 'max_memory_reserved': 32300335104}
[WSI] epoch=4 iteration=535 slide=tumor_039 N=4 {'train_loss_cls': 0.7109375, 'train_loss_sr': 0.07411817461252213, 'train_loss_total': 0.7183493375778198, 'max_memory_allocated': 3133200896, 'max_memory_reserved': 32300335104}
[WSI] epoch=4 iteration=536 slide=tumor_009 N=12 {'train_loss_cls': 0.75390625, 'train_loss_sr': 0.11445462703704834, 'train_loss_total': 0.7653517127037048, 'max_memory_allocated': 9045076480, 'max_memory_reserved': 32300335104}
[WSI] epoch=4 iteration=537 slide=normal_023 N=2 {'train_loss_cls': 0.56640625, 'train_loss_sr': 0.05584358423948288, 'train_loss_total': 0.5719906091690063, 'max_memory_allocated': 1707772416, 'max_memory_reserved': 32300335104}
[WSI] epoch=4 iteration=538 slide=normal_080 N=15 {'train_loss_cls': 0.65234375, 'train_loss_sr': 0.10846184194087982, 'train_loss_total': 0.6631899476051331, 'max_memory_allocated': 11262315520, 'max_memory_reserved': 32300335104}
[WSI] epoch=4 iteration=539 slide=normal_135 N=13 {'train_loss_cls': 0.6640625, 'train_loss_sr': 0.09613475203514099, 'train_loss_total': 0.6736759543418884, 'max_memory_allocated': 9783257600, 'max_memory_reserved': 32300335104}
[gradient] slide_id=tumor_060 N=6 {'rdn': 2.036343812942505, 'region_encoder': 0.0, 'abmil': 0.03530323877930641, 'classifier': 13.82050609588623, 'p2w': 0.5966193675994873}
[WSI] epoch=4 iteration=540 slide=tumor_060 N=6 {'train_loss_cls': 0.7734375, 'train_loss_sr': 0.07320642471313477, 'train_loss_total': 0.7807581424713135, 'max_memory_allocated': 4612389888, 'max_memory_reserved': 32300335104}
[WSI] epoch=4 iteration=541 slide=tumor_057 N=4 {'train_loss_cls': 0.796875, 'train_loss_sr': 0.10308478772640228, 'train_loss_total': 0.8071835041046143, 'max_memory_allocated': 3132188672, 'max_memory_reserved': 32300335104}
[WSI] epoch=4 iteration=542 slide=normal_111 N=31 {'train_loss_cls': 0.6328125, 'train_loss_sr': 0.07731722295284271, 'train_loss_total': 0.6405442357063293, 'max_memory_allocated': 23085606912, 'max_memory_reserved': 32300335104}
[WSI] epoch=4 iteration=543 slide=tumor_107 N=6 {'train_loss_cls': 0.7109375, 'train_loss_sr': 0.07270782440900803, 'train_loss_total': 0.7182082533836365, 'max_memory_allocated': 4611922432, 'max_memory_reserved': 32300335104}
[WSI] epoch=4 iteration=544 slide=normal_066 N=26 {'train_loss_cls': 0.6328125, 'train_loss_sr': 0.13507117331027985, 'train_loss_total': 0.6463196277618408, 'max_memory_allocated': 19390511616, 'max_memory_reserved': 32300335104}
[WSI] epoch=4 iteration=545 slide=normal_026 N=5 {'train_loss_cls': 0.61328125, 'train_loss_sr': 0.19345426559448242, 'train_loss_total': 0.6326266527175903, 'max_memory_allocated': 3872393728, 'max_memory_reserved': 32300335104}
[WSI] epoch=4 iteration=546 slide=normal_076 N=24 {'train_loss_cls': 0.64453125, 'train_loss_sr': 0.12806488573551178, 'train_loss_total': 0.6573377251625061, 'max_memory_allocated': 17912745472, 'max_memory_reserved': 32300335104}
[WSI] epoch=4 iteration=547 slide=tumor_012 N=7 {'train_loss_cls': 0.79296875, 'train_loss_sr': 0.17269901931285858, 'train_loss_total': 0.8102386593818665, 'max_memory_allocated': 5349718528, 'max_memory_reserved': 32300335104}
[WSI] epoch=4 iteration=548 slide=tumor_087 N=10 {'train_loss_cls': 0.76171875, 'train_loss_sr': 0.09013649076223373, 'train_loss_total': 0.7707324028015137, 'max_memory_allocated': 7566572032, 'max_memory_reserved': 32300335104}
[WSI] epoch=4 iteration=549 slide=normal_067 N=12 {'train_loss_cls': 0.6015625, 'train_loss_sr': 0.11283636838197708, 'train_loss_total': 0.6128461360931396, 'max_memory_allocated': 9044887040, 'max_memory_reserved': 32300335104}
[gradient] slide_id=normal_126 N=17 {'rdn': 1.4164923429489136, 'region_encoder': 0.0, 'abmil': 0.03613625094294548, 'classifier': 10.37026596069336, 'p2w': 0.1014702245593071}
[WSI] epoch=4 iteration=550 slide=normal_126 N=17 {'train_loss_cls': 0.64453125, 'train_loss_sr': 0.1051894798874855, 'train_loss_total': 0.6550502181053162, 'max_memory_allocated': 12739871232, 'max_memory_reserved': 32300335104}
[WSI] epoch=4 iteration=551 slide=tumor_105 N=6 {'train_loss_cls': 0.73828125, 'train_loss_sr': 0.09921260923147202, 'train_loss_total': 0.7482025027275085, 'max_memory_allocated': 4612660224, 'max_memory_reserved': 32300335104}
[WSI] epoch=4 iteration=552 slide=tumor_027 N=13 {'train_loss_cls': 0.76171875, 'train_loss_sr': 0.13507425785064697, 'train_loss_total': 0.7752261757850647, 'max_memory_allocated': 9783368192, 'max_memory_reserved': 32300335104}
[WSI] epoch=4 iteration=553 slide=normal_014 N=2 {'train_loss_cls': 0.62890625, 'train_loss_sr': 0.2037438452243805, 'train_loss_total': 0.6492806077003479, 'max_memory_allocated': 1707833856, 'max_memory_reserved': 32300335104}
[WSI] epoch=4 iteration=554 slide=tumor_035 N=4 {'train_loss_cls': 0.7265625, 'train_loss_sr': 0.14263370633125305, 'train_loss_total': 0.740825891494751, 'max_memory_allocated': 3132692480, 'max_memory_reserved': 32300335104}
[WSI] epoch=4 iteration=555 slide=normal_113 N=19 {'train_loss_cls': 0.63671875, 'train_loss_sr': 0.06851982325315475, 'train_loss_total': 0.6435707211494446, 'max_memory_allocated': 14217095680, 'max_memory_reserved': 32300335104}
[WSI] epoch=4 iteration=556 slide=normal_152 N=5 {'train_loss_cls': 0.6484375, 'train_loss_sr': 0.10741311311721802, 'train_loss_total': 0.6591787934303284, 'max_memory_allocated': 3873004032, 'max_memory_reserved': 32300335104}
[WSI] epoch=4 iteration=557 slide=tumor_106 N=22 {'train_loss_cls': 0.75, 'train_loss_sr': 0.10441266000270844, 'train_loss_total': 0.760441243648529, 'max_memory_allocated': 16433895936, 'max_memory_reserved': 32300335104}
[WSI] epoch=4 iteration=558 slide=tumor_103 N=18 {'train_loss_cls': 0.7421875, 'train_loss_sr': 0.09038746356964111, 'train_loss_total': 0.7512262463569641, 'max_memory_allocated': 13478222336, 'max_memory_reserved': 32300335104}
[WSI] epoch=4 iteration=559 slide=tumor_082 N=3 {'train_loss_cls': 0.765625, 'train_loss_sr': 0.10189274698495865, 'train_loss_total': 0.7758142948150635, 'max_memory_allocated': 2394799104, 'max_memory_reserved': 32300335104}
[gradient] slide_id=normal_049 N=2 {'rdn': 1.6052964925765991, 'region_encoder': 0.0, 'abmil': 0.011907865293323994, 'classifier': 12.003334999084473, 'p2w': 0.11930523067712784}
[WSI] epoch=4 iteration=560 slide=normal_049 N=2 {'train_loss_cls': 0.62109375, 'train_loss_sr': 0.14112073183059692, 'train_loss_total': 0.6352058053016663, 'max_memory_allocated': 1707575808, 'max_memory_reserved': 32300335104}
[WSI] epoch=4 iteration=561 slide=normal_105 N=12 {'train_loss_cls': 0.63671875, 'train_loss_sr': 0.14199641346931458, 'train_loss_total': 0.6509183645248413, 'max_memory_allocated': 9044756992, 'max_memory_reserved': 32300335104}
[WSI] epoch=4 iteration=562 slide=tumor_093 N=14 {'train_loss_cls': 0.71875, 'train_loss_sr': 0.09125816822052002, 'train_loss_total': 0.727875828742981, 'max_memory_allocated': 10522819072, 'max_memory_reserved': 32300335104}
[WSI] epoch=4 iteration=563 slide=normal_022 N=6 {'train_loss_cls': 0.58984375, 'train_loss_sr': 0.07310909777879715, 'train_loss_total': 0.5971546769142151, 'max_memory_allocated': 4612758528, 'max_memory_reserved': 32300335104}
[WSI] epoch=4 iteration=564 slide=normal_128 N=11 {'train_loss_cls': 0.61328125, 'train_loss_sr': 0.06952482461929321, 'train_loss_total': 0.6202337145805359, 'max_memory_allocated': 8305400320, 'max_memory_reserved': 32300335104}
[WSI] epoch=4 iteration=565 slide=tumor_068 N=15 {'train_loss_cls': 0.765625, 'train_loss_sr': 0.11604945361614227, 'train_loss_total': 0.7772299647331238, 'max_memory_allocated': 11262319104, 'max_memory_reserved': 32300335104}
[WSI] epoch=4 iteration=566 slide=normal_088 N=14 {'train_loss_cls': 0.6328125, 'train_loss_sr': 0.11339115351438522, 'train_loss_total': 0.6441516280174255, 'max_memory_allocated': 10522376704, 'max_memory_reserved': 32300335104}
[WSI] epoch=4 iteration=567 slide=tumor_072 N=20 {'train_loss_cls': 0.74609375, 'train_loss_sr': 0.1016061007976532, 'train_loss_total': 0.7562543749809265, 'max_memory_allocated': 14956718592, 'max_memory_reserved': 32300335104}
[WSI] epoch=4 iteration=568 slide=normal_028 N=5 {'train_loss_cls': 0.59375, 'train_loss_sr': 0.11446253210306168, 'train_loss_total': 0.6051962375640869, 'max_memory_allocated': 3872348672, 'max_memory_reserved': 32300335104}
[WSI] epoch=4 iteration=569 slide=tumor_019 N=2 {'train_loss_cls': 0.76953125, 'train_loss_sr': 0.11875706911087036, 'train_loss_total': 0.7814069390296936, 'max_memory_allocated': 1707031040, 'max_memory_reserved': 32300335104}
[gradient] slide_id=tumor_050 N=10 {'rdn': 1.8729908466339111, 'region_encoder': 0.0, 'abmil': 0.033659446984529495, 'classifier': 12.915369987487793, 'p2w': 0.32744860649108887}
[WSI] epoch=4 iteration=570 slide=tumor_050 N=10 {'train_loss_cls': 0.796875, 'train_loss_sr': 0.08833879232406616, 'train_loss_total': 0.8057088851928711, 'max_memory_allocated': 7567040000, 'max_memory_reserved': 32300335104}
[WSI] epoch=4 iteration=571 slide=tumor_017 N=9 {'train_loss_cls': 0.765625, 'train_loss_sr': 0.1296551525592804, 'train_loss_total': 0.7785905003547668, 'max_memory_allocated': 6827256320, 'max_memory_reserved': 32300335104}
[WSI] epoch=4 iteration=572 slide=normal_100 N=8 {'train_loss_cls': 0.625, 'train_loss_sr': 0.11649306863546371, 'train_loss_total': 0.6366493105888367, 'max_memory_allocated': 6089157120, 'max_memory_reserved': 32300335104}
[WSI] epoch=4 iteration=573 slide=normal_151 N=16 {'train_loss_cls': 0.63671875, 'train_loss_sr': 0.10045989602804184, 'train_loss_total': 0.6467647552490234, 'max_memory_allocated': 12000909824, 'max_memory_reserved': 32300335104}
[WSI] epoch=4 iteration=574 slide=normal_109 N=10 {'train_loss_cls': 0.6328125, 'train_loss_sr': 0.08729150891304016, 'train_loss_total': 0.6415416598320007, 'max_memory_allocated': 7568182272, 'max_memory_reserved': 32300335104}
[WSI] epoch=4 iteration=575 slide=normal_095 N=14 {'train_loss_cls': 0.62109375, 'train_loss_sr': 0.12789319455623627, 'train_loss_total': 0.6338830590248108, 'max_memory_allocated': 10522024448, 'max_memory_reserved': 32300335104}
[WSI] epoch=4 iteration=576 slide=normal_051 N=3 {'train_loss_cls': 0.625, 'train_loss_sr': 0.1584344506263733, 'train_loss_total': 0.6408434510231018, 'max_memory_allocated': 2394513920, 'max_memory_reserved': 32300335104}
[WSI] epoch=4 iteration=577 slide=normal_029 N=1 {'train_loss_cls': 0.6015625, 'train_loss_sr': 0.13516303896903992, 'train_loss_total': 0.6150788068771362, 'max_memory_allocated': 917043712, 'max_memory_reserved': 32300335104}
[WSI] epoch=4 iteration=578 slide=normal_054 N=1 {'train_loss_cls': 0.58203125, 'train_loss_sr': 0.15130886435508728, 'train_loss_total': 0.597162127494812, 'max_memory_allocated': 916147200, 'max_memory_reserved': 32300335104}
[WSI] epoch=4 iteration=579 slide=normal_129 N=19 {'train_loss_cls': 0.62890625, 'train_loss_sr': 0.10082550346851349, 'train_loss_total': 0.6389887928962708, 'max_memory_allocated': 14217206272, 'max_memory_reserved': 32300335104}
[gradient] slide_id=normal_006 N=1 {'rdn': 1.6608589887619019, 'region_encoder': 0.0, 'abmil': 0.0, 'classifier': 10.283064842224121, 'p2w': 0.4526172876358032}
[WSI] epoch=4 iteration=580 slide=normal_006 N=1 {'train_loss_cls': 0.56640625, 'train_loss_sr': 0.043567053973674774, 'train_loss_total': 0.5707629323005676, 'max_memory_allocated': 918156288, 'max_memory_reserved': 32300335104}
[WSI] epoch=4 iteration=581 slide=tumor_042 N=4 {'train_loss_cls': 0.82421875, 'train_loss_sr': 0.0933138057589531, 'train_loss_total': 0.8335501551628113, 'max_memory_allocated': 3132647936, 'max_memory_reserved': 32300335104}
[WSI] epoch=4 iteration=582 slide=tumor_005 N=4 {'train_loss_cls': 0.80078125, 'train_loss_sr': 0.10041679441928864, 'train_loss_total': 0.8108229041099548, 'max_memory_allocated': 3133000192, 'max_memory_reserved': 32300335104}
[WSI] epoch=4 iteration=583 slide=tumor_078 N=15 {'train_loss_cls': 0.70703125, 'train_loss_sr': 0.08456271886825562, 'train_loss_total': 0.715487539768219, 'max_memory_allocated': 11263203840, 'max_memory_reserved': 32300335104}
[WSI] epoch=4 iteration=584 slide=normal_136 N=15 {'train_loss_cls': 0.6171875, 'train_loss_sr': 0.08924231678247452, 'train_loss_total': 0.6261117458343506, 'max_memory_allocated': 11262519808, 'max_memory_reserved': 32300335104}
[WSI] epoch=4 iteration=585 slide=normal_157 N=16 {'train_loss_cls': 0.6171875, 'train_loss_sr': 0.10678207874298096, 'train_loss_total': 0.627865731716156, 'max_memory_allocated': 12001438208, 'max_memory_reserved': 32300335104}
[WSI] epoch=4 iteration=586 slide=normal_084 N=1 {'train_loss_cls': 0.53515625, 'train_loss_sr': 0.0391482338309288, 'train_loss_total': 0.5390710830688477, 'max_memory_allocated': 916635648, 'max_memory_reserved': 32300335104}
[WSI] epoch=4 iteration=587 slide=normal_074 N=14 {'train_loss_cls': 0.59375, 'train_loss_sr': 0.10723089426755905, 'train_loss_total': 0.6044731140136719, 'max_memory_allocated': 10522065408, 'max_memory_reserved': 32300335104}
[WSI] epoch=4 iteration=588 slide=tumor_001 N=7 {'train_loss_cls': 0.8359375, 'train_loss_sr': 0.10903647541999817, 'train_loss_total': 0.8468411564826965, 'max_memory_allocated': 5349992960, 'max_memory_reserved': 32300335104}
[WSI] epoch=4 iteration=589 slide=tumor_020 N=7 {'train_loss_cls': 0.82421875, 'train_loss_sr': 0.09902288019657135, 'train_loss_total': 0.83412104845047, 'max_memory_allocated': 5350631424, 'max_memory_reserved': 32300335104}
[gradient] slide_id=tumor_077 N=14 {'rdn': 1.8518587350845337, 'region_encoder': 0.0, 'abmil': 0.01324124913662672, 'classifier': 13.079243659973145, 'p2w': 0.1652367115020752}
[WSI] epoch=4 iteration=590 slide=tumor_077 N=14 {'train_loss_cls': 0.81640625, 'train_loss_sr': 0.07751837372779846, 'train_loss_total': 0.8241580724716187, 'max_memory_allocated': 10523060736, 'max_memory_reserved': 32300335104}
[WSI] epoch=4 iteration=591 slide=tumor_084 N=9 {'train_loss_cls': 0.80859375, 'train_loss_sr': 0.11558836698532104, 'train_loss_total': 0.8201525807380676, 'max_memory_allocated': 6827678208, 'max_memory_reserved': 32300335104}
[WSI] epoch=4 iteration=592 slide=normal_081 N=6 {'train_loss_cls': 0.57421875, 'train_loss_sr': 0.14940251410007477, 'train_loss_total': 0.5891590118408203, 'max_memory_allocated': 4612779008, 'max_memory_reserved': 32300335104}
[WSI] epoch=4 iteration=593 slide=normal_116 N=8 {'train_loss_cls': 0.59375, 'train_loss_sr': 0.08036558330059052, 'train_loss_total': 0.6017865538597107, 'max_memory_allocated': 6088141312, 'max_memory_reserved': 32300335104}
[WSI] epoch=4 iteration=594 slide=tumor_089 N=26 {'train_loss_cls': 0.75390625, 'train_loss_sr': 0.11162050813436508, 'train_loss_total': 0.7650682926177979, 'max_memory_allocated': 19390179840, 'max_memory_reserved': 32300335104}
[WSI] epoch=4 iteration=595 slide=normal_148 N=5 {'train_loss_cls': 0.6171875, 'train_loss_sr': 0.07642372697591782, 'train_loss_total': 0.624829888343811, 'max_memory_allocated': 3872328192, 'max_memory_reserved': 32300335104}
[WSI] epoch=4 iteration=596 slide=normal_012 N=3 {'train_loss_cls': 0.5703125, 'train_loss_sr': 0.19752472639083862, 'train_loss_total': 0.5900650024414062, 'max_memory_allocated': 2394246144, 'max_memory_reserved': 32300335104}
[WSI] epoch=4 iteration=597 slide=tumor_074 N=5 {'train_loss_cls': 0.81640625, 'train_loss_sr': 0.15101325511932373, 'train_loss_total': 0.8315075635910034, 'max_memory_allocated': 3873057280, 'max_memory_reserved': 32300335104}
[WSI] epoch=4 iteration=598 slide=normal_039 N=9 {'train_loss_cls': 0.55078125, 'train_loss_sr': 0.08797496557235718, 'train_loss_total': 0.5595787763595581, 'max_memory_allocated': 6827104768, 'max_memory_reserved': 32300335104}
[WSI] epoch=4 iteration=599 slide=tumor_094 N=16 {'train_loss_cls': 0.828125, 'train_loss_sr': 0.09446106106042862, 'train_loss_total': 0.8375710844993591, 'max_memory_allocated': 12002785792, 'max_memory_reserved': 32300335104}
[gradient] slide_id=normal_068 N=6 {'rdn': 1.5144826173782349, 'region_encoder': 0.0, 'abmil': 0.03171377256512642, 'classifier': 10.96754264831543, 'p2w': 0.07148619741201401}
[WSI] epoch=4 iteration=600 slide=normal_068 N=6 {'train_loss_cls': 0.58984375, 'train_loss_sr': 0.17480570077896118, 'train_loss_total': 0.6073243021965027, 'max_memory_allocated': 4611873792, 'max_memory_reserved': 32300335104}
[WSI] epoch=4 iteration=601 slide=normal_145 N=20 {'train_loss_cls': 0.58984375, 'train_loss_sr': 0.10448601841926575, 'train_loss_total': 0.6002923250198364, 'max_memory_allocated': 14956379648, 'max_memory_reserved': 32300335104}
[WSI] epoch=4 iteration=602 slide=tumor_045 N=10 {'train_loss_cls': 0.79296875, 'train_loss_sr': 0.1386977732181549, 'train_loss_total': 0.8068385124206543, 'max_memory_allocated': 7566572032, 'max_memory_reserved': 32300335104}
[WSI] epoch=4 iteration=603 slide=normal_037 N=8 {'train_loss_cls': 0.57421875, 'train_loss_sr': 0.0963597446680069, 'train_loss_total': 0.5838547348976135, 'max_memory_allocated': 6088583680, 'max_memory_reserved': 32300335104}
[WSI] epoch=4 iteration=604 slide=tumor_108 N=22 {'train_loss_cls': 0.79296875, 'train_loss_sr': 0.09357574582099915, 'train_loss_total': 0.8023263216018677, 'max_memory_allocated': 16434186752, 'max_memory_reserved': 32300335104}
[WSI] epoch=4 iteration=605 slide=normal_002 N=2 {'train_loss_cls': 0.546875, 'train_loss_sr': 0.15491536259651184, 'train_loss_total': 0.5623665452003479, 'max_memory_allocated': 1707847168, 'max_memory_reserved': 32300335104}
[WSI] epoch=4 iteration=606 slide=normal_036 N=7 {'train_loss_cls': 0.5625, 'train_loss_sr': 0.1508135199546814, 'train_loss_total': 0.5775813460350037, 'max_memory_allocated': 5349723136, 'max_memory_reserved': 32300335104}
[WSI] epoch=4 iteration=607 slide=normal_093 N=8 {'train_loss_cls': 0.53515625, 'train_loss_sr': 0.15651561319828033, 'train_loss_total': 0.5508078336715698, 'max_memory_allocated': 6088473088, 'max_memory_reserved': 32300335104}
[WSI] epoch=4 iteration=608 slide=normal_097 N=17 {'train_loss_cls': 0.5703125, 'train_loss_sr': 0.12576574087142944, 'train_loss_total': 0.5828890800476074, 'max_memory_allocated': 12739480064, 'max_memory_reserved': 32300335104}
[WSI] epoch=4 iteration=609 slide=tumor_080 N=6 {'train_loss_cls': 0.8203125, 'train_loss_sr': 0.08264192193746567, 'train_loss_total': 0.8285766839981079, 'max_memory_allocated': 4612205568, 'max_memory_reserved': 32300335104}
[gradient] slide_id=tumor_086 N=23 {'rdn': 1.9028496742248535, 'region_encoder': 0.0, 'abmil': 0.01696622185409069, 'classifier': 12.841653823852539, 'p2w': 0.4163067936897278}
[WSI] epoch=4 iteration=610 slide=tumor_086 N=23 {'train_loss_cls': 0.8203125, 'train_loss_sr': 0.08743764460086823, 'train_loss_total': 0.8290562629699707, 'max_memory_allocated': 17173658112, 'max_memory_reserved': 32300335104}
[WSI] epoch=4 iteration=611 slide=normal_121 N=13 {'train_loss_cls': 0.5625, 'train_loss_sr': 0.07790274918079376, 'train_loss_total': 0.5702902674674988, 'max_memory_allocated': 9783679488, 'max_memory_reserved': 32300335104}
[WSI] epoch=4 iteration=612 slide=normal_142 N=20 {'train_loss_cls': 0.58984375, 'train_loss_sr': 0.13491562008857727, 'train_loss_total': 0.6033353209495544, 'max_memory_allocated': 14956517888, 'max_memory_reserved': 32300335104}
[WSI] epoch=4 iteration=613 slide=normal_124 N=19 {'train_loss_cls': 0.5625, 'train_loss_sr': 0.08690494298934937, 'train_loss_total': 0.5711904764175415, 'max_memory_allocated': 14217296384, 'max_memory_reserved': 32300335104}
[WSI] epoch=4 iteration=614 slide=normal_108 N=2 {'train_loss_cls': 0.56640625, 'train_loss_sr': 0.11234280467033386, 'train_loss_total': 0.5776405334472656, 'max_memory_allocated': 1707280896, 'max_memory_reserved': 32300335104}
[WSI] epoch=4 iteration=615 slide=tumor_088 N=12 {'train_loss_cls': 0.81640625, 'train_loss_sr': 0.13842123746871948, 'train_loss_total': 0.8302483558654785, 'max_memory_allocated': 9044535808, 'max_memory_reserved': 32300335104}
[WSI] epoch=4 iteration=616 slide=normal_139 N=12 {'train_loss_cls': 0.57421875, 'train_loss_sr': 0.09718766808509827, 'train_loss_total': 0.5839375257492065, 'max_memory_allocated': 9044646400, 'max_memory_reserved': 32300335104}
[WSI] epoch=4 iteration=617 slide=normal_064 N=9 {'train_loss_cls': 0.5546875, 'train_loss_sr': 0.09063314646482468, 'train_loss_total': 0.5637508034706116, 'max_memory_allocated': 6827104768, 'max_memory_reserved': 32300335104}
[WSI] epoch=4 iteration=618 slide=normal_087 N=11 {'train_loss_cls': 0.55859375, 'train_loss_sr': 0.15181826055049896, 'train_loss_total': 0.573775589466095, 'max_memory_allocated': 8305843712, 'max_memory_reserved': 32300335104}
[WSI] epoch=4 iteration=619 slide=tumor_016 N=5 {'train_loss_cls': 0.85546875, 'train_loss_sr': 0.15775513648986816, 'train_loss_total': 0.8712442517280579, 'max_memory_allocated': 3872721408, 'max_memory_reserved': 32300335104}
[gradient] slide_id=normal_083 N=3 {'rdn': 1.477847933769226, 'region_encoder': 0.0, 'abmil': 0.02313799224793911, 'classifier': 9.833659172058105, 'p2w': 0.039372220635414124}
[WSI] epoch=4 iteration=620 slide=normal_083 N=3 {'train_loss_cls': 0.4765625, 'train_loss_sr': 0.17459002137184143, 'train_loss_total': 0.4940215051174164, 'max_memory_allocated': 2394246144, 'max_memory_reserved': 32300335104}
[WSI] epoch=4 iteration=621 slide=tumor_004 N=15 {'train_loss_cls': 0.90234375, 'train_loss_sr': 0.12245553731918335, 'train_loss_total': 0.9145892858505249, 'max_memory_allocated': 11262319104, 'max_memory_reserved': 32300335104}
[WSI] epoch=4 iteration=622 slide=normal_063 N=7 {'train_loss_cls': 0.52734375, 'train_loss_sr': 0.17138507962226868, 'train_loss_total': 0.5444822311401367, 'max_memory_allocated': 5349771776, 'max_memory_reserved': 32300335104}
[WSI] epoch=4 iteration=623 slide=normal_052 N=15 {'train_loss_cls': 0.5234375, 'train_loss_sr': 0.11759774386882782, 'train_loss_total': 0.5351972579956055, 'max_memory_allocated': 11262409216, 'max_memory_reserved': 32300335104}
[WSI] epoch=4 iteration=624 slide=tumor_034 N=6 {'train_loss_cls': 0.890625, 'train_loss_sr': 0.1722879856824875, 'train_loss_total': 0.9078537821769714, 'max_memory_allocated': 4612758528, 'max_memory_reserved': 32300335104}
[WSI] epoch=4 iteration=625 slide=tumor_044 N=12 {'train_loss_cls': 0.88671875, 'train_loss_sr': 0.12541329860687256, 'train_loss_total': 0.8992601037025452, 'max_memory_allocated': 9045531136, 'max_memory_reserved': 32300335104}
[WSI] epoch=4 iteration=626 slide=tumor_054 N=17 {'train_loss_cls': 0.9453125, 'train_loss_sr': 0.0708383172750473, 'train_loss_total': 0.9523963332176208, 'max_memory_allocated': 12739811840, 'max_memory_reserved': 32300335104}
[WSI] epoch=4 iteration=627 slide=tumor_061 N=13 {'train_loss_cls': 0.859375, 'train_loss_sr': 0.14006921648979187, 'train_loss_total': 0.8733819127082825, 'max_memory_allocated': 9783237120, 'max_memory_reserved': 32300335104}
[WSI] epoch=4 iteration=628 slide=tumor_109 N=10 {'train_loss_cls': 0.875, 'train_loss_sr': 0.06396707892417908, 'train_loss_total': 0.8813967108726501, 'max_memory_allocated': 7567067648, 'max_memory_reserved': 32300335104}
[WSI] epoch=4 iteration=629 slide=normal_153 N=12 {'train_loss_cls': 0.5546875, 'train_loss_sr': 0.10332745313644409, 'train_loss_total': 0.5650202631950378, 'max_memory_allocated': 9044556288, 'max_memory_reserved': 32300335104}
[gradient] slide_id=normal_131 N=18 {'rdn': 1.5240103006362915, 'region_encoder': 0.0, 'abmil': 0.024023283272981644, 'classifier': 9.915275573730469, 'p2w': 0.29769158363342285}
[WSI] epoch=4 iteration=630 slide=normal_131 N=18 {'train_loss_cls': 0.55859375, 'train_loss_sr': 0.07170075923204422, 'train_loss_total': 0.5657638311386108, 'max_memory_allocated': 13478939136, 'max_memory_reserved': 32300335104}
[WSI] epoch=4 iteration=631 slide=tumor_021 N=16 {'train_loss_cls': 0.859375, 'train_loss_sr': 0.12188635021448135, 'train_loss_total': 0.8715636134147644, 'max_memory_allocated': 12002414080, 'max_memory_reserved': 32300335104}
[WSI] epoch=4 iteration=632 slide=tumor_073 N=19 {'train_loss_cls': 0.86328125, 'train_loss_sr': 0.05899098515510559, 'train_loss_total': 0.8691803216934204, 'max_memory_allocated': 14217289216, 'max_memory_reserved': 32300335104}
[WSI] epoch=4 iteration=633 slide=normal_038 N=1 {'train_loss_cls': 0.5078125, 'train_loss_sr': 0.0239569004625082, 'train_loss_total': 0.5102081894874573, 'max_memory_allocated': 916261888, 'max_memory_reserved': 32300335104}
[WSI] epoch=4 iteration=634 slide=tumor_024 N=16 {'train_loss_cls': 0.859375, 'train_loss_sr': 0.12032225728034973, 'train_loss_total': 0.8714072108268738, 'max_memory_allocated': 12000778752, 'max_memory_reserved': 32300335104}
[WSI] epoch=4 iteration=635 slide=tumor_007 N=12 {'train_loss_cls': 0.828125, 'train_loss_sr': 0.13943949341773987, 'train_loss_total': 0.8420689702033997, 'max_memory_allocated': 9045088768, 'max_memory_reserved': 32300335104}
[WSI] epoch=4 iteration=636 slide=tumor_095 N=29 {'train_loss_cls': 0.828125, 'train_loss_sr': 0.09430232644081116, 'train_loss_total': 0.8375552296638489, 'max_memory_allocated': 21607467520, 'max_memory_reserved': 32300335104}
[WSI] epoch=4 iteration=637 slide=normal_133 N=10 {'train_loss_cls': 0.5703125, 'train_loss_sr': 0.09240061044692993, 'train_loss_total': 0.5795525312423706, 'max_memory_allocated': 7567235584, 'max_memory_reserved': 32300335104}
[WSI] epoch=4 iteration=638 slide=normal_120 N=10 {'train_loss_cls': 0.546875, 'train_loss_sr': 0.10789063572883606, 'train_loss_total': 0.5576640367507935, 'max_memory_allocated': 7566765568, 'max_memory_reserved': 32300335104}
[WSI] epoch=4 iteration=639 slide=tumor_046 N=19 {'train_loss_cls': 0.875, 'train_loss_sr': 0.12869249284267426, 'train_loss_total': 0.8878692388534546, 'max_memory_allocated': 14218054144, 'max_memory_reserved': 32300335104}
[gradient] slide_id=normal_008 N=1 {'rdn': 2.8149266242980957, 'region_encoder': 0.0, 'abmil': 0.0, 'classifier': 11.405085563659668, 'p2w': 1.767209768295288}
[WSI] epoch=4 iteration=640 slide=normal_008 N=1 {'train_loss_cls': 0.51953125, 'train_loss_sr': 0.030516833066940308, 'train_loss_total': 0.5225829482078552, 'max_memory_allocated': 916147200, 'max_memory_reserved': 32300335104}
[WSI] epoch=4 iteration=641 slide=normal_154 N=20 {'train_loss_cls': 0.55078125, 'train_loss_sr': 0.0943775475025177, 'train_loss_total': 0.5602189898490906, 'max_memory_allocated': 14956407296, 'max_memory_reserved': 32300335104}
[WSI] epoch=4 iteration=642 slide=normal_011 N=14 {'train_loss_cls': 0.56640625, 'train_loss_sr': 0.16215036809444427, 'train_loss_total': 0.5826212763786316, 'max_memory_allocated': 10522266112, 'max_memory_reserved': 32300335104}
[WSI] epoch=4 iteration=643 slide=tumor_015 N=27 {'train_loss_cls': 0.80859375, 'train_loss_sr': 0.13841190934181213, 'train_loss_total': 0.8224349617958069, 'max_memory_allocated': 20129499648, 'max_memory_reserved': 32300335104}
[WSI] epoch=4 iteration=644 slide=tumor_041 N=5 {'train_loss_cls': 0.8203125, 'train_loss_sr': 0.14481978118419647, 'train_loss_total': 0.8347944617271423, 'max_memory_allocated': 3872569856, 'max_memory_reserved': 32300335104}
[WSI] epoch=4 iteration=645 slide=normal_031 N=6 {'train_loss_cls': 0.55859375, 'train_loss_sr': 0.13016077876091003, 'train_loss_total': 0.5716098546981812, 'max_memory_allocated': 4612226048, 'max_memory_reserved': 32300335104}
[WSI] epoch=4 iteration=646 slide=tumor_049 N=3 {'train_loss_cls': 0.7734375, 'train_loss_sr': 0.08467625081539154, 'train_loss_total': 0.7819051146507263, 'max_memory_allocated': 2394135552, 'max_memory_reserved': 32300335104}
[WSI] epoch=4 iteration=647 slide=normal_078 N=6 {'train_loss_cls': 0.578125, 'train_loss_sr': 0.14320749044418335, 'train_loss_total': 0.5924457311630249, 'max_memory_allocated': 4612537344, 'max_memory_reserved': 32300335104}
[WSI] epoch=4 iteration=648 slide=normal_102 N=11 {'train_loss_cls': 0.546875, 'train_loss_sr': 0.062429968267679214, 'train_loss_total': 0.5531179904937744, 'max_memory_allocated': 8305400320, 'max_memory_reserved': 32300335104}
[WSI] epoch=4 iteration=649 slide=normal_085 N=5 {'train_loss_cls': 0.55859375, 'train_loss_sr': 0.1454976201057434, 'train_loss_total': 0.573143482208252, 'max_memory_allocated': 3872852480, 'max_memory_reserved': 32300335104}
[gradient] slide_id=tumor_038 N=2 {'rdn': 2.3048083782196045, 'region_encoder': 0.0, 'abmil': 0.00751237478107214, 'classifier': 16.120046615600586, 'p2w': 0.891452968120575}
[WSI] epoch=4 iteration=650 slide=tumor_038 N=2 {'train_loss_cls': 0.81640625, 'train_loss_sr': 0.10058241337537766, 'train_loss_total': 0.8264644742012024, 'max_memory_allocated': 1707584000, 'max_memory_reserved': 32300335104}
[WSI] epoch=4 iteration=651 slide=tumor_066 N=7 {'train_loss_cls': 0.81640625, 'train_loss_sr': 0.13728897273540497, 'train_loss_total': 0.83013516664505, 'max_memory_allocated': 5349661184, 'max_memory_reserved': 32300335104}
[WSI] epoch=4 iteration=652 slide=tumor_058 N=5 {'train_loss_cls': 0.8515625, 'train_loss_sr': 0.16607436537742615, 'train_loss_total': 0.8681699633598328, 'max_memory_allocated': 3873298944, 'max_memory_reserved': 32300335104}
[WSI] epoch=4 iteration=653 slide=normal_141 N=7 {'train_loss_cls': 0.55859375, 'train_loss_sr': 0.08839891850948334, 'train_loss_total': 0.5674336552619934, 'max_memory_allocated': 5350214144, 'max_memory_reserved': 32300335104}
[WSI] epoch=4 iteration=654 slide=tumor_081 N=6 {'train_loss_cls': 0.74609375, 'train_loss_sr': 0.10031640529632568, 'train_loss_total': 0.7561253905296326, 'max_memory_allocated': 4612060160, 'max_memory_reserved': 32300335104}
[WSI] epoch=4 iteration=655 slide=normal_144 N=12 {'train_loss_cls': 0.61328125, 'train_loss_sr': 0.09208063781261444, 'train_loss_total': 0.622489333152771, 'max_memory_allocated': 9044646400, 'max_memory_reserved': 32300335104}
[WSI] epoch=4 iteration=656 slide=normal_077 N=5 {'train_loss_cls': 0.59375, 'train_loss_sr': 0.1250748485326767, 'train_loss_total': 0.6062574982643127, 'max_memory_allocated': 3872680448, 'max_memory_reserved': 32300335104}
[WSI] epoch=4 iteration=657 slide=normal_058 N=7 {'train_loss_cls': 0.57421875, 'train_loss_sr': 0.1593470573425293, 'train_loss_total': 0.5901534557342529, 'max_memory_allocated': 5349886976, 'max_memory_reserved': 32300335104}
[WSI] epoch=4 iteration=658 slide=normal_015 N=5 {'train_loss_cls': 0.58203125, 'train_loss_sr': 0.1296740174293518, 'train_loss_total': 0.5949986577033997, 'max_memory_allocated': 3872901632, 'max_memory_reserved': 32300335104}
[WSI] epoch=4 iteration=659 slide=normal_079 N=8 {'train_loss_cls': 0.578125, 'train_loss_sr': 0.17772598564624786, 'train_loss_total': 0.5958976149559021, 'max_memory_allocated': 6088382976, 'max_memory_reserved': 32300335104}
[gradient] slide_id=normal_089 N=20 {'rdn': 1.5114718675613403, 'region_encoder': 0.0, 'abmil': 0.06733332574367523, 'classifier': 11.464940071105957, 'p2w': 0.26400572061538696}
[WSI] epoch=4 iteration=660 slide=normal_089 N=20 {'train_loss_cls': 0.609375, 'train_loss_sr': 0.1482372283935547, 'train_loss_total': 0.6241987347602844, 'max_memory_allocated': 14956462592, 'max_memory_reserved': 32300335104}
[WSI] epoch=4 iteration=661 slide=normal_041 N=7 {'train_loss_cls': 0.55859375, 'train_loss_sr': 0.15847331285476685, 'train_loss_total': 0.5744410753250122, 'max_memory_allocated': 5349661184, 'max_memory_reserved': 32300335104}
[WSI] epoch=4 iteration=662 slide=normal_156 N=13 {'train_loss_cls': 0.59765625, 'train_loss_sr': 0.10484933108091354, 'train_loss_total': 0.6081411838531494, 'max_memory_allocated': 9783827456, 'max_memory_reserved': 32300335104}
[WSI] epoch=4 iteration=663 slide=tumor_025 N=9 {'train_loss_cls': 0.81640625, 'train_loss_sr': 0.1050204187631607, 'train_loss_total': 0.8269082903862, 'max_memory_allocated': 6828120576, 'max_memory_reserved': 32300335104}
[WSI] epoch=4 iteration=664 slide=tumor_022 N=7 {'train_loss_cls': 0.84375, 'train_loss_sr': 0.14866697788238525, 'train_loss_total': 0.8586167097091675, 'max_memory_allocated': 5349555712, 'max_memory_reserved': 32300335104}
[WSI] epoch=4 iteration=665 slide=tumor_047 N=15 {'train_loss_cls': 0.76171875, 'train_loss_sr': 0.128932386636734, 'train_loss_total': 0.7746120095252991, 'max_memory_allocated': 11262630400, 'max_memory_reserved': 32300335104}
[WSI] epoch=4 iteration=666 slide=tumor_003 N=7 {'train_loss_cls': 0.875, 'train_loss_sr': 0.16373878717422485, 'train_loss_total': 0.891373872756958, 'max_memory_allocated': 5349857792, 'max_memory_reserved': 32300335104}
[WSI] epoch=4 iteration=667 slide=normal_107 N=16 {'train_loss_cls': 0.5703125, 'train_loss_sr': 0.10035005211830139, 'train_loss_total': 0.58034747838974, 'max_memory_allocated': 12001901056, 'max_memory_reserved': 32300335104}
[WSI] epoch=4 iteration=668 slide=normal_159 N=14 {'train_loss_cls': 0.59765625, 'train_loss_sr': 0.1308096945285797, 'train_loss_total': 0.6107372045516968, 'max_memory_allocated': 10523069952, 'max_memory_reserved': 32300335104}
[WSI] epoch=4 iteration=669 slide=tumor_002 N=5 {'train_loss_cls': 0.88671875, 'train_loss_sr': 0.10466470569372177, 'train_loss_total': 0.897185206413269, 'max_memory_allocated': 3872669696, 'max_memory_reserved': 32300335104}
[gradient] slide_id=normal_104 N=19 {'rdn': 1.6212750673294067, 'region_encoder': 0.0, 'abmil': 0.024686666205525398, 'classifier': 10.181249618530273, 'p2w': 0.39745110273361206}
[WSI] epoch=4 iteration=670 slide=normal_104 N=19 {'train_loss_cls': 0.5625, 'train_loss_sr': 0.10805315524339676, 'train_loss_total': 0.5733053088188171, 'max_memory_allocated': 14218745344, 'max_memory_reserved': 32300335104}
[WSI] epoch=4 iteration=671 slide=tumor_008 N=14 {'train_loss_cls': 0.86328125, 'train_loss_sr': 0.14571669697761536, 'train_loss_total': 0.8778529167175293, 'max_memory_allocated': 10522597888, 'max_memory_reserved': 32300335104}
[WSI] epoch=4 iteration=672 slide=normal_053 N=18 {'train_loss_cls': 0.5546875, 'train_loss_sr': 0.12119504809379578, 'train_loss_total': 0.5668070316314697, 'max_memory_allocated': 13478091264, 'max_memory_reserved': 32300335104}
[WSI] epoch=4 iteration=673 slide=tumor_048 N=15 {'train_loss_cls': 0.8671875, 'train_loss_sr': 0.15520094335079193, 'train_loss_total': 0.8827075958251953, 'max_memory_allocated': 11262208512, 'max_memory_reserved': 32300335104}
[WSI] epoch=4 iteration=674 slide=tumor_079 N=14 {'train_loss_cls': 0.80859375, 'train_loss_sr': 0.08815896511077881, 'train_loss_total': 0.8174096345901489, 'max_memory_allocated': 10522044928, 'max_memory_reserved': 32300335104}
[WSI] epoch=4 iteration=675 slide=normal_018 N=3 {'train_loss_cls': 0.5546875, 'train_loss_sr': 0.13633891940116882, 'train_loss_total': 0.5683214068412781, 'max_memory_allocated': 2395088896, 'max_memory_reserved': 32300335104}
[WSI] epoch=4 iteration=676 slide=tumor_052 N=15 {'train_loss_cls': 0.8125, 'train_loss_sr': 0.1617579460144043, 'train_loss_total': 0.8286758065223694, 'max_memory_allocated': 11262056960, 'max_memory_reserved': 32300335104}
[WSI] epoch=4 iteration=677 slide=normal_155 N=11 {'train_loss_cls': 0.5625, 'train_loss_sr': 0.05452585965394974, 'train_loss_total': 0.567952573299408, 'max_memory_allocated': 8305953280, 'max_memory_reserved': 32300335104}
[WSI] epoch=4 iteration=678 slide=normal_003 N=7 {'train_loss_cls': 0.55859375, 'train_loss_sr': 0.11491258442401886, 'train_loss_total': 0.5700849890708923, 'max_memory_allocated': 5349571072, 'max_memory_reserved': 32300335104}
[WSI] epoch=4 iteration=679 slide=normal_103 N=8 {'train_loss_cls': 0.5625, 'train_loss_sr': 0.11527658998966217, 'train_loss_total': 0.5740276575088501, 'max_memory_allocated': 6089673216, 'max_memory_reserved': 32300335104}
[gradient] slide_id=normal_047 N=5 {'rdn': 1.5687708854675293, 'region_encoder': 0.0, 'abmil': 0.07923051714897156, 'classifier': 10.023762702941895, 'p2w': 0.33580759167671204}
[WSI] epoch=4 iteration=680 slide=normal_047 N=5 {'train_loss_cls': 0.5703125, 'train_loss_sr': 0.16458165645599365, 'train_loss_total': 0.5867706537246704, 'max_memory_allocated': 3872735232, 'max_memory_reserved': 32300335104}
[WSI] epoch=4 iteration=681 slide=tumor_111 N=4 {'train_loss_cls': 0.83203125, 'train_loss_sr': 0.11793917417526245, 'train_loss_total': 0.8438251614570618, 'max_memory_allocated': 3133528064, 'max_memory_reserved': 32300335104}
[WSI] epoch=4 iteration=682 slide=tumor_097 N=18 {'train_loss_cls': 0.82421875, 'train_loss_sr': 0.1044539138674736, 'train_loss_total': 0.8346641659736633, 'max_memory_allocated': 13478001152, 'max_memory_reserved': 32300335104}
[WSI] epoch=4 iteration=683 slide=normal_065 N=6 {'train_loss_cls': 0.5546875, 'train_loss_sr': 0.16435843706130981, 'train_loss_total': 0.5711233615875244, 'max_memory_allocated': 4612703232, 'max_memory_reserved': 32300335104}
[WSI] epoch=4 iteration=684 slide=normal_032 N=9 {'train_loss_cls': 0.59765625, 'train_loss_sr': 0.15028074383735657, 'train_loss_total': 0.6126843094825745, 'max_memory_allocated': 6827567616, 'max_memory_reserved': 32300335104}
[WSI] epoch=4 iteration=685 slide=tumor_043 N=4 {'train_loss_cls': 0.82421875, 'train_loss_sr': 0.14335587620735168, 'train_loss_total': 0.838554322719574, 'max_memory_allocated': 3132185088, 'max_memory_reserved': 32300335104}
[WSI] epoch=4 iteration=686 slide=normal_119 N=14 {'train_loss_cls': 0.5625, 'train_loss_sr': 0.09659770876169205, 'train_loss_total': 0.5721597671508789, 'max_memory_allocated': 10522065408, 'max_memory_reserved': 32300335104}
[WSI] epoch=4 iteration=687 slide=tumor_037 N=10 {'train_loss_cls': 0.8046875, 'train_loss_sr': 0.09894292056560516, 'train_loss_total': 0.8145818114280701, 'max_memory_allocated': 7566350848, 'max_memory_reserved': 32300335104}
[WSI] epoch=4 iteration=688 slide=normal_114 N=24 {'train_loss_cls': 0.59375, 'train_loss_sr': 0.1086779236793518, 'train_loss_total': 0.6046177744865417, 'max_memory_allocated': 17912160768, 'max_memory_reserved': 32300335104}
[WSI] epoch=4 iteration=689 slide=tumor_040 N=10 {'train_loss_cls': 0.83984375, 'train_loss_sr': 0.11403785645961761, 'train_loss_total': 0.8512475490570068, 'max_memory_allocated': 7566088704, 'max_memory_reserved': 32300335104}
[gradient] slide_id=tumor_028 N=17 {'rdn': 2.0758936405181885, 'region_encoder': 0.0, 'abmil': 0.04108516126871109, 'classifier': 13.774178504943848, 'p2w': 0.4809611439704895}
[WSI] epoch=4 iteration=690 slide=tumor_028 N=17 {'train_loss_cls': 0.85546875, 'train_loss_sr': 0.11102128773927689, 'train_loss_total': 0.8665708899497986, 'max_memory_allocated': 12739931136, 'max_memory_reserved': 32300335104}
[WSI] epoch=4 iteration=691 slide=tumor_071 N=12 {'train_loss_cls': 0.78515625, 'train_loss_sr': 0.11409352719783783, 'train_loss_total': 0.796565592288971, 'max_memory_allocated': 9045199360, 'max_memory_reserved': 32300335104}
[WSI] epoch=4 iteration=692 slide=normal_071 N=5 {'train_loss_cls': 0.57421875, 'train_loss_sr': 0.14614582061767578, 'train_loss_total': 0.5888333320617676, 'max_memory_allocated': 3873253888, 'max_memory_reserved': 32300335104}
[WSI] epoch=4 iteration=693 slide=normal_158 N=18 {'train_loss_cls': 0.59375, 'train_loss_sr': 0.08200429379940033, 'train_loss_total': 0.6019504070281982, 'max_memory_allocated': 13478222336, 'max_memory_reserved': 32300335104}
[WSI] epoch=4 iteration=694 slide=normal_035 N=1 {'train_loss_cls': 0.53515625, 'train_loss_sr': 0.0882325991988182, 'train_loss_total': 0.5439795255661011, 'max_memory_allocated': 916490752, 'max_memory_reserved': 32300335104}
[WSI] epoch=4 iteration=695 slide=tumor_102 N=35 {'train_loss_cls': 0.76953125, 'train_loss_sr': 0.1299157738685608, 'train_loss_total': 0.7825227975845337, 'max_memory_allocated': 26041604096, 'max_memory_reserved': 32321306624}
[WSI] epoch=4 iteration=696 slide=normal_061 N=12 {'train_loss_cls': 0.55078125, 'train_loss_sr': 0.1592370569705963, 'train_loss_total': 0.5667049288749695, 'max_memory_allocated': 9044777472, 'max_memory_reserved': 32321306624}
[epoch] {'epoch': 4, 'train_loss_cls': 0.6820222701149425, 'train_loss_sr': 0.11547825518652968, 'train_loss_total': 0.6935700940332193, 'train_auc': 0.657972972972973, 'train_acc': 0.5747126436781609, 'train_bacc': 0.5, 'val_loss': 0.6826171875, 'val_auc': 0.46687864334923157, 'val_acc': 0.5795454545454546, 'val_bacc': 0.5, 'max_memory_allocated': 26041604096, 'max_memory_reserved': 32321306624}
/root/miniconda3/envs/myconda/lib/python3.10/site-packages/torch/utils/checkpoint.py:1399: FutureWarning: `torch.cpu.amp.autocast(args...)` is deprecated. Please use `torch.amp.autocast('cpu', args...)` instead.
  with device_autocast_ctx, torch.cpu.amp.autocast(**cpu_autocast_kwargs), recompute_context:  # type: ignore[attr-defined]
[WSI] epoch=5 iteration=697 slide=normal_102 N=11 {'train_loss_cls': 0.5390625, 'train_loss_sr': 0.05295959860086441, 'train_loss_total': 0.5443584322929382, 'max_memory_allocated': 8306063872, 'max_memory_reserved': 32321306624}
[WSI] epoch=5 iteration=698 slide=normal_074 N=14 {'train_loss_cls': 0.58984375, 'train_loss_sr': 0.15097662806510925, 'train_loss_total': 0.6049414277076721, 'max_memory_allocated': 10523171328, 'max_memory_reserved': 32321306624}
[WSI] epoch=5 iteration=699 slide=tumor_011 N=6 {'train_loss_cls': 0.83203125, 'train_loss_sr': 0.13261795043945312, 'train_loss_total': 0.8452930450439453, 'max_memory_allocated': 4612336640, 'max_memory_reserved': 32321306624}
[gradient] slide_id=tumor_108 N=22 {'rdn': 1.7968249320983887, 'region_encoder': 0.0, 'abmil': 0.029973585158586502, 'classifier': 12.384407997131348, 'p2w': 0.30342715978622437}
[WSI] epoch=5 iteration=700 slide=tumor_108 N=22 {'train_loss_cls': 0.7890625, 'train_loss_sr': 0.08740285038948059, 'train_loss_total': 0.7978028059005737, 'max_memory_allocated': 16434158080, 'max_memory_reserved': 32321306624}
[WSI] epoch=5 iteration=701 slide=normal_120 N=10 {'train_loss_cls': 0.55078125, 'train_loss_sr': 0.12177129089832306, 'train_loss_total': 0.5629583597183228, 'max_memory_allocated': 7566678528, 'max_memory_reserved': 32321306624}
[WSI] epoch=5 iteration=702 slide=tumor_003 N=7 {'train_loss_cls': 0.86328125, 'train_loss_sr': 0.14282426238059998, 'train_loss_total': 0.8775636553764343, 'max_memory_allocated': 5350102528, 'max_memory_reserved': 32321306624}
[WSI] epoch=5 iteration=703 slide=normal_015 N=5 {'train_loss_cls': 0.57421875, 'train_loss_sr': 0.17958351969718933, 'train_loss_total': 0.5921770930290222, 'max_memory_allocated': 3873372160, 'max_memory_reserved': 32321306624}
[WSI] epoch=5 iteration=704 slide=tumor_039 N=4 {'train_loss_cls': 0.796875, 'train_loss_sr': 0.07257041335105896, 'train_loss_total': 0.8041320443153381, 'max_memory_allocated': 3133643264, 'max_memory_reserved': 32321306624}
[WSI] epoch=5 iteration=705 slide=tumor_015 N=27 {'train_loss_cls': 0.796875, 'train_loss_sr': 0.16158291697502136, 'train_loss_total': 0.8130332827568054, 'max_memory_allocated': 20129499648, 'max_memory_reserved': 32321306624}
[WSI] epoch=5 iteration=706 slide=tumor_073 N=19 {'train_loss_cls': 0.82421875, 'train_loss_sr': 0.07093825191259384, 'train_loss_total': 0.8313125967979431, 'max_memory_allocated': 14217206272, 'max_memory_reserved': 32321306624}
[WSI] epoch=5 iteration=707 slide=normal_006 N=1 {'train_loss_cls': 0.53515625, 'train_loss_sr': 0.17746612429618835, 'train_loss_total': 0.55290287733078, 'max_memory_allocated': 916483072, 'max_memory_reserved': 32321306624}
[WSI] epoch=5 iteration=708 slide=normal_044 N=4 {'train_loss_cls': 0.54296875, 'train_loss_sr': 0.06223665177822113, 'train_loss_total': 0.5491924285888672, 'max_memory_allocated': 3132312064, 'max_memory_reserved': 32321306624}
[WSI] epoch=5 iteration=709 slide=normal_131 N=18 {'train_loss_cls': 0.609375, 'train_loss_sr': 0.07464878261089325, 'train_loss_total': 0.6168398857116699, 'max_memory_allocated': 13479291392, 'max_memory_reserved': 32321306624}
[gradient] slide_id=tumor_102 N=35 {'rdn': 1.6917027235031128, 'region_encoder': 0.0, 'abmil': 0.040091630071401596, 'classifier': 12.31190013885498, 'p2w': 0.11727289110422134}
[WSI] epoch=5 iteration=710 slide=tumor_102 N=35 {'train_loss_cls': 0.7578125, 'train_loss_sr': 0.11345689743757248, 'train_loss_total': 0.7691581845283508, 'max_memory_allocated': 26041891840, 'max_memory_reserved': 32321306624}
[WSI] epoch=5 iteration=711 slide=normal_119 N=14 {'train_loss_cls': 0.57421875, 'train_loss_sr': 0.06225253641605377, 'train_loss_total': 0.5804439783096313, 'max_memory_allocated': 10522467328, 'max_memory_reserved': 32321306624}
[WSI] epoch=5 iteration=712 slide=normal_141 N=7 {'train_loss_cls': 0.5546875, 'train_loss_sr': 0.08408249914646149, 'train_loss_total': 0.56309574842453, 'max_memory_allocated': 5350455808, 'max_memory_reserved': 32321306624}
[WSI] epoch=5 iteration=713 slide=tumor_105 N=6 {'train_loss_cls': 0.7734375, 'train_loss_sr': 0.11703912913799286, 'train_loss_total': 0.7851414084434509, 'max_memory_allocated': 4612993536, 'max_memory_reserved': 32321306624}
[WSI] epoch=5 iteration=714 slide=normal_106 N=15 {'train_loss_cls': 0.5859375, 'train_loss_sr': 0.0814175233244896, 'train_loss_total': 0.5940792560577393, 'max_memory_allocated': 11262188032, 'max_memory_reserved': 32321306624}
[WSI] epoch=5 iteration=715 slide=tumor_060 N=6 {'train_loss_cls': 0.8359375, 'train_loss_sr': 0.11103059351444244, 'train_loss_total': 0.8470405340194702, 'max_memory_allocated': 4612426752, 'max_memory_reserved': 32321306624}
[WSI] epoch=5 iteration=716 slide=tumor_107 N=6 {'train_loss_cls': 0.75, 'train_loss_sr': 0.14220908284187317, 'train_loss_total': 0.7642208933830261, 'max_memory_allocated': 4612426752, 'max_memory_reserved': 32321306624}
[WSI] epoch=5 iteration=717 slide=tumor_027 N=13 {'train_loss_cls': 0.78515625, 'train_loss_sr': 0.11965539306402206, 'train_loss_total': 0.7971217632293701, 'max_memory_allocated': 9783568896, 'max_memory_reserved': 32321306624}
[WSI] epoch=5 iteration=718 slide=tumor_017 N=9 {'train_loss_cls': 0.80078125, 'train_loss_sr': 0.16950084269046783, 'train_loss_total': 0.8177313208580017, 'max_memory_allocated': 6828017664, 'max_memory_reserved': 32321306624}
[WSI] epoch=5 iteration=719 slide=normal_039 N=9 {'train_loss_cls': 0.5546875, 'train_loss_sr': 0.11539475619792938, 'train_loss_total': 0.5662269592285156, 'max_memory_allocated': 6827703296, 'max_memory_reserved': 32321306624}
[gradient] slide_id=normal_085 N=5 {'rdn': 1.6173760890960693, 'region_encoder': 0.0, 'abmil': 0.029069244861602783, 'classifier': 10.664243698120117, 'p2w': 0.09896602481603622}
[WSI] epoch=5 iteration=720 slide=normal_085 N=5 {'train_loss_cls': 0.57421875, 'train_loss_sr': 0.09424866735935211, 'train_loss_total': 0.5836436152458191, 'max_memory_allocated': 3872700928, 'max_memory_reserved': 32321306624}
[WSI] epoch=5 iteration=721 slide=normal_158 N=18 {'train_loss_cls': 0.62109375, 'train_loss_sr': 0.09311485290527344, 'train_loss_total': 0.6304052472114563, 'max_memory_allocated': 13478291456, 'max_memory_reserved': 32321306624}
[WSI] epoch=5 iteration=722 slide=tumor_109 N=10 {'train_loss_cls': 0.79296875, 'train_loss_sr': 0.07686753571033478, 'train_loss_total': 0.8006554841995239, 'max_memory_allocated': 7566977536, 'max_memory_reserved': 32321306624}
[WSI] epoch=5 iteration=723 slide=tumor_049 N=3 {'train_loss_cls': 0.72265625, 'train_loss_sr': 0.07325947284698486, 'train_loss_total': 0.7299821972846985, 'max_memory_allocated': 2394341888, 'max_memory_reserved': 32321306624}
[WSI] epoch=5 iteration=724 slide=normal_032 N=9 {'train_loss_cls': 0.6328125, 'train_loss_sr': 0.14770609140396118, 'train_loss_total': 0.6475831270217896, 'max_memory_allocated': 6827132416, 'max_memory_reserved': 32321306624}
[WSI] epoch=5 iteration=725 slide=normal_154 N=20 {'train_loss_cls': 0.58203125, 'train_loss_sr': 0.08295929431915283, 'train_loss_total': 0.5903272032737732, 'max_memory_allocated': 14956349952, 'max_memory_reserved': 32321306624}
[WSI] epoch=5 iteration=726 slide=normal_003 N=7 {'train_loss_cls': 0.59375, 'train_loss_sr': 0.08286915719509125, 'train_loss_total': 0.6020368933677673, 'max_memory_allocated': 5350015488, 'max_memory_reserved': 32321306624}
[WSI] epoch=5 iteration=727 slide=normal_047 N=5 {'train_loss_cls': 0.59375, 'train_loss_sr': 0.15783093869686127, 'train_loss_total': 0.6095330715179443, 'max_memory_allocated': 3872286720, 'max_memory_reserved': 32321306624}
[WSI] epoch=5 iteration=728 slide=tumor_066 N=7 {'train_loss_cls': 0.80078125, 'train_loss_sr': 0.12936940789222717, 'train_loss_total': 0.8137181997299194, 'max_memory_allocated': 5350287872, 'max_memory_reserved': 32321306624}
[WSI] epoch=5 iteration=729 slide=normal_026 N=5 {'train_loss_cls': 0.578125, 'train_loss_sr': 0.13923829793930054, 'train_loss_total': 0.5920488238334656, 'max_memory_allocated': 3872598016, 'max_memory_reserved': 32321306624}
[gradient] slide_id=normal_097 N=17 {'rdn': 1.691115379333496, 'region_encoder': 0.0, 'abmil': 0.05037741735577583, 'classifier': 11.63786506652832, 'p2w': 0.34679749608039856}
[WSI] epoch=5 iteration=730 slide=normal_097 N=17 {'train_loss_cls': 0.60546875, 'train_loss_sr': 0.128309965133667, 'train_loss_total': 0.6182997226715088, 'max_memory_allocated': 12739369472, 'max_memory_reserved': 32321306624}
[WSI] epoch=5 iteration=731 slide=tumor_028 N=17 {'train_loss_cls': 0.828125, 'train_loss_sr': 0.1245783120393753, 'train_loss_total': 0.8405828475952148, 'max_memory_allocated': 12739590656, 'max_memory_reserved': 32321306624}
[WSI] epoch=5 iteration=732 slide=tumor_089 N=26 {'train_loss_cls': 0.7265625, 'train_loss_sr': 0.1167854368686676, 'train_loss_total': 0.7382410168647766, 'max_memory_allocated': 19390179840, 'max_memory_reserved': 32321306624}
[WSI] epoch=5 iteration=733 slide=normal_031 N=6 {'train_loss_cls': 0.58203125, 'train_loss_sr': 0.1795901358127594, 'train_loss_total': 0.5999902486801147, 'max_memory_allocated': 4612004864, 'max_memory_reserved': 32321306624}
[WSI] epoch=5 iteration=734 slide=tumor_097 N=18 {'train_loss_cls': 0.796875, 'train_loss_sr': 0.08358793705701828, 'train_loss_total': 0.8052337765693665, 'max_memory_allocated': 13478312448, 'max_memory_reserved': 32321306624}
[WSI] epoch=5 iteration=735 slide=normal_076 N=24 {'train_loss_cls': 0.62109375, 'train_loss_sr': 0.15265345573425293, 'train_loss_total': 0.6363590955734253, 'max_memory_allocated': 17911887872, 'max_memory_reserved': 32321306624}
[WSI] epoch=5 iteration=736 slide=normal_148 N=5 {'train_loss_cls': 0.62109375, 'train_loss_sr': 0.10952457785606384, 'train_loss_total': 0.6320462226867676, 'max_memory_allocated': 3872901632, 'max_memory_reserved': 32321306624}
[WSI] epoch=5 iteration=737 slide=tumor_043 N=4 {'train_loss_cls': 0.796875, 'train_loss_sr': 0.1041334867477417, 'train_loss_total': 0.8072883486747742, 'max_memory_allocated': 3133106176, 'max_memory_reserved': 32321306624}
[WSI] epoch=5 iteration=738 slide=normal_068 N=6 {'train_loss_cls': 0.6015625, 'train_loss_sr': 0.14619985222816467, 'train_loss_total': 0.6161825060844421, 'max_memory_allocated': 4611894272, 'max_memory_reserved': 32321306624}
[WSI] epoch=5 iteration=739 slide=normal_070 N=16 {'train_loss_cls': 0.6171875, 'train_loss_sr': 0.16095778346061707, 'train_loss_total': 0.633283257484436, 'max_memory_allocated': 12001237504, 'max_memory_reserved': 32321306624}
[gradient] slide_id=tumor_077 N=14 {'rdn': 2.1187050342559814, 'region_encoder': 0.0, 'abmil': 0.017403263598680496, 'classifier': 12.837815284729004, 'p2w': 0.5216485261917114}
[WSI] epoch=5 iteration=740 slide=tumor_077 N=14 {'train_loss_cls': 0.8125, 'train_loss_sr': 0.10889782011508942, 'train_loss_total': 0.8233897686004639, 'max_memory_allocated': 10522093568, 'max_memory_reserved': 32321306624}
[WSI] epoch=5 iteration=741 slide=normal_041 N=7 {'train_loss_cls': 0.56640625, 'train_loss_sr': 0.15313675999641418, 'train_loss_total': 0.5817199349403381, 'max_memory_allocated': 5350455808, 'max_memory_reserved': 32321306624}
[WSI] epoch=5 iteration=742 slide=tumor_005 N=4 {'train_loss_cls': 0.80859375, 'train_loss_sr': 0.11902725696563721, 'train_loss_total': 0.8204964995384216, 'max_memory_allocated': 3132185088, 'max_memory_reserved': 32321306624}
[WSI] epoch=5 iteration=743 slide=normal_014 N=2 {'train_loss_cls': 0.59375, 'train_loss_sr': 0.13260270655155182, 'train_loss_total': 0.6070102453231812, 'max_memory_allocated': 1707604480, 'max_memory_reserved': 32321306624}
[WSI] epoch=5 iteration=744 slide=tumor_080 N=6 {'train_loss_cls': 0.8046875, 'train_loss_sr': 0.0677250400185585, 'train_loss_total': 0.811460018157959, 'max_memory_allocated': 4613110784, 'max_memory_reserved': 32321306624}
[WSI] epoch=5 iteration=745 slide=normal_100 N=8 {'train_loss_cls': 0.578125, 'train_loss_sr': 0.11145690828561783, 'train_loss_total': 0.5892707109451294, 'max_memory_allocated': 6088714752, 'max_memory_reserved': 32321306624}
[WSI] epoch=5 iteration=746 slide=tumor_042 N=4 {'train_loss_cls': 0.875, 'train_loss_sr': 0.05846278741955757, 'train_loss_total': 0.8808462619781494, 'max_memory_allocated': 3133594112, 'max_memory_reserved': 32321306624}
[WSI] epoch=5 iteration=747 slide=tumor_045 N=10 {'train_loss_cls': 0.76953125, 'train_loss_sr': 0.13116131722927094, 'train_loss_total': 0.7826473712921143, 'max_memory_allocated': 7566710272, 'max_memory_reserved': 32321306624}
[WSI] epoch=5 iteration=748 slide=normal_153 N=12 {'train_loss_cls': 0.609375, 'train_loss_sr': 0.08773632347583771, 'train_loss_total': 0.6181486248970032, 'max_memory_allocated': 9045088768, 'max_memory_reserved': 32321306624}
